index,year,month,day,content,likecount,nickname,user_id
1,2014,10,9,丧心病狂的转音[亲亲],436,Jonny1120,31156342
2,2015,1,12,你没对我说再见，所以我没有走远,249,姿姿不倦,43678021
3,2016,5,31,不知为什么，这歌词听着总能让人想哭，这世界有没有地方能永远晴朗，没有倔强，爱不在让谁受伤。,127,黄鹂和白露,250222772
4,2015,3,7,这世界有没有地方，能永远都晴朗，没有倔强，爱不再让谁受伤,110,说放弃要放哪里,9683208
5,2015,4,3,Leave整个一专各种炫技啊，可惜没入围金曲奖,85,Jonny1120,31156342
6,2016,4,22,"LEAVE ,NEVER LEAVE.                                    你离开，你从来没有离开。                         [爱心]",62,日RiR,34566480
