index,year,month,day,content,likecount,nickname,user_id
1,2016,1,11,坡英+日英的奇妙火花,603,卷积赫敏,77600286
2,2015,6,16,当孙燕姿和仓木麻衣一起说英文。。,570,当然----,61908071
3,2015,5,14,"[奸笑]还是回去听《tonight,i feel close to you》吧",348,帐号已注销,41397667
4,2014,8,31,一开始是从tonight i feel close to you知道孙燕姿和仓木麻衣的合作的，也一直很喜欢哪首歌，但这首歌后来越听越喜欢。旋律更舒缓，感情也更平淡些。现在手机里只有my story your song了,239,EsIvan,33170527
5,2015,7,16,谢谢这些年有燕姿陪着我们？🌼🙇🏻🙀👋🏻🙆,120,将往观乎四荒Zhang,41213820
6,2019,1,31,个人认识为衣衣这是的声音好可爱，虽然没现在的那么稳得唱功，但衣衣真是整个人都可爱的不得了。(✪▽✪),29,葵花籽恋知麻,278540119
7,2019,6,24,一个中国人和一个日本人合唱一首英文歌😂,13,光恒之心,1535956836
8,2019,2,19,singlish+japlish[吐舌],13,s1ck1000,1471605268
