index,year,month,day,content,likecount,nickname,user_id
1,2015,11,21,嘉兴一中的下课铃声,62,夏天的christine,70077412
2,2016,5,31,"sees like a child
像孩子一样看这个世界
give like a saint
像圣人一样慷慨
feel like an angel
天使一样去感知
never mind the broken wings

and speak like a picture
像一幅画一样去表达
cry like the rain
像下雨一样的哭泣
shine like the star
星星一样的去闪亮

永远年轻，永远热泪盈眶",50,张哈哈哈先森,41154773
