index,year,month,day,content,likecount,nickname,user_id
1,2015,3,8,演唱会这首的时候忽然泪崩 当时干干脆脆的年轻 现在拖泥带水的老了 太喜欢,330,洒木幸Something,50889313
2,2015,5,23,渐渐长大，喜欢的男歌手由周杰伦变成了陈奕迅，但是喜欢的女歌手却一直是孙燕姿。,256,伊巴斯典,42166429
3,2015,1,18,这种风格最适合她，霸气,196,兰不愁,682434
4,2015,3,18,一直很喜欢孙燕姿干干脆脆的唱歌风格,161,MR俊杰007,9018418
5,2015,2,16,燕姿克卜勒演唱会上的必唱曲目。,109,自然醒丶自然乐,48396195
6,2015,11,6,再见，《难得一见》《在，也不见》我在等燕姿的新歌。[幽灵],70,不嘘你,9858208
7,2015,4,11,刚从常州演唱会过来，现场版简直棒呆,49,单曲循环患者,9913822
8,2015,3,11,演唱会第一次听，没想到是那么久的歌了！惭愧啊！,40,木头晨,57869920
