index,year,month,day,content,likecount,nickname,user_id
1,2015,4,24,女神跟你说早安啦~喜欢燕姿的抒情曲，也喜欢她的快节奏歌，有同感的请点赞！[亲亲],1561,云音乐小秘书,9003
2,2015,4,27,卧槽这么开心的歌，各位段子手就不要悲伤青春了好吗？,674,吉琦媛,57628387
3,2015,2,6,一直觉得有故事的人才能听得懂孙燕姿、情感刻画细腻入心，然后爱上燕姿爱得一发不可收拾。然后爱屋及乌喜欢上了燕姿的快节奏歌，现在每一首都好听cry,425,省控线那就等开关看看吧,52575816
4,2015,4,29,想起了小学，那时候冰红茶上的人我永远记得-孙燕姿,411,我们不如这样,19450805
5,2015,1,8,居然不是99+[怒],267,三斤葡萄十块,44136316
6,2015,5,13,又不是每个人的蹲姿都像二姐辣么好看。。,246,孙燕美,542076
7,2015,7,7,网易云音乐越来越多段子手了 悲哀,142,Rinkayou,17345927
8,2015,6,29,什么时候，爱已经变成了戴着第六感的超快感。,120,山高路远我是谁,50060305
9,2015,4,24,兄弟，我只能帮你到这了,98,寻道山人,49611946
10,2017,8,20,为我小忆宝贝和文文宝贝打call👌👌👌这是我小时候听的了 贝贝们唱的带感🙌,65,蜜桃沁水,333056308
11,2017,8,21,为文忆打call！！！易安家长来啦！,59,美少女西瓜耶,546109650
12,2017,8,17,这首歌曲好好听！！期待我大易安！！为六子疯狂打call[色][色],55,_其二元,114996032
13,2017,8,22,看完易安夏日祭来的，为易安音乐社两位忙内打call！易安加油！,43,fortune雨,446023089
14,2017,8,20,易安家长来迟了,41,TtoBeArrr,302698571
15,2017,10,29,枣妹世界杯加油[亲亲],21,知希ouo,293917303
