index,year,month,day,content,likecount,nickname,user_id
1,2015,2,9,奈何只有神经病才是抗抑郁的最佳良药💊,254,Pwy17,33491863
2,2015,2,26,听完radio我马上听这首压压惊[可爱],135,你猜撒,34139363
3,2015,11,3,只有燕姿唱这么酷，这么压抑的歌曲不会反感[亲亲],126,单曲循环患者,9913822
4,2015,4,20,我姿的歌时不时回头听 又会有新感受,101,洛小鹿也,46347197
5,2017,12,8,放到梵谷里面毫无违和感,98,浮生一梦几度休,135301050
6,2015,9,4,綠光，隨堂測驗，沒時間，Venus，直來直往，神奇，超快感，祝你開心，honey honey，夢不落，奔，咕嘰咕嘰，追，空口言，她的每一張專輯幾乎都有一兩首節奏比較輕快，朗朗上口，瀟灑自在的歌曲，演唱會神曲。,78,KR沈h,90089711
7,2015,5,23,这首很心水啊！唱起来超爽～,71,Stefanie同类,69929292
8,2017,11,16,听完《跳舞的梵谷》专辑过来的有没有？[奸笑][大笑][奸笑][大笑][奸笑][大笑],65,LeeSongs,377811770
9,2015,7,13,喜欢。真的很喜欢这首～,54,要谂点,77379589
