index,year,month,day,content,likecount,nickname,user_id
1,2015,2,26,这首歌的节奏为啥转换得特别突然？是因为本来要找作词人杨明学修改的，但当时他已因病陷入昏迷状态，于是燕姿大胆启用了先词后曲，惯例一般都是先曲后词，你看这首歌是两个人写的曲就明白了。。,338,熊熊烈菠萝,52434555
2,2014,8,15,当你困惑迷茫的时候来听二姐的歌吧。。,208,孙燕美,542076
3,2015,8,2,还好这首还没被中国好声音毁,156,Sterne,41875016
4,2015,6,16,这么多年我是第一次听到那个ending吗？！！惊为天人[流泪],138,五花肉_O,2908155
5,2015,9,16,副歌部分，属于咆哮呐喊和发泄，对这个世界就是这样，你又能怎么样？对，就不一样，不一样又怎样，凡是不平凡~歌词写得太好了，对于那些经历过社会跌怕滚打但仍然不会放弃和继续坚持自己的人，是心声。,103,夏小莫,869908
6,2015,7,26,三分十四秒娇喘福利,82,肮脏的python交易,45638475
7,2015,1,21,是看着作词人来的..,80,鹿君桑,36214854
8,2015,12,27,2003年夏天中午的操场上俩女生一边跑一边大声唱 ,69,________________________Maggie,101063570
9,2017,1,18,作曲 孙燕姿 可怕🌚🌚[爱心][爱心],62,闪泥啦啦啦,88079495
