index,year,month,day,content,likecount,nickname,user_id
1,2017,4,7,当然是选择原谅她啊！🇳🇬🇳🇬🇳🇬🇳🇬🇳🇬🇳🇬🇳🇬🇳🇬,4326,炸裂锤,2857887
2,2015,3,26,bxj街歌…,3037,张銮o_Oychx,48493952
3,2015,4,26,为了玩暗黑，单曲循环绿光…结果被炒股的老爸打了…,1990,汪特里,17760453
4,2015,4,7,我大bxj街歌,1781,GTFOBC,46840812
5,2015,4,11,我大虎扑步行街JRS没来占领这里不科学啊[吐舌][吐舌][吐舌],1705,我打球像威少,46344763
6,2015,4,12,已婚JRS路过～时刻提醒自己要防范于未然,1584,PushaT,41688910
7,2017,4,30,十几年前的绿光和现在的绿光，理解不一样了。。。面对这种变化，我只想说一句——当然是选择原谅她啊。。。,1517,充氧期,129163140
8,2015,1,5,经典老歌没99+？不科学！,776,文森特得很,488561
9,2015,4,28,也是燕姿最佳代表作之一，当时感觉歌词和编曲惊为天人。绝对是燕姿初期最火的歌了。小学的时候听到，然后就特别喜欢燕姿了，还跟着一起学那个踢踏舞。啦啦真欢快,686,夏小莫,869908
10,2015,4,10,我刷着暗黑3 听着 摇摆起来[吐舌],355,Fang_S,58046370
11,2017,3,26,百度贴吧最高楼，绿光神贴,348,帐号已注销,124859943
12,2015,1,18,金坷垃版把我听醉了,272,独恋的猫,34665891
13,2015,4,21,玩了暗黑3，我每天都听,212,lucky智哥哥,2889418
14,2015,4,20,d3专用单曲循环,168,萨西摩尔槿花,44391898
15,2019,3,10,"北欧有一个古老的传说：人的一生只要看到一道绿光，许下的愿望都会实现。
只要见到绿光，那么就可以看清自己的心思也能够看清爱人的心思，并且能够找到最终的幸福！

(来自百度)",98,赵一皮儿,413308401
