index,year,month,day,content,likecount,nickname,user_id
1,2015,3,31,明明这首歌旋律好听，歌词励志，燕姿的味道特别明显，转音很漂亮~~~~~~·,277,渣男给我滚粗,2743414
2,2016,2,3,只有真正的姿迷才听得懂这首歌的好[大笑],242,李鴆-,30140630
3,2016,11,26,孙燕姿最牛逼的就是。。。首首都好听，上哪说理去,202,谁用了我的次生古玩,252045343
4,2015,3,4,喜欢中间的笑声[憨笑],153,kalewong,33359539
5,2018,9,11,燕姿只有两种歌，一种是热门金曲，一种是冷门金曲,79,愚人的国度V,90406979
6,2018,6,26,今天提了离职，干脆一点结束这种尴尬的状态吧。可能会走的很慢，但是不会停下来，对吧~,32,豆花DOUHUA,69401322
7,2019,8,3,此时，一位练习时常两年半的个人练习生路过。。,17,我在2020年等你,1615304892
