index,year,month,day,content,likecount,nickname,user_id
1,2015,1,24,喜欢燕姿的都是善良的人[可爱],861,Hk_chen,45175827
2,2015,5,16,“你的胡渣是我快感末梢”，燕姿在台北克卜勒演唱会比划自己的下巴，然后指向了观众席上的某人[呲牙],644,说放弃要放哪里,9683208
3,2015,3,8,浓眉毛和她的睫毛 两首歌都好喜欢 欢快的痴汉脸,174,洒木幸Something,50889313
4,2015,7,9,燕姿第一张专辑里面不算特别有名的歌我也可以在演唱会上可以大声跟着唱这是不是一件很值得得瑟的事情？,162,PPoooo,31509584
5,2016,5,3,我从初中就立志要娶燕姿姐这样的女子,146,BlameUxy,254023106
6,2016,1,15,喜欢燕姿的人都很可爱[可爱],113,-蓝与灰,81008395
7,2019,1,20,我也是，而且我还给孙燕姿发过邮件[大哭][大哭][大哭][大哭],12,小鸟不想飞,67037865
8,2019,5,4,这才是脱离了低级趣味的喜欢啊！,10,Original源_,68005848
9,2019,5,3,奇怪。对赵又廷就会有“夺妻之恨”，但对燕姿就是祝福。奇怪奇怪,10,乌江亭长死在南方,101776362
