index,year,month,day,content,likecount,nickname,user_id
1,2015,7,24,原来容忍不需要天份 只要爱错一个人 心痛比快乐更真实 爱为何这样的讽刺 我忘了这是第几次 一见你就无法坚持,1026,鳖等闲,30063386
2,2017,3,17,"多年之后，
当我终于不再揣度你的生活，
不再幻想你我之间是否还有其的他可能性，
当你再也不是我的理想和琐碎，
当光芒散去，
当我对过往这三千个日日夜夜失去知觉之后，
唯一的能做的就是让自己尽量不说后悔。
我一直都知道会有这一天的，
这一天真好，也真失落。 ​​​",874,X景X,129568281
3,2018,7,12,想上床 跟我直说就好了 为什么要跟我说你爱我,683,ALIN予你,117587020
4,2018,1,14,有些事明明与你无关，却在心里拐好几个弯想到你。,259,舍近谋远者,281714186
5,2017,10,16,那日我笃定自己能够放下你，于是打马提鞭离了有你的河山。未料及漫山遍野皆是你眉眼，你只是莞尔一笑，我已醉得五迷三道。 ​,124,你的神仙露,496702890
6,2019,2,10,没删除 不聊天 没有交集  默默关注  偷偷喜欢,117,你听懂我了吗,299201185
7,2019,3,12,我他妈都快三十了，我还喜欢你怎么办！！！,102,春日了快乐,108580091
8,2019,4,10,男人嘴里的爱你就像女人说减肥一样,13,哎呀悦呀,295588963
