index,year,month,day,content,likecount,nickname,user_id
1,2015,3,24,“离开了以后，什么都别说，干脆当作投奔自由了。去你能去的，想你能想的，不动也别太久留。”好久没听孙燕姿的《种》啦，听得好想回去建设家乡，我可是有50亩山头的人，想种啥就种啥。,281,一麻一麦,41198193
2,2015,9,20,喜欢孙燕姿的都不会是坏人[吐舌],230,M猫耳朵M,88532251
3,2016,3,28,新鲜水果还是一栋大楼？结果，燕姿种了一栋《银泰》。,191,有瑞克,32817376
4,2016,6,26,里面的小孩子声音可都是我姿去非洲做活动的时候录下来的,134,易树豆豆,107506655
5,2015,7,25,作曲：孙燕姿,123,熊熊烈菠萝,52434555
6,2016,2,17,好有画面感的歌，哈哈，这块地是你的，这块地是我的，我们一起种萝卜吧，喂兔兔[兔子][兔子]，然后无缝跳转到拔萝卜，就酱紫，我们一起欢快的唱着：拔萝卜，拔萝卜，嘿哟嘿哟拔萝卜,68,帐号已注销,104038859
7,2015,11,27,部落感这么强 听得我想回去开垦一块地建设美好家乡,55,唯lovee,6397765
