index,year,month,day,content,likecount,nickname,user_id
1,2015,6,29,卧槽，第一次知道燕姿还有这首歌。[流泪],101,打卡环游网易云,29965618
2,2017,11,24,你也才直到孙燕姿还有这首歌？那么希望你看到我的赞是单数的时候帮我点成双数，不然我会。。。疯的！[可爱],89,full_GA,336136330
3,2016,5,31,虽然歌词内容有点鸡汤，但是这个时期的燕姿的音色真的好特殊，所以这碗鸡汤也喝下去了,75,黄鹂和白露,250222772
4,2015,7,30,喜欢女神唱的不是情歌的歌，能量爆炸。明天删了天涯明月刀，重新做人,51,未完成s,52426699
