index,year,month,day,content,likecount,nickname,user_id
1,2015,9,23,这是真爱才会来的角落[憨笑],453,暗星_西哎去斯,62532615
2,2016,1,9,下面由燕姿演唱歌曲任性的任性版。,238,第几个月亮,12205716
3,2014,11,11,这么可爱的孙燕姿，越来越爱了,224,帐号已注销,12901528
4,2015,4,15,燕姿说话声音为什么要这么好听！无限循环开头,204,不知今夕何夕,46848056
5,2016,5,23,halo大家好现在是晚上几点现在几点？（11:50 分）11:50分～（在哪里）在李伟菘音乐家里哈哈哈 在伟菘家里 然后 他 刚做完做完这首歌 然后由李伟菘老师帮我弹钢琴 希望你们会喜欢这首~,157,林守乐,55243746
6,2015,8,9,十一点五十分儿～要不要这么萌啊，燕姿[大哭],128,失眠的苏菲,48369143
7,2014,11,12,这个胡嚎的demo很好听的说,99,C4Jforever,39552417
8,2015,4,16,任性地滴咚滴咚,73,星穿玉米,17638520
9,2015,8,13,燕姿声音好听到爆,65,西瓜爱我我爱西瓜,55015094
10,2014,11,17,[亲亲]声音没得黑,42,噹噹噹咚咚锵,16847681
