index,year,month,day,content,likecount,nickname,user_id
1,2015,4,6,燕姿是一个时代，但又不止于一个时代。,240,Travelforsoul,45646219
2,2015,8,2,高考失利，痛苦懊恼听这首歌度过，转眼已快2月，今天收到录取信息，我已释然，大学加油,90,榕阿嬷,75526113
3,2015,5,17,从贵阳演唱会过来,57,羊咩咩喂,50148750
4,2015,7,16,谢谢这些年有燕姿陪着我们？🌼🙇🏻🙀👋🏻🙆,54,将往观乎四荒Zhang,41213820
5,2019,9,22,巴尔韦德out,13,Asap_SRIC,480338278
