index,year,month,day,content,likecount,nickname,user_id
1,2016,3,16,来听这版本的都在国外，其他听不了,520,孤独的王先生,102498263
2,2016,4,18,哈哈哈哈 都在国外的点赞，就是这样,391,bianbianbian,45195930
3,2017,11,4,国内的在此,216,橘子汽水1114,134198047
4,2017,4,15,周杰伦，陈奕迅，孙燕姿，梁静茹，林俊杰，张韶涵，潘玮柏，五月天，王心凌，she……原来自己这么幸福，童年，青春，记忆中，这么多优秀的歌手，那么多好听的歌,119,Ellie_鸭梨,368834557
