index,year,month,day,content,likecount,nickname,user_id
1,2015,7,6,隐藏曲超级好听！有没有同感的？,647,钦宇星,31431346
2,2015,9,21,出道11年的专辑，在第10首歌《是时候》播放完后，间隔1分11秒的静默，突然出现第11首歌，歌名就叫《11》。,503,GAKKi---------,61442449
3,2015,9,16,第一次听这首歌初中都还没毕业 现在都尼玛读大学了[哀伤],331,骚橙,30572366
4,2014,9,23,一下把我带到某段时间，，孙燕姿的声音真的有魔力,235,MOSBYTTTT,30406903
5,2015,2,10,听燕姿的歌，最爱的就是一张一张专辑放，从最新的听到最早的，就是这么任性！,188,该昵称无法显示刷新也没用,30617500
6,2015,6,9,最后在2.58秒开始的那段心跳声…感觉真的很棒，好像是自己的心跳…这个得戴上耳机去感受！,158,kakamol,54794049
7,2014,11,26,白瞎的经历谁没有 只不过觉得自己对不起自己花的时间,136,BennyDeng,2947321
8,2015,8,30,听了这么久没听过第二首歌[大哭],135,H-kuring,15619512
9,2018,6,29,"和好容易，如初太难；
我知道我们再也回不去了，那种感觉再也不会有了；
不如就这样吧，此次一别，各生欢喜。
------0628",57,赈号已注销,252003440
