index,year,month,day,content,likecount,nickname,user_id
1,2014,12,18,也首也算是燕姿冷门金曲之一吧。,649,奶茶还是好喝,5773686
2,2016,6,3,资深姿迷听多了会发现，姿姿几乎首首都是金曲。,529,我们始终相信,801120
3,2015,5,13,今天去找导师，他微笑着跟我说你前面绪论的部分（2000字吧）完全可以不要了[大笑]我只想跟他说……你开心就好…,266,铁蹄少女若怀特,30725469
4,2015,11,23,祝你开心失恋,248,污化,5747491
5,2015,2,10,突然好喜欢这首歌    想唱给将来的老公听[吐舌],241,sfhhdnj,41247119
6,2015,1,1,这小调调，好轻松好甜蜜。,123,GunsNbeers,42850916
7,2015,9,24,燕姿你要开心 ,113,踩到朕小裙子了,17713269
8,2019,3,20,看完新世相，过来听一下,32,爱吃土豆180314,1398276879
9,2018,12,27,听久了还会发现，越听越觉得新鲜，还会觉得只有你姿才能唱这些歌，别人唱的就觉得味儿不对,11,一只龙哩,128221954
