index,year,month,day,content,likecount,nickname,user_id
1,2013,7,15,听到这首歌，想起在台湾，孙小姐给我亲笔签名的那一刻，yeah~~开始今晚的夜跑咯,507,小白_Johnny,818526
2,2015,9,30,孙燕姿每张专辑都会有这样风格的一首歌 不信你去看 奔 追 无限大。。。。。,252,是谁在唱歌15,17748770
3,2018,4,27,非常不喜欢你这样因为一首歌来判断一个人是什么样子的！非常不舒服！,218,周家小子和大饼脸,504393615
4,2015,9,4,綠光，隨堂測驗，沒時間，Venus，直來直往，神奇，超快感，祝你開心，honey honey，夢不落，奔，咕嘰咕嘰，追，空口言，她的每一張專輯幾乎都有一兩首節奏比較輕快，朗朗上口，瀟灑自在的歌曲，演唱會神曲。,190,KR沈h,90089711
5,2017,12,16,尹毓恪传送门,87,木弋君,335337463
