index,year,month,day,content,likecount,nickname,user_id
1,2016,2,21,而你为什么，不解释低着头吃馍,913,忘咲,45792296
2,2016,4,30,大学在宿舍每次放到这首歌 整个宿舍都会大喊:台湾的朋友在哪里！,644,54thClassmate,70963284
3,2016,6,17,接下来这首歌送给各位。歌名叫作:我怀孕了。。。谢谢大家！！！[开心],559,月京少佐,289456976
4,2016,5,11,最伤感的莫过于，你以为找到一个可以保护你的人，可是后来的大风大浪都是他给的。,431,晨光中招摇过市的刺猬,268658180
5,2017,5,5,偶然发现，我家狗狗在我出门的时候会打掉座机的话筒，然后乱按，后来我把数字拆掉，用胶带粘起来 只留重播键，设置免提，重播过去就是我的手机号码，座机现在基本上就是一个摆设，但是我没有停掉，因为每次我在外面的时候，看到来电显示自己家里的号码，接通后它在那头嗷呜嗷呜叫，我就知道它想我了,378,空床难独守丶,128006720
6,2015,11,5,我一定要听一场孙燕姿演唱会！,326,-绿诗疯子,522555
7,2016,4,30,只有我觉得这个版本比录音版的好听么。。。。。,306,胖小楠,248201510
8,2015,12,15,“不然我 你觉得我站在这里”,231,Joey_kqXl,12326566
9,2015,9,15,满满的爱 二姐你个嘴硬的小公举,143,孙燕美,542076
10,2017,4,27,突然想起三毛，已经很久没看她的作品，高中的很疯狂，那个很真情很深情很坦诚很执着很寻根的女子，真的很喜欢她，其实她经常流浪，也许是在找寻她真正认同真正喜欢的东西。荷西去世，多么坚强的她还是选择不活了。爱还真是不理智的东西，以为时间可以冲淡，但也许偏偏就延续了一生。,140,一起活着就足够好,82480203
11,2017,2,23,怀念那个就算歌手的声音会抖，就算没有颤音，甚至吐字不清依然好听得让人心颤的时代♡,129,Kaffena,89134919
12,2017,5,5,"最爱没有之一。
愿望就是一定要去听一场孙燕姿的演唱会。
看我想和你唱的时候好羡慕那些可以和燕姿一起合唱的人啊。
我们都在爱着 那个最美好的你。[爱心]",107,亦七啊_,108838677
13,2018,8,10,如果是在微博上看见，我会以为你是一个卖药的😂,34,鸡肋不是,81816871
