index,year,month,day,content,likecount,nickname,user_id
1,2017,12,5,为何听完了想生一个孩子[呆],683,帐号已注销,376270403
2,2017,12,5,"这是燕姿当了妈妈之后的新风格吧。
轻快，温馨，干净
成长中的音乐记忆，为人母的音乐蜕变[强]",420,知名歌友,395122625
3,2017,12,9,"もうどうしようもない位に会いたいよ
想要见你 已经到了无可救药的程度
孙燕姿，有生之年，我要听你的演唱会",167,路先森爱苏先生,293937393
4,2018,11,4,嘟嘟嘟嘟嘟嘟~啦某奇分享的歌,90,爱吃猫的鲸鱼,437316599
5,2018,8,1,我也是有种要生的冲动，只恨是个男儿身,55,吉它爱人,1536299783
