index,year,month,day,content,likecount,nickname,user_id
1,2015,5,24,我们都忽略了那些冷门的好歌,229,HARBOUR66,64714038
2,2015,12,26,那年 那个穿着吊带背心冰山狂奔的女生,184,花椒吖好麻,9592890
3,2015,12,15,这首真的很棒，老歌评论少正常吧，这样反而好，大家都是真心喜欢[可爱],137,catsby,85198498
4,2016,4,11,燕姿的冷门抖腿神曲还是不少的，《另一张脸》《作战》《没有人的方向》《反过来走走》……还有这首《不同》，《咕叽咕叽》，《太阳底下》……帅气洒脱，听完神清气爽,123,plutokakaka,68193389
