index,year,month,day,content,likecount,nickname,user_id
1,2019,11,8,哈哈😄,0,清心丶得生,16556450
2,2019,10,16,妈耶[憨笑],0,丶Giorgio,107022613
3,2019,10,15,奥力给！！！,0,也不是猪只打呼,355734135
4,2019,10,15,好好听嗷！！！,0,也不是猪只打呼,355734135
5,2019,9,28,前奏就开始沦陷,0,------遇见------,341597666
6,2019,9,12,太有感觉了吧_(:з」∠)_,1,YOUNEEDTOCLAMDONW,421255903
7,2019,9,9,这首太棒了,0,过往云烟视而不见,305289320
8,2019,8,26,在凳子上跳舞,0,孤帆远江湖,28294002
9,2019,8,14,晚安～,0,allrebecca,319240188
10,2019,8,5,天呐姿姿唱爵士也这么有味道的吗！！！我哭得好大声呜呜呜呜呜呜呜她果然是天使！！！我爱她一辈子！！！,2,漂浮群岛et_moi,101098936
11,2019,8,5,啊啊啊我超喜欢这首歌！！！姿姿居然唱了！！！我好快乐！！！！！！！！！,0,漂浮群岛et_moi,101098936
12,2019,8,4,这首好有感觉[可爱],0,非也非飞,440312810
13,2019,7,23,啊神仙音乐神仙声音[色][色][色],0,住在西安的张钊,1734923211
14,2019,7,23,也不一定 哈哈哈哈 还有我这样的喜欢就小心心收藏的,0,守着大王的花栗鼠yu,301332133
15,2019,7,2,也太好听了吧！,0,八九不离食小姐,133898896
16,2019,6,17,这是什么时候的歌？？,0,咪九,336560539
17,2019,5,26,良心[口罩],0,我的头像是只小猫,605474209
18,2019,5,23,打卡,0,枣糕少女宋觉觉,116531378
19,2019,5,3,我一直很喜欢听,1,someone七七,1808451216
20,2019,4,30,太好听了[流泪][流泪][流泪][流泪][流泪],2,天空飞过暖水瓶,423027217
21,2019,3,26,前奏已经听入迷,3,每个人都会很习惯,291726024
22,2019,3,13,前奏已经听入迷，还没听够,2,夕颜May,442465991
23,2019,1,19,演唱会，惊艳！,3,Max磊磊,119468280
24,2019,1,16,我来了,0,反正不会是你的小可爱,257802307
25,2019,1,7,喜欢喜欢喜欢,0,currencybao,258261214
26,2018,12,11,爵里爵气的,5,YDNKS-彻底的-sagoo-Maxist,265426022
27,2018,12,8,北京的大冷天，宅了一天，看完书吃板栗，突然想听这首歌。我的撩人姿。[亲亲],1,mooka,56763445
28,2018,12,6,一直觉得燕姿的声音挺适合唱爵士，懒懒的,2,凭栏望夜落,1474865164
29,2018,11,1,这个女人[流泪]好攻[流泪],1,阿浠阿可,406211703
30,2018,11,1,第一百个！,0,阿浠阿可,406211703
31,2018,10,19,哇哇哇哇哇哇最近好喜欢爵士，燕姿竟然唱爵士了！,1,今天改个什么名呢,131889355
32,2018,9,25,🎧,0,宋岳庭ui,329778691
33,2018,8,19,[爱心],0,听T风,7531873
34,2018,8,18,好有感觉，怎么这么好听～～,0,用户622925168,622925168
35,2018,8,3,🎧,0,_诗芊,81037679
36,2018,6,25,经典爵士曲,1,收集云,134101175
37,2018,5,30,哎呦，这歌不错,2,咕叽-__,543531996
38,2018,4,15,我听完之后看到你的品论😭,0,柏家满满,405054561
39,2018,3,19,start,1,stef流年,1367583538
40,2018,3,15,卡,2,赟光,454310581
41,2018,3,12,好听,1,果汁爱学习,1350631564
42,2018,2,24,[亲亲],2,红色的小刺猬,583494746
43,2018,2,16,想看一场燕姿的演唱会[流泪],1,Jonah乔纳,478575663
44,2018,2,9,骨灰十来年了！是啥？,2,噜噜粥,52720963
45,2018,1,30,不错哦,1,王金1711,632842409
46,2018,1,30,很有感觉哟,2,王金1711,632842409
47,2018,1,26,剧透真的好么？,0,TheBigGhoul,88364478
48,2018,1,18,爱你,1,太阳底下0723,16072610
49,2018,1,13,唱jazz的燕姿,1,Y-una,322710590
50,2018,1,8,骨灰级歌迷才会听的歌[亲亲],27,排队高手,79005480
51,2018,1,5,打卡,1,与准,124868690
52,2017,12,27,jazz 燕姿,1,Spring_露桥闻笛,130021506
53,2017,12,23,打卡,1,鲸与天空ocean,294942951
54,2017,12,10,真爱粉打卡,3,古月人情,564581243
55,2017,12,9,性感姿,0,Maxwell-yao,76345447
56,2017,12,3,哈哈哈打卡,1,H-S_Sun,296312220
57,2017,11,29,姿迷打卡,0,我有努力和这个世界变熟,394296679
58,2017,11,23,哈哈我也是,2,百感交集l,278778830
59,2017,11,23,燕窝群里看到的哈哈,4,EvinBooker,334246656
60,2017,11,3,刚刚把演唱会又翻出来看了一遍[亲亲][亲亲][亲亲]我姿怎么那么好看，唱歌还好听,1,等待下雨的兔几,405563542
61,2017,10,28,姿持你,0,KitKat__,41723861
62,2017,10,5,评论那么少？？,1,饭桶诶饭桶,340393893
63,2017,9,14,好好听[惊恐][惊恐][惊恐][惊恐],1,竟然有人抢了我的昵称,74685696
64,2017,9,12,胡说，只有1分49秒,5,合适的名字还没想出来,67684423
65,2017,8,15,[大哭]好吧,0,素丸子Kwok,17385100
66,2017,8,14,我都评论了肯定知道歌名啊，我只是反问一下我自己,0,跳舞的克卜勒,122786310
67,2017,8,14,就是Dream A  Little Dream Of Me,0,素丸子Kwok,17385100
68,2017,8,14,Cool,0,素丸子Kwok,17385100
69,2017,8,11,这是什么歌，燕姿还唱过这个？留名,0,跳舞的克卜勒,122786310
70,2017,7,29,声音好听呀怎么都好听,0,please_stopit,84306890
71,2017,7,24,好迷人啊,0,苏三伞,111844957
72,2017,7,22,听这首歌的八成是老姿迷[大笑],6,我TREE,57695354
73,2017,7,14,dream a little dream of me tonight,0,四月小公园和她的最爱的大宝贝,89043245
74,2017,7,6,跟著你慵懶的節奏～,1,鄒爸比,85768778
75,2017,6,11,总会有一个时候，突然觉得我姿有些歌真好听啊，明明都听过这么多年了，就在一个像这样的深夜听到一首这样的歌，太好听了[憨笑],0,oranlee,131736371
76,2017,6,7,真的是好聽的過分了,6,Fansibopoo,279352635
77,2017,6,7,在演唱会唱Jazz，酷！,2,Yamamoto-Takeshi,6203371
78,2017,5,31,[亲亲],0,气氛来了就要醉,308485041
79,2017,5,6,就是喜欢燕姿 她唱什么我都喜欢,1,鱼雨子酱,50983533
80,2017,5,5,喜欢这首歌 没想到燕姿唱过！,1,鱼雨子酱,50983533
81,2017,5,3,Dream Dream Dream[爱心]呜啦啦,0,阿Dar,94482447
82,2017,5,1,前奏是巡演换服装,2,121个逸儿,129095979
83,2017,4,5,唱英文歌挺棒的,0,jason饭特稀,85246698
84,2017,4,1,。。。还给我版权啊,0,反向参照系,79355981
85,2017,3,21,我姿懒懒的腔调真迷人[亲],2,孙燕姿的手,100429699
86,2017,3,5,1min50s的欠揍_(:з」∠)_,1,拳犇,121663203
87,2017,2,7,骨灰级歌迷才听的歌！,7,我是丑王,127718208
88,2017,2,2,"燕姿的英文歌都很不错，还有 未完成 跟 my story，your song 是一个旋律的
",0,蝶非蝶yz,307447202
89,2017,2,2,听着听着就跪在地板上了,3,蝶非蝶yz,307447202
90,2017,1,1,[爱心][爱心][爱心],0,蓝石头55,56061551
91,2016,12,31,声线太棒,0,stefzz,248922322
92,2016,12,3,另类的狗哥,0,帐号已注销,124859943
93,2016,11,5,剧透一下，前奏一分五十秒~,53,冷鸟相鸣,57009230
94,2016,10,16,以为纯音乐，等得好辛苦,0,帐号已注销,124859943
95,2016,10,9,性感！,0,反向参照系,79355981
96,2016,8,21,啊啊知道了,0,Outsideeee,262273081
97,2016,8,19,@又退我千丈 ,1,Londinium_,299325388
98,2016,8,17,我们燕姿翻唱很赞啊,0,看斜阳照大地,67282306
99,2016,7,31,这首也很赞啊！我姿！,2,我是丑王,127718208
100,2016,7,27,一开始我还以为是纯音乐,0,坐饮红楼,30405508
101,2016,7,5,姿妈 我爱你,0,极懒虫,137065846
102,2016,6,7,前奏占了一半时间,0,一叶扁舟_____,98760641
103,2016,5,30,要不是燕姿，谁受得了这么长的前奏[撇嘴],6,帐号已注销,107770235
104,2016,5,30,太好听[亲亲],0,帐号已注销,107770235
105,2016,5,30,我发现燕姿现场唱别人的歌比她自己的好[大哭],2,帐号已注销,107770235
106,2016,5,8,唱的很棒啊,0,-mmm-_,134181266
107,2016,5,7,什么歌都是听了现场忘了原唱🌝,6,闪泥啦啦啦,88079495
108,2016,5,6,塔哒～这歌好玩啊～我要去补全以前错过的我姿[惊恐],5,孙燕姿的手,100429699
109,2016,2,16,[憨笑],0,蓝石头55,56061551
110,2015,11,25,高考前一天还听了这个[惊恐],4,MOSBYTTTT,30406903
111,2015,11,5,那么多人第一次听啊，作为真爱粉难道没有把那么多演唱会全补完的[呆],7,_深白色_,59098738
112,2015,10,14,性感女郎在跳舞,1,Chaki-doi,268350
113,2015,8,27,为啥0 0,0,阿朝_-,46675672
114,2015,8,26,想到了玛丽莲梦露[大哭],0,守候ll,33558127
115,2015,8,26,外国中世纪大妈的即视感[呆],0,守候ll,33558127
116,2015,8,18,喜欢麻姐翻唱的歌，慵懒又可爱,1,大打哒哒打个大西瓜,78360507
117,2015,7,16,听着想跑厕所·········,0,帐号已注销,44399627
118,2015,7,5,今晚的催眠曲来自孙燕姿翻唱的Dream A Little Dream Of Me.晚安@喵小稻草,2,脱毛脱毛兔,33103113
119,2015,6,13,好想知道前面大家在嗷嗷什么_(:з」∠)_,4,肮脏的python交易,45638475
120,2015,5,24,居然第一次听,0,力的宏,34361818
121,2015,4,28,居然是第一次听~[亲亲],0,我没吴彦祖帅,15302022
122,2015,4,27,[憨笑],0,ETSUNY,19828006
123,2015,4,11,[可爱],0,大眼睛的刘胖子,55734389
124,2015,4,2,咦，这首歌有点意思哦～～,2,伊巴斯典,42166429
125,2015,3,4,大赞,0,太阳花开了,3770150
126,2015,3,4,竟然第一次听哎,0,太阳花开了,3770150
127,2015,2,8,[拜],0,jinvvv,9445775
