index,year,month,day,content,likecount,nickname,user_id
1,2019,10,2,坚持,0,无感_______,281815570
2,2019,10,2,谁的青春不迷茫,0,无感_______,281815570
3,2019,9,30,无论我们最后生疏成什么样子 曾经对你的好都是真的 就算终有一散  也别辜负相遇  希望你不后悔认识我 也是真的快乐过  如果能回到从前 我还会选择你，只要是你 我都愿意                                     ——永远             xiaolong,2,荔枝味的小祖宗呀,1346682230
4,2019,9,30,无论我们最后生疏成什么样子 曾经对你的好都是真的 就算终有一散  也别辜负相遇  希望你不后悔认识我 也是真的快乐过  如果能回到从前 我还会选择你，只要是你 我都愿意               ——永远             xiaolong,2,荔枝味的小祖宗呀,1346682230
5,2019,8,11,hey,0,久厌繁花,1568268629
6,2019,7,6,因为你走错专辑了，这首歌人少的原因是人都跑start自选集去了,0,There_is_no_joke,424102898
7,2019,6,30,两年前？？？,0,Chien-Z,507991936
8,2019,6,12,唯一一个一听到前奏就能猜出歌名，从天黑黑到现在的梵谷，每次都,0,狼行千里全靠腿,617396732
9,2019,1,6,我不想走出去我不想放过她,2,phw6,289373299
10,2018,12,26,超喜欢这个版本啊,0,WannaBeULover,475341431
11,2018,12,26,这首歌居然是首冷门的,0,WannaBeULover,475341431
12,2018,12,23,秀儿，是你吗,0,Zero残月,1346814202
13,2018,10,26,哎呀，一开始听以为是黑猪,1,Akiso,58387404
14,2018,9,25,每个周只听一遍,3,風來的西霖,634373776
15,2018,8,4,🎧,1,_诗芊,81037679
16,2018,7,19,辞职的那天思绪万千，最终还是辞职了，刚毕业就失业，很迷茫！不知道该如何是好，一个专科生毕业，出来社会才知道生活不好混[流泪][流泪],3,湖泊湖水,381072193
17,2018,4,10,[爱心],0,琴枕上的吉他梦,351608322
18,2018,3,18,万里晴空,1,Masked-VeG,269383457
19,2018,3,3,哈哈哈,0,我有努力和这个世界变熟,394296679
20,2018,1,20,第一听的就是燕姿的版本，后来听披头士的觉得还是这个版本好听,3,北方爷们儿的非南方姑娘,292210700
21,2018,1,15,《谁的青春不迷茫》里的歌最喜欢的就是这首了,2,_庐山烟雨浙江潮,511812033
22,2018,1,15,加一,1,_庐山烟雨浙江潮,511812033
23,2018,1,15,同意,0,_庐山烟雨浙江潮,511812033
24,2018,1,12,少听,0,一生所爱只争朝夕,250149777
25,2017,11,28,老师在放披头士的，我来打个卡,1,Qcerkay,253235928
26,2017,11,28,英语课,0,Qcerkay,253235928
27,2017,11,22,其实最喜欢燕姿唱的hey jude了,0,巴伐利亚的雪,315032995
28,2017,9,26,嘿，猪,0,GNDSMG,93828563
29,2017,9,7,想你啊啊啊啊啊啊  克制,0,舒十二,330907219
30,2017,9,4,助攻,0,舒十二,330907219
31,2017,9,2,原做绿叶不做红花,1,夏与曦曦,537452914
32,2017,8,31,怎么更加喜欢这个版本呢,2,蜜糖小魔镜,310369373
33,2017,8,25,刚看请回答1988 豹子夫人在听这歌,1,长安客啊,320945802
34,2017,8,21,嚯…,0,卡纳蓝,17967046
35,2017,8,15,娜娜娜娜娜娜谩骂安娜安南啊,0,帐号已注销,451441430
36,2017,7,23,燕姿的情怀很丰富，这首励志歌就很鼓舞人[可爱],1,-z-Z_-,265472089
37,2017,7,19,相当打动人心，燕姿无敌啊,2,下回再改,508810715
38,2017,7,18,娜娜黑猪😂😂,1,Killorkissme,319701670
39,2017,7,2,"remember to let her into your heart,and you can",2,_darcy,11426785
40,2017,6,28,拉我进去,0,TRswat,423350156
41,2017,6,23,这歌评论怎么少我要留名[猪],0,doumee,89546581
42,2017,5,26,我提议建立一个燕姿歌迷群,0,TRswat,423350156
43,2017,5,26,第一次听这首歌还是02年，十多年过去了，怀念,0,TRswat,423350156
44,2017,4,20,Heyjude[亲亲],0,休眠状态,303051958
45,2017,4,13,一般有na，na，na，na，na，na，的歌我都喜欢[大哭],0,All_Sunday丶,417894686
46,2017,3,18,英语教材,1,bloodybear,19094260
47,2017,3,13,陪伴自己的只有自己罢了,1,梅干菜动物园,410840024
48,2017,1,6,Yan-zi,0,孤独小孩o,273175427
49,2016,12,22,我亲爱的你们，我不愿各自安好，只想互相陪伴,0,一口吃掉芒果干,314670117
50,2016,12,22,当年听这首歌的时候，是一个很好的盆友，在高三的晚自习给我听的，听完之后莫名伤感，现在听更伤感了，苏美人，感谢你,2,一口吃掉芒果干,314670117
51,2016,9,29,很好听  评论怎么这么少,1,WorshipzzZ,52639474
52,2016,9,23,原唱是麦卡特尼，这歌是给列侬儿子的,0,米糕朗基罗,31743843
53,2016,9,21,喜欢 谁的青春不迷茫 里 男主对女主唱歌时那个场景 就是这首！！！,8,你好_橙子,334530702
54,2016,9,18,每首都留言，都留言，留言，燕,1,方圆已被注册,63103560
55,2016,9,10,104,0,Du_zHonG,67972916
56,2016,9,10,嗯嗯，看过了，thanks,0,墨鱼克力,119433676
57,2016,9,9,看我分享的，我分享在我动态里了,0,ssssteff,102967184
58,2016,9,9,发错了...,0,ssssteff,102967184
59,2016,9,9,哪张专辑，我去看看,0,墨鱼克力,119433676
60,2016,9,7,评论都不在这里，在另一张专辑里,0,ssssteff,102967184
61,2016,8,29,好听,1,末的解释道,87715018
62,2016,8,11,为什么我姿的评论这么少？[流泪],0,墨鱼克力,119433676
63,2016,8,8,还记得当时原唱里的评论让我笑了一晚上[大哭],0,念来过倒定肯你,88497833
64,2016,8,4,那么水的热门我们不需要  显得这曲子多低俗,2,鹿友正在挣扎中,134113792
65,2016,7,25,这是翻唱披头士的吧[大哭],0,未来是星辰大海,134343616
66,2016,7,25, Beatles 是谁,0,Leoniiiiiiiiiiii,50975234
67,2016,7,13,好听,0,柠檬草zq,286244464
68,2016,7,6,反反复复  依旧不腻[可爱],1,怀念夜晚的星空,271599753
69,2016,6,28,骚😜,1,我Ansar,288771475
70,2016,6,23,打卡  88,0,裸奔的艳遇,111778036
71,2016,6,20,超级好听,0,不知名的路人丙,257111639
72,2016,6,19,"hey,jude[爱心]",2,lrrzl,289946379
73,2016,6,8,一去K歌同事朋友就自动帮我点这首唱给她们听，没办法，那时候燕姿所有的歌我都唱得动听[大哭],0,MaraToo,280630570
74,2016,6,6,听一遍就爱上啊。看了电影来搜的歌，还是女声版有感觉。[开心][开心],3,王筱502,250454778
75,2016,6,5,不对啊评论竟然那么少,0,吹在荒野里的风,119212525
76,2016,6,1,迎接崭新的[女孩][憨笑],0,八月七日晴Yu-,261023158
77,2016,5,26,"谁的青春不迷茫～～～,为你为我为所有...！",2,flying毛毛,274806089
78,2016,5,26,看《谁的青春不迷茫》突然想起了燕姿的版本，好久没听了，还好评论不多，就我们,1,切萨皮诺,55918326
79,2016,5,22,[星星],0,大白兔白呀白,38378280
80,2016,5,22,谁的青春不迷茫给多少版权费,1,pleasemybody,129420192
81,2016,5,10,这首歌原唱的儿子,0,醉染清风,75928724
82,2016,5,2,好歹有个能下的了……,0,终其平凡,83325300
83,2016,5,2,电影里的不是孙燕姿唱的吧,0,孬孬xi,134128820
84,2016,5,2,我有个很严肃的疑问，那Jude是谁啊,0,不过秋,127811265
85,2016,5,1,找了好久没找到电影的echo原版，孙燕姿的也不错,1,派大星呼叫海绵宝宝yeah,60195789
86,2016,4,30,看完青茫来听的，可是竟然这么少人⊙_⊙,2,现代悲观主义之母,95263956
87,2016,4,30,翻唱的贼好听  可惜我学不会[呆],0,裸奔的艳遇,111778036
88,2016,4,29,学会它,0,cheer杰,265791014
89,2016,4,28,看了谁的青春不迷茫才听到，不想毕业[哀伤],0,_小宝_-,254872225
90,2016,4,27,青茫一出来，hey jude各种版本到处刷评论，醉了[大哭],1,雨陨,31875806
91,2016,4,27,是自己转制的电影里的hey jude,0,Lyriccn,91737157
92,2016,4,27,你顶的东西怎么被举报了,0,雨陨,31875806
93,2016,4,25,顶上去让更多人看到!!!,0,Lyriccn,91737157
94,2016,4,24,电影插曲真的感动到了，即将沦为高三党，看过电影后我也继续向我的梦想前进,3,眼底潇湘,103378059
95,2016,4,23,嗯 特别是最后的时候 [憨笑],4,三耳朵妹妹,113409073
96,2016,4,23,求赞那,1,叫我张龙龙,105591464
97,2016,4,22,在电影院听到这首歌，整个人都升腾了尤其是better better better better ……很棒,4,叫我张龙龙,105591464
98,2016,4,22,我也是诶！听的时候感觉莫名的励志！[大哭][大哭],2,英俊的周二爷,89178416
99,2016,4,22,嗯 好听 配上谁的青春不迷茫很好听[色][色],38,三耳朵妹妹,113409073
100,2016,4,22,[星星],0,帐号已注销,85615758
101,2016,4,16,看这评论，我觉得不科学,0,WorshipzzZ,52639474
102,2016,4,8,+1。。,0,听说听说|,36444656
103,2016,3,18,搜嘎～,0,喝奶的小仙女,47920722
104,2016,3,18,评论多的在 start自选集 那里。[可爱][可爱],0,打卡环游网易云,29965618
105,2016,3,15,评论太少不科学,0,喝奶的小仙女,47920722
106,2016,3,11,曾经的手机铃声…,0,飞-cfy,24604011
107,2016,2,12,张全蛋 张全蛋 张全蛋 张全蛋,0,Defws,125453972
108,2016,2,11,Hey Jude dont be afraid,0,二月旧城,31006593
109,2016,2,9,纪念我曾经的铃声,0,大名牧,62442821
110,2016,1,22,为毛燕姿跟杰伦的歌都要钱？还好我陈胖子不用[生病],1,Calvin-lin,109028559
111,2016,1,18,翻唱的真好,0,愚叔叔,38130328
112,2015,12,13,披头士经典！呵  暴露年龄了！,2,love云飞扬1967,82910925
113,2015,11,24,这是我的少年时代啊,1,西瓜真好吃啊,81649424
114,2015,11,8,所以为什么不评一句有实质内容的[大哭][大哭][大哭],2,馒头是最好吃的,65575424
115,2015,11,5,这么好听居然连百都不过！,1,你猜你猜你猜你猜你,53552673
116,2015,10,31,至少得有个热门评论吧，快把我顶上去[大笑][大笑][大笑],25,mmcccy,96746946
117,2015,10,29,[可爱][可爱][可爱],2,打卡环游网易云,29965618
118,2015,10,16,hey  yanzi[亲亲],1,除去衣衫白马,64089525
119,2015,9,30,9.30到此一游[可爱][可爱],1,打卡环游网易云,29965618
120,2015,9,26,翻唱的别有一番韵味,5,楼下是南桥,68664269
121,2015,9,20,这个版本还不错哦～,1,喝牛奶的牛油果,32149173
122,2015,9,20,好听啊,1,sunydbb,84538761
123,2015,8,20,还是这么少。[大哭][大哭],1,打卡环游网易云,29965618
124,2015,6,30,啦啦啦,1,小浣熊大站干脆面,70262647
125,2015,6,24,一直以为燕姿是原唱😂,2,Ai_Syanzi,45409645
126,2015,6,10,27,1,唱得响亮-,63487478
127,2015,6,10,26,1,唱得响亮-,63487478
128,2015,6,10,25,1,唱得响亮-,63487478
129,2015,6,10,24,1,唱得响亮-,63487478
130,2015,6,10,23,1,唱得响亮-,63487478
131,2015,6,3,这么经典的一首～居然评论这么少……,1,追寻一声,61193496
132,2015,5,31,嘿 猪,2,Amber赛,45758553
133,2015,5,24,20,1,打卡环游网易云,29965618
134,2015,5,24,19,1,打卡环游网易云,29965618
135,2015,5,24,18,1,打卡环游网易云,29965618
136,2015,5,24,17,1,打卡环游网易云,29965618
137,2015,5,24,16,1,打卡环游网易云,29965618
138,2015,5,24,15,1,打卡环游网易云,29965618
139,2015,5,24,14,1,打卡环游网易云,29965618
140,2015,5,24,13,1,打卡环游网易云,29965618
141,2015,5,24,12,1,打卡环游网易云,29965618
142,2015,5,24,评论太少了啊 。,1,打卡环游网易云,29965618
143,2015,5,18,"孙燕姿的歌感觉越听越有味道
",1,且听风吟营,6552251
144,2015,5,18,原版甲壳虫乐队的，不过更喜欢这一版的[嘴唇][嘴唇],2,鹿先森哈,33669430
145,2015,2,5,感觉差点什么？,1,银河第二帝国,32475566
146,2015,1,7,嗨，朱德。,2,小满未满V,20194239
147,2014,12,26,其实第一次知道这首歌是从燕姿这里，那盘自选辑以今天的角度看才知是好有品味的 ～ silent all these years,1,Blueeva01,30276364
148,2014,11,25,"Remember to let her into your heart ,Then you can start to make it better. So let it out and let it in.Hey Jude, begin.[憨笑]",2,他的国August,30507417
149,2014,11,9,朱德,1,你瓜大哥,36195333
150,2014,10,17,很好听，很认真的学,1,侨伊,38165251
151,2014,7,23,好吧，我认猪,1,月之阴面,30726075
152,2013,6,1,"Hey,don't make it bad~~come on!",1,Sarah幽兰杜若,786376
