index,year,month,day,content,likecount,nickname,user_id
1,2019,11,15,15119102 留,0,最酷北极熊,536537630
2,2019,11,5,怎么没人听，神级现场[色],0,深藏功与名啦,293515306
3,2019,10,26,棒棒锤。。。,0,慷游呦呦游悠游啊,1769918292
4,2019,10,11,是的，再来一次呀！,0,别再奋力逞强,122065677
5,2019,8,14,这歌老让我想起EVA。。。,1,B站的2233狼,2759443
6,2019,8,3,声音好好听,0,猪猪侠了喂,300190885
7,2019,7,20,"Hey Jude, Don't be afraid!",0,抚平眉中川,444235171
8,2019,7,17,不自觉跟唱了第一句转眼看到你的 黑！猪！笑抽了。。。[大哭],1,方块0-0先生,1880407395
9,2019,7,3,"我怎么听到的是once more time?
",0,莫被晴子拖欠,92441496
10,2019,7,2,哈哈哈[大哭],0,Stefanie-zkx,1401912067
11,2019,7,2,名字都有燕姿，你是认真的姿迷,0,还是少年么-,626676728
12,2019,6,23,姿迷无处不在，燕姿无可取代,0,Stefanie-zkx,1401912067
13,2019,6,14,哇！噢！,0,十二少Vaticanstar,587867979
14,2019,5,24,很奇怪，这首歌给了我很大安慰，好像看见了生活的生机[多多可怜],3,关于郑州的-记忆,310253050
15,2019,5,19,one more try？,0,小菜啊小蔡,316171636
16,2019,5,12,谁是黑猪？,0,源稚生丶李,421942997
17,2019,5,2,大概是闽南话，一起唱的意思。,0,贾文就是甲骨文,505674734
18,2019,4,26,帮帮嘴，帮唱,0,lpf_fff,113153521
19,2019,4,14,我还没学会怎么去忘记你，我怎么能去开始新的一段。lmm，你开心嘛？,0,太阳打电话给草,46482977
20,2019,4,12,2019/4/12/18:20，评论才247,0,殇三十郎,1324546
21,2019,4,5,嗯,0,座瓶水是我惜可,253248732
22,2019,3,30,燕姿说的棒棒锤是啥意思？,1,孙燕姿铁粉粉粉,1286010242
23,2019,3,24,黑[猪]245,0,已成为一座想念的博物馆,366314939
24,2019,3,23,"看到评论少的时候
我知道我的机会来了
各位爸爸们",5,陈奕迅是哪个神仙,536605694
25,2019,3,9, 一起去看演唱会,0,Syra_,55433581
26,2019,2,27,[多多大笑],0,Jonah乔纳,478575663
27,2019,2,22,"很多人都不知道这场演唱会
评论少也好 让我们私藏",6,八度依然二丁目,491739022
28,2019,2,14,初中合唱曲目 當初英文實在是太爛了 全程含糊不清的跟著瞎哼 想想就覺得好笑[开心]現在覺得很簡單了也不想再去學了 就在我記憶裡這樣含糊一生吧 我會很感激的,2,我请你吃橙子吧,1579572327
29,2019,2,4,我晕毛线,1,带带大毒唯,131762698
30,2019,2,1,Paul McCartney：我很不服,1,保罗的花栗鼠,324086710
31,2019,1,30,236了,0,殺手下留情,567687872
32,2019,1,27,王撸已是故人，COYG！,0,linhom19,352131503
33,2019,1,17,姓袁的不,0,不-醉不会,33121523
34,2019,1,15,截至2019/1/15 17:11，评论也就多了你的一条[大笑],0,密码过期,529690804
35,2018,12,29,[多多大笑][多多大笑][多多大笑],0,古月_星辰,411540622
36,2018,12,26,2018.12.26.23:08竟然只有232条评论？,2,肥珑啊,124177232
37,2018,11,27,个人觉得燕姿的这场演唱会比原声更好听,5,你的阿煜_,382386638
38,2018,11,25,2018年11月25号留,1,兔子先生wqq,1393983421
39,2018,11,13,天呐，燕姿的声音一出来就…[流泪],4,ThemedeYoyo,304792719
40,2018,10,7,[色],1,孙燕姿的粉丝,36733053
41,2018,10,7,超超超超级喜欢,3,有钱阿宅养成中,366576968
42,2018,9,28,吉鲁之歌，我大吉鲁，哈哈哈哈！COYG！,3,我可是赵金辉,254778348
43,2018,9,28,黑豬～哈哈太可愛了～我喜歡巧克力的膚色,0,吳杰婷,345620022
44,2018,9,18,我朋友外号就是黑猪 哈哈,0,以和为贵___,1242338
45,2018,8,14,期待燕姿，希望为母之后再次翻唱这首歌一次，味道会更好,1,还是少年么-,626676728
46,2018,8,12,无论何时 当你感到痛苦 绝望之时 慢慢放下来 不要自己扛着,1,一元好帅,110917438
47,2018,8,12,回复帐号已注销手急写错了，是明成祖，不过朱棣本来的庙号是太宗，嘉靖给改成了成祖[大哭],0,三十八度半,267360657
48,2018,8,3,🎧,0,_诗芊,81037679
49,2018,7,19,她说的是自己写的那首someone，给sammi重新填词唱了。,1,stef流年,1367583538
50,2018,7,13,还是喜欢原版,3,一季又一寂99,481130851
51,2018,7,7,这首歌怎么还不火啊😂,0,杜婴宁,132527879
52,2018,7,4,笑死,0,赤道yu北极,134721438
53,2018,6,24,网易黑猪宣传曲,3,妹子你喜欢吃青椒吗,318096374
54,2018,6,18,火了之后记得给我52个赞,3,Zhai飞哥,387864046
55,2018,6,18,好好听,0,Zhai飞哥,387864046
56,2018,6,16,One more time!!,0,曉金牛,51301444
57,2018,6,16,粉猪[大哭],0,曉金牛,51301444
58,2018,6,9,前面的合唱好好听呀,1,嘿_我要走啦,389702927
59,2018,6,9,第一次是 听 李玟翻唱的。当时挺震撼。后来翻到原唱。[吐舌],2,低头思唸,272179561
60,2018,6,3,"″

如果我
有什么让你不喜欢的地方
麻烦你自己克服一下

″",1,蔡蔡不菜,257318421
61,2018,6,3,你要记住如果有一天我主动找你了，不是我现在才想起，而是我憋不住了,0,蔡蔡不菜,257318421
62,2018,5,29,喜欢你，可是不会再向你表达。,2,尧-大学-问,393514764
63,2018,5,21,超喜欢,1,黑暗行星古兰斯菲亚,495929451
64,2018,5,18,好听！！！！,1,请输入昵称077,360346214
65,2018,5,12,Hey my dear friend,3,云壹_,62025305
66,2018,5,7,好听～～,1,四月的的的,1329526521
67,2018,4,27,腾讯有视频了 ,1,訾央伪装小漠漠,247480354
68,2018,3,25,就是好听,1,达那蛋,113832912
69,2018,3,19,封面好酷,2,RogerLin666,377715007
70,2018,3,15,我说我也不知道留什么 但是祝你幸福快乐,2,旧巷子里的猫喵喵,407096578
71,2018,3,13,你好朱德！,0,时代曲_13,281574365
72,2018,3,12,无敌,0,狮子座的追梦人,130780572
73,2018,3,9,好听啊,0,srses,249586597
74,2018,2,26,火前留名。,0,h昔日丶,530099613
75,2018,2,24,这张live 是孙燕姿灵性一览无遗的体现,4,Islandofcyril,48634536
76,2018,2,20,网易有毒,0,深蓝-深蓝-深蓝,471663853
77,2018,2,14,尽然没到999,0,ananda夏磊,308715616
78,2018,2,8,嘿🐷,1,北方爷们儿的非南方姑娘,292210700
79,2018,2,7,手快打错了，不过朱棣原本的庙号是太宗，成祖是嘉靖后的称呼,0,三十八度半,267360657
80,2018,1,18,依然亲爱的，我不会让你失望的吧,0,好笑的爱,104950420
81,2018,1,14,我天生比较黑，我感觉受到了打击！🤔☹️[哀伤],3,保持谦卑与善良,118041466
82,2018,1,14,Hey Jude,0,97如果我是陈奕迅,338113499
83,2018,1,14,满满的回忆  高中时候中午放学就是放这首。,1,97如果我是陈奕迅,338113499
84,2018,1,6,听到，嘿猪，就知道了，哈哈[奸笑][憨笑][可爱],0,linyk爱飞,371565186
85,2017,12,29,To make it better,1,恶_灵_退_散_,330993633
86,2017,12,27,好听到崩溃,1,气氛来了就要醉,308485041
87,2017,12,27,比好声音好听一万倍。[色],1,我来听他的演唱会-,121727237
88,2017,12,27,评论这么少,0,嘻嘻嘻哈哈哈zzz,315309289
89,2017,12,26,好棒ｂ(￣▽￣)ｄ,1,ihanhan,71510995
90,2017,12,25,你好啊。挺好。,0,hhhzz1020,120639130
91,2017,12,24,人嘛，要勇敢，不要怕，大胆往前走。问题是，我在21楼天台边缘了，你还要我继续勇敢走下去吗？,4,没人气的橘,287924409
92,2017,12,22,他特么不叫明成祖吗[呆],3,帐号已注销,40748938
93,2017,12,17,同,0,飒洒逍,549913820
94,2017,12,14,同感,2,friendlyPaul_1998,56363269
95,2017,12,13,偶然听到这首歌，想起高中时候英语老师教过我们的！满满的回忆都是美好,3,易燃易爆炸11,442578008
96,2017,12,11,两个字 到位,2,xyzbuzhidao,274518821
97,2017,12,11,是的哈哈哈哈哈哈哈 开心就好嘛,1,歌曲已屏蔽,267108817
98,2017,12,9,日推第一的人一定是个内心温柔的孩子,0,陈玄奘-,62722293
99,2017,12,7,live版本气势如虹,1,宗虞,15491727
100,2017,12,6,第一次评论! 这歌这么少评论，是网易量身定做推荐给我的么,2,鱼-Dandelion,1288202401
101,2017,11,22,"hey Jude, refrain[男孩]",1,我的英俊,255137082
102,2017,11,9,为我姿刷一波999,1,风灵魍,99362966
103,2017,11,6,[色],0,最近才听说,40416008
104,2017,11,6,喜欢！[爱心],0,最近才听说,40416008
105,2017,11,6,好听！,0,最近才听说,40416008
106,2017,11,1,hey,1,Prisonbreak6,632987360
107,2017,11,1,加油💪,0,我才是夏小曼,66716805
108,2017,10,31,肉，好吃。,0,Mr-yang仙森,298061971
109,2017,10,30,不信不到999,1,Jackzzyyyyy,333282715
110,2017,10,29,明世祖朱棣之歌[大哭],1,三十八度半,267360657
111,2017,10,29,好,0,明月在星空,298490793
112,2017,10,26,Hey.朱德,1,Berzerkee,62487541
113,2017,10,11,[亲亲][亲亲][亲亲][亲亲],0,闫姿姿,448480985
114,2017,10,4,爱你,2,黑暗行星古兰斯菲亚,495929451
115,2017,10,2,来了！黑猪,4,huang老靯的杜,280500390
116,2017,9,30,这么好听的歌为什么评论这么少，大家快顶我上去,4,傻傻子的夏天,400620493
117,2017,9,29,我爱你 小妮,1,朴实__,3244331
118,2017,9,28,评论这么少吗,1,最深情的leslie,442756324
119,2017,9,23,因为这是现场版的所以效果不怎么好 ！！so！！都跑去听录的了呗,1,幼稚园的卧底,508045520
120,2017,9,13,嘿，祝,1,茶理理面,127228492
121,2017,9,12,这是我体育老师教我的第一首英文歌。,3,失去其心,554803084
122,2017,9,9,今天，我追了好久的姑娘谈恋爱了，跟别人。她说喜欢一个人分分钟喜欢，不喜欢的话怎样都不行。在一个情人节的第二天，我还是没忍住，把她约到了山上表白，放了这首歌，很好听。祝福她吧，还好我是在两个星期前跟她深度沟通了，想通了，也没那么难受。青春的爱情，你值得拥有。而我自会有人懂得。,37,吕客1703,314108121
123,2017,9,5,999+去哪里了,2,jay5211,100977081
124,2017,9,4,初中时外教教我们唱的第一首英文歌，十几年过去了想想还真是怀念[憨笑],1,Kereon,366612344
125,2017,9,4,最好的翻唱。。。又没说比原唱好。至少大多人这样说。但是我更喜欢eason的。,1,坤rt,392041685
126,2017,8,28,尚好的燕姿。,1,谁不舍我难过分一丁目赠我,75877056
127,2017,8,28,水土不服就扶你,2,少年请加油嗷,304331605
128,2017,8,28,好难k的一首瓜,1,默的空白格,279345246
129,2017,8,28,[强]女神,2,Lynn_井,136618115
130,2017,8,28,你怕是没听过我唱的吧！,1,枝青一叶,61885604
131,2017,8,27,哈哈 我也觉得,2,JenniferAm,333280763
132,2017,8,27,我看过，感觉很好看啊[奸笑],3,我叫步惊云,422300443
133,2017,8,27,向经典致敬，嘿，朱迪,2,果汁大圣,247130746
134,2017,8,27,评论里没把The Beatles放在眼里,3,项乔治,70939814
135,2017,8,27,这么厉害的翻唱，这么少人知道不公平啊！,2,吴哥窟梁先生,354468676
136,2017,8,27,迷茫暗恋青春，青春老是嫌弃他，可青春快要逝去的时候，发现陪伴她最久的，就是迷茫。,2,A丶Bird,9023915
137,2017,8,27,有从谁的青春不迷茫过来的吗？[大哭],3,JenniferAm,333280763
138,2017,8,27,sweet death?,1,天山以北岷江以南,281098364
139,2017,8,27,黑猪,3,H-S_Sun,296312220
140,2017,8,27,凌晨打卡,3,黑暗行星古兰斯菲亚,495929451
141,2017,8,26,这个版本找了好久，,1,静静zZ,113541435
142,2017,8,26,倔强的气质！,3,Islandofcyril,48634536
143,2017,8,26,自从用了网易音乐就一边听歌一边看评论，看到感动的评论就好想跟评论者做朋友,2,孩吇气的大男孩,493112695
144,2017,8,26,怎么能这么少人,4,H-S_Sun,296312220
145,2017,8,26,前男友游戏名,1,真实人生的海洋,134385634
146,2017,8,26,49周年的歌,1,BarcelonaLionelMessi,45640134
147,2017,7,29,有发专辑啊，整张专辑都是翻唱的,1,Dealbreakerrr,1718082
148,2017,7,6,大合唱。,2,鄒爸比,85768778
149,2017,7,6,大合唱[呲牙],2,鄒爸比,85768778
150,2017,6,19,希望时光倒回让我去这个演唱会,2,甲壳猫1704,455487789
151,2017,6,18,"开头很棒啊！",2,我是丑王,127718208
152,2017,6,3,开口就是不同！,2,G318狗一丁,435289202
153,2017,6,2,hey jude,3,我的大厦早已崩塌,101604640
154,2017,6,2,一开场就震感💓我带着耳机,3,黑暗行星古兰斯菲亚,495929451
155,2017,5,30,one more time，想起了freedie,1,Margarita,319843709
156,2017,5,28,陈奕迅那个生日会的音质太差了，,1,他是猫迷,129825864
157,2017,5,17,什么，她说她自已写的？,3,小丑送你左小腿,383953588
158,2017,5,11,开头超好听,1,电工燃烧,408534077
159,2017,5,8,小护士真的太可爱啦～,1,Kesureeeee,62909661
160,2017,5,8,热泪盈眶！!!!!!!!!,3,Kesureeeee,62909661
161,2017,5,6,更特别,1,浜町河岸,376253557
162,2017,5,6,na na na...,2,RAY4MUSIC,276887561
163,2017,5,3,[爱心][爱心][爱心]，begin,1,阿Dar,94482447
164,2017,4,27,最爱的版本，没有之一[哀伤],1,一颗小橙子C,342414382
165,2017,4,25,没有999+不科学,2,傻了噢,326659674
166,2017,4,5,嘿！猪！,1,sunny叔,6972058
167,2017,3,23,开头很精彩,2,Bobby_Dun,40143634
168,2017,3,23,阿卡贝拉,3,Bobby_Dun,40143634
169,2017,3,2,这首和萧亚轩《爱的主打歌》都和猪过去了[亲亲],1,藝術館假期,3592708
170,2017,2,15,这现场版非常feel，感觉燕姿声音好近[亲亲],3,Shawzhan21333,126831771
171,2017,1,19,哈哈哈，后来惊讶的发现，竟然还有原版,1,曉金牛,51301444
172,2017,1,19,甚至一开始都接受不了原版了[大哭],3,永无岛的小妖精谅太郎,38922530
173,2017,1,19,居然这么少人,1,长大后想泡妞,135350427
174,2017,1,19,可以从歌词上传入口上传正确的滚动歌词哦~,1,曲库小护士,79248480
175,2017,1,19,我也是啊,1,曉金牛,51301444
176,2017,1,19,我大燕姿[亲],1,曉金牛,51301444
177,2017,1,19,封面太好看了！！,1,贝多芬123654,264391867
178,2017,1,19,歌词我也是醉了,1,吾之心之所向,306300058
179,2017,1,19,当年是从孙燕姿知道的hey jude，现在依然觉着是最好听的版本。现场版也好棒啊,3,永无岛的小妖精谅太郎,38922530
180,2017,1,19,开场很是震撼！,2,Manigolte,391611686
181,2017,1,18,中音很棒,1,DamnPlay,30381064
182,2017,1,18,麦卡特尼：嘿，朱利安，你爸爸列侬爱上那个日本女人洋子了，不要悲伤啊，你还有我这个叔叔，你要坚强，你要自己强大，来，别哭了，忘记不快吧！叔叔给你唱首歌《黑猪》。,3,爱koma驹,91984969
183,2017,1,18,[强][强][强],1,咦你的鼻涕泡,306966138
184,2017,1,18,遥远领先,1,很摇滚滴事,98010521
185,2017,1,18,真的好听 孙燕姿声音出来的声音好清澈,2,假如我是天文学家,115928539
186,2017,1,18,只有两个字 好听,3,青芒辣椒酱,402748639
187,2017,1,18,错误简直不要太多，歌词和声音相差三十多秒！[惶恐],6,玎妤妓,311300226
188,2017,1,14,Stefanie聲音一出來想哭啊,1,Joe_Wayen,114428047
189,2017,1,7,评论居然没9999,2,怎么可以成为老友,390470970
190,2016,12,28,少了一个限定词：“我心中”,5,Horseman-Mark,37362663
191,2016,12,11,简直不要太好听,2,小栗粟,42762609
192,2016,12,11,错误太多了。。。主要是时间不匹配 还有个别拼写错误shouder少了s 建议取消采用这里贴的歌词 换用燕姿start自选集里的版本 然后再在这版本基础上修改[憨笑],2,帐号已注销,91649263
193,2016,12,8,请问原歌词歌词错误多吗？不多小护士可以手动修改哦,3,曲库小护士,79248480
194,2016,12,7,@曲库小护士 歌词报错 望改正 [憨笑][亲亲]没有翻译也没关系 我可以翻译[呆][呆] 谢谢合作,3,帐号已注销,91649263
195,2016,12,3,@曲库小护士 歌词报错，改正后请加上翻译，谢谢合作,4,帐号已注销,124859943
196,2016,12,3,偶遇不会说话的零零,3,帐号已注销,124859943
197,2016,11,30,TAT,1,帐号已注销,91649263
198,2016,11,19,女神 你什么时候来杭州开演唱会,1,-Ever21,42751335
199,2016,11,12,start自选集,1,不二嗷,51592252
200,2016,11,10,歌词不对吧,1,胡海bin,77056045
201,2016,10,21,歌词~,2,-是你阿_,78517743
202,2016,10,18,嘿，猪！,2,用户268005859,268005859
203,2016,10,16,一起唱:呐呐呐～呐呐呐～黑🐷,3,帐号已注销,124859943
204,2016,10,16,嘿……猪🐷～,3,帐号已注销,124859943
205,2016,10,15,那位给翻译一下，🙏🙏,2,1柚屿,284167333
206,2016,10,11,[可爱],1,Yyyyyyyyyyang,98226356
207,2016,9,11,谁的青春不迷茫？,3,仅此-而已L,82104046
208,2016,9,7,和声真好听,3,不知所云仍云,43025249
209,2016,8,24,这首有,1,不喜欢王菲怎么做朋友,76885662
210,2016,8,23,paul,1,帐号已注销,100855918
211,2016,8,21,我最讨厌别人说什么之一，好听就是好听，非要装个比,3,帐号已注销,60282393
212,2016,8,20,歌词报错@云音乐小秘书,1,脫氧核糖核酸e,60580222
213,2016,8,15,女神,1,等崔来喏,302836521
214,2016,7,31,燕姿翻唱的很多歌真是好听，遗憾没有录音棚版[大哭]这首是我很多年的来电音乐，从来没变过，以后也不打算变[爱心],3,十八线非著名模特,112759617
215,2016,7,29,嘿!朱德       中文意思,2,苏三伞,111844957
216,2016,7,20,ID亮了,2,梯田上的搁浅,124875098
217,2016,7,11,"那就不是了,我临川[大哭]",1,景行沉醉,85686036
218,2016,7,11,达州,1,爱姿海,126397948
219,2016,7,11,你初中哪毕业的？,1,景行沉醉,85686036
220,2016,7,11,你是谁，也许我们真的是同学,1,爱姿海,126397948
221,2016,7,10,我一个初中同学就叫王海峰[大哭],1,景行沉醉,85686036
222,2016,7,5,这叫抛砖引玉，来衬托我姿的,1,背诵着夜,137188108
223,2016,7,4,我是王海峰我喜欢孙燕姿,3,爱姿海,126397948
224,2016,6,25,嘿 朱德！！！,1,林守乐,55243746
225,2016,6,3,一年前在这里听了没有评论，认识了些人 做了些事，如今再一次听见了这歌，感触很多。歌声依旧，人却不在了,3,绒絮,49858756
226,2016,5,30,现场不要太赞！,2,雨陨,31875806
227,2016,5,27,感觉live的更有feel[亲亲],2,amo1912,55119935
228,2016,5,5,听炸 [心碎],1,iron4eveeer_,136138937
229,2016,5,4,我有！特别嗨,2,可可西里云大朵,256103155
230,2016,5,1,开头跪,2,LLWENYU,269352336
231,2016,4,23,刚看完谁的青春不迷茫，想起上次燕姿的演唱会,2,泪化成诗,104360336
232,2016,4,23,黑猪,1,孙燕姿的锁骨,17714009
233,2016,4,16,[亲亲],1,可阳快飞,115746724
234,2016,4,6,有破音啊[惊恐],1,hey丶Amigo,106542963
235,2016,3,10,这个叫孙燕姿的人 是我整个青春😶 ,6,沈南国-,112857699
236,2016,2,23,31,1,绮怀安安,69739321
237,2016,2,1,评论29..,1,我的大厦早已崩塌,101604640
238,2015,11,25,A站来报告了～,3,洋芋汁,46837943
239,2015,11,18,前奏的阿卡贝拉真好听,2,赖安酸,105944549
240,2015,9,10,跟孙燕姿平常的风格不同了,1,可悲的是这苦难的轮回,56311902
241,2015,8,14,这首歌的歌名，嘿，猪的,1,帐号已注销,32560510
242,2015,8,14,没有粉啊，就是艾特了两三下,1,帐号已注销,32560510
243,2015,8,14,。。什么意思啊,1,羊咩咩喂,50148750
244,2015,8,13,你又粉我干嘛,1,羊咩咩喂,50148750
245,2015,8,13,@羊咩咩喂 嘿，猪的，是个好妹子，远远的看看昵称也好,1,帐号已注销,32560510
246,2015,8,13,嘿 朱德,1,你头像蓝符,55132501
247,2015,7,23,孙燕姿0723生日快乐,9,用尽所有思念,33731939
248,2015,7,13,开头秒人,7,用尽所有思念,33731939
249,2015,6,16,yanzi唱Beatles，合唱好听，编曲好听。,2,Roark-H,67428668
250,2015,6,13,我老婆[亲亲],2,不要太冷了,56127606
251,2015,6,11,大家快去查查《嘿!朱德》,3,mootine,14212161
252,2015,6,8,嘿..猪..,1,stefanie-YZ,53132670
253,2015,6,1,虽不是最喜欢的一个版本，但合唱真棒,1,舒妄言,44409738
254,2015,5,16,今天才听到！真的很好听 黑猪,3,_Aprilday,41661196
255,2015,5,15,前奏惊艳，迷人的魔力,2,聂鲁达不达,38611396
256,2015,4,26,黑！猪！,106,温柔而坚决,35478036
257,2015,4,20,嘿 ，柱 。  by 张全蛋 ,7,i1231,5399615
258,2015,4,12,歌词有错误啊@云音乐小秘书 ,1,Tamaru丶,6443340
259,2015,2,21,有啊,1,北京小小悟空,841867
260,2014,11,23,"Hey Jude, don't be afraid, Don't carry the world upon your shoulders.For well you know that it's a fool who plays it cool. ",1,J介旎,32539664
261,2014,10,11,[色][色][色],2,JamesMcAvoy,32617670
262,2014,10,10,我最爱的女人[色],60,海哥好人,8656285
263,2014,8,2,怎么找不到披头士的现场版？？？,1,微风香水_,30326701
264,2014,2,15,Hey Jude' don't make it bad。,1,戚晓亮,3553207
