index,year,month,day,content,likecount,nickname,user_id
1,2019,9,16,yes,0,小星莹子,415091127
2,2019,9,15,陶大,0,绿色的大学,613882962
3,2019,8,29,沐川超市,0,芝士汉堡好吃吗,261710324
4,2019,8,27,2019.8.27 打卡[可爱],0,穷到食尘,1585676623
5,2019,8,14,歌很甜，却听的很难过，工作那么多年了结婚后都没有好陪陪你[多多大哭],0,凝血封渊,332858157
6,2019,8,3,你哈尼稳你呀 你哈尼稳你呀 看过法证先锋3的人才懂,1,你哼哼哈啦,90333196
7,2019,6,25,@小任的R,0,邓y琼,546040169
8,2019,6,13,好喜欢这种轻快旋律🎶,1,1sukie,474229791
9,2019,5,4,嘿，你还好吗！,1,肉肉明_,271352386
10,2019,4,28,这么甜的歌要给谁听,2,-Julyo_O,370332792
11,2019,3,31,我也！广播放的,0,是苏子轩,445016835
12,2019,3,24,心态。,0,茗安逸,1373286140
13,2019,3,21,2019.3.21春分.孙燕姿这首歌引起情感共鸣，想就这么生活，想什么也可以，不做什么也可以。,0,cui瓶子,304960403
14,2019,3,10,甜甜的歌,0,不笑猫的友人帐,253159619
15,2019,2,27,很甜的一首歌，怎么关注的人这么少,2,咔咔咔l,414934556
16,2019,2,24,几年前给某位熊分享过,1,陈奕迅所長W,256142283
17,2019,2,24,听这首歌的这个版本大部分是听歌识曲进来的吧[大哭],14,某人唯爱,252067679
18,2019,2,14,超甜超可爱,2,冲不停1709,440336905
19,2019,2,10,甜甜,1,眼有柔情,426170768
20,2019,2,3,我总是没时间陪你[哀伤],2,小城不是城,372509341
21,2019,1,28,好甜啊₍₍ (̨̡ ‾᷄ᗣ‾᷅ )̧̢ ₎₎,2,小钢已上线,1391536310
22,2019,1,25,忽然很想拥抱你吻你措手不及  却只能想想而已,3,你眼里放光,376638552
23,2019,1,8,期待继续发现这首歌的人,3,樱田大佬妮妮,439300400
24,2018,12,26,明明我很想你,1,XIXIXIDAN,247582259
25,2018,12,8,12月7号早上九点起床，喝着妈妈煮的暖粥，外面淅淅沥沥的下着小雨，爸爸打开收音机，电台在播放着孙燕姿的歌单，这是温暖的冬天呀,6,嗯哼991223,584906024
26,2018,12,2,不是999+吗好奇怪～,3,_托斯卡纳艳阳下,282151256
27,2018,11,30,好听,1,小江本人_,350195643
28,2018,11,8,[爱心],1,帐号已注销,73692831
29,2018,11,6,怎么人这么少，感觉好甜,1,咔咔咔l,414934556
30,2018,10,31,喜欢,1,冉晓爽,1658396920
31,2018,10,22,出租车上听到的～,1,甲方老板,288423462
32,2018,10,22,觉得很好听呢,0,甲方老板,288423462
33,2018,10,18,每首歌都这么好听，因为是你[亲亲],2,Dolphin_520,245906714
34,2018,10,9,难得的听歌带来好心情,0,阿布不二,446861619
35,2018,10,6,轻快的好歌。。,0,爱说也爱笑,78847351
36,2018,10,5,我喜欢的小姐姐,0,奋斗的小蚂蚁_3,45171766
37,2018,10,4,听着好舒服呢？,0,用户1565762831,1565762831
38,2018,9,20,"姐姐跟我说听了十几年还是那么好听
如果我十几年后记住也这么跟你说😂",1,你是饺子吧,372892770
39,2018,9,16,这么好听，没有999+ ？,3,加应子和云,299671416
40,2018,9,5,这歌居然不火啊,1,TT_T婷婷,432786089
41,2018,8,31,我也是！哈哈,0,我叫Aiden这样不重名,29661335
42,2018,8,29,还是专门听歌识曲来的,1,倘是鱼,56141447
43,2018,8,23,这歌我超级喜欢，炫舞背景音乐~火了告诉我,2,9亿多少女的春梦,487227560
44,2018,8,21,好听不火系列,0,辣椒丶加冰,118232043
45,2018,8,18,我也是在麦当劳听到的[大哭],1,Visonaaaa,427397060
46,2018,8,13,不知道为什么我就是这么习惯孙燕姿，也许真的是歌曲吧，从他的歌曲中也能听出多变的我，时而深情，时而霸气，时而搞怪，时而可爱,0,沉默还是傻笑,561691774
47,2018,8,13,好听,0,沉默还是傻笑,561691774
48,2018,8,13,这首歌 个人感觉很有意思，很有趣味，也很好听，挺接近平常生活中,0,沉默还是傻笑,561691774
49,2018,8,12,哈哈哈哈😄一样在麦当劳听到的,0,Mercury1980,1346506713
50,2018,8,4,🍯,0,_诗芊,81037679
51,2018,8,4,知道我在你心里~my honey bear,0,没睡的星星,257372480
52,2018,7,27,没有999+,0,lo洛落纸鸢,1512038632
53,2018,7,24,@5百公里 honey honey ,0,Lailaiaya,100718036
54,2018,7,22,honey honey@也将是你的soul,0,时葺,406060404
55,2018,7,16,我爱你(ღ♡‿♡ღ),0,森林的信使,52297698
56,2018,7,16,嗯,1,duor0901,402891125
57,2018,7,5,嘤嘤嘤,0,Jessdora,116499786
58,2018,7,4,在厦门看海底世界听到的 果断喜欢[亲亲],0,九月金色花,249723310
59,2018,7,1,妈耶 我在麦当劳听到的,4,曹Xiao强,63775046
60,2018,6,22,这评论数,0,落落钕孑,44727379
61,2018,6,16,[呆]巧了，我是昨天在麦当劳听到的,2,树懒的懒癌症,566427295
62,2018,6,9,是的嘞[憨笑],0,现在是Yoru吗,553524035
63,2018,6,8,刚刚从麦当劳听到……,0,老瓜王,272470455
64,2018,6,7,我今天中午在麦当劳刚听到的哈哈哈,0,周末艺术家__,318238055
65,2018,6,7,麦当劳听到的歌，喜欢,0,周末艺术家__,318238055
66,2018,6,4,Kb粉丝？[呆][可爱],1,FantaWang,94876058
67,2018,5,31,哈哈，麦当劳必听,0,Z刘哲,294233186
68,2018,5,26,在德克士听听到啦（๑✧∀✧๑）☀,0,现在是Yoru吗,553524035
69,2018,5,7,莫名听着心情就变好了,0,柠檬喜欢红茶,253844405
70,2018,5,2,什么时候又偷偷上了！！！,1,让自己快乐快乐才叫做意义,123397321
71,2018,5,1,肯德基和麦当劳品味提升了[奸笑],2,小米炮儿,319590286
72,2018,5,1,巧了我前天麦当劳里听到的😬,0,芦墟陈冠希,302545675
73,2018,4,30,真鸡儿听着舒服,2,热心市民-梁先生,1311938927
74,2018,4,18,honey honey 这就是我们的回忆。 ,1,OvO阿森,293034229
75,2018,4,7, 听着好舒服呐,1,帐号已注销,40557295
76,2018,4,5,重返经典,0,云飞薄凉,630768934
77,2018,4,4,这首歌居然没有999+,5,卞先生也还好,361280610
78,2018,4,3,原来距离这首歌发行 快13年了 可是我还很喜欢这首歌。,0,EddieGoGo,339814842
79,2018,3,26,车载FM听到的歌、调子很轻快让人心情马上就好了呢,0,爱吃蒸羊羔蒸熊掌蒸鹿尾巴,346849489
80,2018,3,22,居然没有999+,1,天儿爷233,84586622
81,2018,3,21,圆圆~我想你了[爱心],0,n1cce,469741088
82,2018,3,12,为什么听到这首歌就想起了某个人！[哀伤][流感],1,X1ei,117952213
83,2018,3,11,居然没有999+,0,戏子俄,566971591
84,2018,3,6,2018.3.6    23:33打个卡,0,zapki,39377929
85,2018,3,4,"这个断句我佛
[流泪]",0,烎桸,120188077
86,2018,2,25,肯德基里面听到的，果断加入喜欢的音乐[憨笑],3,小米炮儿,319590286
87,2018,2,25,好听到单曲循环一天，一定要学会唱，唱给女朋友听,1,隆盛制版,1293013262
88,2018,2,24,姿妈有很多冷门金曲,3,33轉的LP,630862795
89,2018,2,23,这歌我给999,0,戏子俄,566971591
90,2018,2,17,好听,0,死在昨天-,121461272
91,2018,2,16,竟然没人？？？,0,云源南,390607417
92,2018,2,16,哈尼哈尼要对你说声对不起我总是没时间陪你,3,CC是宝贝,348500763
93,2018,1,23,期待一个好日子 工作不需我操心 能随便想想东西,0,姿迷Kepler,62776498
94,2018,1,22,听了很开心哈哈哈,1,大俊DH,49844556
95,2018,1,11,我刚从honey那边来的，听完honey honey一会去听honey honey honey[强][强][强][强]美好的一天,1,3稳稳3,377284878
96,2018,1,10,好听的歌！,0,euen321,285066292
97,2018,1,7,距离产生美,0,發嗎-,584745249
98,2018,1,6,听了心情愉悦哈哈,0,Yeonmysun,64337101
99,2018,1,4,多经典而又多喜欢的轻快的歌，校园广播突然听到，差点哭出来,0,静静的瞅着你,333926882
100,2018,1,2,好开心的歌，又甜～以前在k歌上和一个陌生男生合唱过，要是真的情侣合唱就好了，多甜～,3,是敏敏吖,381742459
101,2017,12,31,很快乐的歌，新年快乐呀[鬼脸][鬼脸][鬼脸],2,Goodenough古迪纳夫,351012265
102,2017,12,27,和别人说话时，突然听到这声音，心想这谁唱的，听着萌萌的，一搜孙燕姿😉,1,云端上想你,251745363
103,2017,12,18,多好听的歌啊,0,书不得,383252144
104,2017,12,3,好听的歌不在人多，好喝的酒不怕人少,0,高慕尧,432704193
105,2017,12,3,这首歌没有999？,2,雨一直哒,327328295
106,2017,11,27,刚刚！喜欢的男生跟我说愿意照顾我爱护我啊啊啊啊！我也会尽我最大努力啊！！！！好开心啊！！！不行，我要听话去睡觉了！真的好开心啊！,4,小灭贝勒,248116174
107,2017,11,19,天惹   听的想恋爱,0,AaronRobert-,503431316
108,2017,11,18,学生时代(◔◡◔),0,心海姐姐啊,377295270
109,2017,11,17,之前没听过，学校有人点了这首歌，听声音像燕姿的，果不其然,1,光阴百代,72027734
110,2017,11,9,很适合异地恋的说,0,XXXC__,419823265
111,2017,11,6,好甜,0,-1scap1-,367437823
112,2017,11,4,是的哟,0,闷潮声,288196425
113,2017,11,1,燕姿一开口就是晴天啊,5,还想吃点啥,303330095
114,2017,10,30,[流感],0,点半小半点,288156935
115,2017,10,29,“我今天才知道耶。喜鹊喝了太多可乐会变成乌鸦。欢迎光临说太多遍会变成谢谢惠顾。你的猫咪太爱你的话就会变成兔子。啊还有人类太害羞的时候想说的话就会变成单字藏在句首。”,5,wxhn喜,327468002
116,2017,10,29,这首歌能甜一天,0,炫酷小热狗,553502193
117,2017,10,25,当你感觉这首歌距离999＋差的远你就应该反应过来，哦！还有好多版本！,2,河内王,554332091
118,2017,10,23,听这首歌，能甜一整天,1,Dsh_i,87818650
119,2017,10,22,曾经和一个女孩，每天早上从这首歌曲剪切的闹铃铃声中醒来，由于不得已的原因，我们分开了；很多年以后，我还是要祝她：幸福快乐；毕竟我们快乐过 真正的爱过，爱一个人就是要彼此祝福.,1,绿茶7711,112102900
120,2017,10,20,😳,0,橙色综合强迫症,506123755
121,2017,10,20,[强],0,听蝉鸣的夏季,470733986
122,2017,10,20,[色],0,听蝉鸣的夏季,470733986
123,2017,10,9,词曲是林一峰啊啊啊喜欢,1,肖老师不化妆也很帅啊,2432672
124,2017,10,6,知道我在你心里，而你在我眼睛里[色],1,爱别扭,372407003
125,2017,10,1,什么叫最心酸的是，就是我想陪你，你却不需要💔,3,酷zhu,503070368
126,2017,10,1,可近可远,0,医学僧僧僧僧,355540540
127,2017,9,28,啥子？这歌才这么点评论？？,5,天使羊波波闪耀光芒,303031390
128,2017,9,27,3年前梦梦给我唱的一首歌，那时候还不知道honey的意思，真是傻，因为她而喜欢孙燕姿，现在我还喜欢孙燕姿，还是爱你，所以我才会一直在回忆里走不出来吧。,1,songbydream,57760980
129,2017,9,27,[奸笑],0,t_ough,69588688
130,2017,9,27,这首歌竟然没999+！！！！！！,0,木木弹,82535114
131,2017,9,21,很想唱这首歌给你 可是没机会了[心碎],1,洧川以南,298278804
132,2017,9,21,The love for you would never change.......Even though our love affairs are never gonna happen again[流泪]Wish you were here ...Always[爱心]SJ,1,Fancy_Illusion,121813990
133,2017,9,15,希望以后我也是这样,0,今天也要開心拉,351591830
134,2017,9,11,想起你曾经的温柔还是觉得快乐，我放手让你走，不奢望你回头了，希望你过得好，LH,1,一只精分的狐狸,335975312
135,2017,9,11,经典,0,乄9527丶,284128804
136,2017,9,3,我,0,做我怀中猫为我意中人,103129302
137,2017,8,29,好甜…,0,黑暗料理王子,3142228
138,2017,8,27,好甜好甜。冒泡泡了。还是粉色的[亲亲],1,橙色综合强迫症,506123755
139,2017,8,23,晚安🍃,0,JL啊,283121950
140,2017,8,21,不做什么也可以~~~这才是最舒服的状态。,0,啊99酱,268707273
141,2017,8,7,对不起，没时间陪你,3,SAN米青,290422504
142,2017,7,23,燕姿生日快乐[蛋糕]🎊,1,星星和烟火谁会先熄灭,351216208
143,2017,7,16,听完想有男朋友,1,短暂飞行耶,261631366
144,2017,7,16,啦啦啦 甜甜的[牵手],0,RuanMsuD,272602444
145,2017,7,15,法王,2,我们来自泥潭我们充满野心,246146336
146,2017,7,13,甜甜的！,0,Hwol,89107091
147,2017,7,12,时间会告诉你，我会出现在你梦里,0,张依然ezi,273866605
148,2017,7,11,送给天下的异地恋,1,恶性果冻,298262433
149,2017,7,9,只要能相互坚持下去，就不会又异地恋这一说。祝你们能步入梦寐的幸福殿堂,0,XX-Corleone,339754425
150,2017,7,8,[亲亲][亲亲][亲亲],1,每逢晴天收藏一朵云,133849167
151,2017,7,8,Honey 我不喜欢这段距离只喜欢亲亲蜜蜜[亲],2,圆圆哟哟哟,467104514
152,2017,7,8,honey～为什么那么在乎我的胖胖，只要一生气就会给我气的不要不要的，其实你一点都不想骂我，也不想说伤我的话，我其实真的已经很掏心掏肺的对你了，有时候真的很累，我很希望你也可以理解我的感受，我想天天跟你见面，每次想五天过去了再见到你就很期待,0,精精爱曦曦,536150237
153,2017,7,7,觉得这首歌一点也不可爱[哀伤]我需要拥抱的时候也希望你在这里,0,夏木Italy,255319767
154,2017,7,6,听着这首就会想着前男友傻笑着朝我挥手的样子,0,小仙女fairy,67070088
155,2017,7,5,亲爱的，等着我回去,0,一湾青森1705,482149164
156,2017,7,3,同城哎哈哈哈哈哈,0,撩人白裙,452603297
157,2017,6,28,听歌识曲的熟悉旋律,0,lazineer,249176385
158,2017,6,25,有些电影不会刻意去看~~~有些歌不敢刻意去听。。。,3,agaiNN1124,116613602
159,2017,6,17,哒哒啦哒 嘀嘀嘀,0,青谷长风,93026189
160,2017,6,15,那时候坐10个小时的火车，去见异地的男朋友，在ktv唱这首歌给他听，两个人都哭了。,4,王一一121,305068097
161,2017,6,15,知道我在你心里[爱心],2,你的AK少年,105280034
162,2017,6,13,honeyhoney,0,洛洛的轻时光,361406001
163,2017,6,12,很暖心的一首歌,1,勿悲-,278879367
164,2017,6,11,真好听，,0,杨博峰,294936899
165,2017,6,11,他说明天要过来陪我,3,梅维斯,106815514
166,2017,6,3,忙碌中又想起你对我的若即若离 生气了也没痕迹[哀伤],0,跟着我转个圈儿,129833893
167,2017,6,3,为什么好歌会没人听，那是因为没人发现[呆],1,巨龙仰望太阳,382674364
168,2017,6,1,honey~,0,妙垚,130316306
169,2017,5,28,🖤,0,Mr你拉链开了,90808478
170,2017,5,27,Honey Honey 你是否想亲亲密密　还是喜欢这段距离~~~,0,Calistrophe,136383373
171,2017,5,23,在下小雨的日子里 听着这首歌 好开心啊,1,时空限定信息不对称,340256818
172,2017,5,22,毕业照的最后一晚，拍照，吃饭。我们像往常一样，玩手机，听歌，聊天，好像明天还会见，好像青春不散场，昨晚我想了这个再也不会来的校园，莫名想哭，现在我放着我喜欢他们熟悉的歌曲，那些音调，是我们的记忆，和彼此的友谊。知道我在你心里。,1,小沉沦baby,42991313
173,2017,5,19,变美，暴富，爱你,1,我是Adair我想你,263491729
174,2017,5,16,十年了 听这首歌十年了 这首歌的主角一直在变 陪着我的 只有你,1,我才不是撵红兔,281210342
175,2017,5,16,一样看了微博,0,来野吗,330096620
176,2017,5,16,我是陈靖川的女朋友！[钟情][钟情][钟情],2,你呀就是你,337143254
177,2017,5,12,喜欢的只是暗恋你的这种感觉吧 你爱不爱我已经无所谓啦[憨笑],0,良葯,250589230
178,2017,5,12,好欢快啊,0,yuccae,106192072
179,2017,5,8,哈哈,0,fly-1519,257968298
180,2017,5,6,没有呀，与你同在,0,fly-1519,257968298
181,2017,5,5,@zurFreiheit 好老的歌好有爱,0,大企0,51666727
182,2017,5,5,知道我在你心里[可爱],0,我有努力和这个世界变熟,394296679
183,2017,5,1,小时候超喜欢的一首歌，家里的DVD放着光碟，看着Mv在客厅蹦跳唱歌，忽然好想念小时候的自己。,1,新圆结衣_,254763014
184,2017,4,27,[爱心],0,云朵里的云朵,33113087
185,2017,4,22,[爱心],0,-ostrich_,259829045
186,2017,4,19,一个一个的翻看着 突然发现就我一个男生听这首歌 感觉....很难受....[心碎],8,星有万种,66313395
187,2017,4,16,暖暖的歌,0,东磕,391477977
188,2017,4,4,超级喜欢孙燕姿俏皮的歌。,2,一只哀伤的猫啊,294625018
189,2017,3,28,可爱！,0,涌抱陈信宏,11994541
190,2017,3,24,听了想谈恋爱(/ω＼),1,wsnkqnjskqssxynmnhzx,304605085
191,2017,3,12,"ktv必点歌曲~
",0,Seandivine,61070185
192,2017,3,11,很好听呀,0,参商欲瓶邪,119253942
193,2017,2,23,孙燕姿唱的感觉好潇洒[色],2,TimmyYao,264187696
194,2017,2,22,honey   honey！第一个记得的英语 (＾▽＾),1,柏额维卡,133146726
195,2017,2,20,好可爱的歌 哈哈,3,我笑声你学不来,246684492
196,2017,2,16,听燕姿好开心哦喔噢,3,绿毛水怪小谢谢,136823382
197,2017,2,13,孩儿她妈最喜欢的之一，今年找机会再给她唱[亲],1,公孙陶,1246630
198,2017,2,13,honey honey！,1,fishtankk,42037089
199,2017,2,12,好久以前听的，现在又来了[惊恐],1,hAN知非,59134048
200,2017,2,8,当年那是相当喜欢孙燕姿，不过现在还是很喜欢，哈哈,1,CTRYY,99725744
201,2017,2,7,这么6的歌居然只有207？,3,美腻的小彬彬,133417850
202,2017,1,24,赞！好歌,3,董腾飞Niklaus,375843665
203,2017,1,12,每次老婆唱这首歌，我都装作认真听的模样，你问我为什么？我们才6年级，而我喜欢tf-boy.,8,玉面小郎君是也,112496278
204,2017,1,12,我愛你柯承妘,3,尨崽,336029680
205,2017,1,10,每次不开心听一遍,4,Sansolomon_,106130314
206,2017,1,6,Yan-zi,3,孤独小孩o,273175427
207,2017,1,2,我挺适合唱的哈哈,2,淇水汤汤_Genesis,60124922
208,2016,12,30,[爱心][爱心],1,doublecheese73,304926361
209,2016,12,29,好听❤️ 歌词很好哇哇哇,1,TATeffy,360217666
210,2016,12,23,"少数喜欢的华语歌手，棒棒哒
",2,Miles_61,45982189
211,2016,12,23,太穷买不起,1,夏目果仁帐,380932126
212,2016,12,14,发条评论证明我来过。,0,U8ME,95993806
213,2016,12,14,哈哈哈୧(๑•̀⌄•́๑)૭,0,即将减肥到一百六十斤的达火鸡,39170443
214,2016,11,30,[爱心][爱心][爱心],2,Doorraa,318034999
215,2016,11,27,以前听到有男生用这首歌做铃声，顿时好感倍增[呲牙],1,幽默的不得志姑娘,344456338
216,2016,11,27,也许确实不适合，虽然很遗憾,1,GottaMakeAChange,302057826
217,2016,11,17,听得心痒痒,1,022389,135219885
218,2016,11,9,Honey Honey,3,azuar,274741646
219,2016,11,6,还赞了赞,2,zh辰辰辰,36862947
220,2016,11,6,边听着歌把所有评论赞了一遍，姑娘就是开心[色],5,葡萄zzzzz,49733590
221,2016,11,4,么么哒,1,从前有个树墩子她叫恨嫁白,54614535
222,2016,11,2,出太阳啦,3,24ksilver,73670227
223,2016,10,26,高中的时候最喜欢的歌，现在听见总会想起下午第一节课是体育课的时候，午睡起来，阳光在外面，树叶轻轻摇动，风带一点凉意，蓬松的舒适感,5,MagerateJen,127470126
224,2016,10,25,😘甜甜的,2,明天我想见你,100850492
225,2016,10,19,好喜欢 你,3,唱到沙哑偏爱的情歌_m,36682390
226,2016,10,14,[色],2,帐号已注销,25193412
227,2016,10,9,总是没时间陪你,2,GottaMakeAChange,302057826
228,2016,10,7,999+的在另一版 ..,1,阿阿阿阿橙啊,133584591
229,2016,10,5,以后不会再因为游戏冷落你了[憨笑],1,GottaMakeAChange,302057826
230,2016,10,5,我总是因为联盟冷落你[流感],1,GottaMakeAChange,302057826
231,2016,10,5,honey honey,1,GottaMakeAChange,302057826
232,2016,10,5,没999＋确实不科学[大笑]，那就由我来顶上去吧,1,GottaMakeAChange,302057826
233,2016,10,2,这首歌居然不是999+,3,多妹很萌,130459989
234,2016,9,19,当我需要拥抱的时候 我总希望你在这里[狗],1,爱五及乌的五,248335385
235,2016,9,16,好甜的一首歌[可爱],1,小新想要有只叮当猫,107959454
236,2016,9,8,我瞎了?才100多评论?！,4,四四一石榴,279322258
237,2016,9,7,简单甜甜的调调,1,犄角CHERRY,88172329
238,2016,9,5,爱你哟[星星][星星],1,虐出腹肌,64442125
239,2016,9,2,真甜啊,1,JerryWhite,59722342
240,2016,9,1,我小女神说最喜欢孙燕姿，我喜欢你知道嘛～反正你也看不到......( ´▽` )ﾉ 喜欢你啊，小爱豆，,3,H10120_,79435925
241,2016,8,31,我要学会这首歌，唱给下一个喜欢的人听,1,凌晨两点半想吃泡面,79470851
242,2016,8,19,竟然没有999,2,我今年24岁,305266406
243,2016,8,18,很欢快,3,顽固分子_,308390407
244,2016,8,16,嗯 我会尽洪荒之力好好学这首歌 然后 唱给你听,4,林中现鹿,263791745
245,2016,8,14,竟然不是999＋,4,不吝_,68331076
246,2016,8,14,161,2,不吝_,68331076
247,2016,8,9,祝你快乐,1,贪玩云,247904733
248,2016,8,9,七夕快乐,1,前男友溺爱日记,97937993
249,2016,8,9,竟然不是999,2,贪玩云,247904733
250,2016,8,3,我有唱給你的勇氣 卻藏著個說不出的心事,2,讨厌掉发,126082203
251,2016,8,2,居然没有999,1,乔乔乔乔乔张,106658177
252,2016,7,31,比起嘶吼着的离别，果然还是更爱这种淡淡 的思念。,1,不过人间惆怅客,31605829
253,2016,7,29,还清楚的记得你唱这首歌时候的样子@只是单纯想改个名字,2,想取个很酷的名字,131064412
254,2016,7,26,好喜欢好喜欢我告诉你,2,怯-成为过去,251726762
255,2016,7,25,@假装荔枝的菠萝不是好桂圆 很喜欢的一首歌,1,假装榴莲的菠萝不是好凤梨,34448995
256,2016,7,24,竟然不是999,1,urnotmelodie,121974792
257,2016,7,23,有记忆的歌，好甜蜜。,4,tang佚名jin,13987754
258,2016,7,22,孙燕姿是我的 都别跟我抢,3,油炸糖葫芦,266831280
259,2016,7,21,居然没人听嘛？！！！都不是999+,4,安静的饲养员,128618783
260,2016,7,19,知道孙燕姿还是我们英语老师提起的，她喜欢孙燕姿，但现在我也喜欢她了，，，,4,歌尽芳菲,130806842
261,2016,7,19,我的天，天后的歌都没人来听嘛！,2,这段音乐甜到掉牙了,250057780
262,2016,7,19,[大笑],3,你的少女饭,46620532
263,2016,7,19,甜炸了,5,琵琶又可爱啦,250395771
264,2016,7,19,么么哒！！！！,2,从前有个树墩子她叫恨嫁白,54614535
265,2016,7,19,真的好甜啊～,4,平庸大学士,103278970
266,2016,7,18,闭上眼睛听这首歌，脑海里都是晴朗的天气和最爱的人,6,奥特曼打妖妖灵,290442101
267,2016,7,17,那天和小伙伴一起在KTV唱这首歌，真的超有感觉，现在再听到，好开心的[亲亲]超爱燕姿的歌,3,蓝诺诺,126419469
268,2016,7,17,好甜[憨笑],2,我是月琛,52332958
269,2016,7,17,加油~,2,Joeyony,292263809
270,2016,7,17,[憨笑],2,鬼鬼的耳朵,275024896
271,2016,7,17,评论顶起来[亲亲],3,GottaMakeAChange,302057826
272,2016,7,16,一起跳舞吧 👯👯👯,3,丁丁啊喂,258566992
273,2016,7,16,:D,2,白菜被你拱了,130050915
274,2016,7,16,评论怎么可以这么少！这首歌不要太火啊！竟然已经是11年前的歌了。。窝的天,2,小蚊流浪记,84217920
275,2016,7,16,爱你，HY ！,3,苏幕遮233,127125323
276,2016,7,16,啦啦啦啦啦  ～明明要开心 心酸到唱哭,3,撞南墙的人,42952723
277,2016,7,16,么么哒,3,从前有个树墩子她叫恨嫁白,54614535
278,2016,7,16,[奸笑],3,跑调跑得离谱,27999187
279,2016,7,15,知道我在你心里[爱心]好希望在你心里,5,ewineye,104578632
280,2016,7,15,这首歌居然这么少,3,开开哈,120766581
281,2016,7,15,童鞋，你好[憨笑],2,琵琶又可爱啦,250395771
282,2016,7,15,我也是[可爱],2,cuicuiyi_,106425858
283,2016,7,15,开学就大二了,6,琵琶又可爱啦,250395771
284,2016,7,15,好听呀，开心！,2,Wangying1983Nov,93812897
285,2016,7,15,开学就大三了,4,dust-unknown,122894039
286,2016,7,15,ˊ_>ˋ,2,你不会发现我,86481380
287,2016,7,15,我如果是女生 一定唱这首歌给那个他,2,是木又寸先生啊,35699999
288,2016,7,15,却只能想想而已,2,帐号已注销,39246171
289,2016,7,15,我的honey你在哪里？,2,帐号已注销,39246171
290,2016,7,15,111,2,帐号已注销,39246171
291,2016,7,15,会999+の,4,一只眼球,38964711
292,2016,7,15,honey honey最早收录在《完美的一天》里，那的评论多,2,雨陨,31875806
293,2016,7,15,喔喔～,3,旺旺嗲嗲嗲,121669676
294,2016,7,15,～欢快～,3,怪物醒,95933687
295,2016,7,15,好享受燕姿的“喔噢~”,3,Cosmos见,132674228
296,2016,7,15,ktv唱起来，honey们,2,花朵儿贝贝,97797208
297,2016,7,15,一直喜欢，觉得词写的就是现在的状态,3,麥麥麥麥_麥子,125484098
298,2016,7,15,"ZYM,普罗旺斯 普罗旺斯",3,阿K鹿,288613257
299,2016,7,15,应该是孙燕姿的歌里唯一喜欢的,2,对不起_我是临时工,82589813
300,2016,7,15,好少评论啊，上学时候超喜欢这首歌，那时候心里有爱的她，感觉一切都是那么好。honey，哈 你 ,6,尘埃也有内涵,257374683
301,2016,7,15,我来破百！,4,我是一只小胖达,108198825
302,2016,7,15,小学超爱的歌[流泪],3,新圆结衣_,254763014
303,2016,7,15,可爱的歌 为破百贡献一条评论,3,没头脑--,67168778
304,2016,7,15,才96？！,2,哟天气不错啊,258299124
305,2016,7,15,96？,2,良京介,76817927
306,2016,7,15,竟然评论不破百。。燕姿的歌都没人听？,2,BEYOBEYO,264455320
307,2016,7,15,"节奏很不错的呢
",2,孟同学,40180311
308,2016,7,15,好喜欢这种节奏感,2,纯洁小污妖,52209471
309,2016,7,15,这样的日子挺好 但是对于一个早已学会独立 什么事都自己去扛的女生来说  有没有男生去呵护去心疼已经不是很重要了 ,2,福子占,252904460
310,2016,7,15,小学就超喜欢的歌[爱心] 哈哈开学都大三了,2,大荒的荒,115815043
311,2016,7,15,评论居然这么少～好想男朋友啊，他在海南我在湖北[拜]，分开18天，还有39天见面😬,3,风中有个肉做的萌,136005733
312,2016,7,15,好好好听！一定要去她的演唱会。,1,鹿衔草阿勋,103437941
313,2016,7,15,真的真的真的好好听呀~,1,翾翼psmr_,37599185
314,2016,7,15,这么好听的歌，评论太少,1,TerryHe1106,63335877
315,2016,6,25,大爱，坏心情一扫而空[亲亲]没遇见我的honey honey还是开心到雀跃,1,Dcristina,93259267
316,2016,6,18,@小胖子yo,1,LsASshawn,83265838
317,2016,6,12,我要唱😂,1,用户121265383,121265383
318,2016,5,29,老歌 从小就喜欢的声音[可爱],1,琥珀川的汪汪白,15298466
319,2016,5,16,爆屠龙没,1,你们把我的名字都注册了,6397302
320,2016,5,8,我姿有没有唱给纳叔听[憨笑],2,孙燕姿的手,100429699
321,2016,5,8,好甜😁甜到心都化了,1,孙燕姿的手,100429699
322,2016,5,5,毫无悬念 能999+,1,27597,134013894
323,2016,5,5,好甜[亲亲],1,27597,134013894
324,2016,5,5,忙碌中又想起你对我的若即若离生气了也没痕[憨笑],1,27597,134013894
325,2016,5,5,忙碌中又想起你对我的若即若离生气了也没痕迹[憨笑],1,27597,134013894
326,2016,5,4,初中时候就喜欢的歌，偶尔想起会听，很久没听了，今天心情不好，听着入睡吧,1,我又看到月亮了,75249533
327,2016,5,2,真的很好听啊，听的心情都好了起来，不对，我心情本来就很好啊，，，，哈哈，，，,1,35号刺青师阿扬,39925750
328,2016,5,1,评论那么少不合理啊,1,大企0,51666727
329,2016,4,30,[憨笑],1,雨陨,31875806
330,2016,4,25,有人是跟我一样听到电话里的彩铃查歌词来的吗[鬼脸],2,汗让梦茁壮,132397122
331,2016,4,19,谁要唱这歌 我就嫁了,1,王肖恩-shaun,64585978
332,2016,4,14,喜欢带笑的歌！,1,番碱泡入边系虹,81481243
333,2016,4,8,没道理不999＋←_←,1,夏子夜i,120960805
334,2016,4,3,骗到小菇凉了😐,1,Miss-season,44594998
335,2016,4,2,可以，我想听,2,Khalilmao,113362609
336,2016,4,2,我唱给你听吧，老爱这首歌了,1,妳与裙摆,261163313
337,2016,3,27,室友今天在放这首歌，于是我和另一个室友默默地把它加进了歌单……好听喵☺️,1,起球工具,120012904
338,2016,3,25,[可爱],2,BigPomelooooo,51466088
339,2016,3,9,完全暴露了年龄,1,我要WW的幸福,129741866
340,2016,3,7,恋爱的感觉,1,午夜蒙太奇,55434618
341,2016,3,3,我专业刷了几个月的厄运西,1,一凡一贝,83255793
342,2016,2,29,听得我好想找个人来暗恋一下,3,看书看书看书憋听歌了,53283498
343,2016,2,20,不好听吗,1,帐号已注销,93022156
344,2016,2,17,哈泥 哈泥 要对你说声对不起 我是个男的,1,罗婆婆,81667039
345,2016,2,4,又是在虐狗的“幸福”人士,2,死於一九九一年秋,88159157
346,2016,1,27,以前恋爱的时候就喜欢这首歌，现在失恋咯,1,Estatesummer,116139985
347,2016,1,25,我们确实在这里存在过，在这里生活过。 我爱你。爱你的坚强，爱你的柔弱。,1,鱼丸mmmmm,60319935
348,2016,1,24,谁要是给我唱我就娶了,7,Khalilmao,113362609
349,2016,1,18,honey在哪里呐~~忙忙碌碌也不记败家的女女！,1,情傻妞,105965175
350,2016,1,15,我会唱~~~,1,你很搞笑你很奇怪你頭髮很亂,99743796
351,2016,1,3,好甜蜜又童真的一首歌,1,--我要下雪了--,81988166
352,2016,1,2,怀念那年刷扭木的日子，把游戏背景关掉，愉快的带着宝宝到厄运西。调皮的在楼梯上跳上跳下。后来又爆一本屠龙。燕姿姐姐，感谢你的陪伴。,2,你们把我的名字都注册了,6397302
353,2015,12,28,今天生日，愿望是啥，真的认真想过这个问题吗[大哭][大哭][大哭],1,Ivy1228,52599253
354,2015,12,16,评论这么少不科学啊，很好听啊,2,炜烨卍,28486348
355,2015,12,7,读小学的时候我姐买的磁带都是孙燕姿，我在她那听得最多 印象最深的两首是《遇见》和《我也很想他》。一爱就是十多年，作为铁杆粉 这首她应该也听过，嗯，我要找个机会让她和我一起听。,2,-朱蕾-,72676513
356,2015,11,14,喜欢的小调调  好幸福啊,2,西瓜糖27,103401765
357,2015,11,8,居然评论这么少，这么欢快的歌,1,七十贤,64665248
358,2015,10,11,十一年燕姿情，你们可懂吗？,4,帐号已注销,87415731
359,2015,10,3,今天喜欢上这首歌[可爱],1,你看起来挺漂亮,75810758
360,2015,9,26,\(^o^)/~,1,看书看书看书憋听歌了,53283498
361,2015,9,23,作业这么多我需要欢快一点😌,2,馬來貘,47037359
362,2015,9,12,每次听这首歌嘴角总会扬起笑容，温暖而美好[憨笑],2,紫煕月,56943033
363,2015,9,4,綠光，隨堂測驗，沒時間，Venus，直來直往，神奇，超快感，祝你開心，honey honey，夢不落，奔，咕嘰咕嘰，追，空口言，她的每一張專輯幾乎都有一兩首節奏比較輕快，朗朗上口，瀟灑自在的歌曲，演唱會神曲。,1,KR沈h,90089711
364,2015,8,27,花式秀,3,袁了个晨,34313533
365,2015,8,10,[大笑],1,堂吉诃德qaq,79940658
366,2015,7,28,已经学会 蓝盆友快到碗里来[色],2,考拉宝宝思密达,68942350
367,2015,6,30,深夜单曲[跳舞]🔦♋️,3,YuYangao,36964050
368,2015,6,25,要对你说声对不起,1,糖果ouseh,70709110
369,2015,5,31,哟西，唱给爱的人的歌系列[惊恐][惊恐],1,毛线掉进果粒橙,38031768
370,2015,5,29,[爱心],1,itsme777,39577705
371,2015,5,29,好听 没有99+真是坑,1,玊旅,52859194
372,2015,5,22,每次听都好嗨森,1,安眠狮,37035342
373,2015,5,21,180度和honey honey   我的最爱,3,琴弦断了缘尽了你也走了_,43261451
374,2015,4,26,燕姿成名曲～,1,aeroette,35425335
375,2015,4,21,最近一首被我单曲循环疯了的歌,2,帐号已注销,16750743
376,2015,4,14,sunny day..,1,Elenorez,51467184
377,2015,3,31,2006年听的，坐在北京836的公交车上。现在这路好像换成658了。,1,hawaiiwind,2107706
378,2015,3,29,以后要唱给女朋友听！,1,三色球,3337494
379,2015,3,21,Hao Tian Qi  ^_^ ,1,椰子形状,55144457
380,2015,3,21,大一的时候让舍友帮忙下载⏬回来一听好像是叽咕叽咕,1,徐小婷是朵太阳花,49514249
381,2015,3,20,好欢快，配上昨晚的风perfect。,1,一只大洋,42300025
382,2015,3,19,啦啦啦啦啦 啦~[亲],1,二十三点才睡觉,7227676
383,2015,2,11,棒棒噠,1,丑小鴨的妄想癥,33276578
384,2015,1,29,[吐舌]一大早听完心情就好棒,3,茶荔斯,19930116
385,2015,1,5,很好听啊,1,我和泡面80,34483802
386,2015,1,4,感觉这歌是好听的啊[可爱],2,勤奋的不懒妮,40072680
387,2014,12,27,一天一首歌，今天听她。。。起来全身疼，胳膊腿像面条似的，岁数大了熬个夜好几天都缓不过来，最近不爱吃东西吃了也白吃觉得特别浪费...hei！honey。。。,1,skyrainy,2536475
388,2014,12,3,每次听着这首歌走在回家的路上，感觉一天的坏心情都没啦，脚步都变得很轻快。以前经常在KTV唱，现在只唱給老公听[跳舞][跳舞],249,开到荼糜花开,37260902
389,2014,11,30,[吐舌],1,芭乐那个汁儿,39558105
390,2014,11,20,很欢乐的歌啊,1,Mu木纹,34108125
391,2014,11,8,好听！,1,未知数172,32648487
392,2014,11,4,[色],1,Gromit小简,32027580
393,2014,11,3,明明很好听啊,1,Aimoi,17536193
394,2014,11,3,@成嘻嘻 [色],1,Constanz,30987489
395,2014,11,2,很舒服的歌。轻飘跳跃的感觉,8,zh辰辰辰,36862947
396,2014,11,2,为什么那么多人不喜欢这个歌？心情不好的时候听听多好,3,六月大娘,39299570
397,2014,1,17,喜欢音乐的小伙伴们，我们一起爱燕姿可好？@Boyce丶一龙,1,Boyce丶一龙,7598326
