index,year,month,day,content,likecount,nickname,user_id
1,2019,11,20,安东尼说leave可以一直单曲循环,0,辣辣yo,386306962
2,2019,11,18,用我最大的决心 要自己 爱了放了没有恐惧,1,鳐不可及,320937730
3,2019,11,12,这里头是不是有尤克里里？,0,一套卷圈,516975397
4,2019,11,11,你没对我说再见，所以我没走远[流泪],0,无忧的凨,1337917522
5,2019,11,7,口琴好评,0,孙鳌头呀,502416807
6,2019,10,28,只怕说了再见，也是在也不见..,1,-竹柒,1420146251
7,2019,10,25,这首歌转音这么好听竟然排不上前50,0,美妙兮兮的daddy,535978520
8,2019,10,19,打卡，燕姿爱你哦[亲亲],0,皓月星尘,499727006
9,2019,10,15,当初因为她的转音喜欢她，这首歌没火也很庆幸。[可爱],2,小倩190629,1893942327
10,2019,10,13,14年重庆站巡演 居然有这歌 难怪燕姿会晕倒,2,captainsunX,409974564
11,2019,10,13,你没对我说再见。,1,CherryJam酱,345404741
12,2019,10,11,任何时候听都有一种淡淡忧伤的感觉,1,mulholland_,273351029
13,2019,10,4,过往画面让心在下雨,1,不遑多让o_O,1944277967
14,2019,9,28,太治愈了，天啊,2,霉头霉脑云散月现自在飞花slay,42294326
15,2019,9,26,超喜欢,0,霉头霉脑云散月现自在飞花slay,42294326
16,2019,9,26,炫技什么鬼？？？,0,霉头霉脑云散月现自在飞花slay,42294326
17,2019,9,23,怎么评论这么少,0,XQ0823,489797899
18,2019,9,19,这该死的转音，害我听了好几遍。,1,Selina硕,1821627430
19,2019,9,18,这世界有没有地方 能永远都晴朗,3,失控的养乐多,1710507470
20,2019,9,18,这世界有没有地方。能永远都晴朗。,2,也不是猪只打呼,355734135
21,2019,9,16,看安东尼的《红》 里面说他最喜欢孙燕姿的 leave 百听不厌,3,朱雨小瘦子,1418648017
22,2019,9,13, 十年了。我还在这里，而你应该在天堂拥有新的幸福了吧？,1,陌上蕈,310643715
23,2019,9,12,快乐却早已跟随你leave,1,江哩狸鲤立,316915534
24,2019,9,11,这首太杀了,0,没完没了昂,248268686
25,2019,9,7,呜呜呜,0,也不是猪只打呼,355734135
26,2019,9,7,太好听辽,1,也不是猪只打呼,355734135
27,2019,8,29,leave,0,风逝雨鱼,417004205
28,2019,8,26,[西西心动],0,该昵称无法显示刷新也没用,30617500
29,2019,8,26,身旁没你 地球失去重量,0,晚安丶Elsa,1286909159
30,2019,8,25,超级喜欢这首歌，最爱的专辑！,0,小四的酱油,493214532
31,2019,8,25,真的超喜欢副歌和整首歌的风格,0,努力者-,503702742
32,2019,8,23,“还记得青涩那年。”,1,妄您,1471515622
33,2019,8,23,已经999＋了耶,0,妄您,1471515622
34,2019,8,22,xiexieyanzi,0,愿君依旧笑,559237310
35,2019,8,18,大概是因为上了热气球吧[大哭],0,经纬180729,1536664663
36,2019,8,4,这张专辑适合在潮湿闷热无所事事的夏天听,6,zhixigyt,417504419
37,2019,8,1,那年不是每位歌手只能入围一张专辑吗？,3,Cheri祖远,281090136
38,2019,7,30,这世界有没有地方 能永远都晴朗 LEAVE,0,Aprilworlds,637703336
39,2019,7,26,不忍心打破这1000个回复 不要 我要找到1 所以我要评论,0,SuhooppaT3T,360353557
40,2019,7,26,leave leave leave.,1,巖巖,260090118
41,2019,7,26,我还在这里等你带我,1,巖巖,260090118
42,2019,7,26,你没对我说 要我离去,1,巖巖,260090118
43,2019,7,26,leave,1,巖巖,260090118
44,2019,7,26,等待你等得忘了时间,1,巖巖,260090118
45,2019,7,26,所以我没有走远,1,巖巖,260090118
46,2019,7,26,你没对我说再见,1,巖巖,260090118
47,2019,7,26,念着念着却想哭泣,2,巖巖,260090118
48,2019,7,26,还爱你,1,巖巖,260090118
49,2019,7,26,我不会刻意回避,1,巖巖,260090118
50,2019,7,26,过往画面让心在下雨,1,巖巖,260090118
51,2019,7,26,车走走停停 路人潮拥挤,1,巖巖,260090118
52,2019,7,26,"是啊你没对我说要我离去所以我用尽全力等你也许你说leave leave leave可我还要等你等你爱我",1,Naraaaaaa_,40045957
53,2019,7,26,是啊,0,Naraaaaaa_,40045957
54,2019,7,25,纽西兰的冰山 那年狂奔的你,1,姚大白,268625
55,2019,7,25,必须999+,0,奔跑在风雨中,286174113
56,2019,7,24,我还在这里等你 带我 leave,0,mini薄荷糖,282909247
57,2019,7,23,动听,0,九八的雨,603411780
58,2019,7,23,夏天的味道,0,九八的雨,603411780
59,2019,7,23,生日快乐我姿,0,李小手1705,479407259
60,2019,7,23,燕姿的歌重点不在旋律，而且她的咬字方法，唱腔和音色。,2,liooHu,133689341
61,2019,7,23,生日快乐 燕姿宝贝,0,Harper育华,475101108
62,2019,7,21,老歌无人赏,0,网易真讨厌,6812082
63,2019,7,19,继续978,1,孙燕姿丶,1813871469
64,2019,7,19,顶977,1,孙燕姿丶,1813871469
65,2019,7,17,我还在这里等你,0,8号小家家,580194314
66,2019,7,11,卡,0,Chertime,83946830
67,2019,7,10,这世界有没有地方，能永远都晴朗~,1,7things_,1318437548
68,2019,7,9,期待你回归昂[可爱][可爱][可爱],0,Lonelygod___,395354781
69,2019,7,8,这首歌的MV是燕姿本人最喜欢的一首,2,大家都叫我万万,249362760
70,2019,7,6,打卡,0,皓月星尘,499727006
71,2019,7,6,20周年演唱会[亲亲],0,嗷大喵---,33924055
72,2019,7,5,神专辑的神曲  不到999？,3,wildwilde,441130066
73,2019,7,5,车走走停停   路人潮拥挤,1,孙燕姿style,46541850
74,2019,7,4,leave这张专辑每首歌都好听，那还是读书的时候。遥远了，希望明年能看演唱会，姿迷可能会在明年都炸出来吧。,3,鱿鱼圈的圈圈,617198191
75,2019,7,3,我的微信名也是leave。燕姿就是我低潮时的最大安慰,3,张大zhao,517302641
76,2019,7,2,不太会唱,0,八九不离食小姐,133898896
77,2019,6,30,飞吧飞吧,0,RainbowAfterTheRain,59825347
78,2019,6,30,999助力,0,RainbowAfterTheRain,59825347
79,2019,6,29,助攻999,0,才不是你的小兔叽,535487147
80,2019,6,29,leave,0,麦子的随想曲,84811546
81,2019,6,28,危威，这么多年走了又走，走到啤酒肚，走到一屁股贷款，走到不会再听这首歌，走到和那个无数次看这个MV的少年说再见了。。。,1,危不醒,265071385
82,2019,6,28,孤独啊 燕姿,0,v-yue,51654942
83,2019,6,27,[多多无语],0,唐某不沾刘女,347702944
84,2019,6,26,我们还没好好说再见,0,夹心每天都开心,418769234
85,2019,6,25,你冷静一点，会999+的,0,唐某不沾刘女,347702944
86,2019,6,25,[多多无语],0,唐某不沾刘女,347702944
87,2019,6,25,我来助攻999,0,s1ck1000,1471605268
88,2019,6,25,是燕姿亲自发的为明年出道20周年演唱会做准备,0,s1ck1000,1471605268
89,2019,6,25,这个转音转的真的是独一无二,2,我们的魔王树,1328554967
90,2019,6,25,听说明年20周年巡演要开始啦[爱心],0,用户101735295虾米音乐,101735295
91,2019,6,24,太好听[多多大哭][多多大哭][多多大哭],0,VerandasCho,489815943
92,2019,6,24,"“你没对我说再见
所以我没有走远。”",1,妄您,1471515622
93,2019,6,24,真的超级好听无敌好听的一首歌😘😘😘（不告诉你们这些小流氓，我要自己私藏）,0,小P孩啊555,1424669513
94,2019,6,24,这转音 爱了,0,motorcycles,283973423
95,2019,6,22,各自的回忆里，是怎样,0,carol石头上的猫,1539485102
96,2019,6,20,封面颜色怎么变了啊,0,暮至明,94756999
97,2019,6,19,这世界有没有地方 能永远都晴朗,0,Y淘淘,283975376
98,2019,6,17,歌里有阳台，有风铃，有蓝天白云，有绿树夏蝉，有微风徐徐，放手仰望天空，街道人声鼎沸，生活还是要继续,2,Vito大泽,573839689
99,2019,6,16,必须999,0,阿呆he阿瓜,89800748
100,2019,6,16,你没对我再见,1,我是克里斯18525,1389196395
101,2019,6,16,那个童声是在说红包才两百多？,0,____Z,41087524
102,2019,6,15,我在三路环城车上  看五角枫树 你在哪里,0,Judy今天不喝百事,280657572
103,2019,6,9,期待燕姿2020年的演唱会,0,漂漂一,320847841
104,2019,6,9,这首歌适合一个人坐在阳台听,0,来世做个凡人吧,432742197
105,2019,6,4,敲好听呀～,0,_不加糖有点甜,128108088
106,2019,6,4,最近听这首歌中毒了,1,_不加糖有点甜,128108088
107,2019,6,4,这么好听真的没有人来评论吗！,1,_不加糖有点甜,128108088
108,2019,6,3,从《陪安东尼度过漫长岁月》来的～,1,千玺xi,1507077175
109,2019,5,31,你没对我说再见 所以我没有走远,1,_不加糖有点甜,128108088
110,2019,5,31,加油刷到999～,0,_不加糖有点甜,128108088
111,2019,5,26,才900个评论，心酸,0,围兜哥哥,22211322
112,2019,5,24,从那年第一次听这首歌开始看到的就是同一个画面：夕阳西下，一片炙热的荒地，两棵单薄的枯树，一个人孤单地面对即将暗黑的世界，静静地说一句再见。也不知道说给谁听,0,墨墨0419,313449476
113,2019,5,23,调调听着超级舒服的,0,ysyya,1481982894
114,2019,5,21,嘿嘿,0,你姿我姿,466537747
115,2019,5,21,满满回忆，我记得老师当时讲叶子的复数，我立马记住了，就是因为这首歌。每当节奏响起，总会脑补落叶的场景,0,LittlePink91,500501795
116,2019,5,18,没有倔强,0,Islandofcyril,48634536
117,2019,5,15,该999了,0,奥飞社长,290065712
118,2019,5,14,所以我没有走远,0,8号小家家,580194314
119,2019,5,14,你没对我说再见,0,8号小家家,580194314
120,2019,5,12,嘿,0,北渺生生,630195060
121,2019,5,12,助攻999+,1,北渺生生,630195060
122,2019,5,10,有记忆点的歌。,0,徒蓝醒,480903834
123,2019,5,6,高一时期，最爱这首,0,没有昵称都没注册了,1819068775
124,2019,5,5,你卖她两块五,0,銀翼的枪兵王,973744
125,2019,5,5,这首竟然没999➕啊？,0,_bibibobo,324816440
126,2019,5,3,孙燕姿我的爱,0,ANTHONY_CHAN_,480447477
127,2019,5,3,喜欢,0,ANTHONY_CHAN_,480447477
128,2019,5,3,anthony,0,ANTHONY_CHAN_,480447477
129,2019,5,1,超喜欢这一首，燕姿特有的倔强少女音，真的很好听[憨笑],3,陈苏叶299,304122673
130,2019,4,29,助攻999+,0,小懒男121,607826579
131,2019,4,29,你没对我说再见，所以我没有走远,1,全黑噢耶,304720287
132,2019,4,28,在KEPLER演唱会最喜爱的一个歌 五月三号下着小雨的晚上 一个人看燕姿，凌晨两点做夜班车回家，兴奋的一夜没睡,0,废材将军,1781883997
133,2019,4,27,我也觉得,0,胡三毛_,287835281
134,2019,4,27,最喜欢的燕姿的歌之一，伴奏也很有味道,0,胡三毛_,287835281
135,2019,4,24,你没对我说再见，所以我没有走远,0,O_oHULLO,343829645
136,2019,4,22,这首结尾的童声和种是一样的诶,0,Simbelmyne心贝铭,319599840
137,2019,4,19,加评论,0,云云云云流,1334766690
138,2019,4,13,最后的背景音乐听着像“承包大家快乐，承包大家快乐”,0,陋室子来,385268909
139,2019,4,8,我并没有离开，只是躲在角落想你,0,介鸠,1299398814
140,2019,4,4,喜欢💕,0,Emily猪1985,352716435
141,2019,4,4,我梦见阿水就站着微笑，你没说再见呀。所以我就等着你回来接我呢。,0,都说名字已占用,102126240
142,2019,4,2,炫技?,0,阳小春思密,136298631
143,2019,3,27,专门来听的，没有听到啊,0,十二月独白,1515068759
144,2019,3,24,才注意到背景音乐里面有课间的声音,0,DylanDay,100728630
145,2019,3,24,我不会刻意回避。还爱你。,0,废柴蛋清酱,96291846
146,2019,3,24,夏天要来了,0,废柴蛋清酱,96291846
147,2019,3,18,孙燕姿当时为啥要唱这样一首悲凉的歌，现在每次听到都觉得很伤感,0,蔚蓝William,472785171
148,2019,3,10,最适合夏天放学回家路上听，感觉回到中学年代了,0,xf帆,91895203
149,2019,3,10,喜欢，夏天听很有意境,4,xf帆,91895203
150,2019,3,9,leave,0,Marea-,451039315
151,2019,3,9,隔了这么多年终于听懂了……,0,咖啡不苦呀,301624096
152,2019,3,7,好喜欢孙燕姿啊。。喜欢好多年，淡了就听歌，听了立马又爱上她。,2,水清浅zl,593345876
153,2019,3,4,——就像一个黑洞。你可以尝试逃逸，但你被吸入的速度总是快于你逃逸的速度。,0,JKSunX,16834196
154,2019,3,4,890～,0,杭州荷方,600719976
155,2019,3,3,不忍心打破“888评论”，不过，今天我要任性一点,0,RaraXS,505083493
156,2019,3,1,没过一段时间都翻出来听听,0,梵谷不跳舞,132774418
157,2019,2,23,最近一直单曲循环的歌🤔 咋这么好听嘞！ 真的超好听哇！！！,0,小P孩啊555,1424669513
158,2019,2,23,这么多年了  这张专辑是我最爱的一张了。听了17年了[呆],1,ymwwen,111560426
159,2019,2,23,过往画面让心在下雨,0,Wilreams,366115209
160,2019,2,18,带我,0,万圣节的老朋友,34075495
161,2019,2,17,leave~leave,1,暮至明,94756999
162,2019,2,12,安东尼:坐在大巴 中间靠窗的位置 听孙燕姿的歌… 孙燕姿的所有专辑里面  我最喜欢的就是leave 百听不厌,5,清纯小王,394311257
163,2019,2,10,我需要,1,kyrie-7丶,1381595894
164,2019,2,10,孙燕姿不需要999+，只需要独自享受[哀伤],0,皓月星尘,499727006
165,2019,2,9,你没对我说再见，所以我没有走远。,1,kyrie-7丶,1381595894
166,2019,2,9,撑起999＋,1,kyrie-7丶,1381595894
167,2019,2,9,不能忍,0,kyrie-7丶,1381595894
168,2019,2,9,没有999，天理不容,2,kyrie-7丶,1381595894
169,2019,2,9,20周年，感觉可能有巡演,0,kyrie-7丶,1381595894
170,2019,2,9,在哪里啊 ,0,星期一的斑马线,282990084
171,2019,2,7,有没有地方 能永远都晴朗,2,暮至明,94756999
172,2019,2,7,吉他像阿尔汉布拉宫的回忆,0,周周_Tiffany,308933742
173,2019,2,6,2020年,0,kyrie-7丶,1381595894
174,2019,2,4,想去看你演唱会,2,星期一的斑马线,282990084
175,2019,1,27,最爱的一首燕姿。你没对我说再见，所以我没有走远,0,小风子鱼,312239144
176,2019,1,23,都是回忆哎,0,Stafia,400035684
177,2019,1,17,念着念着却想哭泣,1,华_筝,15247544
178,2019,1,16,我姿的嗓音，真是得天独厚,2,空心人aliens,293890770
179,2019,1,15,为999+贡献一点,1,ImRuby,349031715
180,2019,1,9,你妹對我說， 要我離去，我還在這裏等你,2,My_Plague,17948227
181,2019,1,9,心就跟着走起来的歌,1,余粥-,562247933
182,2019,1,8,你没对我说再见 所以我没有走远,0,跳舞的范骨,511674794
183,2019,1,8,leave,0,Ed1son--,279253821
184,2019,1,7,等待你的歌～忘了时间～,1,Spark纯白,91154091
185,2019,1,7,你没对我说再见,0,Kepler0723,247883470
186,2019,1,6,第一次听还在上高中 跟一个女同学一起走在放学回家的路上 一人一只耳机 就放的这首歌 听完后她对我说 这个咋这么好听[多多捂脸],1,captainsunX,409974564
187,2019,1,6,时间是一种质化绵延状态，而非如流水一样线性流淌，过去的意义之光一直照在当下，旋律响起，十七年前点滴日常、欢乐烦恼依然在面前，燕姿的歌声一直是我的时间中最重要的线索，连接起时间网络中的每一个重要节点，很难想象没有燕姿的歌声时间无序错乱的状况。[多多捂脸],2,城西毛小湖,269213871
188,2019,1,5,天啊太好听了叭！！！疯狂循环,0,------遇见------,341597666
189,2019,1,2,我也看到就来听了！,0,里野撇撇,332764487
190,2019,1,1,我没有离开,0,我要认识你也叫鬼话连篇,120983555
191,2019,1,1,leave,1,暮至明,94756999
192,2018,12,26,羡慕 .,1,孙燕姿i,580757445
193,2018,12,25,真幸运,1,孙燕姿i,580757445
194,2018,12,24,找到啦哈哈哈哈哈,1,是阿月哦,104373029
195,2018,12,24,找到Ta的留言了吗,1,孙燕姿i,580757445
196,2018,12,24,竟然没999,0,灼灼光华,52892547
197,2018,12,22,燕姿那么多歌中，最喜欢的一首,1,Skylf,72483322
198,2018,12,20,你没对我说再见 所以我没有走远,0,Kepler0723,247883470
199,2018,12,19,以后一天来刷一条,1,Kepler0723,247883470
200,2018,12,19,专辑同名没有999不能忍,1,Kepler0723,247883470
201,2018,12,18,很有燕姿风格的转音，受她影响，自己唱歌也多少有点她的腔调[开心],1,秋千181215,589079940
202,2018,12,16,要我离去,1,Die_Habseligkeit,81444035
203,2018,12,14,加油,1,DAOI木,433330044
204,2018,12,13,嗯 看到了,1,是阿月哦,104373029
205,2018,12,13,反正你也看不到啦 找到你的评论 开心,1,是阿月哦,104373029
206,2018,12,13,yanzi的专辑同名歌都不是最火的，但都特耐听,1,采是采采的采_,298412236
207,2018,12,12,听这首歌，总是淡淡的忧伤[流泪][流泪][流泪][流泪][流泪],0,lisnnn,72408089
208,2018,12,8,窗外下着雪，我却想听一首很夏天的歌曲,1,拉德姗卡,130716600
209,2018,11,29,[爱心][爱心][爱心],0,AKA阿选,470315139
210,2018,11,29,学不来学不来 ，唱不了唱不了[皱眉][皱眉],1,叁两星星,397093030
211,2018,11,28,超超超爱的一首！“车走走停停 路人潮拥挤 过往画面让心在下雨” 每次唱起来都觉得自己孤独又骄傲～,2,大大大大no,579075781
212,2018,11,28,最爱的一首,1,0爱姿病0,123961913
213,2018,11,28,贡献评论,0,0爱姿病0,123961913
214,2018,11,24,为啥评论没有999+,0,ACE_Tiffany,467001198
215,2018,11,24,能永远都晴朗,0,暮至明,94756999
216,2018,11,22,我真的真的真的好喜欢这首歌啊！我觉得好特别！勇敢不舍又独立,4,KOKOCOOOL,255859310
217,2018,11,19,好听，时光倒流回那年北京演唱会,1,太空民谣摇滚爱好者,99455092
218,2018,11,14,这首歌听了让人好难过，好绝望,0,蔚蓝William,472785171
219,2018,11,14,"你没对我说要我离去，我还在这里等你，带我leave, leave, leave",0,柒星雪,85911992
220,2018,11,13,离开现在不回来 ,0,余粥-,562247933
221,2018,11,6,练习的真假音转换只集中在副歌部分，实话说我自认为还没有未完成难度系数来得高，而且我说的转音不是真假音转换[大哭],0,孙霉菲,486142030
222,2018,11,5,忘记之一了 我是脑残粉不要怀疑,0,气氛来了就要醉,308485041
223,2018,11,5,未完成我也很喜欢，但是多变的话我还是站这一专呢,0,C大宝,248388225
224,2018,11,5,我不难过了解一下,0,万圣节的老朋友,34075495
225,2018,11,5,未完成了解一下,0,万圣节的老朋友,34075495
226,2018,11,5,跟我要的幸福一样，初听怪，越听越好听,0,万圣节的老朋友,34075495
227,2018,11,5,练习了解一下,0,万圣节的老朋友,34075495
228,2018,11,5,听哭打卡[流泪],0,万圣节的老朋友,34075495
229,2018,11,5,这世界有没有地方 能 永远晴朗,1,wwlmusic,255207306
230,2018,11,3,1分34-36秒，有句谢谢你[惊恐],1,深水炸但,107589854
231,2018,10,30,翻初中写的日志想起来的……我记得是安东尼给我安利的吧哈哈,1,notoriousNicole,122037920
232,2018,10,27,很洒脱～～～,0,Mclead2,260520779
233,2018,10,20,神专啊,0,zgsxdjm,324629100
234,2018,10,8,天啦 这首歌评论这么少的吗,0,晴天MLML,320851320
235,2018,10,8,真假音转换 [色],0,你猜猜猜猜我,606494507
236,2018,9,29,身旁没你，地球失去重量,0,跳舞的yanzi,287088787
237,2018,9,28,太难唱了[流泪][流泪][流泪],0,destroysenpai,408809766
238,2018,9,19,听到这首歌的都是真爱，孙燕姿说过她最喜欢的mv就是这首歌的,1,大大大王康,61558428
239,2018,9,19,换封面了？,0,sharemybed_,7087820
240,2018,9,19,你好哈哈哈哈,0,阳光光男孩,133067417
241,2018,9,15,耐听，回味,0,在路上行走,48723938
242,2018,9,15,好民谣？,0,Egnops,50034052
243,2018,9,4,看来我很俗了 每张专辑最喜欢的歌也大都是主打歌,0,_C栗子,95419591
244,2018,9,1,14年重庆演唱会居然唱了这首[流泪],0,captainsunX,409974564
245,2018,8,29,用我最大的决心   爱了放了,0,沈开心1711,506495665
246,2018,8,28,姿迷眼里燕姿没有冷门的歌,1,经纬180729,1536664663
247,2018,8,26,资深姿迷在哪里？,1,年少-_有你,585078494
248,2018,8,24,想起坐在单车的后座唱着这首歌,0,帐号已注销,130762681
249,2018,8,22,转音无敌,0,可碧红绿茶,118251753
250,2018,8,19,这歌莫名的会让我想到北京的秋天,0,独乐居士,130676689
251,2018,8,17,你没对我说再见，所以我没有走远。,2,601031,89841455
252,2018,8,17,[流泪],0,coolbananas,79594889
253,2018,8,17,想你,0,coolbananas,79594889
254,2018,8,14,干嘛总要觉得歌词在说自己啊，如果不要感同身受该多好,0,微风八面的拔丝香蕉,34137608
255,2018,8,14,Yanzi是唯一一位不管翻唱者是也超越不了的存在,1,Lay冀,539282632
256,2018,8,11,你没对我说再见，所以我没有走远,0,我是克里斯18525,1389196395
257,2018,8,10,干净利落 就是这样的声音吧 爱就爱了 不爱拉倒,0,BFU鹿,1329321238
258,2018,8,9,你妹对我说[惊恐][惊恐][惊恐],0,hiddow,3097525
259,2018,8,7,好歌美人听啊,0,stupkid,106909294
260,2018,8,5,ლ(´ڡ`ლ),0,林34,400839327
261,2018,8,4,一样的感受,0,脑子里都是酒,247225673
262,2018,8,3,...这张专辑真的好厉害啊...,2,_诗芊,81037679
263,2018,7,31,好听,0,差不多先生-18,268543332
264,2018,7,28,好听到爆,1,梵谷不跳舞,132774418
265,2018,7,23,生日快乐 燕姿,1,訾央伪装小漠漠,247480354
266,2018,7,20,I will love Stefanie sun all my life,2,1YZYOUNG,1386944755
267,2018,7,20,超级好听的leave啊,2,佳瑶stef,307806566
268,2018,7,17,呜呜呜真的好听 我心中燕姿的top10,0,与科,248140987
269,2018,7,17,❤️,0,与科,248140987
270,2018,7,17,这首歌时不时就想听一下,3,Siberia39,19063210
271,2018,7,16,没有回应的回应，原来我是这么无关紧要的一个人    连和你讨一句再见的资格都没有.....,0,WAIKIT-7,313062361
272,2018,7,16,身旁没你 地球失去重量,2,我才不睡觉_,305223525
273,2018,7,14,并不是日推，只是偶尔哼唱出来，赶紧搜来听，才发现，听这首歌的时候，我还在读初中，十六年前。孙燕姿陪伴了我们这一代人的青春时代。,0,阿拉小佳,317086962
274,2018,7,12,沉迷了n年还是沉迷于此,1,33轉的LP,630862795
275,2018,7,12,leave 离,0,小小小小小的橘子,85533246
276,2018,7,7,这首歌停了感觉心平静下来了！,1,焦安溥的歌迷,65389789
277,2018,7,5,2018.7.5，周四，暴雨，我离开你。,0,阿-狐狸,269830918
278,2018,7,2,我还在这里等你 ,0,余粥-,562247933
279,2018,7,1,"太好听了
[大笑]",0,sayokio,1481824764
280,2018,6,29,"The people we thought would always be there for us, leave.",0,奥乐夫曼,338360849
281,2018,6,29,这应该是燕姿最不火的主打歌了，可是我却喜欢的不得了。,5,chrisni,104929662
282,2018,6,28,这首歌为什么要999呢 很喜欢这种淡淡的歌 在一个天气热的中午  一个人听,2,啊哈哟嚯咦,585523625
283,2018,6,28,竟然没听过！,0,青衫飘飘,85267024
284,2018,6,26,这首歌竟然没有999,0,ieddie,270742100
285,2018,6,26,转音转的丧心病狂,0,可碧红绿茶,118251753
286,2018,6,24,这歌没有999+也是神奇,2,浊水桥,9349599
287,2018,6,23,谢谢你,1,到爸爸这来23333,614549020
288,2018,6,23,这个转音简直是。。。无法形容,0,Hi天铖,73794505
289,2018,6,20,❤️,0,121个逸儿,129095979
290,2018,6,15,演唱会最爱的歌 虽然基本都喜欢,0,letthemgo,1300433466
291,2018,6,13,转音最严重的一首歌难道不是学会吗…雨天算什么[呆],2,孙霉菲,486142030
292,2018,6,13,这里的声音十八弯 这里的燕姿九连环(*/ω＼*),3,Emillier,578795252
293,2018,6,11,很有味道的一首歌,0,180cm一,115012093
294,2018,6,9,宝藏一样发现了这首,2,haihaiyeah,81193979
295,2018,6,5,不一样的感觉,1,YIOU_MUSIC,583829231
296,2018,6,4,这首歌居然评论不到999 没理由啊,1,苏苏酥甜心糕,112612422
297,2018,6,1,在我这都不是冷门，都听了不知多少次,0,李大夫治脑瘫,1313589586
298,2018,5,31,这世界有没有地方 能永远都晴朗,0,stef虎牙,86952410
299,2018,5,26,13周最喜欢的歌哈哈,0,Erika_Linder,305117600
300,2018,5,24,最近开始回听燕姿那些年忽略的冷门歌~,2,小狮子小丸子冰淇淋,452664521
301,2018,5,22,你没有对我说再见，所以我没有走远,3,此间的少年waw,251295053
302,2018,5,21,特喜欢这首🤩,0,雨还是不停地落下_,100825170
303,2018,5,15,李伟菘的歌就是调子怪怪的 这首好多半音 ,0,掀翻老窝,340479935
304,2018,5,14,因为我也特别喜欢,0,33轉的LP,630862795
305,2018,5,14,仿佛看到知音的感觉[可爱],0,33轉的LP,630862795
306,2018,5,12,燕姿的同名主打一般都会被忽略,1,每个灰机都是为你打的,574321149
307,2018,5,12,特别喜欢这首歌的调调,2,rfmjs,1357855390
308,2018,5,10,我一直以为是，身旁美女，也就是去冲凉。。[哀伤],0,马马特,116164230
309,2018,5,10,感觉这专是燕姿玩嗓音最突出的一张专辑,2,C大宝,248388225
310,2018,5,9,我今天也看到了,0,网友小蟹,278221870
311,2018,5,9,这么好听为什么没有999➕,0,网友小蟹,278221870
312,2018,5,7,姿迷无处不在，燕姿无可取代～～～,1,四月的的的,1329526521
313,2018,5,3,百听不厌之一,0,任我行wz,623215562
314,2018,5,3,如此优秀的一首歌，为何没有人评论,0,任我行wz,623215562
315,2018,5,2,你妹对我说要我离去，我还在这里等你带我leave[公鸡],0,feiffffelixxxxxlin,336271654
316,2018,4,28,记得几年前，看燕姿的演唱会，那时候刚分手，有很多首歌都会让我鼻酸，可唯独这首，眼泪不争气的流了下来。,3,yoon_cat,254653732
317,2018,4,27,你没对我说再见，所以我没有走远👣,0,-钢铁小汤圆,248045653
318,2018,4,26,为什么没有999＋,0,soldat_01,498212227
319,2018,4,25,只是现在听的人少了,0,訾央伪装小漠漠,247480354
320,2018,4,25,正在看安东尼的书 他说 孙燕姿所有专辑里最喜欢的就是leave,6,九元两个派,113359028
321,2018,4,25,这么好听的歌没人听？？？,1,StefanieWY,408156180
322,2018,4,25,999+,0,StefanieWY,408156180
323,2018,4,22,我爱孙燕姿！,0,赟光,454310581
324,2018,4,20,听这首的时候老想着自己拖着行李在下着雨的街上漫无目的的走......,0,jk80h,97252970
325,2018,4,15,还是这个专辑时期声音好听，后面声音变了就不怎么好听了,1,Cedric_Xu,35161511
326,2018,4,14,转音太美了，听得我忘了时间，不舍得离开,2,Emillier,578795252
327,2018,4,13,你没对我说再见 所以我没有走远。,0,DacoZ,506872244
328,2018,4,13,干净有力,2,王金1711,632842409
329,2018,4,13,声音怎么这么好听,1,王金1711,632842409
330,2018,4,11,总担心燕姿唱着唱着就破音了……可她不会[大哭],9,丰阝君,296235500
331,2018,4,10,要自己 爱了放了 没有恐惧,0,咔咔鲁,86372802
332,2018,4,8,台北场唱过leave？,0,訾央伪装小漠漠,247480354
333,2018,4,7,好听,1,有橘生淮南,432411313
334,2018,4,6,离开 ,0,余粥-,562247933
335,2018,4,6,有人是因为安东尼的陪1提到这首歌而来的吗,0,刘虾皮,394298552
336,2018,4,1,曾一起努力 曾一起相信，甜的苦的 剩各自回忆。,0,33轉的LP,630862795
337,2018,3,28,02年专辑要79？现在也没有79啊[大哭],0,Jonny1120,31156342
338,2018,3,27,华语乐坛神曲之leave,0,33轉的LP,630862795
339,2018,3,25,Q转村打卡,0,忘川巫,1341405275
340,2018,3,23,曾几何时的自己,0,H_66,55731158
341,2018,3,20,第一次听完整，留个印,0,玮姿,1381331614
342,2018,3,18,看到了就会念出来撒,0,XX_no,488844839
343,2018,3,18,不是看到这三个字 是读起这三个字会嘴角上扬[大哭],0,那不勒斯的遗憾,7590143
344,2018,3,16,感性的倔强，好心疼[大哭][大哭],0,垦晴008,300768067
345,2018,3,14,快乐早已跟着你离去,1,A-KUONG,577837024
346,2018,3,13,孙燕姿，看到这三个字你的嘴角会上扬,3,XX_no,488844839
347,2018,3,13,有些事情毕竟迟早要做。,1,帐号已注销,527885714
348,2018,3,10,[爱心],1,温柔小成,365693370
349,2018,3,9,大爱燕姿[爱心],0,丶第八日的蝉丶,349148825
350,2018,3,7,walkman循环最久的歌,0,qXz7x,45689724
351,2018,3,7,你没对我说再见,0,排队高手,79005480
352,2018,3,6,吃吃旧粮,0,毛毛虫0912,323067104
353,2018,3,6,燕姿的歌听着好听，唱着难唱！！！,2,狂野丶cc,368665008
354,2018,3,5,张信哲说过，孙燕姿的转音非常的美,0,33轉的LP,630862795
355,2018,3,5,孙燕姿，最喜欢的歌手,0,33轉的LP,630862795
356,2018,3,5,非常爱这首歌,0,33轉的LP,630862795
357,2018,3,5,这首歌特别棒,0,24hhh,32568729
358,2018,3,5,我是yanz的nc粉 ,0,24hhh,32568729
359,2018,3,3,你没对我说再见，所以我没有走远[爱心],2,赟光,454310581
360,2018,3,3,车走走停停 路人潮拥挤 不仅押韵，好生动形象的描述了当时的交通与人流状况，以景抒情，表达自己的心境,4,左倾者,340559134
361,2018,3,2,出完the moment,1,訾央伪装小漠漠,247480354
362,2018,3,2,想评论一下自己的感想，写了又删，一如我对你的感情，犹豫不果断，以至于彻底失去了,1,乐易成,339491478
363,2018,3,1,这歌完全燕姿专属[生病],3,stef流年,1367583538
364,2018,2,28,"记不得当初出了这个还是未完成来着,然后暂别歌坛一阵子",2,kim爪子啊,116603490
365,2018,2,28,Lovely,2,一夜飛渡鏡湖月照我影,125162990
366,2018,2,26,歌词中的感情观很有共鸣，淡淡的凄美，你不爱我了，我还没走远，伤心，但是也只是淡淡的，回忆还是美好的，未来仍是值得期待的。,4,WanAnn1802,1382589377
367,2018,2,24,人潮拥挤,1,未完成19991230,503310441
368,2018,2,24,走走停停,1,未完成19991230,503310441
369,2018,2,24,单曲循环中～～～,1,突然空闲123,75644802
370,2018,2,21,评论好少，歌真好听,2,科比这个神,118822401
371,2018,2,20,我没有走开 而你也不会再回来 平静而最沉痛,3,吾与城北德刚孰美,110709594
372,2018,2,17,没有多少人发现这首歌[流感][流感][流感]唉,1,一道弯弯的抛物线,119823287
373,2018,2,15,第一句话满满的回忆，好喜欢孙燕姿好多正能量的歌曲,0,architectureloving,137664426
374,2018,2,14,大爱,0,毛毛虫0912,323067104
375,2018,2,12,所以最后的男孩是在说 红包才两百多 吗,1,A-KUONG,577837024
376,2018,2,10,真正要离开的人，他不会带走任何东西，只会挑一个天气明媚，平静安逸的时间，随便拿着一件外套，然后就再也不回来，甚至不会有机会跟他说一句再见。,0,走失的仲夏,442777505
377,2018,2,7,竟然没有999+,1,碧---,1064528
378,2018,2,7,哎呀我天😂这张封面,1,长颈鹿怪叔叔,276048019
379,2018,2,2, 今天要单曲循环🔂到学会[生病],0,一奎一奎,425381866
380,2018,2,1,我可以试试,0,丶董丿乛,587229545
381,2018,1,31,安东尼~,0,花式翻白眼大赛冠军,18157275
382,2018,1,31,竟然没有999 宝宝来助力🤪,0,一奎一奎,425381866
383,2018,1,30,没听的人可惜了,0,王金1711,632842409
384,2018,1,30,这么好听的歌呀,0,王金1711,632842409
385,2018,1,29,日常打卡 ,0,訾央伪装小漠漠,247480354
386,2018,1,26,你没对我说再见，所以我没有走远,1,跳舞的反骨,33249451
387,2018,1,24,留言竟然不到999,0,靠近我伤害你,45538751
388,2018,1,24,这首真的只能她唱,0,气氛来了就要醉,308485041
389,2018,1,24,她最好的歌,0,气氛来了就要醉,308485041
390,2018,1,21,这歌真棒,0,Fireonwater,59952919
391,2018,1,18,这张专辑的每一首都好喜欢！！！,1,微溦微凉,66314208
392,2018,1,18,所以说了再见就可以走远了是吧,0,Lution_,79140672
393,2018,1,17,你没对我说再见 所以我没有走远。,0,DacoZ,506872244
394,2018,1,15,尝遍人间甘辛味 言外冷暖我自知,0,熙迷鹿,39366220
395,2018,1,11,评论好少，我的燕姿~,0,toshy,280738622
396,2018,1,10,等你等得忘了时间[心碎],1,粉色莓小兔,546796809
397,2018,1,10,陪安东尼度过漫长岁月:),4,Hey-kiwi,314004815
398,2018,1,4,你没对我说再见，所以我没有走远,0,ddarkwhite,548737444
399,2018,1,4,好好听,0,CHENYUDAN--,279712105
400,2018,1,2,"Leave,未完成，平日快乐",1,气氛来了就要醉,308485041
401,2018,1,2,我操 这首还不能999+？？？？,2,颜树吗,391590226
402,2018,1,2,走着走着就想起了一段旋律，车走走停停，路人潮拥挤,0,清凉油A,255667395
403,2018,1,2,两个月后再见  加油,0,yz233丶,250180874
404,2018,1,2,走了宝贝儿  舍不得你,0,yz233丶,250180874
405,2018,1,1,我只要朝你方向 飞吧 飞吧,0,以北逢南,126310977
406,2017,12,30,安东尼是谁,0,我只会乱乱唱,272309134
407,2017,12,30,我多想能朝你方向 飞吧飞吧,2,新年快乐Echo,516997076
408,2017,12,29,转音,0,9点人,124168580
409,2017,12,24,好听,1,凉芈芈,115476334
410,2017,12,21,关于你的歌。那段快乐时光竟成了我心中永远无法弥合的痛～想念你,1,梦游姿,555864141
411,2017,12,18,回忆,2,叶小小野猫,281084719
412,2017,12,16,真滴好听。,0,与科,248140987
413,2017,12,16,你没对我说再见，所以我没有走远。,2,与科,248140987
414,2017,12,16,超级爱这首,0,小四的酱油,493214532
415,2017,12,16,无敌好听，听一次就疯狂爱上,0,安姐在哪里,133940991
416,2017,12,14,超级爱这首了,0,在线机器人,604370103
417,2017,12,13,很爱这一专,1,毛毛虫0912,323067104
418,2017,12,12,你没对我说再见 所以我没有走远,0,unssnu,103692319
419,2017,12,11,我能带你走吗,0,璐璐叶子,285157157
420,2017,12,9,居然这么少的评论 惊讶,0,湖人死忠,7776579
421,2017,12,7,翻了一遍评论 果然不止我一个是从一部高H小说的结尾知道这首歌的,1,各自安好迎接朝阳,310452241
422,2017,12,6,[流泪],0,立猫熊,114534339
423,2017,12,4,安东尼最喜欢孙燕姿的歌之一~,5,曾经活在海里,87347947
424,2017,12,3,双胞胎两位是啥意思？,0,PPoooo,31509584
425,2017,12,2,红～,0,小埋和可乐君,132217642
426,2017,12,2,丧心病狂的一首,0,端端和蔚蔚,294293338
427,2017,11,30,那男声让人空虚,2,西甜井,77957306
428,2017,11,30,看陪安东尼度过漫长岁月来,2,小埋和可乐君,132217642
429,2017,11,29,超级好听,0,Y-una,322710590
430,2017,11,29,嵌在心里的声音，每过一段时间就会翻出来温习一下，温习那些回忆，那些感受。,0,小绿女,492177430
431,2017,11,29,喜欢,0,黑暗行星古兰斯菲亚,495929451
432,2017,11,28,再,2,陈劲帆,31626272
433,2017,11,27,想你燕姿，最美的青春,2,蜜屎郑大坨,133373093
434,2017,11,27,爱你燕姿,1,dacyang,134619088
435,2017,11,26,收集冷门,0,小新你爱谁,124775858
436,2017,11,26,安东尼也喜欢,1,情歌一首lgy,489534886
437,2017,11,25,燕姿的歌太好听了,1,我的爱1011,623429998
438,2017,11,25,经典的歌，评论怎么没有999+,0,我的爱1011,623429998
439,2017,11,24,我最爱听的卡带,1,明心见性境随心转,567870106
440,2017,11,23,这是她最好的歌之一，她的声音气质非常符合这种曲风,0,气氛来了就要醉,308485041
441,2017,11,23,她让我走了，可是我还是没有走远,0,倪倪的猫猫,129565041
442,2017,11,23,“太想爱你”,0,我和白日梦,115867168
443,2017,11,22,打卡,0,反叛的银时,570490151
444,2017,11,21,同感,1,sweet漫步,85773673
445,2017,11,20,[亲亲][亲亲][亲亲][亲亲],0,小小小小小的橘子,85533246
446,2017,11,18,打卡,0,孙燕姿的小迷妹啊,327977684
447,2017,11,18,失落[钟情],0,嘎嘣17,504709227
448,2017,11,18,[皱眉],0,嘎嘣17,504709227
449,2017,11,18,他让我走了，可是我还是没有走远,0,燕姿我好想你,403139403
450,2017,11,16,怎么都学不来[流泪],1,kathy友情客串,77386222
451,2017,11,15,这么好听的歌，居然不是999,0,Stef黑大帅,370779083
452,2017,11,15,燕姿，我爱你,0,反叛的银时,570490151
453,2017,11,14,超级棒的一首歌。喜欢的人，太遗憾的少,2,yourtinyairport,482087170
454,2017,11,14,我不会刻意回避 还爱你,0,你在风的另一边13,111264925
455,2017,11,14,你没对我说再见，所以我没有走远,0,反叛的银时,570490151
456,2017,11,14,突然又想到了一个有生之年系列：有生之年希望听到一首jay写给燕姿的主打。。尽管jay如今的风格不似当年，但这个执念真希望有实现的那天...[幽灵],3,-Lars-,98085403
457,2017,11,13,这首歌超有夏天的感觉。和她专辑的风格很符合,0,SonicDonG,17639778
458,2017,11,11,leave-love,0,活着只求好玩,266447964
459,2017,11,10,[亲亲][亲亲]喜欢,2,寻池,311170269
460,2017,11,9,我超喜欢,3,米痛苦基罗,280741748
461,2017,11,7,车走走停停，路人潮拥挤,3,花老师小课堂开课啦,353426857
462,2017,11,6,燕姿的歌首首都是金曲，听歌的人都来不及评论，期待新专辑，哈哈[大笑][大笑][憨笑][憨笑],1,张禹,267924346
463,2017,11,6,这种大神歌评论这么少我是该偷笑还是偷笑,2,訾央伪装小漠漠,247480354
464,2017,11,6,emmm冷门金曲！！！,2,藤井一织,316368005
465,2017,11,5,该听听和平了,1,O_oHULLO,343829645
466,2017,11,4,打Call！,1,悬可安溥,124133944
467,2017,11,4,这世界有没有地方都永远晴朗,0,Dealbreakerrr,1718082
468,2017,11,3,孙燕姿最好听的歌之一,1,气氛来了就要醉,308485041
469,2017,11,2,  喜欢这首歌为什么不999+，但又有些激动，并不大众,5,鎏金金金,396830830
470,2017,11,1,梵谷,2,_吴子诚,275017518
471,2017,11,1,愉快,1,_吴子诚,275017518
472,2017,11,1,听歌次数排名第一60次～,0,_吴子诚,275017518
473,2017,10,31,总要厌倦，总要离去,0,我不行我不上我就哔哔,274446301
474,2017,10,30,我很愉快 期待。。。,2,冷羊羊_,63281378
475,2017,10,28,你没对我说再见，所以我没有走远,0,桑巴卡卡,112724165
476,2017,10,27,前排,0,----未完待续当局者的迷,272083915
477,2017,10,27,喜欢燕姿这样自信不羁地唱歌❤️,3,伊莳,287643882
478,2017,10,25,不一样的时候来听不一样的心情,0,燕姿我好想你,403139403
479,2017,10,25,飞吧飞吧,0,燕姿我好想你,403139403
480,2017,10,24,哈哈原来如此,0,情歌一首lgy,489534886
481,2017,10,23,《leave》这首歌的最后yanzi旁白“走吧大家快”，然后几年之后的《种》的开篇有听到了同一句“走吧大家快”。哈哈，跟着yanzi一起走，转眼十八年了，yanzi陪伴了我们整个青春，走吧大家快，归来仍骚年~,5,yybinn,103297585
482,2017,10,23,有显示的啊,0,鎏金金金,396830830
483,2017,10,23,我超喜欢安东尼的，在哪可以看同城？[大哭],0,情歌一首lgy,489534886
484,2017,10,23,[大哭]对  打死都唱不出那种味道  ,2,GrandmaLion,56455831
485,2017,10,22,有些歌在脑海中就像给某人打上标签似的，听到这首歌就会想起来某个人。肉肉，希望你生活会平平稳稳一帆风顺。从来没求过赞，觉得矫情，不过这次，真的希望她能看见，谢谢[流泪],2,Ming铭,590594
486,2017,10,22,咱俩同城，而且我也是在安东尼红上看的,1,鎏金金金,396830830
487,2017,10,22,姿妈太多的歌都是好听难唱系列，好气！,0,fluent战士求收敛,61644046
488,2017,10,22,没有999+。那我是人工999+,0,颜树吗,391590226
489,2017,10,22,永远也不会对你说,0,coolbananas,79594889
490,2017,10,21,随手一评,0,斗牛旅客,106922873
491,2017,10,21,我没有走远,0,可乐根本不冒泡,409999814
492,2017,10,20,[惊恐]放弃学这首歌了  妈呀 一不小心就会唱成车祸现场,0,GrandmaLion,56455831
493,2017,10,19,这首好好听啊，我怎么才听出感觉来！！😵有等新专辑的姿迷吗🤔,3,冷羊羊_,63281378
494,2017,10,17,安东尼书里说过的一首歌，好听,2,情歌一首lgy,489534886
495,2017,10,15,你没对我说再见  所以我没有走远,1,_小_孙,120665886
496,2017,10,15,居然没有999,1,九臭臭,42958511
497,2017,10,15,念着念着却想哭泣,1,燕姿我好想你,403139403
498,2017,10,14,最喜欢《Leave》（专辑）的MV，在纽西兰拍的。——孙燕姿 @ 71题快问快答,6,dis-play,132802796
499,2017,10,14,你没对我说再见，所以我没有走远❤️等你,0,喜宝和他,332853969
500,2017,10,13,哈哈 荣幸 你的第一次[呲牙],0,偶尔远行99,247268503
501,2017,10,13,我也是。第一次评论，给你了。,0,MMcheng,67921511
502,2017,10,13,71期问答[奸笑],4,Hi天铖,73794505
503,2017,10,12,人潮拥挤,1,燕姿我好想你,403139403
504,2017,10,12,孙燕姿说这是她最喜欢的mv纽西兰拍的，所以来看了。,4,halokto,350060007
505,2017,10,11,leave leave leave~~,2,八月长安x,263542124
506,2017,10,10,跟您一样[大哭],0,毛胖大人,10249075
507,2017,10,10,最后高潮的时候真的感觉好悲伤，但结尾孩子们玩闹的声音一出来，一切又都释怀了。,3,大螃蟹和老虞,73835054
508,2017,10,9,孙燕姿 是初中时的最爱，今年三十岁了，却有好多好多好多年没有听了，燕姿，更多的是一个情怀[钟情],1,偶尔远行99,247268503
509,2017,10,8,为什么燕姿这么好听的歌才许久找到...[大哭],0,NASA南方有雨,324382043
510,2017,10,7,你没对我说再见 所以我没有走远。,2,DacoZ,506872244
511,2017,10,4,想哭,0,是野人吧,350553686
512,2017,9,28,歌词有误吧？不是等待你的脸吗？,0,Hoochouyi,107766854
513,2017,9,27,苦苦等待新专辑中 好难熬,2,湖人死忠,7776579
514,2017,9,27,多年后，我终于不再被一首歌牵着眼泪走,2,狗娃17,447103080
515,2017,9,26,隔了15年，中间一直没在ktv唱过这歌，今天唱K的时候因为别人点了，听着前奏竟然脱口而出，好多回忆啊,2,囍之娘是声控,128166749
516,2017,9,24,这首歌我选择不学 丧心病狂的转音,0,-你要等,124491010
517,2017,9,24,还记得最后一个月早上，我就在桌子中间坐着，应该是蜷在桌子中间，手里捧着饭，面前放着书，看着老徐口训你，啊呀，那真是享受啊！,3,小星星的小星星,92514494
518,2017,9,22,高中时期KTV燕姿歌先来一遍...好久没点了...,1,思唲_Siy,317359534
519,2017,9,17,听一遍，想哭一遍,0,帐号已注销,315459622
520,2017,9,17,好洋气的歌，闭眼就像坐在中央公园的长椅上,3,ANRAN0701,541069667
521,2017,9,14,我在等你的演唱会，燕姿，带着喜欢的人去看我的青春,1,NumbLater,115418975
522,2017,9,14,真 冷门神曲,2,湖人死忠,7776579
523,2017,9,11,奶奶当年去世时，一听到这首歌就想哭出来。,0,RichardColumbiaUniversity,246229682
524,2017,9,10,看安东尼的书，里面提了一句，就很好奇，很想听[可爱][可爱],1,KOOKY已被占用,286715853
525,2017,9,9,等我 去看你演唱会、我不想后悔,0,鎏金金金,396830830
526,2017,9,7,很久没听这首歌，之前看陈晨的书又被安利一遍……还是好听,2,赫里尔德,410343541
527,2017,9,7,爱[爱心][爱心][爱心][爱心],1,赫里尔德,410343541
528,2017,8,31,你没对我说再见，所以我没有走远。26岁的年纪，分手半年，不应该这么不理智的。但是只要你不找新女朋友，我是没办法放下的。就让我肆意挥霍这两三年，抗住催婚压力，等你来或者等你move on.,0,卡卡西酱酱,419447426
529,2017,8,29,好听,1,大流氓音乐,5773483
530,2017,8,29,燕姿,1,大流氓音乐,5773483
531,2017,8,29,7月2号ofo小黄车在工体有一个群星拼盘演唱会，主持人问燕姿新专辑的事情，她说崩溃好听，我就用在这里了[大哭],0,我不难过只是为什么眼泪会流,346043023
532,2017,8,29,哈哈，燕姿什么时候说的,0,搬家的草莓,37449854
533,2017,8,28,安东尼,1,鎏金金金,396830830
534,2017,8,23,爱的一种延续， 或许是离开。8.23 2017 am11:40 💗D,0,-i倪-,273359834
535,2017,8,22,不要太好听哦,0,kiko_ono,321460265
536,2017,8,21,初中的BGM,0,朱古力呐,39472955
537,2017,8,21,歌曲的诠释很完美,0,thy1018,96769208
538,2017,8,19,火钳刘明,0,狗肥yyYyy,354475599
539,2017,8,16,那个人一直没有对我说再见，所以我一直在等，我就在原地，我哪儿都不想去，我不让别的女孩儿进来就是因为这个原因吧？,0,dean-中原,94079049
540,2017,8,15,+1,1,nct怎么还不出逼,378057391
541,2017,8,15,谁跟我说1:38有“谢谢你”跑出来的[撇嘴]明明很好听的歌…,0,nct怎么还不出逼,378057391
542,2017,8,12,听完这首歌就继续学习。,1,下雪的海边,396485886
543,2017,8,11,每每在旅行的火车上都会点开这一首，感受到车轮的转动，后退的绿色，2002年提着行李身体微微倾斜的燕姿。嗯，2002年，我喜欢燕姿的那一年。,2,Nono假腿怎么了,250512966
544,2017,8,10,假装猜猜你会觉得我推荐给你的这首好听 然后看看评论 如果发现我这条评论[呲牙],1,帐号已注销,285664488
545,2017,8,9,正版卡带是粉色的。,2,樂徒,3774399
546,2017,8,7,故事的最后，他们祝彼此好好活着。,1,36D清纯女研究生在线性感,59557102
547,2017,8,6,喜欢燕姿16年+ 看到现在还有这么多人喜欢 就很开心,2,喵团团儿,333249007
548,2017,8,6,我还在这里等你，带我leave leave ,1,风之清野,45223464
549,2017,8,4,14:34,0,林守乐,55243746
550,2017,8,3,最爱的啊 其实是这首leave,1,seanorshawn,446801310
551,2017,8,3,冒个泡,1,薛定愕的猫被我吃了,554490380
552,2017,7,30,这世界有没有地方能永远晴朗,0,我不难过只是为什么眼泪会流,346043023
553,2017,7,30,按燕姿的话说就是：崩溃好听，晕倒性好听,2,我不难过只是为什么眼泪会流,346043023
554,2017,7,30,这歌名是我的网名 燕姿我爱你,0,didi755,468826276
555,2017,7,29,这首歌真的陪伴了我很多，感谢华语乐坛有个孙燕姿。,1,AKA阿选,470315139
556,2017,7,29,晚安啊 爱豆 ,0,归人与过客,248548109
557,2017,7,28,听燕姿的歌 总会让我有很努力做事儿的感觉,3,布蓝格,74006085
558,2017,7,27,嗯 ,1,dorianamot,362553349
559,2017,7,27,是年轻的夏天的感觉……,0,Bluebird1234,415517666
560,2017,7,27,以前，我特别喜欢这首歌，后来，我就把它忘记了，今天在歌厅，忽然重逢，人和人之间，也可以这样重逢么,2,元子zzzz,120200633
561,2017,7,27,听起来就是西瓜凉席风铃和滋滋冒汽的可乐的感觉 ,0,dorianamot,362553349
562,2017,7,27,非常好听的歌啊 ,0,dorianamot,362553349
563,2017,7,27,助攻999+ ,0,dorianamot,362553349
564,2017,7,26,什么灵异事件,0,广大楼管阿叔,269074262
565,2017,7,23,喜欢自己喜欢你 今年考研二战 未来在自己手里 身边的人来去匆匆 转眼已接近学生时代的终点,3,倪倪的猫猫,129565041
566,2017,7,18,+1,1,有情不必终老丶,331740595
567,2017,7,16,以前粉丝有首歌叫 我有爱姿病,5,逆光盛眠,398391314
568,2017,7,16,成长的第一步 会好的 乖乖们,0,苏无处可赖,505027487
569,2017,7,11,听完了还不知道要怎么评论，太经典,0,sigs,70273968
570,2017,7,11,还有我,0,憨憨奈某,455824227
571,2017,7,9,曾一起努力 曾一起相信，甜的苦的剩各自回忆。    共苦可以，同甘不可以。[哀伤],0,罗宏镇镇长,398974365
572,2017,7,7,越听越有味道的歌,1,Heisa1704,376300072
573,2017,7,3,中学时一个女孩喜欢燕姿，爱屋及乌使我也喜欢上了。现在听到燕姿的歌总会想起她。,3,流风余绪,8120902
574,2017,7,3,最近很喜欢姿的这种风格,1,帐号已注销,285664488
575,2017,7,1,念着念着却想哭泣,1,QW1K,96765923
576,2017,6,29,能听到真首歌的绝对是姿妈的真爱粉[可爱]真的很好听啊,2,但我看见的只是一颗柠檬树,61965327
577,2017,6,28,好多年过去了,0,lemonmoonme,288853211
578,2017,6,27,最喜欢燕姿的一首,1,Fresh0342,257063770
579,2017,6,26,我多想能朝你方向 飞吧 飞吧[流感],0,马lululu,55810097
580,2017,6,24,一张很有夏天感觉的专辑,4,Bluebird1234,415517666
581,2017,6,22,[色],0,明天晴天--,37329385
582,2017,6,21,[色][色][亲亲][亲亲][流泪][流泪],0,过往云烟视而不见,305289320
583,2017,6,20,这世界有没有地方，能永远都晴朗,1,Y-una,322710590
584,2017,6,18,当时高中的夏天，我们分手。我就天天听这个歌。转眼我已经长大了,1,Ming铭,590594
585,2017,6,17,孫燕姿最喜歡的一首歌！,1,樂徒,3774399
586,2017,6,16,hey 你没对我说再见 所以我没有走远,1,帐号已注销,285664488
587,2017,6,11,太好听了[流泪],0,itsqian,277711968
588,2017,6,11,我觉得姿妈唱民谣成就也会很高,4,治不好的斯德哥尔摩综合征患者,471224204
589,2017,6,11,没有倔强，爱不再让谁受伤,0,呃好久不见,314732023
590,2017,6,10,十七周年打卡,0,Lam_aliee,103286174
591,2017,6,9,十五年了 人生第一个爱的女歌手,0,Ruby牙牙,125542130
592,2017,6,9,十七周年打卡,0,姿姿不倦,43678021
593,2017,6,9,出道十七周年,2,林守乐,55243746
594,2017,6,9,转音狂魔[惊恐],1,灰白色想念,2872326
595,2017,6,8,大爱这首歌[爱心],0,Fireonwater,59952919
596,2017,6,7,你没对我说再见，所以我没有走远,0,O_oHULLO,343829645
597,2017,6,7,爱姿,0,姿意燕为,263726012
598,2017,6,6,爱姿,0,姿意燕为,263726012
599,2017,6,5,每日打卡,0,赫里尔德,410343541
600,2017,6,4,孙燕姿孙燕姿,1,QW1K,96765923
601,2017,6,2,好听。燕姿,0,一地故里,118066649
602,2017,5,31,手动踩爪印，端午燕姿专辑一日游,0,凌晨三点不睡觉的雨果,120801740
603,2017,5,26,打卡卡,0,海洋过森林,325742808
604,2017,5,24,全世界最好的燕姿,4,取昵称请大家记住,483151892
605,2017,5,24,好听，决定今天再次单曲循环,0,太空民谣摇滚爱好者,99455092
606,2017,5,24,听完最爱的男歌手朴树，又听听最爱的女歌手燕姿，两个都是真诚的，实力派，加油，祝福你们！,1,太空民谣摇滚爱好者,99455092
607,2017,5,23,过往画面让心在下雨,0,身直不怕影子弯,30833527
608,2017,5,23,好压抑的歌,0,身直不怕影子弯,30833527
609,2017,5,22,太好听了这首歌！！！,0,写日记的贵树,340481635
610,2017,5,22,离开一座城市，离开一段感情，我们选择离开的时间，我们学习说再见的方式，是不回头狂奔而去，还是频频回首徐徐向前，这世界没有一个地方永远晴朗，在第一道曙光乍泄的那一刻leave！,0,Fat-帆,105886925
611,2017,5,21,好少评论啊,1,当我们谈论昵称时我们在谈论什么,119385084
612,2017,5,21,耐听型的,0,柒星雪,85911992
613,2017,5,21,为嘛没999+,0,el_15,398023923
614,2017,5,18,强雨说这首歌好听，我拒绝[撇嘴],0,乌苏里江的鹰,68622511
615,2017,5,18,还爱你,1,zoey_cherry,114116850
616,2017,5,17,好听，转音真的666。燕姿,0,一地故里,118066649
617,2017,5,17,哈哈哈,0,跳舞的克卜勒,122786310
618,2017,5,14,同163，同43KG，同平胸，然而你唱歌要钱，我唱歌要命，你真假音行云流水，我继续破罐破摔。,8,可以更自然,387144811
619,2017,5,14,我要打卡,0,一叶扁舟_____,98760641
620,2017,5,12,我就安安静静的听完这首歌。,2,Hwol,89107091
621,2017,5,10,所有KC编曲的歌都好有味道啊。。温习时才注意到的 都是那种有点清爽有点摇滚有伤感 超有味道 当然还有燕姿的演绎～,2,听老婆们唱歌,48946883
622,2017,5,10,其实燕姿很多专辑的-10都很好。例如4-10，5-10，8-10，9-10等，尤其这个5-10最好听。,1,Crystal12181,315416629
623,2017,5,6,这首5-10是我认为的燕姿两千气息（2000年左右歌曲风格）最重的歌，我认为两千气息是非常好的，因为既不会像上世纪那样老套，又不会快餐文化，最好，我只对2000年的歌感兴趣。,3,Crystal12181,315416629
624,2017,5,4,有时间静下心听听燕姿其他歌，不久后就发现姿的歌上百首了,1,安宁并不安宁,118700121
625,2017,5,4,我现在听女神的歌一般搜索来听！我希望在她每一首歌都留下我这句评论（打卡？）,0,气氛来了就要醉,308485041
626,2017,5,4,是吗？可是你的歌单里连一半的歌曲都没有[呆],0,老师能赢吗,119649105
627,2017,4,30,这张专辑人好少 都超好听啊,1,我是熊掌,248806889
628,2017,4,30,n年后还是那么喜欢这首歌,0,Heisa1704,376300072
629,2017,4,30,你没对我说  再见…所以我没有  走远…,0,Seeeexyyybiiitch,348842453
630,2017,4,30,十几年前，上高中的夜里，听这首听到眼泪打湿枕头…,0,挚爱阿哲,40607167
631,2017,4,27,能听出嗓音累了，但是很适合这首歌,0,升升国际后援会会长,409536047
632,2017,4,27,有燕姿的地方就有我,1,气氛来了就要醉,308485041
633,2017,4,25,[亲亲][亲亲][亲亲],1,Jonesking,263905915
634,2017,4,25,超好听,0,apieceofcake_,252051585
635,2017,4,24,这么好听的歌[大笑][大笑][大笑],0,一道弯弯的抛物线,119823287
636,2017,4,22,这个歌营造的感觉 简直牛逼 前奏一出 我就站在了路中央,6,kanon1990,252051993
637,2017,4,20,燕姿的又一遗珠,5,Jonesking,263905915
638,2017,4,13,我不会刻意回避 还爱你,1,Sonny_Hu_1984,59640857
639,2017,4,7,Better late than never,1,帐号已注销,8680215
640,2017,4,7,纯粹的歌,0,DanCingVanGogh,263043497
641,2017,4,7,诡异？[呆]完全没有啊,0,DanCingVanGogh,263043497
642,2017,4,6,start ，leave ，未完成，三张专辑，赞,1,粉红坑女郎,71129321
643,2017,4,5,木有,0,柠萌--,114258886
644,2017,4,5,我是,1,柠萌--,114258886
645,2017,4,4,从灵异事件过来的，可是我木有听到啊,3,萌萌萌的吖,266492629
646,2017,4,4,一分39到40有一声诡异的谢谢你,3,zhxn_,305453146
647,2017,3,30,leave这张专辑绝对是燕姿最好的一张。最喜欢眼神。,2,wildwilde,441130066
648,2017,3,22,有燕姿的地方就有我,0,气氛来了就要醉,308485041
649,2017,3,15,耳朵👂已怀孕,0,柒星雪,85911992
650,2017,3,15,我还在这里等你，带我leave leave leave,0,柒星雪,85911992
651,2017,3,14,这不重要，静静的听就好,1,孙燕姿的嘴,53748727
652,2017,3,14,这是这张专辑的主打歌，,0,暖风熏的遊人醉,38332952
653,2017,3,13,爱她不解释！,0,阿拉系火星,358797110
654,2017,3,10,有谁知道结尾那段虚虚实实的对话说了些什么？[惊恐][惊恐],0,MEOLTON,326496812
655,2017,3,4,迷人的声线,3,被冻cry的小雪糕,132846131
656,2017,2,28,才385？,1,-钢铁小汤圆,248045653
657,2017,2,26,你没对我说再见，所以我没有走远,0,Eva别矫情了,117327575
658,2017,2,25,好喜欢这种淡淡的感觉,1,李笑多,107983664
659,2017,2,19,我堂妹在旁边笑，另一个小孩说，你把他两个耳朵听,1,忘不掉的明天r,101795664
660,2017,2,19,你把他两个耳朵听,0,忘不掉的明天r,101795664
661,2017,2,17,我的姿zi,0,LLLLLuckyee,342754458
662,2017,2,14,毕竟你没对我说 要我离去~    我还在这里 等你带我 Leave~ Leave !,0,蜜橘柠檬,3068191
663,2017,2,12,后来啊，我们每次告别都没有说再见，却又总是意外重逢。可能就是真的没有走远吧,0,Leon陈见夏,124383675
664,2017,2,11,看了灵异事件过来的，这首歌也没有啊,1,Tayln-,137137162
665,2017,2,8,这世界有没有地方 能永远都晴朗,0,飞跃东南海,409885845
666,2017,2,5,快乐却早已跟随着你leave,1,我们始终相信,801120
667,2017,1,25,看了说这首歌1分38有一句谢谢，没听到啊,1,Tayln-,137137162
668,2017,1,23,我咋没听到啊,2,王沛沛沛杰,101963036
669,2017,1,21,充满回忆的一首歌。,1,陆渐花生,273726950
670,2017,1,20,　　在孙燕姿的《Leave》专辑里，也有歌迷表示在1分38秒至39秒的时候，会有一句相当清楚“谢谢你”跑出来。,1,鹿哥和小竹,308154134
671,2017,1,15,你没对我说再见，所以我没有走远💕,1,ShuluAn_,370573688
672,2017,1,14,我从一个灵异歌单发现这首歌，听说1、38有。。。,2,尾巴不圆,131391317
673,2017,1,14,我还在这等你带我leave leave leave,0,ZY-7,17531038
674,2017,1,14,这世界有没有一个地方永远都晴朗。☺,0,冬去春来坳,316893278
675,2017,1,9,马上就要离开这个生活了九年城市了，好多地方还没去，好多事还未完成，还有就是你啊……最近每次看鬼怪都会想到你[哀伤],0,10号疯球,97991573
676,2017,1,7,等待你等得 忘了时间,0,o很喜欢,88250603
677,2017,1,6,这是安东尼最喜欢的,4,Dd1o,137675071
678,2017,1,6,走走停停，路人潮拥挤,0,奋斗青年橙草,304062593
679,2017,1,6,孙燕姿是我永远的偶像😳,1,小小小迪迪迪,392804825
680,2017,1,4,你们说的鬼声音在三分四十左右,2,南韩第一童工,34352247
681,2017,1,3,高中单曲循环很久的一首歌,2,爱发疯的猴,250414252
682,2016,12,22,燕姿年轻时候太喜欢用迷死人的转音了,2,Islandofcyril,48634536
683,2016,12,21,其实，爱情等于蠢。不信你数数笔画。,2,早稻先生,157048
684,2016,12,20,我觉得你才应该是热评,8,赤橙二十,258669419
685,2016,12,17,[亲亲],0,湖人死忠,7776579
686,2016,12,17,朝梦的方向飞吧飞吧,0,昂口饭,10113985
687,2016,12,17,Gisborne请等我来,0,昂口饭,10113985
688,2016,12,17,1分38秒有其他声音，仔细听,0,江十画,83445487
689,2016,12,13,这世界有没有地方，能永远都晴朗，没有倔强，爱不再让谁受伤,1,沙漠中歌唱的鱼,7562194
690,2016,12,10,你没对我说再见所以我没有走远,1,帐号已注销,124859943
691,2016,12,9,嗯~o(*￣▽￣*)o,0,泪水染湿了衣角,315045394
692,2016,12,9,[可爱],0,你猜你是不是,288389789
693,2016,12,8,哈哈哈哈哈 保持微笑,0,阳光光男孩,133067417
694,2016,12,8,我也准备了，可是没事啊，真的好气人啊！[怒],0,泪水染湿了衣角,315045394
695,2016,12,7,并没有啊 我还做好了恐怖的准备呢,0,阳光光男孩,133067417
696,2016,12,7,"你找到了吗？？
",0,泪水染湿了衣角,315045394
697,2016,12,5,我是王海峰我喜欢孙燕姿,0,爱姿海,126397948
698,2016,12,4,炒作,0,过气戏子,124787371
699,2016,12,2,没有鬼声谢谢你啊,0,哀矜而勿喜,269734584
700,2016,12,2,我,0,終嚸i,307962895
701,2016,12,2,今天看了新闻来1分38秒找鬼声的有多少人来让我看看,4,苹果真好吃吧,127958137
702,2016,12,2,我和她在一起没多久，用我百分之百的真心去爱她，却没能真正的去理解她，爱护她，她说她想静静，我现在在火车上，听遍燕姿的歌，我以为我会哭，并没有，她没对我说再见的,1,__leave,123059648
703,2016,12,2,哈哈哈哈我也在找,0,阳光光男孩,133067417
704,2016,12,2,1分38秒至39秒的时候没有鬼声音啊！[怒],0,泪水染湿了衣角,315045394
705,2016,12,2,是时候，该转身就走,0,太阳底下0723,16072610
706,2016,11,30,姿迷抱紧我,1,很摇滚滴事,98010521
707,2016,11,30,如果说了半句再见呢？,0,Kepler-_-,300077987
708,2016,11,29,喜欢这首歌 打个卡,0,一道弯弯的抛物线,119823287
709,2016,11,29,你没对我说再见所以我没有走远,0,帐号已注销,124859943
710,2016,11,27,ಥ_ಥ,0,DawnRaven,78660379
711,2016,11,27,对啊...为什么最后那个孩子说了几遍“红包才两百多”红包两百很多了好吗！[呆],1,沉余,10058977
712,2016,11,26,身旁没你 地球失去重量,0,LLLLEOOO,276924637
713,2016,11,26,曾一起努力，曾一起相信。甜的苦的，剩个自回忆。,2,徐丨若木,246749232
714,2016,11,24,谁能告诉我歌曲最后那个孩子说的是什么话？这个已经困扰我很多年了。。。。。。。。。红包才200多？[呆],2,拉拉拉飞驰,61003016
715,2016,11,21,[亲亲][亲亲][亲亲],2,斗牛旅客,106922873
716,2016,11,20,"你没对我说再见
所以我没有走远",1,Xavier719,110741233
717,2016,11,13,你没对我说再见，所以我没有走远,1,qXz7x,45689724
718,2016,11,10,听这首歌就会想哭，很难唱的一首歌,1,Stefcat,108658558
719,2016,11,7,喜欢！,2,兮兮若沧海,117858250
720,2016,11,5,为什么听着好想哭...,3,Fat-帆,105886925
721,2016,11,5,评论太少 不科学,2,jinjoo_123,101625851
722,2016,11,3,哈哈，两大老爷们,1,__leave,123059648
723,2016,11,2,在一起在一起[憨笑],1,此世_Hermit,310003859
724,2016,11,1,那就在也不见,2,太阳底下0723,16072610
725,2016,10,29,如果ta说了再见呢？,1,Stephanie_禾西,70914766
726,2016,10,29,你没对我说再见，所以我没有走远。如果说了再见，是不是就可以一个人走了？,1,Stephanie_禾西,70914766
727,2016,10,29,我头像是紫霞[惊恐][惊恐][惊恐]哈哈哈,1,__leave,123059648
728,2016,10,29,我的QQ背景是至尊宝，QQ名称是leave[呆],1,ymlzasyz,133781720
729,2016,10,29,还好我还没leave呢，以后也不会走的[爱心],1,the1128thkepler,338089219
730,2016,10,27,九转十八弯,1,阴天乐,18713312
731,2016,10,19,❤️,1,回声4,12121689
732,2016,10,18,02年的夏季，我和王在高家复习功课，高的爱华音响放着燕姿的第五张卡带，那些个肆意的夜晚，我们一起听着燕姿的歌一起学习，一起玩了，转瞬间，高已经在成都定居几年了，而我跟王还是留在了本地，那年的燕姿，那年的仲夏，有她陪伴着我们一起长大，感谢燕姿，生命中不可或缺的一部分,2,想要忘却的记忆,249813336
733,2016,10,17,用leave作网名也有几个年头了，很喜欢很燕姿，现在很喜欢一个女生，什么事情都想着第一个和她分享，甜的苦的……,5,__leave,123059648
734,2016,10,13,我已无法分辨什么是冷门什么是热门 每一首歌都是一个回忆片段 都是我的青春宝藏,1,花椒吖好麻,9592890
735,2016,10,12,快乐却早已跟随着你leave leave,1,海绵1874,298588296
736,2016,10,9,确实，这歌里的那句转音太美～～～[亲亲],2,maki架依,119921291
737,2016,10,7,[亲亲][亲亲][亲亲],1,oliveryyyy,85625555
738,2016,10,7,那些潮湿的记忆里好像总有这首歌，时不时想起，总不能忘记,2,叮当叮当肉肉肉,339028088
739,2016,10,6,MV拍的也很好,1,江城出猎,315536215
740,2016,10,2,燕姿[星星],1,克卜勒上的雀斑女孩,272227296
741,2016,9,27,你没对我说再见，所以我没有走远,1,太阳底下0723,16072610
742,2016,9,27,leave leave leave 这首最爱之一,0,太阳底下0723,16072610
743,2016,9,26,旋律太神了,4,焦躁的木,52977934
744,2016,9,26,今天喝多了 突然想到这首歌,0,韩潇然,53956444
745,2016,9,26,尚好的青春都是你[亲亲],0,SparksFlyMe,16617893
746,2016,9,22,高一军训 夜夜听着这张专辑入睡……,1,悠然游然,38877139
747,2016,9,21,想到的人是你啊,1,帐号已注销,270305786
748,2016,9,18,每首都留言，都留言，留言，燕[晕],0,方圆已被注册,63103560
749,2016,9,18,所谓天生歌者,2,每个飞机都是为你打的,246850242
750,2016,9,13,带耳机。。反复听  在间奏里,0,熊熊烈菠萝,52434555
751,2016,9,13,嘿嘿我以为打篮球的呢,0,萝卜大神我,107404911
752,2016,9,13,郭敬明公司的安东尼,0,向往北方的日子和乐子,75903833
753,2016,9,13,哪个安东尼,0,萝卜大神我,107404911
754,2016,9,13,我这么美听到,0,萝卜大神我,107404911
755,2016,9,11,我等过人了，可我等你，你会牵我咩～,0,lee_future,104385530
756,2016,9,10,略带慵懒的转音，特别适合一个人坐在初秋的公园里，看黄叶飞舞，离开世界,0,童小童310,258268402
757,2016,9,4,2016年9月4号，星期天，上午8:52，躺在床上，彷徨，迷茫，恐惧，关于未来。,2,Oh-Jeff,127701932
758,2016,9,3,好听,0,止水旅人,130691149
759,2016,9,2,神袜巴扎嘿~,0,方圆已被注册,63103560
760,2016,9,1,结尾的小盆友的声音好像是《种》的开头啊！,1,孙燕姿的手,100429699
761,2016,9,1,这世界 没有地方永远都晴朗,1,孙燕姿的手,100429699
762,2016,8,31,这种风格也还是不错呢~,0,Melody在听吗,53066096
763,2016,8,30,好像没说再见呢,0,现实里的虚幻世界,129535332
764,2016,8,26,哀而不伤,1,爱冒险的姚先生,309944024
765,2016,8,22,耐听,0,强大的小明,287917064
766,2016,8,21,王晓利  你没对我说再见  我还在,0,OHHONEY1,97117878
767,2016,8,19,请问最后那个小孩说的什么，说的你把他两个耳朵听吗？？,0,忘不掉的明天r,101795664
768,2016,8,19,里面好多小孩说话,0,忘不掉的明天r,101795664
769,2016,8,19,这世界有没有地方，能永远都晴朗，没有倔强，爱不再让人受伤这几句歌词颇有感触[流泪],0,kepleradio,279594179
770,2016,8,15,你没对我说再见，所以我没有走远,1,汪-洋就是这样姿STE,94855607
771,2016,8,13,感觉很民谣[大笑],0,暮至明,94756999
772,2016,8,10,欢快下的坚强,0,姿乎者也,124110299
773,2016,8,7,你没对我说 再见,0,帐号已注销,3616642
774,2016,8,7,leave you and fly high!!![可爱],0,芬兰的孤岛鲸,115963271
775,2016,8,4,你的纠结，不安，反复。善良的犹豫。都闷在了心底。都成了过去。,0,査無玆人,134683437
776,2016,8,1,我多想能朝你方向 飞吧！飞吧！,1,Yui1122,267885216
777,2016,7,29,最后不是《种》的开头么,3,kepleradio,279594179
778,2016,7,27,[可爱],0,小哥太子晖,265197250
779,2016,7,24,午睡的时候迷迷糊糊 放到这首歌一下就清醒了 leave leave leave,0,江江Li,37883708
780,2016,7,23,十几年前，我也是个小土著,0,Dem_,104449907
781,2016,7,22,哈哈哈说得那么可爱,0,帐号已注销,3616642
782,2016,7,22,[钟情],0,帐号已注销,3616642
783,2016,7,19,毕业歌,0,小花妹妹的,66022762
784,2016,7,19,[亲亲],0,了不起的老人家,37782426
785,2016,7,16,默默打破250条评论,1,月光明珠万丈-,89635057
786,2016,7,14,发现好多孙燕姿的很多歌里面都有小土著在结尾浪笑,1,Dem_,104449907
787,2016,7,13,百听不厌的歌,0,兔兔-Ann,45729444
788,2016,7,11,独自开车时必听。,1,爱在斯德哥尔摩Stockholm,51485651
789,2016,7,9,[哀伤],0,王小虾不瞎,286509985
790,2016,7,7,[流泪],0,露桥闻笛,46936380
791,2016,7,6,明明很好听啊。。。(›´ω`‹ ),0,FAVORfever,58517772
792,2016,7,2,貌似说的是他的一个朋友最喜欢的孙燕姿的歌,2,海尔森林,40387736
793,2016,7,1,我日好听,1,石楠的荒原,92607144
794,2016,6,28,你没对我说再见  所以我没有走远。,0,WOOOOMwang,275225493
795,2016,6,27,不会刻意回避还爱你，念着念着却想哭泣。,0,甜一分苦九分ya,50669579
796,2016,6,26,[憨笑]棒棒的,0,我就是油饼,117741289
797,2016,6,26,安东尼在《陪安东尼度过漫长岁月》说这是他最爱的孙燕姿的歌,4,Russiabullshit,104953089
798,2016,6,23,不要相信呢个传言 没有谢谢你[怒],0,ImComingg,60940690
799,2016,6,23,根本没有……说听到的是何居心……,0,Citylight0608,131022046
800,2016,6,20,19:30,0,林守乐,55243746
801,2016,6,15,我也没走远,0,花爷的麻麻,247240157
802,2016,6,15,我爱你孙燕姿,0,所爱隔山海ttt,263524615
803,2016,6,15,你没对我说再见，所以我没有走远[可爱],0,陶子休,104659524
804,2016,6,13,leave的结尾是种的背景吗,1,Yyhaaa,1316673
805,2016,6,13,最后小男孩说的是红包才两百多？,0,sharming,7581356
806,2016,6,12,不是说 1分39秒还是多长时间的有 谢谢你吗？我怎么没听出来呢？？,3,六极之刃鬼刀,125528626
807,2016,6,12,1分39秒真的有  谢谢你啊  [惊恐][惊恐],0,熊熊烈菠萝,52434555
808,2016,6,12,真的有啊[惊恐][惊恐][惊恐],0,熊熊烈菠萝,52434555
809,2016,6,9,❤️,0,回声4,12121689
810,2016,6,9,十六周年，依然爱你 @孙燕姿 ,1,姿姿不倦,43678021
811,2016,6,2,带我leave😣,0,mmivan,103380352
812,2016,6,2,好棒[可爱],0,向往北方的日子和乐子,75903833
813,2016,6,2,真的,0,1只坤,119235077
814,2016,6,2,深夜回憶系列,0,钢铁之翼,57465690
815,2016,6,1,真的啊？！,0,向往北方的日子和乐子,75903833
816,2016,6,1,是嘛？安东尼真的也喜欢燕姿吗？我只知道书里有提到过,0,向往北方的日子和乐子,75903833
817,2016,5,31,不知为什么，这歌词听着总能让人想哭，这世界有没有地方能永远晴朗，没有倔强，爱不在让谁受伤。,127,黄鹂和白露,250222772
818,2016,5,31,突然好喜欢这首歌,0,Stefanie1995,45044255
819,2016,5,31,没听到啊,0,Emeans,127823945
820,2016,5,29,「只要不让我走，我就不会走喔」这首歌所说的。,0,明夕依,56964540
821,2016,5,27,"我還在這裡 等你帶我 leave～",0,lm_stef,258724583
822,2016,5,25,以前天天哼～,0,陶子休,104659524
823,2016,5,25,爱燕姿,0,期待在梦里相遇,123270729
824,2016,5,25,6.宠溺上天的时候，是否更能看清一起的决心？,0,xtxj22,9510655
825,2016,5,22,22:21,0,林守乐,55243746
826,2016,5,16,看着刺眼的阳光居然感到一丝凉意，因为，开空调了,0,懒懒的岚,472442
827,2016,5,15,对安东尼喜欢的歌,0,安东尼的尼,132597875
828,2016,5,14,不说再见,0,孙燕姿的锁骨,17714009
829,2016,5,7,这是打车去送你在某电台识出来的曲。在西客站送你，太阳刚升起来，暖暖的。没找到送客的椅子，于是我们在外面坐在球上，干净的地面，空旷旷。聊些有的没的。还有十五分钟，你要进去了。轻轻地道别。好朋友啊！转身走了几步就呜呜地哭了起来。分别很难啊！你要好好的。照顾好自己。好朋友啊,1,姜子锐,94069201
830,2016,5,7,安东尼最喜欢的歌。,0,1只坤,119235077
831,2016,5,7,当年超级喜欢这首的～,0,-山荷叶-,102326123
832,2016,5,6,你没对我说再见，所以我没有走远...2016年4月30晚镇江之夜,0,Stef小傻,95849389
833,2016,5,5,"leave leave leave
尼尼说这是孙燕姿的歌里他最喜欢的一首",0,Zemon_,116207887
834,2016,5,3,好怀念中学时代,0,BIG_Z,49192772
835,2016,5,3,这转音把我听的心里痒痒,0,酱油味酸梅汤,85900850
836,2016,5,3,作为一首老歌，直接把自己拉回了十几年前,0,swyzzh,125504634
837,2016,4,28,"阿B说的对，卑微不该过三次。
不想不念不思。
不说再见为何不能leave？",3,xtxj22,9510655
838,2016,4,27,真的好听。所以原谅我把一句听成了:“你妹对我说再见，所以我没有走远”[吐舌][吐舌][吐舌][吐舌],1,大坏羹,47160733
839,2016,4,26,飞吧，飞吧…leave…leave…leave…,0,阳光carrie仔,107258794
840,2016,4,26,❤️,1,回声4,12121689
841,2016,4,26,"车走走停停  路人潮拥挤
每次出去玩时都无限感慨",0,时光小偷拿走眼泪,135124975
842,2016,4,26,哪有哪有,0,么苏,120998820
843,2016,4,25,看到没到999的好歌就来撑起一个评论！,0,子木辛幸,43052731
844,2016,4,25,孙燕姿最喜欢的一张专辑,0,Mavis是双鱼的Mavis,121997318
845,2016,4,22,"LEAVE ,NEVER LEAVE.                                    你离开，你从来没有离开。                         [爱心]",62,日RiR,34566480
846,2016,4,17,"开心和不开心不过是一秒钟的距离。
话不投机。
冷。
我想要。
温暖的被窝，明媚的阳光，柔软的怀抱。",0,兔子的美梦_Allison,47806096
847,2016,4,14,你没对我说再见，所以我没有走远。,0,孙燕姿的锁骨,17714009
848,2016,4,12,下雨了 想听这首歌,0,一颗星两颗星三颗星四颗星,87561406
849,2016,4,11,可是下不了,0,没有什么比珍惜拥有更重要,51323846
850,2016,4,11,好听的不要不要的,0,没有什么比珍惜拥有更重要,51323846
851,2016,4,2,当初考研时偷出时间来跑去看演唱会，好怀念，特别喜欢这首歌。当时这首歌的伴舞还记得[色],2,OHHONEY1,97117878
852,2016,4,1,燕姿伴随着我整个青春 从初中开始到现在[流泪][流泪][流泪],2,echo11045,44545698
853,2016,3,31,全是高三的味道。[皱眉],0,李校尉,40378169
854,2016,3,30,突然听了这首歌，发现好符合自己现在的心情。一种想要leave的感觉，想要暂时离开，去躲避一下现在的生活，我现在也能明白为什么燕姿在发完七张专辑后想要休息，想要离开，其实我们都一样，有自己的情绪，离开不是为了逃避，是为了更好的调整，更好的面对。,1,黄鹂和白露,250222772
855,2016,3,29,每次伤心都会听，好舒服的,1,stefanie龙,8728294
856,2016,3,29,恰如其分 [哀伤],0,早点睡觉努力生活,40408639
857,2016,3,25,不是这首,0,十字街头29,84520410
858,2016,3,25,你听到了吗？,0,秦王游八极,100852332
859,2016,3,21,怎么就没人呢，我燕姿这么多好听的歌，首首都是好听的,0,GodShen2,249141698
860,2016,3,21,看老大的演唱会最喜欢的歌,0,星期一的红糖渣,40321555
861,2016,3,21,昨天哼了一天，都被嫌弃了，所以今天继续～,0,x_Hermosa,35133269
862,2016,3,21,昨天哼了一天，都被嫌弃了。所以今天继续～,0,x_Hermosa,35133269
863,2016,3,18,没听到啊！哪有谢谢你,0,小曲boy,252988657
864,2016,3,18,迷茫的时候总会找燕姿的歌来听，莫名的心安,2,yoyolandaaa,58768629
865,2016,3,16,💛,0,iamee,20651020
866,2016,3,16,这世界有没有地方，能永远都晴朗。[爱心],0,失眠的苏菲,48369143
867,2016,3,16,当然不是这首.在孙燕姿五月推出的最新专辑《Leave》中发现“鬼音”。在歌曲《我想》播放至一分三十八至三十九秒时，会听到一个女声说“谢谢你”。有歌迷爆料称听了很多遍，确定那声音不是燕姿的。这句鬼声可以很明显的听出是一成年女性。确实有“谢谢你”，不过并不吓人，声音还满温和的。,0,Stefanie_0419,250036480
868,2016,3,16,不是这首!!!在孙燕姿五月推出的最新专辑《Leave》中发现“鬼音”。在歌曲《我想》播放至一分三十八至三十九秒时，会听到一个女声说“谢谢你”。有歌迷爆料称听了很多遍，确定那声音不是燕姿的。这句鬼声可以很明显的听出是一成年女性。确实有“谢谢你”，不过并不吓人，声音还满温和的。,3,Stefanie_0419,250036480
869,2016,3,15,"你没对我说再见，
所以我没有走远。",1,我离开南京后不想讲话,123445448
870,2016,3,15,才想起还有<休止符>,0,RRprincess,246195487
871,2016,3,15,这张还是最爱这首,0,zzzzwpp,84338062
872,2016,3,7,居然这么少,0,十七朵阿飞,55448388
873,2016,3,6,燕姿三拍的歌不少，但是都很不错，leave的慵懒，未完成的调皮，愚人的国度的优美，时光小偷的随意，每一首都是三拍新高度啊,5,RRprincess,246195487
874,2016,3,5,签到,0,毕澄茄,126371652
875,2016,3,4,没说再见，我怎么走远,0,你的白痴Jerry,82740214
876,2016,3,4,飞吧飞吧,0,KQZCK,53672941
877,2016,3,1,超有味道的一首歌，听了十几年了，这专辑真是品质保证啊,9,RRprincess,246195487
878,2016,2,28,back to 2007,0,南瓜太太的先生,7007596
879,2016,2,28,leave~,0,哦珍妮花比尔斯,137203265
880,2016,2,23,你，不一定指的是人,0,totorodolami,48878578
881,2016,2,22,安东尼,0,一颗星两颗星三颗星四颗星,87561406
882,2016,2,15,leave leave leave,0,甜一分苦九分ya,50669579
883,2016,2,15,重新看了一次 陪Ⅰ  安东尼最喜欢的孙燕姿的歌,0,盒盒盒盒盒盒盒盒盒盒盒盒盒,12744001
884,2016,2,13,好听 后悔才听到这么好听的歌～循环了好多天也没有厌倦～很有味道的一首歌,2,鲵牁,79493027
885,2016,2,12,你没对我说再见 所以我没有走远,0,由唱到听,117439976
886,2016,2,12,你没有对我说再见，所以我没有走远，当年这使我对分开的女友，，，等[大哭],0,Chigga_yuan,78497725
887,2016,2,6,初中听到现在[憨笑],1,soul_星,90972561
888,2016,2,6,你没对我说再见 所以我没有走远,0,枫落柠,37255075
889,2016,2,4,好听的歌，华丽的转音，稀少的评论。,0,北见北斗,119927999
890,2016,2,4,竟然没什么评论👊,0,ballllllllllllll,120478063
891,2016,2,4,leave~leave~leave~,0,ballllllllllllll,120478063
892,2016,2,4,[亲亲],0,澜本姿语,76707783
893,2016,2,3,我多想能朝你方向，飞吧飞吧飞吧,0,Mrs-Fish,20551432
894,2016,2,2,[强],0,湖人死忠,7776579
895,2016,2,2,这张专辑里最喜欢的一首歌！你没对我说，要我离去，我还在这里等你,0,小黑胖,2343237
896,2016,1,27,小时候为没有选择而忿忿，现在不时觉得别无选择倒省心。,0,你白里透香,82577444
897,2016,1,27,我姿(｡･ω･｡)ﾉ♡,1,少女自重阿,44116082
898,2016,1,27,等你等得忘了时间,0,赵大白向前走,32146405
899,2016,1,26,好吧我是被男伴唱吸引过来的,0,Calliestef,56866218
900,2016,1,26,好听,0,鲵牁,79493027
901,2016,1,26,这首歌评论好少,0,懒散的小孩,116525996
902,2016,1,25,好适合当小清新类型青春电影插曲[呆]满满的回忆涌上心头,0,香瓜与冬瓜,59584865
903,2016,1,24,leave，听了几遍简直迷上了，慵懒[呆],0,readonlyFile,96915879
904,2016,1,21,单曲循环最久的歌,0,qXz7x,45689724
905,2016,1,20,没听到啊,0,用尽生命_向你靠近,121135032
906,2016,1,19,怎么听里面有古筝……,0,爱喝伊利,44669133
907,2016,1,19,等待你等得 忘了时间,0,卷积赫敏,77600286
908,2016,1,15,打卡,0,美好的雀斑,113276650
909,2016,1,14,124,0,Halo_Stefanie,44758870
910,2016,1,13,你们都不理我会让我觉得只有我听到了[惊恐],0,那个米饭,8910787
911,2016,1,11,不是因为什么演唱技巧，单纯的喜欢这个调调😌,0,几个家明,38401441
912,2016,1,8,你没对我说  要我离去  我还在这里等你带我leave leave leave,0,麦田里的kakashi,70417399
913,2016,1,7,如此好听的音乐不点赞！,1,KK_bill,121158610
914,2016,1,6,结尾小孩说的ximodajiahei是什么意思啊  《种》里边也有,0,麦可罗,9603650
915,2016,1,6,这是哪里传出来的啊 《我想》那首也有评论说这个梗,1,麦可罗,9603650
916,2016,1,6,1分32秒开始的男声 销魂的不要不要的,0,麦可罗,9603650
917,2016,1,5,谁说这张专辑只有雨天！,2,孙燕姿你是光芒果,77464742
918,2016,1,3,并没有呀,0,飞花月半张,52263977
919,2016,1,2,[亲亲],0,黑暗骑士-TDKR,37793064
920,2016,1,2,💚,0,zee噢噢,116915285
921,2015,12,25,好多年没听了 熟悉的感觉,0,冰冻酒,83388695
922,2015,12,23,[强],1,湖人死忠,7776579
923,2015,12,21,nite,0,但丁必须死,52320116
924,2015,12,17,"你没对我说 要我离去
我还在这里 等你带我
Leave ~ Leave
  我等你[爱心]",1,守候ll,33558127
925,2015,12,13,转音中有一种叫做真假音转换,7,Halo_Stefanie,44758870
926,2015,12,13,我多想能朝你方向飞吧[憨笑],0,孙燕姿的粉丝,36733053
927,2015,12,11,转毛线啊，又不是唱r&b，那叫真假声转换。唉,0,生死与共嗜元兽,49833605
928,2015,11,24,来,0,旧精魂,83013118
929,2015,11,24,表示没听出啦,0,旧精魂,83013118
930,2015,11,16,很好听,0,忘不掉的明天r,101795664
931,2015,11,15,能~永~远~都~晴~朗~[大哭],0,失眠的苏菲,48369143
932,2015,11,12,他在骗人,0,孙燕姿的嘴,53748727
933,2015,11,10,然而我没有听到诡异的谢谢你。。。,0,SUPERDANNI-,51322045
934,2015,11,10,这世界能不能有地方永远都晴朗～leave～leave～leave,0,阿西阿西--,102512976
935,2015,11,9,lleave评论这么点儿[呆],1,我妈不给我养猪,93519089
936,2015,11,2,楼上说有谢谢的，为何我听不到[大哭],0,梵寺6,95354686
937,2015,10,22,1,0,霓虹怪盗A,70360468
938,2015,10,20,你没对我说再见，所以我没有走远,0,MCSAlonso,35235052
939,2015,10,16,小学5年级开始听到现在,1,山有服舒,64850638
940,2015,10,13,第一次听，已经是12年前。多少人没说再见就离去，唯一惋惜的还是她,0,Steamer-,37195129
941,2015,10,12,意境,0,mubebe,94798752
942,2015,10,9,不是这首歌 是 leave 这张专辑里的 《我想》这首歌,0,熊熊烈菠萝,52434555
943,2015,10,9,不是这首歌 是 leave 这张专辑里的 《我想》这首歌,1,熊熊烈菠萝,52434555
944,2015,10,7,看了演唱会才爱上这首的[奸笑],0,A-Seventee,17887467
945,2015,10,5,你没有对我说再见，所以我没有走远..,0,不爱孙燕姿,513073
946,2015,9,28,没听见,0,MR俊杰007,9018418
947,2015,9,27,很认真听还是没听到,0,Heyheyxfy,45158791
948,2015,9,27,然而我并没有听到……,0,王衎为,80774013
949,2015,9,26,我也是,2,Heyheyxfy,45158791
950,2015,9,25,我是善良的[大哭],0,莫孱孱,73825491
951,2015,9,21,听的很难过。会想念经历过的所有好的坏的。都要说再见。,1,_pppp,34443037
952,2015,9,20,轮指~,0,方寸思,81391329
953,2015,9,20,[强],0,湖人死忠,7776579
954,2015,9,18,"一切都像个梦，我也在夜里哭泣。一想便哭，便不敢想.相片里有一段视频，是在大梅沙，那天后我看过一次，我不敢看你 ，不敢听声音，我哭到不能停止。
",0,minuted,47584888
955,2015,9,17,。。,0,湖人死忠,7776579
956,2015,9,14,燕姿晚安！,0,大英帝国五连发,44598564
957,2015,9,10,特想我家李伟[亲亲],1,你的含蓄妹妹呀,15792666
958,2015,9,10,今天一醒来脑子里就蹦出了这首歌的旋律，多少人来了又走变成了回忆，或许只有伤的越深的人才记得越深刻。。。,1,夏小泽Lucas,44916611
959,2015,9,8,甜的苦的，剩各自回忆。,0,威武兔兔斯基,372212
960,2015,9,7,令人心痛的转音，以及虐心的歌词。。。评论好少啊,1,2015克卜勒,40866198
961,2015,9,4,燕姿 我不跟你说再见厚 所以要常出来唱歌[呲牙],0,孙燕姿kepler_,74997392
962,2015,9,1,昨天开车回家广播里传来的。,0,dlqingxi,69304496
963,2015,8,29,[呆][呆][亲亲][亲亲],0,闪泥啦啦啦,88079495
964,2015,8,26,超爱手风琴伴奏,0,姿言薇语,1514035
965,2015,8,25,燕姿晚安！,0,大英帝国五连发,44598564
966,2015,8,19,燕姿！燕姿！,0,用户41965267,41965267
967,2015,8,12,"听说在1分38到1分39会有诡异的""谢谢你""，我急忙赶来听～",28,王衎为,80774013
968,2015,8,7,yanziyanzi.,0,帐号已注销,44991129
969,2015,8,7,一首在手机里三年没删的歌,0,Rakiiiiiiiii,53024485
970,2015,8,6,感觉活得毫无存在感😥 ,0,Samsara_Manda,56114743
971,2015,7,29,最爱[亲亲],0,大Jettttt,70883214
972,2015,7,22,等待你等的忘了时间,0,MR俊杰007,9018418
973,2015,7,18,辣么耐听看来真没几个人听  飞吧飞吧~,2,Yx丶mmmmmmmmmmmmmm,59236064
974,2015,7,15,爱姿病越来越严重了,0,举个西木,60673274
975,2015,7,8,Single repeat,0,chentaonight,1190116
976,2015,7,6,好棒！,0,远行的节拍,12611935
977,2015,7,6,天津有去[流泪],0,Jonny1120,31156342
978,2015,7,6,[可爱]14年的那几场都有唱,0,姚大白,268625
979,2015,7,6,为什么不是99+[怒],1,张村长如我,56544622
980,2015,7,1,我不会刻意回避,0,卷积赫敏,77600286
981,2015,7,1,很喜欢的一首歌  原来这么小众,0,7leave,41611268
982,2015,6,30,连着三声“我们毕业了”从对面传来。明年今日，我们又是怎样一番情景。我想我那么怂 只能发挥我嗜睡特性 一直睡到大家都走吧，要不就早早第一个 悄悄锁门 轻轻抹泪 离去吧。,0,一颗硬糖果,72317709
983,2015,6,28,627大连没唱[流泪]，只是放了段CD版本的，也很满足了,1,Jonny1120,31156342
984,2015,6,28,[口罩],0,背了个影,26852587
985,2015,6,26,評論太少 不科學,1,大脸笨笨熊,8061428
986,2015,6,25,单曲循环不要太多天[亲]。。。。,2,小喵酱酱0,60722003
987,2015,6,9,今天躺了两个多小时就是不要睡，是不是晚上照镜子被附身了啊 才发现RUC_W2的小号不止一个🌙☁🎵👻,1,不知今夕何夕,46848056
988,2015,6,6,刚发现这首歌，好棒！,0,梵蒂冈的呐喊,19562584
989,2015,5,30,这世界有没有地方，能永远的晴朗。。。。你没对我说再见，所以我没有走远[爱心][爱心]晚安。,0,s_elover,14266912
990,2015,5,30,。,0,突TimeTraveler,8941752
991,2015,5,27,背景音里说的是 荷包蛋卖两块五 吗[呆],0,那个米饭,8910787
992,2015,5,8,我怎么没听到灵异,0,TTian湉,48705052
993,2015,5,4,你想多了,0,MR俊杰007,9018418
994,2015,5,3,不是这首，是《我想》,0,本质的白酱,258087
995,2015,5,3,1分38[惊恐]拿好不谢[惊恐],0,eesxya,34958838
996,2015,5,1,听说这是灵异歌，一分三十几秒的时候吓死我了…………[惊恐][惊恐][惊恐],0,澈灵13,63634497
997,2015,4,29,车走走停停 路人潮拥挤,1,Soddy_Z,44097179
998,2015,4,29,孙燕姿怎么还不出专辑,0,七月微风正好,54600044
999,2015,4,10,等待你等得忘了时间,2,changing_在路上,35365900
1000,2015,4,3,Leave整个一专各种炫技啊，可惜没入围金曲奖,85,Jonny1120,31156342
1001,2015,3,16,转音最严重的一首歌是雨天，长了就感觉了,1,霓虹欧尼,33265506
1002,2015,3,7,这世界有没有地方，能永远都晴朗，没有倔强，爱不再让谁受伤,110,说放弃要放哪里,9683208
1003,2015,3,2,燕姿所有歌中，我心中的top10,2,EyesOnLi,18319649
1004,2015,3,1,坐上离家的列车，开始返校的路程～再见了，寒假君[流泪][流泪],0,Sunshine-Miss-lin,31867249
1005,2015,2,26,歌词写的好。,0,Enzo桉树,45171444
1006,2015,2,17,哦哦,0,小自由zn,41076493
1007,2015,2,17,不是这首歌  是这张专辑的  我想  这首歌,0,熊熊烈菠萝,52434555
1008,2015,2,11,[皱眉],0,疯狂海龟,18647619
1009,2015,2,10,我也没听出来,0,每天爱你多一点点,18875452
1010,2015,2,6,真的没听出来这个灵异事件啊    没听出来,0,小自由zn,41076493
1011,2015,2,5,燕姿的每一首歌都赞,0,伊巴斯典,42166429
1012,2015,2,5,[猫][猫][猫],0,丨风的记忆,37847839
1013,2015,1,12,你没对我说再见，所以我没有走远,249,姿姿不倦,43678021
1014,2014,12,12,Leave~Leave~Leave~[可爱][可爱],0,一只不完美的海星,3241795
1015,2014,10,13,我不会刻意回避还爱你，念着念着却想哭泣，这世界有没有地方能永远都晴朗，没有倔强爱不再让谁受伤,1,七小乐,39282693
1016,2014,10,9,丧心病狂的转音[亲亲],436,Jonny1120,31156342
1017,2014,10,6,[爱心][爱心][爱心],0,Sharon667,6787084
1018,2014,9,18,leave,0,所有人问摩西,30074422
1019,2014,9,16,“这世界有没有地方 能永远都晴朗 没有倔强 爱不再让谁受伤”,0,兔子小姐爱森活,3845328
1020,2014,9,8,「等你带我 leave～」那些你的好声音，给不完的赞，晚安,2,dudududadidei,524413
1021,2014,8,19,老歌一首 送给自己好咯~,0,用户16844763,16844763
1022,2014,6,11,期末考试 至少过一科好吗？,1,蚊香蝌蚪,747221
1023,2014,6,4,嗯嗯~是这首歌~~,0,3Qnancy,18761904
1024,2014,5,11,过往画面让心在下雨 我不会刻意回避还爱你 念着念着却想哭泣 这世界有没有地方 能永远都晴朗 没有倔强 爱不再让谁受伤 身旁没你　地球失去重量 我多想能朝你方向飞吧　飞吧 你没对我说再见 所以我没有走远 等待你等得 忘了时间 快乐却早已跟随着你#每日催泪歌词#,1,烤堡,16694854
1025,2014,4,10,[星星],0,丼眠,3418384
1026,2014,1,1,在机场接到父母的电话，叮嘱他们要注意身体。老爸说让我别担心他，让我好好工作。然后我又给害到我离开武汉的老师发了新年问候!谢谢一切的情感!#星波来虎#,1,何小P,134472
1027,2013,10,27,曾一起努力 曾一起相信~甜的苦的 剩各自回忆~,0,Fredasyd,1251476
1028,2013,10,10,没听出来，只有个男声在 依依～,0,夜遊人,222067
1029,2013,8,22,来来来~ 继续~！孙燕姿的《Leave》有歌迷表示在1分38秒至39秒的时候，会有一句相当清楚“谢谢你”跑出来。,0,请回答_音乐漂流评,48132
