index,year,month,day,content,likecount,nickname,user_id
1,2019,11,11,vino是啥意思，怎么莫文蔚也有一首叫vino的歌,0,巴拉巴老腊肉,255300958
2,2019,9,28,俺又来啦！,0,也不是猪只打呼,355734135
3,2019,9,28,真好听听听啊啊啊啊,0,也不是猪只打呼,355734135
4,2019,9,21,这首好可爱！,0,彩虹金刚刚刚刚,1401962569
5,2019,9,18,就说没听过，原来大陆版没收录,2,Heeenk,9433780
6,2019,9,13,啊啊啊啊啊啊啊啊a,0,也不是猪只打呼,355734135
7,2019,9,13,这也太好听辽,1,也不是猪只打呼,355734135
8,2019,9,13,呜呜呜这是啥宝藏,1,也不是猪只打呼,355734135
9,2019,9,7,这首在台版专辑，大陆是未知的精彩,0,气场太弱,115128568
10,2019,8,30,我买的是假专辑吗，怎么没听过[大哭],1,Linuxchen,279751935
11,2019,8,8,"哈哈哈哈哈，我姿太可爱了
ｸﾞｯ!(๑•̀ㅂ•́)و✧",0,将军领,387504811
12,2019,8,7,哈哈哈哈哈哈哈哈哈原来是广告，就说我想半天vino在这里是什么意思,0,漂浮群岛et_moi,101098936
13,2019,8,7,打卡,0,孙燕姿丶,1813871469
14,2019,8,6,广告曲✌,0,我很鱼块,125768521
15,2019,8,1,内地版没收录这首歌,0,Bluebird1234,415517666
16,2019,7,23,姿瘾犯了哈哈哈,0,Durrat,61051105
17,2019,7,17,天呐我没听过！！！,1,fortpoi,124239758
18,2019,7,12,卡,0,Chertime,83946830
19,2019,7,10,好听,0,姿家人,263952201
20,2019,7,7,雅马哈vino摩托车的广告曲,1,RainbowAfterTheRain,59825347
21,2019,7,7,我竟然没听过这首,0,RainbowAfterTheRain,59825347
22,2019,7,1,还挺好听呀,0,kehongkh,327339341
23,2019,6,9,"内地版本没收录这首歌",0,USK快快发歌,251076020
24,2019,5,25,可能中了孙燕姿的毒，广告曲都觉得好听。。,2,mathroccck,321013777
25,2019,5,7,这里怎么没人?,0,克卜勒的风衣,590298867
26,2019,4,25,你这首歌为什么吸不到评论,2,小懒男121,607826579
27,2019,3,30,我的专辑里…没有这一首？,3,怪噜洋芋,7754324
28,2019,3,18,"vinovino let's go yiyayiya,～可爱爆炸",2,佐大战,2487621
29,2019,3,11,当年我妈送我上学下学一定要在车里放的,5,三位疏,41558056
30,2019,3,3,我找到宝藏了,0,全黑噢耶,304720287
31,2019,2,18,应该是一个电动车的牌子,0,李大眼儿er,265707791
32,2019,2,17,没记错的话这首好像是某个广告曲。,1,Nembutal,285968582
33,2019,2,12,我勒个去，你自己没写清楚。我评论也没说什么过分的话。这就生气？,4,s1ck1000,1471605268
34,2019,2,12,13年的姿迷，不是2013年。谁规定每首都要听完？？？你看不懂别瞎评论,0,未央mmmmmmmn,97961009
35,2019,2,10,可怕，,0,s1ck1000,1471605268
36,2019,2,10,vino是什么意思..,0,s1ck1000,1471605268
37,2019,2,10,[惶恐]这个真冷门，13年都没听过这个,0,未央mmmmmmmn,97961009
38,2019,1,23,这首歌的评论少得不正常,1,大吉大利宝宝,545189629
39,2019,1,3,VinoVino别理周阴中,7,Vaults,297210873
40,2019,1,2, 开心,1,孙燕姿的小迷妹啊,327977684
41,2019,1,2,买的衣服终于发货了 开心。,1,孙燕姿的小迷妹啊,327977684
42,2019,1,2,希望2019 燕姿和 姿迷都开开心心， 如愿以偿。 ,3,孙燕姿的小迷妹啊,327977684
43,2018,12,23,嘟噜噜噜~所有听燕姿的人都要心情好呀！,5,燕姿小迷妹_yanzi,1342726442
44,2018,12,21,燕姿的歌不能没有了,0,爱听音乐的果砸,429655736
45,2018,12,3,回顾,1,桃太郎了了,590041986
46,2018,11,29,很好听啊！为啥没什么评论！,0,坂田乔治丶,290180072
47,2018,11,26,我居然对这个没印象了，这张我明明买了正版CD啊啊啊啊,3,snsd--,123692741
48,2018,11,24, 这歌越听越有意思的,0,孙燕姿的小迷妹啊,327977684
49,2018,11,24, 66666,0,孙燕姿的小迷妹啊,327977684
50,2018,11,21,我竟然没听过这首,0,伶伶伶呀,532777766
51,2018,11,16,燕姿陪我去兜风 [大笑],0,高力丰,309630104
52,2018,11,10,前奏一响，好心情就来了,0,PepGuardiola,41411648
53,2018,11,9,2018.11.9回顾孙燕姿专辑,0,念舊的峰,49351360
54,2018,10,24, 这个比较冷哦~ 我来暖暖呀。 ,1,孙燕姿的小迷妹啊,327977684
55,2018,10,7,[呲牙],0,鄒爸比,85768778
56,2018,9,5,好了我知道了啦，别壁咚了，stop![呲牙],0,SBLACKROCK,314601123
57,2018,8,7,(*´∀`)~♥,0,林34,400839327
58,2018,8,3,👏🏻,0,_诗芊,81037679
59,2018,6,18,十几年前我买过这张专辑的磁带。。。当时嗨的不行,1,无敌嗨嗨兔,135653684
60,2018,6,9,[呲牙],0,鄒爸比,85768778
61,2018,6,5,国内好像不少厂家都山寨过雅马哈vino吧,0,东风HondaCIVIC,423269465
62,2018,5,22,广告歌,0,辉仔Huiman,92679814
63,2018,4,24,留下美好，精彩内容[呲牙],1,Ro1030,90652954
64,2018,4,24,夏天最适合去海边兜风！！！谁带我去兜个风哈哈哈,2,Ro1030,90652954
65,2018,4,6,开心的时候笑到肚子痛，这倒是真的[大哭],2,33轉的LP,630862795
66,2018,3,12,哦莫 随便一个广告曲都可以好听这样,4,可皮老李,56646970
67,2018,3,1,我们去兜风加速带我走！！！,2,过往云烟视而不见,305289320
68,2018,3,1,开学前写作业打卡,1,过往云烟视而不见,305289320
69,2018,2,26,烦恼的时候一起发疯,0,不会吃腻的饼干,60881014
70,2018,2,18,去兜风兜风，听飘了[惊恐][惊恐][惊恐],1,stef流年,1367583538
71,2018,2,7,孙燕姿唱歌怎么那么好听...,1,煜清水,484757787
72,2018,2,4,vino vino yanzi我们去兜风,5,姿迷Kepler,62776498
73,2018,1,28,任何曲风都能驾驭,1,王金1711,632842409
74,2018,1,28,广告歌都这么好听[可爱][哀伤],0,王金1711,632842409
75,2017,12,9,很喜欢这首轻松的歌[呲牙],1,陳葰峯,334988095
76,2017,11,27,实话讲，喜欢燕姿那么多年了，第一次听这首歌。这么好听居然没红[大哭],0,凌晨Jce,115773497
77,2017,11,21,mv是在青岛拍的，我的电马儿是vino同（dao）款（ban）,1,PPoooo,31509584
78,2017,11,19,vinovino,0,LWP丶Yy,134715484
79,2017,10,25,正版磁带没听过这首歌[汗][汗],1,傻子-笨蛋,1331490
80,2017,10,25,(๑•̀ㅂ•́)و✧好有感觉,0,搞笑不是笑,344634116
81,2017,10,14,最想代言什么：房子！车子！——孙燕姿 @ 71题快问快答,46,dis-play,132802796
82,2017,9,28,机车广告哈，当年实在买不到这车，大陆没有,1,豫西小天王,594110291
83,2017,9,23,广告歌,0,寒拾泉,334582186
84,2017,9,5,[爱心],0,o0-listener-0o,131095397
85,2017,8,28,越来越觉得这首歌有感觉了。,0,雨殇HV,73353857
86,2017,8,28,vino vino,1,雨殇HV,73353857
87,2017,8,9,为什么我的盗版怎么有这歌,0,凹里佛尔,124202785
88,2017,8,7,[星星],3,Kepler-3,378301025
89,2017,7,14,內地引進和台版不一樣,2,荡荡一隅清,337498403
90,2017,7,10,爱姿,3,姿意燕为,263726012
91,2017,7,7,好像是代言唱的,1,如这这,535454807
92,2017,7,4,爱姿,2,姿意燕为,263726012
93,2017,6,28,爱姿,3,姿意燕为,263726012
94,2017,6,27,一晚上把没听过的燕姿的歌都听完🙈,2,Suemaner,100826473
95,2017,6,21,不是。内地版的卡带和CD都没引进这首歌。,1,熊熊烈菠萝,52434555
96,2017,6,20,爱姿,2,姿意燕为,263726012
97,2017,6,17,第一次知道这专辑有这首歌！高三时省了好久20块买的磁带是盗版？！,2,玛蔻芮,15597677
98,2017,6,13,"能听到这都是真爱
",1,Alice_13_Cat,45156992
99,2017,6,9,vino vino,0,我是anna_anna是我,90870647
100,2017,5,31,想要走遍世界每个角落,2,QW1K,96765923
101,2017,5,30,[奸笑],1,凌晨三点不睡觉的雨果,120801740
102,2017,5,30,手动踩爪印，端午燕姿专辑一日游,1,凌晨三点不睡觉的雨果,120801740
103,2017,5,30,失眠,1,气氛来了就要醉,308485041
104,2017,5,29,联通彩铃来的赞我[大哭],1,GoldRuby,254706081
105,2017,5,27,爱姿,2,姿意燕为,263726012
106,2017,5,25,开心的时候笑到肚子痛，因为有你。,1,孽愆愆,3068164
107,2017,5,25,爱姿,2,姿意燕为,263726012
108,2017,5,24,I m not alone,2,结菜,57780277
109,2017,5,21,听了莫名心情好,2,气氛来了就要醉,308485041
110,2017,5,21,怎么会有这个功能,2,气氛来了就要醉,308485041
111,2017,5,21,[钻石],1,过往云烟视而不见,305289320
112,2017,5,21,@xinshengyu 有姿迷的地方就有我[流泪],0,过往云烟视而不见,305289320
113,2017,5,17,不，我就要女朋友,0,帐号已注销,49752994
114,2017,5,17,日常打卡，能听到这儿的都是铁杆姿迷了。,2,跳舞的克卜勒,122786310
115,2017,5,16,哈哈哈哈,0,其实你不知道fly,77380084
116,2017,5,16,你需要男朋友,0,其实你不知道fly,77380084
117,2017,5,12,爱姿,2,姿意燕为,263726012
118,2017,5,5,我的天啊，我竟然是第一次听到这首孙燕姿的歌，妄称姿迷,0,拉风老年_,68648173
119,2017,5,3,你在几首歌里发了[大哭],1,yaoyaoyinzhu,53691319
120,2017,5,2,哈哈哈哈,0,一样夏天,290200252
121,2017,5,2,女姿迷，你们好！我是男姿迷，单身！！！,2,帐号已注销,49752994
122,2017,4,8,广告歌都这么好听,0,寒拾泉,334582186
123,2017,4,4,vino vino,0,明天晴天--,37329385
124,2017,4,1,听这首的姿迷也都是爱得深[憨笑],2,蹇容,313819253
125,2017,3,28,听燕姿的歌可以让人重返青春，活力四射，vino，vino,0,eviory5,124962332
126,2017,3,25,Vino Vino 我们去兜兜风,0,飞跃东南海,409885845
127,2017,3,23,孙,1,气氛来了就要醉,308485041
128,2017,3,23,爱,1,气氛来了就要醉,308485041
129,2017,3,23,我,1,气氛来了就要醉,308485041
130,2017,3,22,:),0,luuuxu,2671213
131,2017,3,10,没有你怎么够,0,海绵1874,298588296
132,2017,3,9,有燕姿的地方就有我,1,气氛来了就要醉,308485041
133,2017,3,5,22:27,0,林守乐,55243746
134,2017,3,4,表白孙燕姿,0,账号还是注销吧,17481219
135,2017,2,15,广告曲,0,8宝稀饭oO为未来奋斗为明天努力,96577619
136,2017,2,13,被发现了[开心],0,NBA名宿艾弗森,264049003
137,2017,2,13,确实,0,风中拾遗,283224068
138,2017,2,3,我们去兜风,0,going_up_stef,372536854
139,2017,1,19,不该呀，虽然是首广告歌，但是当年被let's go yiyaya给魔性的反复听了一整年,0,全都是重复名字,80844862
140,2017,1,6,没啊 最多KTV 哈哈哈,0,闪泥啦啦啦,88079495
141,2017,1,5,你是不是唱过[奸笑],0,雅迪小电驴丶,374863804
142,2017,1,4,爱姿,1,姿意燕为,263726012
143,2017,1,3,爱姿,1,姿意燕为,263726012
144,2016,12,27,爱姿,2,姿意燕为,263726012
145,2016,12,14,🐉🐲我不是一条龙,1,TNIsy,63130748
146,2016,12,13,爱姿,1,姿意燕为,263726012
147,2016,12,5,爱姿,1,姿意燕为,263726012
148,2016,11,29,[强],3,帐号已注销,124859943
149,2016,11,17,勇气加满,1,whocaress,249375423
150,2016,11,16,❤️姿,1,双鱼座爱燕姿,130390823
151,2016,11,5,阴天晴天 都是一天～,1,呼噜呼噜瓢呀吓不着,42595294
152,2016,10,31,有些歌我的确是不太熟悉的 然而都会唱,1,结菜,57780277
153,2016,10,30,爱姿,1,姿意燕为,263726012
154,2016,10,16,～～～大步的走，走遍世界每个角落,1,柏额维卡,133146726
155,2016,10,7,u've stolen my heart,2,Islandofcyril,48634536
156,2016,10,6,不算惊艳 但听起来也很舒服 燕姿的声线就是能把简单的歌词和旋律唱的更有味道[爱心][爱心],4,江城出猎,315536215
157,2016,9,30,[爱心],1,雨陨,31875806
158,2016,9,17,爱姿,3,姿意燕为,263726012
159,2016,9,8,爱姿,3,姿意燕为,263726012
160,2016,9,4,爱姿,2,姿意燕为,263726012
161,2016,8,27,评论好少,0,永远JM,255241286
162,2016,8,19,这歌是有点……哈哈,0,忘不掉的明天r,101795664
163,2016,8,18,哈哈看到评论这么少为什么好欣慰[呲牙],0,兵马啊桶,122294583
164,2016,8,12,终于又找到了这首歌,0,苏三伞,111844957
165,2016,8,8,感觉很熟悉啊,0,苏三伞,111844957
166,2016,7,29,一副好嗓子，纵横音乐界[大笑],3,syz19780723,286808908
167,2016,7,17,hey,0,活如花火,54210506
168,2016,7,6,同城诶，难得一见啊,0,NBA名宿艾弗森,264049003
169,2016,7,6,这首真没听过诶！跟我自创品牌Vimo只差一个字母呀[呲牙],0,是小27吖,106458515
170,2016,7,5,[大哭],2,背了个影,26852587
171,2016,7,1,我是王海峰我喜欢孙燕姿,3,爱姿海,126397948
172,2016,6,27,还有谁！,0,举起手来跟我一起摇摆,78132797
173,2016,6,15,我当年也没有听到这首歌[流泪],0,gieva,40232460
174,2016,6,10,还好我是安专辑下的，所以都有,0,尚好的遇见,108856810
175,2016,6,5,你好呀孙燕姿,1,帐号已注销,124859943
176,2016,5,29,今天看到有人说这首歌了,1,爱吃蔬菜的土豆,76303669
177,2016,5,28,刚看完vino的见面会，里面还有三个燕姿的日本粉丝[呲牙],2,北极之狐,18473968
178,2016,5,28,这是雅马哈vino机车的广告曲[亲亲],0,北极之狐,18473968
179,2016,5,20,这首歌大陆版的专辑里并没有 发现的时候吓得我单曲循环了一个星期,6,_深白色_,59098738
180,2016,4,26,可怕[大哭],1,雨陨,31875806
181,2016,4,17,@矮油_小怪兽 ,0,MyBackisTurnedOnYou,60278770
182,2016,4,12,咕叽咕叽,0,Halo_Stefanie,44758870
183,2016,4,2,竟然还有一首没听过的..,4,Polystyreneman,11012404
184,2016,3,27,这首歌隐藏的太深了,2,欣小尉,57078833
185,2016,3,17,为什么当年我有听这首呢。又骄傲了一把,4,马里奥网易,112327104
186,2016,3,15,+1,0,该姓名已占用换个试试,36151483
187,2016,3,8,燕姿的声音在这首歌里很可爱！,3,丐丐龙,61471970
188,2016,3,7,这是广告歌曲 没听过也有可能,0,_lizzy_egg,114338865
189,2016,3,6,Let's Vino 姨呀姨呀[可爱][憨笑][爱心],1,守候ll,33558127
190,2016,2,14,[便便],0,孙燕姿kepler_,74997392
191,2016,2,12,[大哭]怎么会有我没听过的老歌出现,0,冰镇番茄,84753531
192,2016,2,4,我竟然没听过这首歌，不应该啊,0,番薯跳海海蓝蓝,101039567
193,2016,1,30,这歌大陆版没收录，不知道为什么，好像也没什么违禁的。可能是这款车在大陆没销售吧。但是每次上高速之前一定要听这首歌，特别是后面一段，简直不能再6。,3,海东青_vach,55879681
194,2016,1,29,vinovino,0,甜一分苦九分ya,50669579
195,2016,1,20,💃,1,孙燕姿的锁骨,17714009
196,2016,1,17,"最后一段副歌好燃
",0,吃完又饿了,43114042
197,2016,1,13,你的是盗版的,0,是螺纹呀,59982102
198,2016,1,5,哈哈哈哈红红火火恍恍惚惚,0,闪泥啦啦啦,88079495
199,2015,12,26,广告歌,0,花椒吖好麻,9592890
200,2015,12,1,为毛我专辑里没这歌[呆]不是附赠歌曲么[呆]没赠我[流泪],0,爱姿病晚期,107732911
201,2015,11,20,可爱vino（≧∇≦）,0,加勒比斯基,30545471
202,2015,11,18,好想嫁给她 [憨笑],0,Mihiro,59489235
203,2015,10,31,[憨笑][憨笑],1,Stef-木魚,70036533
204,2015,10,16,燕姿晚安！,0,大英帝国五连发,44598564
205,2015,10,10,阴天晴天，都是一天。[大笑],1,雷先森melo,6937894
206,2015,9,11,新歌！！！,0,系嘛哒,46831159
207,2015,9,10,新歌一首[大哭][大哭][大哭],1,大西几,32424328
208,2015,9,2,确实！,1,用户41965267,41965267
209,2015,8,29,也就燕姿能hold住 要别人唱容易low[大哭],106,闪泥啦啦啦,88079495
210,2015,8,20,好可爱vino vino 像那种有Q版人物的手游感觉,2,霹雳音乐博物馆,64199518
211,2015,8,19,咩,0,陽狂_陳小咩,78110883
212,2015,8,10,好听！,1,不二嗷,51592252
213,2015,8,9,感觉演唱会唱这个很赞～想起垦丁版超快感,0,夏小莫,869908
214,2015,5,5,燕姿,0,HikkiKenji,31403033
215,2015,4,11,前排啊！,0,梵蒂冈的呐喊,19562584
216,2015,3,13,。。。。。,0,湖人死忠,7776579
217,2015,1,8,想要走遍世界每个角落≥﹏≤没有你怎么走,1,长亭缱绻,19515209
218,2014,12,31,好有喜感,0,选择喜欢的就好,1686657
219,2014,10,10,啧啧啧，终于翻到个沙发,1,诺拉德,37732013
220,2014,10,10,啧啧啧，终于翻到个沙发,0,诺拉德,37732013
