index,year,month,day,content,likecount,nickname,user_id
1,2019,11,27,cd版原带里面好像有对话，“现在晚上几点”，“10点”,0,StopTheClock,70663689
2,2019,11,25,真的！！,0,zorro樱狼厨,286946328
3,2019,11,25,对啊，我就是爱她，真的,0,不得不爱2016,125751389
4,2019,11,22,完美,1,Beeovenvan,1847499670
5,2019,11,14,哟西,0,红茶拿铁不好喝,1324554780
6,2019,11,12,真的,0,XQ0823,489797899
7,2019,11,1,2000年的你和我。。哎,0,逝去的记忆盒,572386799
8,2019,11,1,考古队来了,0,qiuQAJ,505290620
9,2019,10,2,孙燕姿小朋友真可爱！！！,1,也不是猪只打呼,355734135
10,2019,9,21,你最可爱，你最迷人！,0,霉头霉脑云散月现自在飞花slay,42294326
11,2019,8,30,小学四年级,1,碧海澜天Reagan,338226744
12,2019,8,30,我以前说过等我结婚就用真的当bgm ,6,秦什么呀,126393255
13,2019,8,29,哈吃哈涨,0,衣柜里总少了那么一件衣服,484115148
14,2019,8,28,真的,0,许单挑,259352999
15,2019,8,28,是真的！！！[流泪],0,也不是猪只打呼,355734135
16,2019,8,28,nmd真可爱哈哈哈哈哈哈哈哈哈哈哈哈,0,也不是猪只打呼,355734135
17,2019,8,26,真的！,1,女神是孙燕姿啊,395256634
18,2019,8,21,记录我完美的一天,0,雨中曲猫猫猫,1656874884
19,2019,8,21,晚安。,0,Kepler小姿,342372326
20,2018,11,5,小时候还找谱子弹这段 难忘的回忆,4,Konata0111,40499033
21,2019,8,10,哒啦～哒啦～哒啦来凑评论数～,0,天空之上的Polaris,111696096
22,2019,8,5,现在3:32 想把姿的歌翻来覆去听完,2,_Feibb,124496200
23,2019,7,31,要和2整整齐齐,1,丰阝君,296235500
24,2019,7,27,真的,0,Kepler小姿,342372326
25,2019,7,27,真的！,0,Ariana_Grande____,35032031
26,2019,7,26,demo让我爱上真的！,0,Sparrrrk,270935914
27,2019,7,24,是真的诶[憨笑],0,咔咔鲁,86372802
28,2019,7,23,加一刚刚好,0,風華正茂Hi-,625016798
29,2019,7,22,两首on the road的评论数一定要一样[吐舌][吐舌],1,诃德w,1517229786
30,2019,7,19,真的！！！🥰😌,0,Lynne1707,352842633
31,2019,7,14,宇多田也是這樣呢 唉[流感],0,一个有着80后情愫的90后,47638914
32,2019,7,10,真的哈哈哈,1,霉头霉脑云散月现自在飞花slay,42294326
33,2019,7,6,demo 2过来打卡的，为了配齐评论数。。。。[吐舌][吐舌][吐舌],1,青芒雪见,52215123
34,2019,6,30,真的真的,1,RainbowAfterTheRain,59825347
35,2019,6,30,我都是第一张开始听的 就这样一张张循环🔄,1,StefX,300674075
36,2019,6,26,真的,2,大大大王康,61558428
37,2019,6,15,特意去听了下 真的 喏,1,飞侠卡卡,427053792
38,2019,6,15,很喜欢,0,飞侠卡卡,427053792
39,2019,6,1,期待呢～,0,赵瓜瓜Zachary,276311770
40,2019,5,31,2020演唱会,0,狮子小猫,125984587
41,2019,5,25,哒哒哒哒浪,0,爱笨笨1707,541538599
42,2019,5,18,燕姿好棒！,2,愿君依旧笑,559237310
43,2019,5,16,瞬间泪目，我的青春！,7,时间煮鱼abc,2971048
44,2019,5,3,明显是高跟鞋，但是鞋跟不高那种,0,Kafucheng,391808401
45,2019,4,26,我的天，还没听我就点了求歌词,4,封黜宁,295759931
46,2019,4,19,真的,1,画眉不吃虾,14295076
47,2019,4,17,哈哈哈哈哈哈你真的太认真,0,雾越温,105684187
48,2019,4,7,来了,0,冰冰的小荔枝,286300516
49,2019,3,26,用CD听的,2,SngEeTzeSng,104396853
50,2019,3,20,可以的,0,hanimal,269609516
51,2019,3,20,最喜欢这张专辑,2,Jasmine可能睡着了,562436486
52,2019,3,8,真好听～,0,Rsaki,124389591
53,2019,3,5,真的,1,没人比我更爱韶涵和燕姿,1332471327
54,2019,3,3,找到小时候听磁带的感觉了,3,Oo轨迹oO,70104043
55,2019,2,27,真的好爱你  我真的愿意,1,瑚屠屠,317448296
56,2019,2,24,yes,1,臼乐,431672710
57,2019,2,24,磁带a面的第一首歌,2,Lyreyantg,302541814
58,2019,2,24,谁的谁的迷听自己偶像不都是一张专辑一张专辑地听吗[惶恐],5,123年七班,550796333
59,2019,1,21,是真的！！！！！绝对是真的,1,花莫笑丶,514517742
60,2019,1,12,跟着哼起来,0,leave_yezi,72484127
61,2019,1,12,单曲除外，好多专辑（依我看来)都是作者用心排列和编曲，然鹅国内很少人从头到尾听，也几乎没人打开碟序看┐(´•_•`)┌ ,0,__Yomi__,70577874
62,2019,1,11,真逗，专辑第一首就真姿迷了,6,帐号已注销,61957976
63,2019,1,11,网络没有普及的年代，磁带真的是从头听到尾的,0,sl是一个冒烟的小火车,338267569
64,2019,1,7,任性  也有这样的哈哈哈哈哈哈哈,4,Joyce的橙子,1665584207
65,2019,1,4,年度报告来的 这首我一天听了67遍,5,雨还是不停地落下_,100825170
66,2019,1,3,哒啦哒，哒啦～哒啦哒哒啦哒啦，哒啦哒啦哒啦哒啦哒啦,0,吴迪迪迪迪di,329247569
67,2018,12,30,真的是很少人完整听一张专辑的嘛。,2,__Yomi__,70577874
68,2018,12,27,[爱心][爱心][爱心],0,西尔莎-罗男,286466113
69,2018,12,22,我想听演唱会,0,xyyyfs,400069797
70,2018,12,18,喜欢燕姿的清唱胜过于配音,2,ccchensss,384144707
71,2018,12,5,回去听一次不就知道了？还没记错的话...,1,cllllllllllllllllllllock,106425088
72,2018,11,25,我来了,1,Euphemiayang,76221517
73,2018,11,24,喵喵喵打个卡我来嘻嘻~,0,瞳瞳丶,282319602
74,2018,11,15,卧姿醉美,0,后悔没减肥,34563973
75,2018,11,7,我真的真的真的超爱这首歌,0,我才是强强强,55800971
76,2018,11,5,小时候还找谱子弹这段 难忘的回忆,4,Konata0111,40499033
77,2018,11,4,她真的超爱真的这首歌,4,ZY-7,17531038
78,2018,11,1,哈哈,0,永远爱贾隆平,423398340
79,2018,10,25,demo好听,0,雨还是不停地落下_,100825170
80,2018,10,24,哒~哒~嗯哒,1,MA-ong,126553193
81,2018,10,24,真的，真的是！,0,虫虫和马,452792472
82,2018,10,21,听了这么多遍第一次注意到前面的脚步声,1,going_up_stef,372536854
83,2018,10,20,打卡,0,凌晨Jce,115773497
84,2018,10,19,这么多年才发现真的是真的,0,Stefwaves,448402545
85,2018,10,11,哼一哼都这么好听,3,Islandofcyril,48634536
86,2018,10,7,深夜被前面的脚步声吓到[大哭],4,辣椒茄子茄子,1598373857
87,2018,10,4,每次听到这首demo，就想起少年时粉色的磁带，这张专辑，真是听了无数遍！！！,6,Kafucheng,391808401
88,2018,9,28,2018.9.28.16.16开始我要的幸福,2,隐藏的失落,410988
89,2018,9,22,又来重温了 还有谢谢送我这张专辑的薇薇儿[牵手],4,是红柚的季节啊,437448524
90,2018,9,22,很喜欢后来的真的啊 [爱心],2,是红柚的季节啊,437448524
91,2018,9,16,18年了 燕姿找到了幸福 我们呢,2,飞侠卡卡,427053792
92,2018,8,26,喜欢燕姿，每首999，顶起[拜],3,沉溪峻,37560902
93,2018,8,23,当年买了一本CD 没有MV 这种意境现在听起来还有,2,逝去的记忆盒,572386799
94,2018,8,21,我倒觉得做的很好 ,7,林守乐,55243746
95,2018,8,15,大家好现在是十一点五十三分儿胡乱弹给小曼老师哄她睡觉💤,3,东区林俊杰,337913018
96,2018,8,9,Demo永远都是最美的，因为你有想象的空间，“这首demo到底会写成什么样呢？”，这首demo最终做成的那首《真的》，其实是低于预期的。,9,daniel宣,1328788670
97,2018,8,3,最爱孙燕姿，,1,跳舞的梵谷yanzi,318974517
98,2018,8,2,我的天 我的天 竟然有哼唱版 就这样 爱了～,1,_诗芊,81037679
99,2018,8,2,🎧,0,_诗芊,81037679
100,2018,7,30,燕姿二宝出生了,5,我想我只需要一把吉他,131864962
101,2018,7,30,小时候买的盗版带，听这个很短的片段，我以为我被骗了,1,咸面包卷,78359663
102,2018,7,23,生日快乐,0,本欧尼,414681413
103,2018,7,23,生日快乐,0,小豆瓣儿_,37086195
104,2018,7,23,生日快乐,0,没那么幸运z,477204429
105,2018,7,16,听不够,0,半颜--,1388348843
106,2018,7,16,嗓音真的是好听，干净清爽,2,半颜--,1388348843
107,2018,7,8,真的,0,朱一金,626735320
108,2018,7,4,好听,0,Holoens,51390388
109,2018,7,3,我在四处找人的脚步声,0,火星蜘蛛夏日姿迷,300161727
110,2018,7,3,好的😄,0,执意看浪,117317859
111,2018,6,18,燕姿走路和清嗓子的声音也好好听,0,_shengxiang,57645729
112,2018,6,9,真的好爱你真的愿意,0,Young千寻,1332033067
113,2018,6,9,2020！！我一定会去的,3,84号--,369885446
114,2018,6,5,为什么觉得听这首歌很舒服呢,0,郁闷中的牙刷,269942332
115,2018,6,3,真的,2,暮至明,94756999
116,2018,5,28,燕姿哈哈哈哈,1,TibetteIsReal,473846069
117,2018,5,27,最近迷上了这首demo，一天要听八百遍。,4,雨还是不停地落下_,100825170
118,2018,5,23,晚安曲,2,茉的岛屿,437714758
119,2018,5,10,第一天,0,此地西北有高楼,305286192
120,2018,5,7,姿迷无处不在，燕姿无可取代～～,4,四月的的的,1329526521
121,2018,5,3,300+[亲亲],0,遇姿人,541269428
122,2018,4,27,这个就是真的这首歌，你可以搜一下,0,NumbLater,115418975
123,2018,4,24,晚安。,0,Joey_kqXl,12326566
124,2018,4,14,[星星],0,宇宙最帅世界最美,444380578
125,2018,4,10,这是彩蛋哇！跟漫威电影一样[憨笑],0,控场,40913104
126,2018,4,10,真的,0,毛毛虫0912,323067104
127,2018,4,10,"hello,yanzi",0,毛毛虫0912,323067104
128,2018,4,1,对 后来就是真的那首歌,0,火星大队长,486834629
129,2018,3,23,最喜欢这张专辑 ,1,害淡,45874458
130,2018,3,21,录音棚里发生了什么？[大哭][大哭],0,o0-listener-0o,131095397
131,2018,3,20,好多年了   还好你们都还在,4,麦兜卡卡西,109075328
132,2018,3,15,[亲],0,鄒爸比,85768778
133,2018,3,12,哒，呃嗯,0,33轉的LP,630862795
134,2018,3,9,还有任性的一个,1,33轉的LP,630862795
135,2018,3,8,我的，你去一边,0,豫西小天王,594110291
136,2018,3,3,越来越爱这个女人怎么办,2,小小烁,80544605
137,2018,3,1,18年了，你还善良吗,3,stef流年,1367583538
138,2018,2,26,真的很爱你,0,-Ariana_Grande-,585410257
139,2018,2,24, 真的,0,未完成19991230,503310441
140,2018,2,19,姑娘是真的么,0,just131425,421709923
141,2018,2,18,那估计你能找很多,0,什么都你先先先,280543525
142,2018,2,12,不管要去哪里,4,极美欢庆,351351231
143,2018,2,7,找到没  那个…找到的话能不能分我一个呗,2,冯77777,290575424
144,2018,2,6,当年这张专辑里非常喜欢这两个demo，心想要是完整的歌就好了，后来真的有了～,3,今天就让你知道知道,109830334
145,2018,2,2,留名,0,以安阳,36705173
146,2018,1,28,也有可能是高跟鞋,2,Lyndon_Z,405657720
147,2018,1,25,哇哇哇！！！,0,强大的小明,287917064
148,2018,1,25,真的，真的好爱你,3,王金1711,632842409
149,2018,1,19,就这样 爱了……,1,熙迷鹿,39366220
150,2018,1,18,最爱的专辑,0,Aooki,75498264
151,2018,1,16,我看我俩般配...害羞哈哈哈,0,见你兮兮,103386454
152,2018,1,13,❤️,0,双子_faye,626804992
153,2018,1,10,卡带扔了，后来买了cd，发现原来有这首歌，但是之前听卡带时明明没有。,1,楚天祥的_20,41309090
154,2018,1,9,好听,0,没事黑凤梨,641227000
155,2018,1,7,孙燕姿，我真的好爱你[可爱],1,秋葵炒蛋丫,248446467
156,2018,1,5,可喜欢燕姿这种哼唱了，就是觉得好舒服啊,0,乐呵乐呵爱折腾,87411107
157,2018,1,2,[大笑][大笑],0,where先森,333727880
158,2017,12,29,跪了,0,张居-正,76550270
159,2017,12,20,十五年的这厢有礼了[跳舞],1,光阴最是化浮沫,340722855
160,2017,12,19,我特别喜欢听Demo 苏打绿的Demo也是特别喜欢,1,只有音乐才是胡桃夹子的解药,277648200
161,2017,12,17,爱姿妈一辈子[爱心],1,yore-moon,325174224
162,2017,12,9,你就随便哼哼我都爱的不行[亲亲][色],5,_寒姐眼睛會說話,397907772
163,2017,11,26,开头吓得我立马放下手机回头看了看,0,hanoch_yang,446678923
164,2017,11,26,是吗,0,咕叽咕叽894,392379220
165,2017,11,24,很喜欢你呢。,1,欣喜相逢m,411364327
166,2017,11,23,啦啦啦打卡,1,就一姿迷,257349522
167,2017,11,22,从来没有一个22岁像她这样唱歌...17年的姿迷打卡🙌,3,好大一只我,276247847
168,2017,11,18,我就是在冬天发了跳舞的梵谷以后 想来听这张,3,訾央伪装小漠漠,247480354
169,2017,11,18,改变评论数而已,0,訾央伪装小漠漠,247480354
170,2017,11,17,评论这么少。[大笑],0,左大黑,134306460
171,2017,11,16,真的是真的,1,vInCent哇,48926777
172,2017,11,13,哈哈哈，你还在啊。,1,跳舞的克卜勒,122786310
173,2017,11,13,孩子都两岁了 你还扯淡,0,孙燕姿0723,298116991
174,2017,11,12,"突然下起雨   不想走  也没人来接 
然后我就沉迷于一首Demo   
拖鞋声   钢琴声   哼哼声 
孤独感是能被音乐治愈的
",2,畎荃cc,3584186
175,2017,11,12,真的,0,Kecovn文子,278737068
176,2017,11,11,唱哒哒哒都那么好听,3,活着只求好玩,266447964
177,2017,11,10,好听[大笑],0,一个低调而不失内涵的名字,437668474
178,2017,11,7,哈哈，拖鞋，这很燕姿,0,一只阳光灿烂的少年,535877697
179,2017,11,5,真的,0,_吴子诚,275017518
180,2017,11,4,神专！！最喜欢的专辑！！！,0,Right-向右,101726537
181,2017,11,4,真的好爱你，真的愿意，不管要去哪里,0,清凉油A,255667395
182,2017,10,30,现在还来得及吗[大笑][大笑][呲牙],0,聽媽媽的話Oliver,255018689
183,2017,10,29,还记得中学在燕姿下一张专辑听到熟悉旋律的惊喜 真的,1,Dolaki,514671435
184,2017,10,24,今天的天气很舒服，虽然昨晚睡得不好，听见这首歌有点被治愈,1,苏槿Summer,116752351
185,2017,10,23,汗,0,mlyfEd,497099789
186,2017,10,20,这张专辑的卡带送人了。现在想听也找不到了…,1,我不是小伟是晓伟,447411208
187,2017,10,16,真的啊[爱心],1,豌豆先森与喵小姐,370347249
188,2017,10,13,燕姿,1,安多木子,470530002
189,2017,10,10,[憨笑],2,新垣結衣的衣,113558510
190,2017,10,9,真的,1,喜欢听歌的小威,612172851
191,2017,10,9,好听,1,喜欢听歌的小威,612172851
192,2017,10,7,沉迷一首demo,1,丧好的青村,299164850
193,2017,10,7,真的！！！,0,桑来93,10901199
194,2017,9,28,简单版《真的》，哈哈,1,大喵说多谢啊,295671049
195,2017,9,26,正在写歌的燕姿吗。[爱心],0,春水煎茶zzz,298330273
196,2017,9,22,[爱心],0,豆花DOUHUA,69401322
197,2017,9,22,把群号给我好吗？[哀伤],0,控场,40913104
198,2017,9,21,🍯U02YZ,0,网友U0,400095007
199,2017,9,20,太好听了,0,N__1,386100087
200,2017,9,12,睡觉,1,陈射射同学,439399974
201,2017,9,8,半夜静静地听着燕姿,0,气氛来了就要醉,308485041
202,2017,9,3,我也最爱燕姿,0,gahoad,365230031
203,2017,8,29,我说怎么这么熟,0,瞌睡_虫,67500894
204,2017,8,23,11月快来吧,0,未成年的小懒货,129534656
205,2017,8,17,真的！！！！！,1,陈射射同学,439399974
206,2017,8,7,唉,0,你才是呆逼桑-,43172453
207,2017,8,7,17年了 不知道你是否还缺个男朋友😏,2,-Saron,284865115
208,2017,8,7,同意，都是善良的人[幽灵],0,StefanieSun999,554961179
209,2017,8,6,[亲亲],0,让ert,258267094
210,2017,7,26,总攻大人在哪里[怒]  难道找妹子去了[示爱],0,呢喃的小虎牙,271819175
211,2017,7,26,一点不福音、没有大总攻、只有抱团取暖的受,0,im田闪闪,135265280
212,2017,7,26,掰不过来，我有一个群、全是[流感][流感][流感][弱],0,im田闪闪,135265280
213,2017,7,26,掰直他们去！[大哭],0,呢喃的小虎牙,271819175
214,2017,7,25,燕姿前几张专辑我都好熟悉。。。,0,badants,1745007
215,2017,7,25,真的。。。。,0,badants,1745007
216,2017,7,25,听过最好听的demo了[爱心],0,洛叶希,254935205
217,2017,7,25,喜欢孙燕姿的男孩子好多都是gay,0,im田闪闪,135265280
218,2017,7,21,麼麼噠,1,荡荡一隅清,337498403
219,2017,7,15,看到你好多次，只想问句，找到了吗？,0,呢喃的小虎牙,271819175
220,2017,7,15,一个demo都这么好听,1,想去吹太平洋的风,431966292
221,2017,7,15,真的,1,想去吹太平洋的风,431966292
222,2017,7,13,[亲亲][亲亲][亲亲],0,我陌生的见面,440309529
223,2017,6,25,真的,0,mmivan,103380352
224,2017,6,23,真好,0,INOOY,111723142
225,2017,6,22,没错，这造就了下一张专辑中的《真的》,2,帐号已注销,41626519
226,2017,6,19,真的好爱你，我真的愿意，不管你在哪里。[大笑],2,Jonah乔纳,478575663
227,2017,6,12,燕姿的声音是真好听啊 但愿以后有缘人能再听听这些老专辑啊,2,___root___,45043561
228,2017,6,12,连我姿的哼唱都喜欢 [色],0,爱笑de狮子,46831989
229,2017,6,11,无数遍循环,1,呃好久不见,314732023
230,2017,6,11,这里全是纯姿迷~,1,yanzicst,79056105
231,2017,6,10,燕姿的歌，与清爽的风最搭,1,_shengxiang,57645729
232,2017,6,5,爱姿,2,姿意燕为,263726012
233,2017,6,2,真的！,0,dorianamot,362553349
234,2017,5,29,厉害厉害,1,你才是呆逼桑-,43172453
235,2017,5,29,嗯,0,姿迷姿迷,437024143
236,2017,5,27,[亲亲]燕姿,0,百感交集l,278778830
237,2017,5,27,see me again,0,你才是呆逼桑-,43172453
238,2017,5,27,又看到你了,1,跳舞的克卜勒,122786310
239,2017,5,27,日常打卡,1,跳舞的克卜勒,122786310
240,2017,5,26,爱姿,2,姿意燕为,263726012
241,2017,5,16,🤗,0,高桥介一,380658417
242,2017,5,15,真的,0,小特xxx,97645034
243,2017,5,12,燕姿,0,一地故里,118066649
244,2017,5,8,真的好爱你 我真的愿意,2,bedtime,53123446
245,2017,5,6,[奸笑],1,湖北张学友丶,10781363
246,2017,5,4,不是~只是孙燕姿是华语流行必修课,0,因为你王菲所以我王菲,87769855
247,2017,5,3,哈哈 么么哒,0,阿Dar,94482447
248,2017,5,2,好萌，啊哈哈……,1,十年生死两茫茫五年高考三年模拟,263145459
249,2017,5,1,良心 居然还有这个demo 🤣,0,coreylee808,247069569
250,2017,4,29,燕姿我爱你,1,过往云烟视而不见,305289320
251,2017,4,17,"好听~~

",0,隐形姿,97910887
252,2017,4,15,爱姿,0,姿意燕为,263726012
253,2017,4,5,demo比原曲好听系列😂,3,雨还是不停地落下_,100825170
254,2017,3,25,嘻嘻。,1,帐号已注销,124859943
255,2017,3,19,和着钢琴伴奏的女声哼唱，今天偶然在车上听到的，没想到竟然凭感觉搜到了，好开心(●°u°●)​ 」果然是孙燕姿的声音。😊😊😊,3,小柒的路要慢慢走,85902569
256,2017,3,19,下午好,2,YZ芣苢,330392808
257,2017,3,18,骑个小马来啦！,0,小克劳斯,95594719
258,2017,3,16,很好听,0,Albert_Long,120733101
259,2017,3,13,demo1和demo2，轻松和伤感。之后的《风筝》专辑，有相对应两个版本的填好词的《真的》。同样的曲，两个版本虽曲风不同，却都很很鲜明感染人，创作者好厉害。,4,大螃蟹和老虞,73835054
260,2017,3,8,爱一次伤一次  无所谓了,0,酷圆虎,247542768
261,2017,3,2,20:28,1,林守乐,55243746
262,2017,2,28,真的。,0,苦苦绿,7536003
263,2017,2,19,22:05 高跟鞋进场 手划过琴键 坐在椅子上 清清嗓子 开场：达拉达拉达拉,3,林守乐,55243746
264,2017,2,19,[可爱],0,把酒言话,116902125
265,2017,2,16,越来越爱,0,23DAVID45,247888048
266,2017,2,6,失眠。一个人在房间哼起这个旋律。,0,septem又被人注册掉了,3275769
267,2017,2,3,真的好愛你,2,lm_stef,258724583
268,2017,1,31,妈呀发现新大陆了好可爱,0,stef小流氓z,56720800
269,2017,1,29,孙燕姿，从小听到大，女歌手最爱，男歌手最爱jay,2,brad0330,98658097
270,2017,1,15,开头清嗓子好可爱[可爱],0,帐号已注销,98513658
271,2017,1,14,[发怒],0,自拍的梵谷,20250776
272,2017,1,7,"好听
",1,永远有多远灬,346081467
273,2017,1,6,Demon也好听,1,YZ芣苢,330392808
274,2017,1,5,真的是真的😳,2,小小小迪迪迪,392804825
275,2017,1,2,好听,1,零小瑢,290658615
276,2017,1,1,男有周杰伦，女有孙燕姿！,2,芯雨丶,125185012
277,2016,12,31,哈哈，我也喜欢燕姿，你好执着,0,塞上骄子,274508410
278,2016,12,30,八错！,0,你才是呆逼桑-,43172453
279,2016,12,30,no,0,你才是呆逼桑-,43172453
280,2016,12,30,哈哈,0,你才是呆逼桑-,43172453
281,2016,12,30,哼,0,你才是呆逼桑-,43172453
282,2016,12,28,你怎么知道没有坏人？,0,自拍的梵谷,20250776
283,2016,12,28,要约下次去看孙燕姿的演唱会吗，我喜欢孙燕姿，也喜欢云音乐，就差一个喜欢的女朋友了[鬼脸],0,wangliting11,18824514
284,2016,12,16,来约,0,南柯一梦梦千年,110698757
285,2016,12,15,爱姿,2,姿意燕为,263726012
286,2016,12,15,我是王海峰我喜欢孙燕姿,3,爱姿海,126397948
287,2016,12,14,爱姿,1,姿意燕为,263726012
288,2016,12,14,真的好爱你，我真的愿意，不管要去哪里。只想听着你的歌，就这么走下去。。。,1,怀念_休止符,250563176
289,2016,12,13,爱姿,1,姿意燕为,263726012
290,2016,12,11,我也喜欢燕姿~,0,泰勒-德顿,64433134
291,2016,12,4,穿拖鞋哈哈哈哈,0,牙牙在乐,275052344
292,2016,12,2,骑马吧,0,雪碧多加盐,84200429
293,2016,11,29,就是真的,1,帐号已注销,124859943
294,2016,11,27,哈哈哈真的,0,鸡肋不是,81816871
295,2016,11,23,"居然是真的的demo！！！！！！！！！！！！！！！！
以前从来没有注意过是为什么",0,20Liebe,81136143
296,2016,11,21,爱姿,1,姿意燕为,263726012
297,2016,11,21,好熟悉的调子，初中的时候买的磁带，一翻磁带就听到这个,1,取个名字好难啊啊啊啊啊啊呀呀,258086601
298,2016,11,13,高跟鞋！,0,红旗-飘飘飘飘飘,118806147
299,2016,11,5,随意也很美,2,小聂要做种花家的好兔子,248265269
300,2016,11,2,[大笑],0,杨好路,247486244
301,2016,11,1,好，就你们俩一对吧。,0,Asakurayou7,1476740
302,2016,10,27,是真的啊，有问题吗,0,ymlzasyz,133781720
303,2016,10,25,太好听了,0,泡泡是只小胖喵,77064270
304,2016,10,18,我资咳嗽好性感,2,普拉辣辣,48323173
305,2016,10,12,快来个人收了啊,0,燕姿的粉丝,121753978
306,2016,10,12,我错过了什么,1,于帅楠,250764305
307,2016,10,6,脚步声 凳子声 咳嗽声。,2,Joey_kqXl,12326566
308,2016,10,3,听完还是要留点什么,0,毕澄茄,126371652
309,2016,9,25,确实是真的,0,Finnbb,82508776
310,2016,9,24,十六年前最喜欢的歌曲…当年也是为了孙燕姿学钢琴,2,倩楠stephanie,277361309
311,2016,9,20,[色][色],1,成小姿S,84991554
312,2016,9,18,最近喜欢一张一张专辑循环听,0,时光小偷拿走眼泪,135124975
313,2016,9,11,爱姿,1,姿意燕为,263726012
314,2016,9,11,爱姿,1,姿意燕为,263726012
315,2016,9,11,爱姿,1,姿意燕为,263726012
316,2016,9,10,你记错了 ,0,MRmessup,20557971
317,2016,9,5,回味[可爱][可爱],0,傻子-笨蛋,1331490
318,2016,9,2,哈哈哈哈哈哈哈哈,0,一样夏天,290200252
319,2016,9,2,哈哈哈哈,0,一样夏天,290200252
320,2016,9,1,[可爱],0,月色摇晃树影_,113465322
321,2016,8,25,哈哈～看评论,0,慢半拍小姐爱吃榴莲,321808673
322,2016,8,23,[爱心],0,看我可爱咩,65911192
323,2016,8,22,嘻嘻,0,你才是呆逼桑-,43172453
324,2016,8,12,当年买过一个盗版磁带，是这整张专辑，感谢盗录时没有掐头去尾,1,弋占,74989399
325,2016,8,11,真的自弹自唱版超好听,1,_吴子诚,275017518
326,2016,8,3,其实我满脑子都是你惹，燕姿。,0,孙嬿姿,17383023
327,2016,7,26,一直觉得这张专辑最好听～,0,旺财513,248991331
328,2016,7,23,以前磁带里听到，声音特别小，以为家里有鬼🌚,5,微风八面的拔丝香蕉,34137608
329,2016,7,23,我的青春！燕姿生日快乐[蛋糕][蛋糕][蛋糕],1,-有姿有菋-,129649056
330,2016,7,15,滴 学生卡,2,Nnnnnnononn,115189651
331,2016,7,13,开门，弹钢琴！我是姿迷，现在凌晨4点！全是回忆！！！,2,-有姿有菋-,129649056
332,2016,7,9,找我吧,0,MR俊杰007,9018418
333,2016,7,9,你没有记错,0,MR俊杰007,9018418
334,2016,6,29,暴露的好明显,0,Christina-Aguilera,76483469
335,2016,6,27,[憨笑]哒啦哒啦。,0,鄒爸比,85768778
336,2016,6,24,哈哈哈 赞还是不赞  算了 不赞了 祝你找个好朋友,0,journeyfancy,22093583
337,2016,6,17,我们走着走着哭着笑着那么认真,2,fai-t-HaZeC,258511575
338,2016,6,5,[爱心],0,Felicity_,39211109
339,2016,5,30,超快感 浓眉毛 leave me alone 零缺点 真的 逃亡 任性 练习 someone;silent all these years;that i would be good;作战；直来直往；不同；我想；未完成；学会；休止符；没有人的方向；太阳底下；祝你开心；种；梦游；安宁；飘着,5,神奇女侠R,112765474
340,2016,5,28,我有磁带，2003年的，还能听，只不过有点卡,1,帐号已注销,42502910
341,2016,5,11,[色],0,65418,519706
342,2016,5,11,哼哼,0,举个西木,60673274
343,2016,5,3,☺,0,举个西木,60673274
344,2016,5,2,世上无难事 只要肯放弃,0,你才是呆逼桑-,43172453
345,2016,5,2,你才过分，霸占燕姿的歌就想撩汉子，要那么容易我早就挨个发撩妹了,0,东坡先生爱吃素,1464132
346,2016,5,2,什么骗赞！过分！,0,你才是呆逼桑-,43172453
347,2016,5,2,同大四狗，虽然知道你是骗赞的不过还是回复你一下好了，谁让我这么善良呢，哈哈哈,0,东坡先生爱吃素,1464132
348,2016,4,24,[开心]原来是真的,1,beautifulbear,33113423
349,2016,4,16,[爱心],1,孙燕姿的锁骨,17714009
350,2016,4,16,我最爱的一首歌《真的》,2,沉余,10058977
351,2016,4,8,闹着玩的啦，高中的姿迷~~,0,------Radio,263482391
352,2016,4,8,何出此言,0,你才是呆逼桑-,43172453
353,2016,4,8,找我找我，我是好孩子,0,------Radio,263482391
354,2016,4,6,真的是真的,0,Shirley_lovstef,122420492
355,2016,4,4,真的好爱你 我真的愿意,1,雨陨,31875806
356,2016,4,3,Dala dala,1,画眉不吃虾,14295076
357,2016,3,31,真的好爱你,0,帐号已注销,47185382
358,2016,3,9,真的,0,HYOUNG-,36261825
359,2016,2,27,也有demo狂魔。。。,9,云归成羽丶,137679014
360,2016,2,23,磁带，复读机，第一次播放这张专辑时的设备。雪后天晴，看着窗外，想象不出我要的幸福到底是什么样子。,7,iJorker,36644667
361,2016,2,21,听到这里的绝对全是真姿迷！！[吐舌],392,啊彩虹金刚,36813307
362,2016,2,6,开嗓好萌,2,闪泥啦啦啦,88079495
363,2016,1,21,我姿这张封面美哭,6,与旧友,1805209
364,2016,1,13,每次跟着哼的时候特别特别开心 好像回到2000年在书桌前挑灯夜战的时候,7,南西嗜睡雷登丁,18935345
365,2016,1,6,🤔不说了我爷爷和蝎子精要来抓我了,0,帐号已注销,78462297
366,2016,1,6,[大哭][大哭][大哭]葫芦娃啊,0,Black_Kingdom,50166603
367,2016,1,6,本来就是好伐[吐舌]在下外号顺风耳 在我们村像我这么屌的还有六个[大哭],0,帐号已注销,78462297
368,2016,1,6,脑洞也是够了[大哭]仔细一听还真像,0,Black_Kingdom,50166603
369,2016,1,6,莫名的喜感[大哭],0,帐号已注销,78462297
370,2016,1,5,爱,0,我是王通,67798853
371,2016,1,3,真的！！！是真的demo啊[流泪][流泪][惊恐][惊恐][惊恐],1,蓝绿藻的梦,31528337
372,2016,1,2,[爱心],0,黑暗骑士-TDKR,37793064
373,2015,12,30,就是真的的demo,0,anone--,110270463
374,2015,12,19,[撇嘴][大哭],0,Black_Kingdom,50166603
375,2015,12,3,早～,0,hanamoment,38456767
376,2015,11,17,孙燕姿绝对穿拖鞋进来的,171,帐号已注销,78462297
377,2015,11,14,[爱心],0,细水长流---,13977923
378,2015,11,10,好动人！,0,不是你的小莫,64876851
379,2015,11,10,很好聽的一首歌這首demo也是迷人，隨便哼哼就這麼動人[憨笑][憨笑][憨笑],0,starrylee,29431936
380,2015,10,20,[色],1,将往观乎四荒Zhang,41213820
381,2015,9,26,是不是穿着拖鞋走进来的…,0,闪泥啦啦啦,88079495
382,2015,9,15,我还是更爱on the road 的味道，像未成形的青春时光。,0,usong,126617
383,2015,9,7,后面会变成真的！哈哈哈,1,闪泥啦啦啦,88079495
384,2015,9,3,真的算是我最喜欢的一首歌了。,0,long_布偶,36129926
385,2015,9,2,我也是,0,ranavatio,74318620
386,2015,9,1,超爱真的,0,Nicole-lkz,29444742
387,2015,8,21,卧槽 真的，是真的！！！,113,林守乐,55243746
388,2015,8,7,对的，我很喜欢的一首歌,0,大打哒哒打个大西瓜,78360507
389,2015,8,7,哼哼都好听,0,李剑7,12795261
390,2015,8,6,yanziyanzi.,0,帐号已注销,44991129
391,2015,7,31,[星星][星星],0,RingoEternal,9543069
392,2015,7,7,天呐，是demo版，我做了一件蠢事,1,了不起的老人家,37782426
393,2015,7,2,哇哇,0,小熊妮妮,10789289
394,2015,6,28,是真的,0,丑出_天际,51205242
395,2015,6,11,我今天也要听,0,awang1997,32114992
396,2015,5,30,当时觉得挺俏皮的,0,-Exile-,70539944
397,2015,5,20,[亲亲][亲亲]真的好爱你 我真的愿意 不管要去哪里 狂风和暴雨,0,Runawaynova,18066452
398,2015,5,9,好有感觉,0,戴浩辉,29322512
399,2015,4,29,我也是，今天想着完整听一遍～,1,麦若,494898
400,2015,4,15,好久没整张整张专辑的听歌了,3,大白熊Doris,49379066
401,2015,4,8,是哒~你没有记错~,0,1碗螺蛳粉,16736467
402,2015,4,7,应该是的,0,pengyuan1990,57469943
403,2015,3,23,如果我没记错的话，这首demo在孙燕姿下一张专辑里面已经变成一首完整的歌曲了，《真的》。,281,蚊香蝌蚪,747221
404,2015,2,25,老大我也爱你,0,将往观乎四荒Zhang,41213820
405,2015,2,17,我爱你,1,所有人问摩西,30074422
406,2015,1,16,气质啊 气质  嘴角上扬,0,汤汤carmen,45815621
407,2014,12,25,老大，晚安。,0,所有人问摩西,30074422
408,2014,12,24,全世界都安静了[爱心],1,所有人问摩西,30074422
409,2014,12,22,背着书包的清晨[跳舞],1,十个斗的17妹,46814796
410,2014,12,21,还是在磁带里才能听到的demo,2,Stefanie_zeze,39868920
411,2014,2,8,不去揣想谁比较像孙燕姿，那就是我们的青春岁月啊～～,0,柠檬苏打不甜,1160770
412,2013,12,9,真的。吐司男之吻配乐，最最开始遇见的、喜欢上的燕姿！,0,A陈老师,3759604
