index,year,month,day,content,likecount,nickname,user_id
1,2019,11,22,燕姿自己作曲的哦[多多比耶],1,酷酷的阿姿,261060427
2,2019,10,30,没有...没有时间练习，听听，就好了吧,0,剑哥的贱,273227249
3,2019,10,29,会弹了没？,1,看看我们都会觉得,314829821
4,2019,10,24,配平评论 物质守恒,0,一起看海贼,301854801
5,2019,10,24,嗯原来如此,0,风衣syz,619438249
6,2019,10,18,lyric：我已经不再是以前的我了，那是肯定的！如果一切重新开始是否还是会一样。正如每一份爱变得强大。可我无法走到终点。沿着另一个转弯。我让这份爱绽放消亡，然后离开。我真的尽力了。正如同大海的潮起潮落。谁都没有错，我在离开的路上。希望它会变得更好，如果我坚信你仍在那里，我还能依靠你吗,0,愁容的骑士,381814572
7,2019,10,16,真的是燕姿自己写的,0,控场,40913104
8,2019,10,6,换个心情听，突然发觉，好好听！！,1,索尼大法护驾,567513628
9,2019,10,2,真的就是《真的》,0,苑子潯的小号,1548957065
10,2019,9,28,on the road 在考验逐梦的路上,0,盘尼西林治头痛,133693343
11,2019,9,24,隔上一条评论已经快一年了[多多捂脸],0,一定一定要微笑呐,1697911570
12,2019,8,28,都是真的,0,追峰少女小小卿,269443029
13,2019,8,28,能让我安静的歌,0,浔州的Eason,1573297944
14,2019,8,28,来这里的都是真爱粉,0,另一张脸2019,1551171818
15,2019,8,21,喜欢这个demo！,2,哦珍妮花比尔斯,137203265
16,2019,8,16,因为会心疼，所以爱是真的，可惜这个道理十年后才懂，你送我走的时候，眼睛留了泪，那是身体给的信号，可惜我的心当时读不懂自己的心意。现在想，不会再有比当时快乐舒服的日子了，在这里悄悄说，想你更爱你。,2,flyingendless,1563706823
17,2019,8,9,情绪慢了下来。,1,凌晨Jce,115773497
18,2019,8,8,真的好爱你，我真的愿意，不管你在哪里，狂风和暴雨有什么可惜，我要你,2,山山尔川A,389622655
19,2019,8,7,好喜欢这首曲子,0,-甛甛甛-,1329282840
20,2019,8,2,这个demo好温柔,3,愉快的月光,319192728
21,2019,7,29,demo1和2都很喜欢～～～,1,小叶子_I,121255827
22,2019,7,27,晚安,0,Kepler小姿,342372326
23,2019,7,26,打卡，晚安[爱心],0,一枚小芝士,563425181
24,2019,7,25,我真的好爱,0,只因为是你-L,84661769
25,2019,7,23,打卡，今天也是喜欢燕姿的一天,0,伤口成玫,303385978
26,2019,7,21,我听到，梦好曲折，这一句纯音乐的部分突然会想到不能说的秘密,0,衣服宁,395370960
27,2019,7,19,真的好爱你 我真的愿意,0,Lynne1707,352842633
28,2019,7,15,两首on the road要一样的评论，才是同一首曲子,2,梦生何度醉染流年,349771514
29,2019,7,11,我来凑齐评论数,0,凯皇mada,1491572953
30,2019,7,6,我怀疑我是不是点错歌了，这首和第一首on the road 评论数都是381。,1,青芒雪见,52215123
31,2019,7,4,我也不知道为什么晚上不想睡觉，大概是希望一个拥抱吧。,2,大脸冉冉,285984934
32,2019,6,29,最好的版本，钢琴节奏恰恰好,2,iiLQ,476945348
33,2019,6,15,当年同学的卡带借我听了好久,0,Sno哈哈opy,476529281
34,2019,6,4,小样,0,毛娃XiE梦琦,409298866
35,2019,5,10,冬天的曲子啊…,0,白阿瞒,86807235
36,2019,4,27,所以，最后告白了么。,0,莫俐花开,467591428
37,2019,4,14,这首歌永远也不要破999吧，想把这里当作无人知晓的树洞，难过的时候就来。,3,唉可斯,265057589
38,2019,4,6,因为会心疼 所以爱是真的,4,HYOUNG-,36261825
39,2019,3,18,好温柔,2,YennnnLauuuu,64933540
40,2019,3,15,太美了,2,嘘非人也,440043608
41,2019,3,4,我们走着走着  哭着笑着  那么认真  谁都忘了去追问明天快不快乐,9,瑚屠屠,317448296
42,2019,2,4,还是会。。。。,2,笑也不得,12277726
43,2019,1,21,是真的！！真的是真的……,4,花莫笑丶,514517742
44,2019,1,17,一块孤独的石头，坐满整个天空。在这一千年里，我只热爱我自己。,1,又名乖公子,121409311
45,2019,1,17,这旋律听着真的好舒服,1,cheeseandkisses_,109894617
46,2019,1,8,难道你是想申请小吧主的那位？[幽灵],0,大吉大利宝宝,545189629
47,2018,12,31,因为会心疼所以爱是真的,4,currencybao,258261214
48,2018,12,20,真的,0,鼻涕兽tyx,265063130
49,2018,11,29,2018.23.59,1,热带岛屿与鲸_x,617112074
50,2018,11,24, ~ 这个会破999吗。,3,孙燕姿的小迷妹啊,327977684
51,2018,11,11,我们走着走着。。。只要此时此刻。。。,2,MR俊杰007,9018418
52,2018,10,24,真的~,0,虫虫和马,452792472
53,2018,10,21,真的,0,going_up_stef,372536854
54,2018,10,15,原来，钢琴曲也可以这么好听。,1,Siven晓天,273895468
55,2018,10,11,什么？,0,---____--_-_,1298850175
56,2018,10,11,我们走着走着。。。只要此时此刻。。。,0,---____--_-_,1298850175
57,2018,9,28,2018.9.28.17.15结束,0,隐藏的失落,410988
58,2018,8,16,十二点零三分儿 晚安雨凡,2,Melody-栀,266183796
59,2018,8,11,跟着一起哼，觉得心里好安静,1,2019happynewyear,73809028
60,2018,7,31,燕姿是我永远的女神，不会有之一,1,sindz,415536827
61,2018,7,18,因为会心痛 所以爱是真的,7,爱生活爱燕姿,560609259
62,2018,6,26,想着，留下痕迹就可以了，但始终忍不住多评论一遍。始终舍不得放开手心里的温热 真的好爱你@我姿,4,33轉的LP,630862795
63,2018,6,10,真的好爱你,0,stef小流氓z,56720800
64,2018,5,31,真的好爱你，我真的愿意，不管要去哪里。,3,七三三二零一六,392316581
65,2018,5,29,我现在换极美了,0,咕叽-__,543531996
66,2018,5,29,我现在还在用呢,0,只有你170721,542388467
67,2018,5,16,真的不容易，才走到这里，连泪水都珍惜,1,艾丝凡时代,87483381
68,2018,5,4,这个demo我当了好久的铃声[可爱],6,咕叽-__,543531996
69,2018,4,19,我家有，过来弹吧[鬼脸],3,Tim_Huang0216,42792776
70,2018,4,19,还在攒钱买钢琴，也热忱欢迎各界旁友们予以支援,1,iJorker,36644667
71,2018,4,19,会了吗[憨笑],0,Tim_Huang0216,42792776
72,2018,4,14,真的,0,小四的酱油,493214532
73,2018,4,11,这首歌，2017年，我听了478次...,36,剑哥的贱,273227249
74,2018,4,10,安心的睡了,0,毛毛虫0912,323067104
75,2018,4,10,安心,0,毛毛虫0912,323067104
76,2018,4,9,一个多小时重温了这盘童年时候不能再熟悉的“磁带”从第一首demo到最后 还都能跟随哼唱 好像推开了一扇记忆的大门流连一番后悄悄离开 手头还在改着要开题的综述 呵 竟有些魔幻的味道,9,Cindyran_楽楽楽,60584939
77,2018,4,7,我真的好爱你，我真的愿意，不管要去哪里。,2,rfmjs,1357855390
78,2018,4,7,真的,2,rfmjs,1357855390
79,2018,4,3,心静,1,恍-恍惚惚,607515221
80,2018,3,21,真的很爱你,0,程朗大叔,352916983
81,2018,3,18,这个词是啥,0,过往云烟视而不见,305289320
82,2018,3,15,[亲亲],0,鄒爸比,85768778
83,2018,3,13,走着走着哭着笑着,2,33轉的LP,630862795
84,2018,3,12,真的好听,0,33轉的LP,630862795
85,2018,3,11,真的,0,33轉的LP,630862795
86,2018,3,8,啦啦啦啦啦啦，自己加谱吧！十八年了 快乐 痛苦 心酸 美好…,0,豫西小天王,594110291
87,2018,3,1,该评论已删除。,1,冬也龟舞,283621030
88,2018,3,1,走着走着,1,stef流年,1367583538
89,2018,2,6,所以爱是真的,0,BOOMIFlower,1303906470
90,2018,2,1,真的好听,2,王金1711,632842409
91,2018,1,30,听到了那句我们哭着笑着的旋律,2,82的橙子的布,354772391
92,2018,1,13,❤️,0,双子_faye,626804992
93,2018,1,6,刷了那么多天好不容易做到了 又为什么删掉最后告白那条,0,NTUfail,71924954
94,2017,12,22,真的好爱你,0,麦丽素0723,544048498
95,2017,12,21,我们走着走着,2,燕姿的小粉丝,398250032
96,2017,12,10,啊啊啊啊啊啊祝福！！！！,2,网友U0,400095007
97,2017,11,26,祝幸福~,0,Mxxxxxxxxxxxxxxxx,307090105
98,2017,11,18,真的,0,斗銳咪發嗖啦嘻兜,59375832
99,2017,11,13,终于祝幸福,4,极美欢庆,351351231
100,2017,11,11,今天告白了吗？？？？  ―没有,0,YZ芣苢,330392808
101,2017,11,11,加油,0,活着只求好玩,266447964
102,2017,11,10,加油,0,EIE-宏,123663295
103,2017,11,10,显然，没有,0,YZ芣苢,330392808
104,2017,11,10,今天告白了吗？？？？  ―没有,0,YZ芣苢,330392808
105,2017,11,10,那今天呢？今天告白了吗？,0,秋风扫沐叶,284152144
106,2017,11,9,今天告白了吗？？？？  ―没有,0,YZ芣苢,330392808
107,2017,11,8,今天告白了吗？？？？  ―没有,0,YZ芣苢,330392808
108,2017,11,7,今天告白了吗？？？？  ―没有,0,YZ芣苢,330392808
109,2017,11,6,今天告白了吗？？？？  ―没有,1,YZ芣苢,330392808
110,2017,11,6,就这样 爱了,0,bobomiho,3694186
111,2017,11,5,今天告白了吗？？？？  ―没有,0,YZ芣苢,330392808
112,2017,11,3,今天告白了吗？？？？  ―没有,0,YZ芣苢,330392808
113,2017,11,2,今天告白了吗？？？？  ―没有,1,YZ芣苢,330392808
114,2017,11,1,今天告白了吗？？？？  ―没有,0,YZ芣苢,330392808
115,2017,10,31,今天告白了吗？？？？  ―没有,0,YZ芣苢,330392808
116,2017,10,30,今天告白了吗？？？？  ―没有,0,YZ芣苢,330392808
117,2017,10,30,今天还来吗？,0,极美欢庆,351351231
118,2017,10,29,今天告白了吗？？？？  ―没有,0,YZ芣苢,330392808
119,2017,10,28,加油吖，不要让青春留下遗憾[吐舌],0,Stef__cat,119751820
120,2017,10,28,今天告白了吗？？？？  ―没有,0,YZ芣苢,330392808
121,2017,10,27,今天告白了吗？？？？  ―没有,0,YZ芣苢,330392808
122,2017,10,26,今天告白了吗？？？？  ―没有,0,YZ芣苢,330392808
123,2017,10,25,今天告白了吗？？？？  ―没有,0,YZ芣苢,330392808
124,2017,10,24,今天告白了吗？？？？  ―没有,0,YZ芣苢,330392808
125,2017,10,24,今天告白了没今天告白了么,0,傻子-笨蛋,1331490
126,2017,10,23,今天告白了吗？？？？  ―没有,0,YZ芣苢,330392808
127,2017,10,22,今天告白了吗？？？？  ―没有,0,YZ芣苢,330392808
128,2017,10,22,直来直往,0,尚好的青春d是你,382253970
129,2017,10,22,昨天告白了吗？？？？  ―没有,0,YZ芣苢,330392808
130,2017,10,22,还在等啊,0,Hi风疯,295725796
131,2017,10,20,今天告白了吗？？？？  ―没有,0,YZ芣苢,330392808
132,2017,10,20,差点忘了我的表白,0,YZ芣苢,330392808
133,2017,10,19,今天告白了吗？？？？  ―没有,2,YZ芣苢,330392808
134,2017,10,18,今天告白了吗？？？？  ―没有,1,YZ芣苢,330392808
135,2017,10,17,今天告白了吗？？？？  ―没有,1,YZ芣苢,330392808
136,2017,10,17,如果想的话，去吧。无论结果。,1,黄灿新,93056550
137,2017,10,16,今天告白了吗？？？？  ―没有,0,YZ芣苢,330392808
138,2017,10,15,今天告白了吗？？？？  ―没有,0,YZ芣苢,330392808
139,2017,10,15,“狂风和暴雨，有什么委屈，我已经有~你”,1,YZ芣苢,330392808
140,2017,10,14,今天告白了吗？？？？  ―没有,1,YZ芣苢,330392808
141,2017,10,12,今天告白了吗？？？？  ―没有,0,YZ芣苢,330392808
142,2017,10,11,今天告白了吗？？？？  ―没有,0,YZ芣苢,330392808
143,2017,10,11,3Q,0,YZ芣苢,330392808
144,2017,10,11,我喜欢你,0,Sivin,38859287
145,2017,10,10,今天告白了吗？？？？  ―没有,0,YZ芣苢,330392808
146,2017,10,9,今天告白了吗？？？？  ―没有,0,YZ芣苢,330392808
147,2017,10,9,再不告白 等歇菜吧,0,是月半达,295489223
148,2017,10,9,就这样爱了,0,喜欢听歌的小威,612172851
149,2017,10,8,今天告白了吗？？？？  ―没有,1,YZ芣苢,330392808
150,2017,10,7,今天告白了吗？？？？  ―没有,1,YZ芣苢,330392808
151,2017,10,6,今天告白了吗？？？？  ―没有,0,YZ芣苢,330392808
152,2017,10,5,今天告白了吗？？？？  ―没有,0,YZ芣苢,330392808
153,2017,10,4,今天告白了吗？？？？  ―没有,0,YZ芣苢,330392808
154,2017,10,3,能啊,0,给我一首歌的时间吧,108176687
155,2017,10,3,不能给我一首歌的时间？,0,YZ芣苢,330392808
156,2017,10,3,今天告白了吗？？？？  ―没有,0,YZ芣苢,330392808
157,2017,10,3,刷屏呢兄弟,0,给我一首歌的时间吧,108176687
158,2017,10,2,今天告白了吗？？？？  ―没有,1,YZ芣苢,330392808
159,2017,10,1,今天告白了吗？？？？  ―没有,1,YZ芣苢,330392808
160,2017,9,30,今天告白了吗？？？？  ―没有,1,YZ芣苢,330392808
161,2017,9,28,今天告白了吗？？？？  ―没有,0,YZ芣苢,330392808
162,2017,9,27,今天告白了吗？？？？  ―没有,0,YZ芣苢,330392808
163,2017,9,26,今天告白了吗？？？？  ―没有,0,YZ芣苢,330392808
164,2017,9,25,今天告白了吗？？？？  ―没有,0,YZ芣苢,330392808
165,2017,9,24,今天告白了吗？？？？  ―没有,0,YZ芣苢,330392808
166,2017,9,23,今天告白了吗？？？？  ―没有,0,YZ芣苢,330392808
167,2017,9,22,今天告白了吗？？？？  ―没有,0,YZ芣苢,330392808
168,2017,9,21,今天告白了吗？？？？  ―没有,0,YZ芣苢,330392808
169,2017,9,20,今天告白了吗？？？？  ―没有,0,YZ芣苢,330392808
170,2017,9,19,今天告白了吗？？？？  ―没有,0,YZ芣苢,330392808
171,2017,9,18,今天告白了吗？？？？  ―没有,0,YZ芣苢,330392808
172,2017,9,17,今天告白了吗？？？？  ―没有,0,YZ芣苢,330392808
173,2017,9,16,今天告白了吗？？？？  ―没有,0,YZ芣苢,330392808
174,2017,9,15,今天告白了吗？？？？  ―没有,1,YZ芣苢,330392808
175,2017,9,14,今天告白了吗？？？？  ―没有,1,YZ芣苢,330392808
176,2017,9,13,今天告白了吗？？？？  ―没有,1,YZ芣苢,330392808
177,2017,9,12,今天告白了吗？？？？  ―没有,1,YZ芣苢,330392808
178,2017,9,12,就这样痛了……,0,深水取暖,106084260
179,2017,9,11,今天告白了吗？？？？  ―没有,1,YZ芣苢,330392808
180,2017,9,11,谢谢可爱的你。[可爱],0,YZ芣苢,330392808
181,2017,9,11,那就我跟你告白吧[可爱]喜欢你呀，早点遇到你的Mr right,0,就没有没人占用的昵称吗,258277299
182,2017,9,10,今天告白了吗？？？？  ―没有,1,YZ芣苢,330392808
183,2017,9,8,今天告白了吗？？？？  ―没有,1,YZ芣苢,330392808
184,2017,9,8,差点听哭,1,气氛来了就要醉,308485041
185,2017,9,7,今天告白了吗？？？？  ―没有,1,YZ芣苢,330392808
186,2017,9,6,今天告白了吗？？？？  ―没有,1,YZ芣苢,330392808
187,2017,9,5,今天告白了吗？？？？  ―没有,1,YZ芣苢,330392808
188,2017,9,4,今天告白了吗？？？？  ―没有,1,YZ芣苢,330392808
189,2017,9,3,今天告白了吗？？？？  ―没有,1,YZ芣苢,330392808
190,2017,9,2,心疼你,0,姿姿姿迷不悟,362890003
191,2017,9,1,今天告白了吗？？？？  ―没有,1,YZ芣苢,330392808
192,2017,8,31,今天告白了吗？？？？  ―没有,1,YZ芣苢,330392808
193,2017,8,30,今天告白了吗？？？？  ―没有,1,YZ芣苢,330392808
194,2017,8,29,今天告白了吗？？？？  ―没有,0,YZ芣苢,330392808
195,2017,8,28,今天告白了吗？？？？  ―没有,0,YZ芣苢,330392808
196,2017,8,27,今天告白了吗？？？？  ―没有,0,YZ芣苢,330392808
197,2017,8,26,今天告白了吗？？？？  ―没有,0,YZ芣苢,330392808
198,2017,8,25,今天告白了吗？？？？  ―没有,0,YZ芣苢,330392808
199,2017,8,24,今天告白了吗？？？？  ―没有,1,YZ芣苢,330392808
200,2017,8,24,我记得是B面最后一首？,1,空水杯--,3505053
201,2017,8,24,回头一起去听周杰伦，孙燕姿演唱会，我给你告白。,2,Mxxxxxxxxxxxxxxxx,307090105
202,2017,8,23,今天告白了吗？？？？  ―没有,0,YZ芣苢,330392808
203,2017,8,23,待到山花烂漫时,0,YZ芣苢,330392808
204,2017,8,23,什么时候才能看到你告白呀,0,不聋菲尔德,65418353
205,2017,8,22,今天告白了吗？？？？  ―没有,0,YZ芣苢,330392808
206,2017,8,21,今天告白了吗？？？？  ―没有,0,YZ芣苢,330392808
207,2017,8,20,今天告白了吗？？？？  ―没有,0,YZ芣苢,330392808
208,2017,8,19,今天告白了吗？？？？  ―没有,0,YZ芣苢,330392808
209,2017,8,18,今天告白了吗？？？？  ―没有,0,YZ芣苢,330392808
210,2017,8,17,今天告白了吗？？？？  ―没有,0,YZ芣苢,330392808
211,2017,8,16,加油↖(^ω^)↗,0,陈射射同学,439399974
212,2017,8,16,今天告白了吗？？？？  ―没有,1,YZ芣苢,330392808
213,2017,8,15,今天告白了吗？？？？  ―没有,1,YZ芣苢,330392808
214,2017,8,14,今天告白了吗？？？？  ―没有,1,YZ芣苢,330392808
215,2017,8,13,今天告白了吗？？？？  ―没有,1,YZ芣苢,330392808
216,2017,8,12,今天告白了吗？？？？  ―没有,1,YZ芣苢,330392808
217,2017,8,11,今天告白了吗？？？？  ―没有,1,YZ芣苢,330392808
218,2017,8,10,今天告白了吗？？？？  ―没有,1,YZ芣苢,330392808
219,2017,8,9,今天告白了吗？？？？  ―没有,1,YZ芣苢,330392808
220,2017,8,9,天多高，风不晓得，我也不晓得，我只知道，今晚月色真好。,0,故里天清,15338047
221,2017,8,8,今天告白了吗？？？？  ―没有,1,YZ芣苢,330392808
222,2017,8,7,今天告白了吗？？？？  ―没有,0,YZ芣苢,330392808
223,2017,8,7,老妈，我33岁的时候遇到了一位我愿意每个周末从广州飞曼谷去看望的人... we are on the road... it is real,0,thegift,53768037
224,2017,8,6,今天告白了吗？？？？  ―没有,0,YZ芣苢,330392808
225,2017,8,5,今天告白了吗？？？？  ―没有,0,YZ芣苢,330392808
226,2017,8,4,今天告白了吗？？？？  ―没有,0,YZ芣苢,330392808
227,2017,8,4,在心情最失落的时候 差点听哭了,0,STEPHENCOOK,249167607
228,2017,8,4,孙燕姿永远是最好的。从始至终。她一直是她，作为姿迷，我们何其幸运遇见了这样一个真实的她。,1,良少因,249149373
229,2017,8,4,楼下别告白了,0,Nicsong,44619312
230,2017,8,4,昨天告白了吗？？？？  ―没有,0,YZ芣苢,330392808
231,2017,8,3,反正喜欢燕姿的没有坏人，加油~,0,Arobtth,305175732
232,2017,8,2,今天告白了吗？？？？  ―没有,0,YZ芣苢,330392808
233,2017,8,1,今天告白了吗？？？？  ―没有,0,YZ芣苢,330392808
234,2017,7,31,今天告白了吗？？？？  ―没有,1,YZ芣苢,330392808
235,2017,7,30,今天告白了吗？？？？  ―没有,1,YZ芣苢,330392808
236,2017,7,29,今天告白了吗？？？？  ―没有,1,YZ芣苢,330392808
237,2017,7,28,今天告白了吗？？？？  ―没有,1,YZ芣苢,330392808
238,2017,7,26,今天告白了吗？？？？  ―没有,1,YZ芣苢,330392808
239,2017,7,25,今天告白了吗？？？？  ―没有,1,YZ芣苢,330392808
240,2017,7,24,今天告白了吗？？？？  ―没有,1,YZ芣苢,330392808
241,2017,7,24,加油加油[爱心],0,一朵冉俣,126411880
242,2017,7,23,今天告白了吗？？？？  ―没有,1,YZ芣苢,330392808
243,2017,7,22,今天告白了吗？？？？  ―没有,1,YZ芣苢,330392808
244,2017,7,21,[憨笑],1,荡荡一隅清,337498403
245,2017,7,21,今天告白了吗？？？？  ―没有,1,YZ芣苢,330392808
246,2017,7,21,昨天告白了吗？？？？  ―没有,1,YZ芣苢,330392808
247,2017,7,19,今天告白了吗？？？？  ―没有,1,YZ芣苢,330392808
248,2017,7,19,昨天告白了吗？？？？  ―没有,1,YZ芣苢,330392808
249,2017,7,19,昨天手机掉了，😂😂😂,1,YZ芣苢,330392808
250,2017,7,17,今天告白了吗？？？？  ―没有,0,YZ芣苢,330392808
251,2017,7,16,今天告白了吗？？？？  ―没有,0,YZ芣苢,330392808
252,2017,7,15,今天告白了吗？？？？  ―没有,0,YZ芣苢,330392808
253,2017,7,15,昨天告白了吗？？？？  ―没有,0,YZ芣苢,330392808
254,2017,7,13,今天告白了吗？？？？  ―没有,0,YZ芣苢,330392808
255,2017,7,12,平胸而论，好听，,2,要嫖遍全国啊,376407794
256,2017,7,12,！,0,凉芈芈,115476334
257,2017,7,11,今天告白了吗？？？？  ―没有,0,YZ芣苢,330392808
258,2017,7,10,今天告白了吗？？？？  ―没有,0,YZ芣苢,330392808
259,2017,7,9,今天告白了吗？？？？  ―没有,0,YZ芣苢,330392808
260,2017,7,8,今天告白了吗？？？？  ―没有,0,YZ芣苢,330392808
261,2017,7,7,鼓起勇气说出去，没准他也在等着你呢[开心],0,zjx1234zjx,302013589
262,2017,7,7,哈哈哈哈哈，等我找个合适的时机，谢谢你呦,0,YZ芣苢,330392808
263,2017,7,6,怕他婉拒之后做陌生人吗[大哭][大哭][大哭]，真心喜欢他的话怎么忍心只做朋友,0,zjx1234zjx,302013589
264,2017,7,6,我怂。😂,0,YZ芣苢,330392808
265,2017,7,6,今天告白了吗？？？？  ―没有,0,YZ芣苢,330392808
266,2017,7,6,是个优秀的男生就抓紧时间表白吧，别墨迹了，相信感觉和简单[奸笑]，要加油,0,zjx1234zjx,302013589
267,2017,7,5,今天告白了吗？？？？  ―没有,0,YZ芣苢,330392808
268,2017,7,4,今天告白了吗？？？？  ―没有,0,YZ芣苢,330392808
269,2017,7,3,今天告白了吗？？？？  ―没有,0,YZ芣苢,330392808
270,2017,7,2,今天告白了吗？？？？  ―没有,0,YZ芣苢,330392808
271,2017,7,1,今天告白了吗？？？？  ―没有,0,YZ芣苢,330392808
272,2017,7,1,来跟我告一个,0,KitKat__,41723861
273,2017,6,30,生气，哼。,0,YZ芣苢,330392808
274,2017,6,30,今天告白了吗？？？？  ―没有,0,YZ芣苢,330392808
275,2017,6,29,燕姿啊,0,孙燕姿万岁,329151625
276,2017,6,29,今天告白了吗？？？？  ―没有,0,YZ芣苢,330392808
277,2017,6,28,今天告白了吗？？？？  ―没有,0,YZ芣苢,330392808
278,2017,6,28,告白也白告啊大兄弟,0,hanimal,269609516
279,2017,6,27,今天告白了吗？？？？  ―没有,0,YZ芣苢,330392808
280,2017,6,27,孙燕姿啊孙燕姿[爱心],0,QW1K,96765923
281,2017,6,26,谢谢哦，顺其自然吧。,0,YZ芣苢,330392808
282,2017,6,26,今天告白了吗？？？？  ―没有,0,YZ芣苢,330392808
283,2017,6,26,加油呀,0,Makisey,42996366
284,2017,6,25,今天告白了吗？？？？  ―没有,0,YZ芣苢,330392808
285,2017,6,24,今天告白了吗？？？？  ―没有,1,YZ芣苢,330392808
286,2017,6,23,今天告白了吗？？？？  ―没有,1,YZ芣苢,330392808
287,2017,6,22,今天告白了吗？？？？  ―没有,0,YZ芣苢,330392808
288,2017,6,21,昨天告白了吗？？？？  ―没有,0,YZ芣苢,330392808
289,2017,6,20,爱姿,0,姿意燕为,263726012
290,2017,6,19,今天告白了吗？？？？  ―没有,0,YZ芣苢,330392808
291,2017,6,19,爱姿,0,姿意燕为,263726012
292,2017,6,19,昨天告白了吗？？？？  ―没有,0,YZ芣苢,330392808
293,2017,6,17,今天告白了吗？？？？  ―没有,0,YZ芣苢,330392808
294,2017,6,16,今天告白了吗？？？？  ―没有,0,YZ芣苢,330392808
295,2017,6,15,今天告白了吗？？？？  ―没有,0,YZ芣苢,330392808
296,2017,6,14,今天告白了吗？？？？  ―没有,1,YZ芣苢,330392808
297,2017,6,14,日常打卡，有燕姿的地方就有我,0,跳舞的克卜勒,122786310
298,2017,6,8,不管以后将如何结束，至少我们曾经相聚过。YZ,0,YZ芣苢,330392808
299,2017,5,29,爱姿,0,姿意燕为,263726012
300,2017,5,29,好听好听好听,0,凌晨三点不睡觉的雨果,120801740
301,2017,5,29,手动踩爪印，端午燕姿专辑一日游[奸笑],0,凌晨三点不睡觉的雨果,120801740
302,2017,5,25,爱姿,0,姿意燕为,263726012
303,2017,5,25,已撸,1,吹水公子,84637297
304,2017,5,23,真的好听,0,NumbLater,115418975
305,2017,5,20,加油,0,Sesexxx-,273920042
306,2017,5,13,勇敢一点 如果他也喜欢你呢,0,苏靖岗,350976808
307,2017,5,12,燕姿,0,一地故里,118066649
308,2017,5,12,8:55,0,一地故里,118066649
309,2017,5,3,哈哈，谢谢小哥哥。,0,YZ芣苢,330392808
310,2017,4,30,在燕姿的冷门下留下我的表白。,1,YZ芣苢,330392808
311,2017,4,30,以前有听,0,xiong336699,48037188
312,2017,4,29,来了,0,yuan有个姐姐,249667943
313,2017,4,20,14:28,0,字迹微寒,100562566
314,2017,4,14,[爱心],0,thisjulie,75934339
315,2017,4,11,10:19,0,跳舞的反骨,33249451
316,2017,4,7,和其他的都适合做铃声,0,DanCingVanGogh,263043497
317,2017,3,29,2002年夏天，水泥地，红椅子，开着的窗，吹进的风,5,Nono假腿怎么了,250512966
318,2017,3,28,我也这么觉得,1,今天就让你知道知道,109830334
319,2017,3,27,以前短信铃声，诺基亚,1,相对缓慢持久弥散,354231479
320,2017,3,21,12：12,0,默-凝,33706470
321,2017,3,17,18:10,0,鳝鱼可可,45477760
322,2017,3,2,凭胸而论，燕姿的歌都蛮好听的,2,林守乐,55243746
323,2017,3,2,21:23,0,林守乐,55243746
324,2017,2,22,好听,0,风中拾遗,283224068
325,2017,2,19,22:04,1,林守乐,55243746
326,2017,2,3,真的愛妳,0,lm_stef,258724583
327,2017,1,31,真的[亲亲],0,stef小流氓z,56720800
328,2017,1,8,表白 真的 爱姿(比心) 听她的歌无论哪种心情都能摆平 妥妥的滴～,1,浅白底色,106374021
329,2017,1,7,只有曲子也这么好听[色]燕姿的才华[强],1,Yesenia_ss,120981339
330,2017,1,6,爱姿,0,姿意燕为,263726012
331,2016,12,24,听完上一首 星期一天气晴 我离开你 再听这个demo好治愈[流感],1,vv薇薇呀,90402404
332,2016,12,15,四,0,孤单---个人的狂欢,263901035
333,2016,12,15,三,0,孤单---个人的狂欢,263901035
334,2016,12,15,二,0,孤单---个人的狂欢,263901035
335,2016,12,13,听完留言,0,即将减肥到一百六十斤的达火鸡,39170443
336,2016,12,13,最开心和最难过的时候，都是燕姿的声音陪伴[爱心][爱心][爱心],5,且忧当生,120718249
337,2016,12,12,[惶恐]我還以為這是完整的一首歌。,1,鄒爸比,85768778
338,2016,12,12,我昨天去打印姿媽的照片，好開心噢。[可爱],2,鄒爸比,85768778
339,2016,11,26,🤔,0,你猜你是不是,288389789
340,2016,11,21,能听到这里的都是真爱啊！噢耶！,1,取个名字好难啊啊啊啊啊啊呀呀,258086601
341,2016,11,5,👀👀,0,小聂要做种花家的好兔子,248265269
342,2016,10,29,which way,0,ROARSUM,110373349
343,2016,10,25,love u,0,Rainieowo,83366096
344,2016,10,14,我们走着走着 哭着笑着,2,小芋圆加油,115373497
345,2016,10,13,几乎吧[呲牙],0,-有姿有菋-,129649056
346,2016,10,13,哈！你是每首歌都留言了么？[强][强][强],0,Mu-sic小神经,88064153
347,2016,10,9,真的，属于一个人的晚上,0,siredd,279887781
348,2016,10,3,听完觉得要留点什么,1,毕澄茄,126371652
349,2016,9,29,一辈子姿迷,0,Desperadorrr,305326637
350,2016,9,28,[可爱],0,我正经799,129203055
351,2016,9,18,来打个卡 滴,0,时光小偷拿走眼泪,135124975
352,2016,9,18,真的   ,0,时光小偷拿走眼泪,135124975
353,2016,9,14,😘,0,sfnasiouuipsdgfihsdvbfgisdfgvs,258578188
354,2016,9,11,真的,0,YZ芣苢,330392808
355,2016,9,11,燕姿🌸🌸🌸,0,冬作,302691026
356,2016,9,10,٩(๑òωó๑)۶,0,举个西木,60673274
357,2016,8,11,[憨笑],0,_吴子诚,275017518
358,2016,8,6,这demo也很赞啊！,0,我是丑王,127718208
359,2016,8,3,[可爱],0,崔大佳-,113328978
360,2016,7,25,曾经坚持过的故事不必再提，没有人在意.,1,Colijn,126977756
361,2016,7,23,我的青春！！！燕姿生日快乐[蛋糕][蛋糕][蛋糕],1,-有姿有菋-,129649056
362,2016,7,23,我的青春！燕姿生日快乐[蛋糕][蛋糕][蛋糕],1,-有姿有菋-,129649056
363,2016,7,18,夜是美好的 请你们表玷污它,1,害淡,45874458
364,2016,7,16,最爱的demo,0,Cypress_Nectar,52419940
365,2016,7,5,空间里的背景音乐一直都是这首，断断续续在空间的记事本里写了好几年的日记，喜欢上谁，和谁分手，又度过了怎样的日子，无数个痛苦快乐的夜晚对着笔记本打开空间，耳边环绕着这首音乐，敲打下心里想要述说的文字，从高中到大学，再到现在工作，已经渐渐没有了那些过于复杂的情绪，就留下这首歌的氤氲,7,nobita_marsh,42368983
366,2016,6,17,所以爱是真的,2,fai-t-HaZeC,258511575
367,2016,6,12,棒棒哒,0,硒硒,258739742
368,2016,5,30,真的,0,帐号已注销,107770235
369,2016,5,28,真的O,0,帐号已注销,42502910
370,2016,5,28,好想圈你,1,面黑-,76301406
371,2016,5,24,[流泪],0,iJorker,36644667
372,2016,5,24,会了吗,1,是螺纹呀,59982102
373,2016,5,22,这首歌叫 真的,0,与旧友,1805209
374,2016,5,12,[憨笑],0,65418,519706
375,2016,5,3,☺,0,举个西木,60673274
376,2016,4,26,哭,0,徐人大,83142096
377,2016,4,16,真好听,0,孙燕姿的锁骨,17714009
378,2016,4,4,为什么我后发的表情比前发的表情脸大了那么多[大哭][大哭],1,雨陨,31875806
379,2016,4,4,[可爱],0,雨陨,31875806
380,2016,4,4,😏,0,雨陨,31875806
381,2016,2,23,这首曲子我一定要学会，就这么定了！,1,iJorker,36644667
382,2016,2,4,真的！,0,番薯跳海海蓝蓝,101039567
383,2016,1,18,[爱心][爱心][爱心],0,Kepler_渴,124812426
384,2016,1,12,[爱心][爱心],0,孙燕姿的锁骨,17714009
385,2016,1,10,好吧是咩意思( • ̀ω•́ )✧,0,闪泥啦啦啦,88079495
386,2016,1,10,真爱粉你们好！！！！！！！,2,闪泥啦啦啦,88079495
387,2016,1,8,[哀伤],0,llyzi,72317608
388,2015,11,26,谢谢你，燕姿。,2,LZAKU,56740392
389,2015,10,29,就这样，带上耳机，沉浸在有你的世界里。,1,长草的耳朵,59825103
390,2015,10,5,《真的》，真的好爱你,2,StefanieLoveSun,50924614
391,2015,9,28,一直认为我要的幸福是最好的孙燕姿。,116,天才麻将少年富坚义博,40616164
392,2015,8,6,yanziyanzi.,0,帐号已注销,44991129
393,2015,8,4,`,0,往太阳的方向生长,7325312
394,2015,8,1,`,0,往太阳的方向生长,7325312
395,2015,6,20,好吧,0,湖人死忠,7776579
396,2015,5,30,买的第一张孙燕姿的正版专辑 ,6,-Exile-,70539944
397,2015,5,2,十多年前觉得这个 melody 很好听，现在依然觉得！,1,sxsongyin,61116261
398,2015,2,3,真的,0,太阳鱼XD,2137627
399,2015,1,26,[狗],0,Hk_chen,45175827
400,2015,1,10,听完了,0,Halo_Stefanie,44758870
401,2015,1,3,[大笑],0,darksideofthemoon-,2592872
402,2014,10,4,听了能让心静下来的demo,0,啊彩虹金刚,36813307
403,2014,9,15,遇见，最初的孙燕姿。,4,翼叔,11851621
