index,year,month,day,content,likecount,nickname,user_id
1,2019,11,11,可真好听。,0,也不是猪只打呼,355734135
2,2019,11,11,快乐。,0,也不是猪只打呼,355734135
3,2019,11,6,我和我的祖国，比他好听！,0,西北一匹野马,261252904
4,2019,11,6,国宝我姿,0,SngEeTze--,1600031708
5,2019,11,5,这么好听的歌[爱心],0,ydd云朵朵,1829909255
6,2019,11,3,超超超超级好听啊！,0,粘好看,123721650
7,2019,10,19,这首歌得有十几年了吧，还是初中那会听到的呢，估计也只有80和90初听过，满满的回忆。,0,有音留白,70673196
8,2019,10,4,爱燕姿,1,跳舞的梵谷yanzi,318974517
9,2019,10,4,啊啊啊啊好听,1,跳舞的梵谷yanzi,318974517
10,2019,9,23,国庆歌也这么好听,0,XQ0823,489797899
11,2019,9,19,听过一次念念不忘 ,0,bulankaa,73550678
12,2019,8,26,羡慕啊哈哈哈,0,女神是孙燕姿啊,395256634
13,2019,8,21,太好听了,0,薇雨润恩泽,468343061
14,2019,8,20,我唱的最好的别人家国庆歌,0,7things_,1318437548
15,2019,8,12,就是不要所有的歌曲都要规矩的唱[大笑],1,O_oHULLO,343829645
16,2019,8,9,祝新加坡54周年生日快乐！！,0,大爱星星哥,373056591
17,2019,8,9,新加坡生日快乐,1,麦丽素0723,544048498
18,2019,8,9,每天都来听歌颂祖国哈哈哈哈,0,我很鱼块,125768521
19,2019,8,6,想去新加坡呜呜呜呜呜呜,1,漂浮群岛et_moi,101098936
20,2019,7,29,是啊。一直都是天后级别的。基本就是2000后最有口碑最低调的天后了。虽然我也喜欢梁静茹和田馥甄。。。但是孙燕姿真的在整个华人圈是新生代之光。,1,五音符号,278349798
21,2019,7,26,好听好听好听好听,0,非也非飞,440312810
22,2019,7,25,比起中文版更喜欢这个版本,0,不想再宅下去的肥猫,76550530
23,2019,7,25,歌颂祖国的歌曲也这么好听,0,韩小蒙,119193024
24,2019,7,23,majulah singapura，是马来语的[大笑],0,Raja_Of_India,610914675
25,2019,7,22,姿妈好看,0,万古啊长存,629173321
26,2019,7,22,我也是,0,万古啊长存,629173321
27,2019,7,19,啊啊啊啊，太好听了，还好学,0,诗不再远方,552405431
28,2019,7,17,我的天，我终于听出来这首歌和全心全意是一样的[鬼脸],2,hydrogenhi,1597587086
29,2019,7,8,我在新加坡上的中学，每年国庆日前后，学校食堂的大屏幕滚动播放这首三百遍～ 边吃饭边看燕姿好幸福哇哈哈,8,Mbindifferentia,35180645
30,2019,7,5,你好哇,0,可欣Amy,255521509
31,2019,7,5,姿迷好[大笑],0,Jay爷,600324080
32,2019,7,4,加我一个，棒棒哒,0,可欣Amy,255521509
33,2019,7,4,这首歌这么好听都没人嘛,0,蹦蹦跳跳的叶修,631451960
34,2019,7,3,是了是了 期待她20年演唱会,1,啊啊啊阿窈,578848548
35,2019,7,3,是不是牛逼的，外籍歌手第一个。,0,路灯下的的夜明珠,1820234735
36,2019,7,2,特意在刚刚去看了mv哈哈哈哈第一个镜头,0,啊啊啊阿窈,578848548
37,2019,6,28,唱新加坡国歌的燕姿我也喜欢,0,愿君依旧笑,559237310
38,2019,6,28,还有JJ单独唱的,0,5513071104,254716616
39,2019,6,27,燕姿的地位早在08年《北京欢迎您》就被国家定位了，去看看MV,2,路灯下的的夜明珠,1820234735
40,2019,6,22,这个不是新加坡的国歌,1,aaaatfug,1389979856
41,2019,6,22,不是，新加坡国歌是：Majulah Singapore  前进吧 新加坡,0,aaaatfug,1389979856
42,2019,6,18,可怕的是十几年过去了，突然翻到我竟然还能跟着唱,1,陪你从小猫咪到大老虎,127848722
43,2019,6,11,爱国歌都这么好听！,2,小米糕啊,1436371488
44,2019,6,9,哈哈哈哈 歌颂祖国都能唱的这么好听 真棒,0,feifeii13,309479010
45,2019,6,9,虽然不是国歌，但是也是国字辈，地位相当高！,1,来世做个凡人吧,432742197
46,2019,6,9,是的，虽然不是国歌，但是也是国字辈，地位相当高！,0,来世做个凡人吧,432742197
47,2019,5,26,新加坡国歌吗？,0,feifeii13,309479010
48,2019,5,23,真好听,0,枣糕少女宋觉觉,116531378
49,2019,5,12,燕姿也太强了吧,1,愿君依旧笑,559237310
50,2019,4,30,自从喜欢了孙燕姿。新加坡一直就是我最想常驻的城市,8,天空飞过暖水瓶,423027217
51,2019,4,30,这就是新加坡版的《我和我的祖国》啊[大哭],2,天空飞过暖水瓶,423027217
52,2019,4,28,我说呢 纳闷了半天没听过这首,0,Adam_Lambert,87478266
53,2019,4,14,只有新加坡版本有收录,0,小青浪a,645753127
54,2019,3,31,cp粉吗？这cp也是够冷的，现在也是冷的彻彻底底哈哈哈哈哈哈哈哈,1,自饰者180816,1557408903
55,2019,3,29,专辑里应该是没有这首歌的吧,0,呼吸喘气,53960052
56,2019,3,15,路过章宜机场特意翻出这首歌来听,2,ass后,341473772
57,2019,2,16,我说为什么THE MOMENT这张专的曲量这么大呢。。。,1,Nembutal,285968582
58,2019,2,11,全心全意英文版,1,s1ck1000,1471605268
59,2019,2,1,这歌词翻译的把人家国名都抹了。。。像话吗？,3,___Captain_,292737203
60,2019,1,30,好好听,1,没有一步之遥,53340270
61,2019,1,24,推荐corrinne may的【song for Singapore】,2,一kepler,1409592056
62,2019,1,9,[大笑],0,成小姿S,84991554
63,2019,1,8,换算过来就是两千五了呢 完全够燕姿学画画了😂😂😂,0,跳舞的范骨,511674794
64,2018,12,9,[色],0,子之选天,1391150898
65,2018,11,30,鸡皮疙瘩嘤嘤嘤，好感动,0,乖乖做姐的新宠吧,421681150
66,2018,11,26,打卡 ,0,孙燕姿的小迷妹啊,327977684
67,2018,11,24,这个是真喜欢  可是我是个学渣  ~~~ 怎么都学不会。,0,孙燕姿的小迷妹啊,327977684
68,2018,11,16,新加坡很多类似这样的歌曲 都是非常好听的,2,AnnaLeung33,469526962
69,2018,11,3,喜欢发音~,1,半颗山楂,395288548
70,2018,11,3,好听啊！,0,半颗山楂,395288548
71,2018,10,30,homeland[爱心],0,小谣爷,96193057
72,2018,9,9,2018-9-9打卡[可爱],0,hall6hi,125857298
73,2018,8,26,还在想孙燕姿是新加坡人为啥不唱她国家的歌，这就出来了[大哭],1,黑格尔还是叔本华,92037024
74,2018,8,24,真好听,1,闪电爱音乐,129646210
75,2018,8,12,留个名,0,痞子痞子蔡,342806966
76,2018,8,6,全心全意,1,ykepler,301744533
77,2018,8,3,🎧,0,_诗芊,81037679
78,2018,8,3,最爱孙燕姿,1,跳舞的梵谷yanzi,318974517
79,2018,7,25,歌唱祖国的也这么好听,1,雨还是不停地落下_,100825170
80,2018,6,28,红歌[大哭][大哭][大哭],1,麦丽素0723,544048498
81,2018,6,14,哈哈哈哈ヾﾉ≧∀≦)o,0,闪泥啦啦啦,88079495
82,2018,6,3,第一次听,0,天越亮夜越黑,369782654
83,2018,6,2,求分享 [流泪],0,180cm一,115012093
84,2018,6,2,是啊，可是是真的很喜欢这首歌啊，比较难唱出口😭，烦死了😔,0,Wow_HAYA,9832804
85,2018,6,1,啦啦啦你好,0,Mr_安德烈,265877924
86,2018,5,22,国庆主题曲,1,辉仔Huiman,92679814
87,2018,5,20,今天又随机播放到这首了，增加评论～,0,豆花DOUHUA,69401322
88,2018,5,10,[爱心],0,大白兔吃奶糖吗,289166803
89,2018,5,5,[亲亲],0,海洋过森林,325742808
90,2018,5,4,毕竟给500块给姿妈学画画的国家[大哭],6,是ZEE哦,286514958
91,2018,5,2,全心全意，初中的记忆[流泪],2,食蜃,565261
92,2018,4,29,画面感很强，我90年的，青春也是从卡带时代过来的，直到上了高中才有了自己的MP3。,0,王玉琪1,256949904
93,2018,4,23,最近好喜欢听这首歌,0,nidemingzi你的名字,586048443
94,2018,4,15,这才叫歌颂祖国靴靴,1,我的乌干达呢,314848661
95,2018,4,13,从来没有一个二十二岁的女生，像她一样唱歌！,5,子之选天,1391150898
96,2018,4,6,突然拉回，狂风吹着教室窗户的夜晚。点着蜡烛在教室，听着卡带的这首歌。那张画报我带到现在，仍旧贴在我卧室的墙上。15年已过。,1,lulala07,74880240
97,2018,4,5,有机会去看看我偶像的国家[开心],3,王不对称,254940840
98,2018,4,1,[爱心][爱心][爱心],0,朱一金,626735320
99,2018,3,28,劝评论少酸，爱你自己的国，就像燕姿做的那样。,8,LZAKU,56740392
100,2018,3,27,我有这首无损[可爱]新加坡砖才有这首[可爱],0,马lululu,55810097
101,2018,3,25,国庆的时候大家都是发自内心挂国旗在自家窗户，这不是靠洗脑能洗出来的。,2,神秘的大波男孩,109892056
102,2018,3,16,唱祖国唱的这么真诚，听得出是真爱,0,璀璨如此,283572221
103,2018,3,10,想去新加坡，去看看你和老林成长的地方，我是jm,3,飞鸟57,467662067
104,2018,3,9,姿持姿持[爱心],0,徐丨若木,246749232
105,2018,3,4,要不我们合唱一曲[亲],0,33轉的LP,630862795
106,2018,3,4,我是杰伦，燕姿你好吗,0,33轉的LP,630862795
107,2018,3,4,孙燕姿,0,33轉的LP,630862795
108,2018,2,24,因为燕姿 二刷新加坡，以后还在三刷 四刷 直到遇见你,1,红色的小刺猬,583494746
109,2018,2,16,For Singapore， my homeland,0,Newme奇奇,629193912
110,2018,2,13,打call,0,may陈某人,49648971
111,2018,2,11,[开心][开心],0,Glacierrr-,356576618
112,2018,2,11,是的，想长大了到新加坡去偶遇燕姿，哈哈,0,ANTHONY_CHAN_,480447477
113,2018,2,11,好！生活要有所期待😄,0,Glacierrr-,356576618
114,2018,2,11,我也是,0,ANTHONY_CHAN_,480447477
115,2018,1,20,"坡花孙燕姿，坡草林俊杰，嫉妒新加坡,,Ծ^Ծ,,",5,李梧声,598428787
116,2018,1,18,因为你 想去新加坡,3,Glacierrr-,356576618
117,2018,1,5,哈哈哈哈哈哈同周老师和燕姿的粉！,0,Holiday29,286909892
118,2017,12,25,新加坡50周年上燕姿唱歌时候真的超美！,2,Stefanie_kf,260396530
119,2017,12,22,娱乐圈里的一股清流。,5,没错我就是脑残粉,248725489
120,2017,12,12,全是关于燕姿的回忆 满满的[流泪],4,-不不-,297991082
121,2017,12,10,[亲亲][亲亲][亲亲],1,湖人死忠,7776579
122,2017,12,5,好好听！,1,Mi喵小姐,314755331
123,2017,12,4,[亲亲],0,刘林凯,135873777
124,2017,12,4,[色][色],0,刘林凯,135873777
125,2017,12,4,爱燕姿都是回忆,0,IcYinL,64590481
126,2017,11,1,🤘🏼🤘🏼,0,茶山川志,356039349
127,2017,10,29,燕姿的英语真的好标准，新加坡不愧是亚洲英语最好的国家[强],3,乔治咖喱森,130826027
128,2017,10,28,收藏了所有专辑一首接一首中,2,殊_Doreen,45985364
129,2017,10,19,因为燕姿明天首播《跳舞的梵谷》主打歌曲，特地来听听冷门的歌[可爱],7,蹇容,313819253
130,2017,10,11,[亲亲],0,wokansheihewoyiyang,113113844
131,2017,10,5,[爱心],2,湖人死忠,7776579
132,2017,10,5,我这也算真爱粉……?(눈_눈),3,甜甜辣辣就是我,475642194
133,2017,9,27,站沙发,0,下回再改,508810715
134,2017,9,25,李老板发来贺电,1,Xiny辛夷,79837082
135,2017,9,22,坡歌[可爱],0,控场,40913104
136,2017,9,20,中文版叫全心全意噢！！！！！,3,Kvie_,64547193
137,2017,9,15,？？？ 中文歌听的可算多？[大哭],4,雁字楼头,297175673
138,2017,9,14,好好听,0,竟然有人抢了我的昵称,74685696
139,2017,9,14,这首也很洗脑，哈哈哈~我姿真是棒！,1,八宝蔡菜菜,376055697
140,2017,9,11,今年新加坡国庆的时候也有放这首歌,0,LeungTszKei,450213386
141,2017,9,3,"真爱粉你们好",0,流逸成岚中盛景,495867846
142,2017,8,25,昨天成新加坡旅游代言人了   真美,2,你不知我为你而至,297715630
143,2017,8,24,好听！！！,0,AmazingCookie,399436867
144,2017,8,24,听的忽然很感动很想哭[惶恐],0,是我的海J,296892329
145,2017,8,19,在和音的是JJ 吗？？！！,2,阿嘉赞,119020015
146,2017,8,14,还有东盟50周年rise[大哭],0,控场,40913104
147,2017,8,9,棒棒棒 真爱粉来涨评论拉,0,施恩图报,302028256
148,2017,8,9,真爱粉来了[大哭]这歌在新加坡是大家都会唱的...,1,KitKat__,41723861
149,2017,8,7,坡歌也这么好听吗,2,春水煎茶zzz,298330273
150,2017,8,4,还有We Will Get There,3,叠加态,133026520
151,2017,8,2,[大哭]这个歌不火倒也分得清楚哪些是真爱粉,7,Sao爷骑马客京华,119645725
152,2017,7,25,年轻，充满活力的国家,1,查某人的梦,19119162
153,2017,7,23,好听啊,0,AKA-ChuyaChx陳初亞,261062332
154,2017,7,15,好喜欢老孙的英语发音,0,想去吹太平洋的风,431966292
155,2017,7,9,燕姿随便拿一首歌出来都是好听的,0,跳舞的克卜勒,122786310
156,2017,7,7,比中文版棒诶！,0,一起轧马路吧,126154854
157,2017,6,30,国歌？？？,0,赫里尔德,410343541
158,2017,6,25,唱什么都好听💛,1,QW1K,96765923
159,2017,6,23,真爱粉打卡,0,姐姐你是荷花精,90788555
160,2017,6,23,oneSingapore,1,鸡肋不是,81816871
161,2017,6,19,？？？我竟然从来没听过,0,billma-,118808626
162,2017,6,18,好听,0,血苍天,490715021
163,2017,6,14,坡草林俊杰，坡花孙燕姿[大哭],7,阿屎_阿屎,88880587
164,2017,6,13,真爱来报道,0,Lan_celot,247344245
165,2017,6,10,[爱心],0,了不起的老人家,37782426
166,2017,6,9,新加坡版歌唱祖国,1,壹知花,270497976
167,2017,5,30,手动踩爪印，端午燕姿专辑一日游,0,凌晨三点不睡觉的雨果,120801740
168,2017,5,27,每周打卡,1,过往云烟视而不见,305289320
169,2017,5,21,哈哈哈，感觉是我第一首学会的英文歌,1,陪你从小猫咪到大老虎,127848722
170,2017,5,8,住在新加坡10年 我的第二个家,4,DANMINNNN,349369377
171,2017,5,2,刚从新加坡回来、去的时候一直在听这首歌、、、,2,乖乖的樂籽,89816745
172,2017,4,30,全心全意！,3,夏绿的光影,259402381
173,2017,4,29,我是高二上暑假课时候喜欢燕姿的 很奇妙的一段故事 有一次月考 我分在3班教室 旁边一个女生 我瞄了一眼 当时心想 哇 好像孙燕姿 然后就去追她咯 发现她有男朋友了 就这样我不知道为什么就迷上燕姿了 哈哈 到现在差4个月到6年 那段时间的暑假课没有好好听过 用了3个通宵泡网吧把MV和音乐下完了 天天看,5,大名是牧童,268103416
174,2017,4,21,社会我坡姐,1,Bodrums,136248780
175,2017,4,18,世魁，我等你，只要两个人在一起，在哪儿都行,0,夕颜May,442465991
176,2017,4,12,[发怒]为了评论大军贡献一份,0,石楠的荒原,92607144
177,2017,4,10,真爱,0,Shoulders-,35517956
178,2017,4,9,坡花,0,Kentarooooo,396523344
179,2017,4,8,喜欢这种感情。中国的歌手没有,6,寒拾泉,334582186
180,2017,4,6,真爱太多~,0,Ro1030,90652954
181,2017,4,4,[憨笑],1,帐号已注销,124859943
182,2017,4,1,"燕姿我爱你
",1,绮陌东头曾见,301963477
183,2017,3,16,今年开头的一个月，工作生活和家里的事情让我心力交瘁，就在刚刚，做好了两个月后直飞新加坡去玩的决定时，脑海里突然回想起这首歌的旋律，一下子就好开心！让压力通通滚远些吧，只要和你走下去，一起侣行，这才是生活，新加坡还有坡姐，我们来啦~[爱心],3,Daisy_Woo,75020439
184,2017,3,16,坡姐。,0,白泽葵,120080006
185,2017,3,14,听过这首歌的全是真爱粉啊,6,yanzicst,79056105
186,2017,3,12,[爱心][爱心][爱心],0,喵喵猫人,90870993
187,2017,3,12,坡上一姐？,1,刘按,8667800
188,2017,3,12,Singapore，my homeland,0,刘按,8667800
189,2017,3,5,21:21,0,林守乐,55243746
190,2017,2,17,敲好听！！,0,八宝蔡菜菜,376055697
191,2017,2,10,喜欢这首歌的英文版,0,GRAPEy,118431735
192,2017,2,7,唯爱我姿,0,shabiyalu,411752526
193,2017,2,3,one singapore,0,going_up_stef,372536854
194,2017,2,3,暖心治愈天后[爱心][爱心],1,闪泥啦啦啦,88079495
195,2017,2,3,我了解，大人的世界复杂、不纯净，不过，喜欢燕姿、与她类似的人，并不在少数，她们有见识、有才干、有理想、有抱负，她们努力前行，不畏惧风浪，但她们的声音，她们的愿景、她们的大爱是这个时代不可或缺，同时也是绝无仅有的。换而言之，无数仁人志士为那道逆光前赴后继，忠贞不屈，。,2,蝶非蝶yz,307447202
196,2017,2,1,the base of international relationship is interest. it's not a shame. it is the bloody truth.,1,不改名了无聊,100488411
197,2017,1,31,Does a strong and free nation need to rely on its “US Dad” to grab its right of speech in ASEAN ?What a joke!（But it doesn't mean I counter Stef. Sun or her fans.）,1,用户61912565,61912565
198,2017,1,31,有人称燕姿的歌声为温暖之声，不无道理，总是可以止住人的泪水,0,蝶非蝶yz,307447202
199,2017,1,31,我也是！！,0,Duriancheese_wang,60857227
200,2017,1,30,对，但更喜欢英文版,0,王玉琪1,256949904
201,2017,1,28,102了啊啊,1,steftze,54366514
202,2017,1,26,101！,1,过往云烟视而不见,305289320
203,2017,1,22,哈哈哈哈,0,Zoe啊哈,322187061
204,2017,1,17,不一样的燕姿~,0,小桑桑_374,318344676
205,2017,1,15,为什么我觉得，这个旋律的风格，尤其是电吉他的声音，和the moment 的封面，还有网易云这个黑胶唱片的动画效果很搭，姿式笑容也很契合这首歌的喜庆感,0,StefCarfts,284744752
206,2017,1,6,中文版的叫   全心全意   好像？,1,NeonCh,46749711
207,2017,1,3,真的很棒,0,那我可以抱你吗,331758437
208,2016,12,24,我在ktv总点这首歌[大哭][大哭][大哭],2,古由之月,62913048
209,2016,12,11,singapore,0,going_up_stef,372536854
210,2016,12,7,评论真少，比那几首没收进专辑的广告歌都少,0,轩辕龙龙,307729806
211,2016,11,30,爱姿～,0,恣姿不倦,255295693
212,2016,11,27,咱们的北京欢迎你不也还行嘛,3,汪汪的幸福小喵仔,63183867
213,2016,11,27,棒！,0,汪汪的幸福小喵仔,63183867
214,2016,11,23,歌唱祖国的歌都那么好听！,0,明天晴天--,37329385
215,2016,11,22,我家大门常打开 二姐开放怀抱等你,6,孙燕美,542076
216,2016,11,16,新加坡第一歌手吗是你吗是你吗,0,可与人言吴二三,53521219
217,2016,11,15,资妈这个腮红😂,2,米小瑞,94598942
218,2016,10,31,真不知道燕姿的评论怎么都这么少……,0,stefaniemisaki,3012375
219,2016,10,6,13年特别喜欢这个歌，听着听着听到了singapore，才发现这是人家国庆的歌[大哭][大哭][大哭]还说十佳的时候选这首歌呢，想了想，太奇怪了吧[大哭],46,Wow_HAYA,9832804
220,2016,10,3,爱姿,0,姿意燕为,263726012
221,2016,9,26,[色][色],0,花鹿在隐身,113252149
222,2016,9,21,这首歌差不多相当于新加坡版的“明天会更好”,0,壹知花,270497976
223,2016,9,18,哈哈哈[呆][呆],0,闪泥啦啦啦,88079495
224,2016,9,16,哈哈姿吧的闪泥,0,做我的猫i__,101820392
225,2016,9,16,可惜最近两国交恶[口罩],2,我不是渔歌,311644254
226,2016,9,12,当时应该打开听曲识别,1,Christina-Aguilera,76483469
227,2016,9,4,确实，而且当时听这首歌觉得很感动,0,Oliver_He_HET,103175835
228,2016,9,4,美哭了，连续看了两晚,0,Traveller416,58747776
229,2016,8,30, 哎呀 ,0,六大果子酷的很,33906856
230,2016,8,22,在新加坡的滨海植物园的灯光表演上听到，当时硬是记住了歌词，听声音确定了孙燕姿，回来搜到的🔥,7,Oliver_He_HET,103175835
231,2016,8,19,坡姐,0,帐号已注销,281409381
232,2016,8,8,全心全意,1,苏三伞,111844957
233,2016,8,7,评论这么少,0,ETSUNY,19828006
234,2016,8,3,我姿我来了！,0,求一切顺利的王多多,272099714
235,2016,7,31,[可爱],0,王不对称,254940840
236,2016,6,26,哈哈哈哈哈坡歌,0,Bananabalabala,128847654
237,2016,6,21,全心全意过来的举手~~~大爱我姿！,3,Daisy_Woo,75020439
238,2016,6,18,笑死我了,0,菲总,10293312
239,2016,6,17,one singapore,0,姿我,76551471
240,2016,6,11,她还喜欢用[可爱][可爱][可爱]这个表情[可爱][可爱][可爱],0,Stefanie7lv,249236742
241,2016,6,11,燕姿的声音好可爱哦[可爱][可爱][可爱],0,Stefanie7lv,249236742
242,2016,6,2,新加坡50周年国庆的时候 燕姿唱了这首 超有气场,3,Stefanie1995,45044255
243,2016,5,25,终有一天你们会听到这么一首好听的国庆歌的。我爱我姿[亲亲],3,大眼睛的刘胖子,55734389
244,2016,5,25,坡花[亲亲],2,看我可爱咩,65911192
245,2016,5,14,会唱的英文歌之一[大哭][大哭][大哭],3,孙燕姿的锁骨,17714009
246,2016,5,8,[可爱]这张专辑都好可爱啊！少女姿,0,娇魂,113835347
247,2016,5,6,坡歌都那么好听😂,3,wildpig,90237256
248,2016,4,28,[呲牙][呲牙][呲牙],0,太阳底下0723,16072610
249,2016,4,28,[大笑][大笑][大笑],0,MAI_SHIRAISHI,97380507
250,2016,4,28,[呲牙],0,Cypress_Nectar,52419940
251,2016,4,27,坡歌哈哈哈哈哈,0,昵称已经被注册了呢哈哈哈哈,49719149
252,2016,4,25,☺☺,0,举个西木,60673274
253,2016,4,22,新加坡坡歌[大哭],2,榆不缺,61039020
254,2016,4,17,嗯嗯~我记得你说过这个事儿~,0,菲儿灰灰,62222598
255,2016,4,17,嘿嘿嘿现在也不用唱吧了 改全民k歌了[呲牙],0,闪泥啦啦啦,88079495
256,2016,4,15,额~我记不清楚了，但就是你啦！,0,菲儿灰灰,62222598
257,2016,4,15,噗 泥闪是谁 我唱吧叫闪泥啦啦啦🌝,0,闪泥啦啦啦,88079495
258,2016,4,14,你是唱吧辣个泥闪啦啦啦吗,1,菲儿灰灰,62222598
259,2016,4,3,来了,0,FeVerPitchA,48100121
260,2016,3,26,😂,0,湖人死忠,7776579
261,2016,3,21,全心全意[色][色][色],0,菁小霞,63412929
262,2016,3,10,真心好听,0,善鄯,247709392
263,2016,3,1,这首歌我觉得她唱得好可爱哦，尤其是发音～,2,所有马尼归我,20350890
264,2016,2,23,333-.-,0,Rainieowo,83366096
265,2016,2,3,[大哭]低头玩手机感觉这个声音好好听哦，后来听到有唱英语的新加坡才反应过来这不是我姿么！！,2,亿吨奶糖,54428686
266,2016,1,29,太好听惹。,0,甜一分苦九分ya,50669579
267,2016,1,20,在坡县演唱会上也唱了[幽灵],4,孙燕姿的锁骨,17714009
268,2016,1,16,第一次听到这歌,0,Kepler627,77858831
269,2016,1,5,评论再次少哭 真爱粉你们好！！！！！！！！,132,闪泥啦啦啦,88079495
270,2015,12,23,坡县就是小了点，环境没的说。—— 一个从新加坡逃离回大陆的同事说如是,3,胖丁噢,46038318
271,2015,12,8,你怎麽會唱得這麽好聽的 難怪廚藝失敗 人就是不能太完美對吧[大哭],0,directorrowe,1923073
272,2015,11,22,很多年以前就在谈和谐和谐和谐了！,0,刘按,8667800
273,2015,11,16,[大笑],0,CGNH,65593562
274,2015,9,27,[爱心]DEAR SINGAPORE,0,锦舟,38172039
275,2015,9,22,怪不得，听磁带的怎么就没有这首歌呢？,0,Jeremy-Anifacc,7302920
276,2015,9,3,[跳舞],0,傻子-笨蛋,1331490
277,2015,9,1,刷个评论 么么哒,0,闪泥啦啦啦,88079495
278,2015,8,30,。,0,六二二,45988162
279,2015,8,29,好听啊,0,痒痒鼠1996,88903837
280,2015,8,11,yanziyanzi.,0,帐号已注销,44991129
281,2015,8,10,。。,0,湖人死忠,7776579
282,2015,8,10,新加坡50周年 燕姿唱了这首,121,逆光盘,84695593
283,2015,8,8,SG50 坡县生日快乐,0,张小西是谁,45596959
284,2015,7,11,单曲循环了好多遍,0,小宁NO,45419915
285,2015,6,29,因为你，让我迷上了新加坡国庆歌[大笑],2,路人彦小二,76285353
286,2015,6,19,因为某个人，把这首属于他的国歌循环听了好多好多遍…,1,海水芷蓝_Echo,31445898
287,2015,6,3,好听~,0,所有人问摩西,30074422
288,2015,5,8,内地版没有,0,湖人死忠,7776579
289,2015,4,25,这首歌好像磁带里面没有- -[汗],0,傻子-笨蛋,1331490
290,2015,3,13,[色],0,湖人死忠,7776579
291,2014,11,11,好赞！,0,我不是个伟人,19097943
292,2014,7,13,"歌颂祖国都能介么好听
",187,转身后仰三踏步,881676
293,2013,12,18,One Singapore,1,猫灿先生,1425071
