index,year,month,day,content,likecount,nickname,user_id
1,2019,11,3,王菲唱的很好，但是这首歌不适合用中文，副歌部分显得很凌乱，英文版就流畅很多,0,未-完-成,494969845
2,2019,9,27,然而，燕姿这个版本比录音室版，比起原唱，比我这十年听过的所有音乐，它一直毫无动摇的排在第一位，任何风格，任何音乐都无法撼动它在我心中的地位,1,百溪流,256052963
3,2019,8,27,冷战！！,0,Sudelula,39835876
4,2019,6,4,现场也是无敌赞,2,Black丶Cherry,14624296
5,2019,6,3,她是live，现场版的，多评论的在专辑里面,0,十三-是燕姿啊,1732072007
6,2019,5,14,怀念那个黄金年代,0,format_N,9139549
7,2019,4,21,个人觉得比原唱好听[可爱],2,万物生cici,100031969
8,2019,4,16,你才不是只能去读书呢,0,怪你过分美丽溶,329227816
9,2019,4,8,超喜欢哦，燕姿,0,介鸠,1299398814
10,2019,3,29,冷战原版的英文歌,0,余厝,133932279
11,2019,3,27,冷战?,0,座瓶水是我惜可,253248732
12,2019,3,14,哈哈 好像是王菲翻唱的,0,wyh爱喝酸奶,385588235
13,2019,3,4,加油,0,尺昂,286459577
14,2019,3,4,2019.3.4 02:32 103,0,myleslie-,394880094
15,2019,2,16,一个考研失败的人听着舒服多了,1,我是夏凉凉,530449274
16,2019,1,29,晚安,0,121个逸儿,129095979
17,2019,1,11,真的是太爱这首了❤️,0,你好燕姿,550973036
18,2019,1,7,这首前面真的不好唱啊,0,currencybao,258261214
19,2018,10,29,什么时候才会还有巡回演唱会呢,0,钰云来,73411919
20,2018,10,27,这么好听的一首歌评论这么少？！？！,0,浮力森林3,581434241
21,2018,10,14,王菲的冷战啊！没想到还有英文版,0,Quanling君,428295306
22,2018,10,7,[可爱]姿媽唱英文歌是另一番味道，喜歡。,2,鄒爸比,85768778
23,2018,9,15,唱英文歌真性感,3,星岛的妳,48746821
24,2018,9,12,结婚淡出了而已，当年唯一能和周杰伦抗衡的人。。把王力宏张惠妹压着打,5,彼得潘与狼,261245021
25,2018,9,12,超好听啊,0,彼得潘与狼,261245021
26,2018,8,22,歌名念的真性感,0,跳舞的克卜勒,122786310
27,2018,8,10,晚安！燕姿,0,Erika_Linder,305117600
28,2018,8,3,🎧,0,_诗芊,81037679
29,2018,7,9,可惜她自己的歌都唱不过来，现场翻唱几乎没了[流泪],0,风之清野,45223464
30,2018,6,20,好听得一逼,0,我正经799,129203055
31,2018,6,18,经典,0,180cm一,115012093
32,2018,6,2,爱姿,1,小小烁,80544605
33,2018,4,8,这首歌最好听的版本,3,跳舞的克卜勒,122786310
34,2018,3,31,不知道什么时候你姿能再来个silent live,1,闪泥啦啦啦,88079495
35,2018,3,9,王菲翻唱的粤语版，95年最精彩那场的《冷战》，真的将粤语的美展现到了极致,23,耿耿天,78303712
36,2018,3,7,打卡,0,跳舞的克卜勒,122786310
37,2018,2,26,签到签到,0,在青春迷失的咖啡馆,350093833
38,2018,1,14,Silent All These Years,0,97如果我是陈奕迅,338113499
39,2018,1,14,轻快动听。,0,97如果我是陈奕迅,338113499
40,2017,12,23,好听好听好听,0,气氛来了就要醉,308485041
41,2017,12,13,我看见了东郊记忆,0,跳舞的克卜勒,122786310
42,2017,12,13,每多一首都是赚到了,0,亨超本蝠,261683870
43,2017,12,13,不够本质啊,0,跳舞的克卜勒,122786310
44,2017,12,12,是有多幸运才能去到这现场,0,你讨厌的edW,130869633
45,2017,11,30,好听的~英文版的冷战,2,流年veggieg,406417259
46,2017,11,19,(⊙o⊙)哇，，，还有个live版本，，，发现新大陆,0,亨超本蝠,261683870
47,2017,11,11,王菲的冷战,2,禾呈王韦哲,110919118
48,2017,9,17,颤抖的声音好吸引人[憨笑],1,ANRAN0701,541069667
49,2017,9,6,love u,0,亚热带鲸鱼,81765069
50,2017,9,5,silent,0,牧风ii,113547748
51,2017,8,23,敲性感吼～,0,鄒爸比,85768778
52,2017,8,23,我回放了开头好多遍,0,想去吹太平洋的风,431966292
53,2017,8,16,[爱心],0,许夏丽,53816527
54,2017,7,31,对啊🌝🌚,1,手机不好玩-酒也不好喝,130778841
55,2017,7,31,哈哈哈  Faye,2,猫_AlwaysHungry,402987796
56,2017,7,26,we are too easy,0,_congmian,133579213
57,2017,7,19,晚安 我还想着你。,0,小猪皮z,279466099
58,2017,7,17,晚安男周女孙,0,七里香lyc,326911455
59,2017,7,6,念歌名的時候聲音好性感！！不不不，聽下去，聲音一直很性感！！！[色],4,鄒爸比,85768778
60,2017,7,2,我觉得这是yanzi翻唱的最好的一首歌 比原唱好听[亲亲],4,减肥中的吉祥酱,355518078
61,2017,7,1,你太年轻，只是低调了要带小孩了[大哭]。当年人气还有唱片销量无人能及,5,KitKat__,41723861
62,2017,6,8,日常打卡，有燕姿的地方就有我。好想上热评,7,跳舞的克卜勒,122786310
63,2017,6,3,燕姿的偶像唱的也好听,4,手机不好玩-酒也不好喝,130778841
64,2017,5,27,每周打卡,1,过往云烟视而不见,305289320
65,2017,5,6,超好听,2,我只会乱乱唱,272309134
66,2017,5,3,助攻,2,阿Dar,94482447
67,2017,4,26,好听,1,vindawoos,12135086
68,2017,4,11,哈这首歌很少人听 开心就好像我自己偷偷把Stef藏起来了…好喜欢❤,1,121个逸儿,129095979
69,2017,4,8,爱姿就是爱自己,2,过往云烟视而不见,305289320
70,2017,4,5,超爱[爱心]谢谢你一直在。,1,121个逸儿,129095979
71,2017,3,4,有情绪在里面，好听,2,神通广大的chris,103693776
72,2017,2,3,好听好听 女神。,1,小猪皮z,279466099
73,2017,1,25,确实很缺味道和稳定呀，毕竟不是谁如tori那样。,3,G大调节奏午安,328206108
74,2017,1,24,好听阿，女神。,1,西有乔木阿乔木,313707908
75,2017,1,19,但是这首和原唱的感觉差了好几档，包括录音室版本。用心听过的都懂。,2,成本测算,364531201
76,2017,1,19,还是年轻，没有见过她的辉煌,3,成本测算,364531201
77,2017,1,19,孙燕姿真是被低估的一个女歌手[皱眉],0,永无岛的小妖精谅太郎,38922530
78,2017,1,18,刚开始是听快女莫沉唱的，声线都比较适合,0,全世界都安静下来,55027592
79,2017,1,5,好的不学 学会骗人了[撇嘴][撇嘴][撇嘴],0,愁容骑士哦哈呦,50848738
80,2017,1,3,现场版简直更抓耳,0,__打马而过,263655467
81,2017,1,2,哦，只能说王菲版和这个版本的都不错，没啥更喜欢的。,1,渣男多欢乐,33062634
82,2016,12,30,很好,0,过往云烟视而不见,305289320
83,2016,12,12,这张碟好喜欢[亲亲],0,Qihao7989,302137525
84,2016,12,3,小护士你骗人，没好阿,0,帐号已注销,124859943
85,2016,11,2,我也觉得 评论这么少不科学,2,爱姿病杨阿姨,355489455
86,2016,11,2,[亲亲][亲亲]爱姿永不变,2,帐号已注销,124859943
87,2016,9,21,[流感]我超爱,0,沖繩流浪貓,37786481
88,2016,9,16,没好啊,0,饥饿艺术家_003,74139528
89,2016,8,31,٩(๑•◡-๑)۶ⒽⓤⒼ,0,酷圆虎,247542768
90,2016,8,29,都好了,2,曲库小护士,79248480
91,2016,8,26,比录音室版还要好听,0,钙莉,260207642
92,2016,7,29,查了一下，中文意思是  沉默的这些年来，必须把姿妈的英文歌弄懂,0,苏三伞,111844957
93,2016,5,17,我觉得在优酷看视频的时候更好听，亲临现场肯定更赞,0,看我可爱咩,65911192
94,2016,5,17,太好听,0,右下走鬼,111303148
95,2016,5,10,[亲亲],0,帐号已注销,107770235
96,2016,5,4,最爱的一首歌，这首现场版的简直让我浑身颤抖！浑身颤抖！浑身颤抖！,6,可可西里云大朵,256103155
97,2016,4,18,现场也好好听,1,看我可爱咩,65911192
98,2016,4,9,比起原版和王菲版本，更喜欢燕姿翻唱的版本，,5,yayabale11,102472071
99,2016,4,7,好歌，看完05演唱会过来,1,龐漢榮,108341388
100,2016,3,14,高中有段时间的qq昵称就是这首歌,1,汪-洋就是这样姿STE,94855607
101,2016,2,23,这首评论这么少不科学啊,3,赵广阔名称已被占用,111795343
102,2016,2,23,可以听，你看看,1,绮怀安安,69739321
103,2016,2,15,可惜网易听不了翻唱神专start自选集,1,那不勒斯的遗憾,7590143
104,2016,1,31, 起床,0,我正经799,129203055
105,2016,1,18,[爱心],0,左手的缪斯_,39500015
106,2015,12,31,well i love the way we communicate,1,吴大将军,56440566
107,2015,12,5, there's a heaven where some screams have gone,1,帅气的鸭蜀黍,68081368
108,2015,9,15,这么好听的现场这么少人,0,狸屎的精神制裁,75255004
109,2015,8,21,现场版好听！,0,柯德莉藍_,52802371
110,2015,8,5,美,0,自带BGM的熊本熊,61361712
111,2015,8,5,美,0,自带BGM的熊本熊,61361712
112,2015,6,17,完美现场,1,qXz7x,45689724
113,2015,4,30,Tori Amos 都是女神,1,MaxRN,407787
114,2014,10,2,听着你入睡。最喜欢的女歌手，没有之一。,63,查理查理查理,35314803
