index,year,month,day,content,likecount,nickname,user_id
1,2019,11,24,这张专我有磁带的，当年我太小了听不懂，现在再听觉得我姿好有品味！,0,GringottsL,557843151
2,2019,11,24,每过一段时间都要翻这首歌出来听[大笑],0,梵谷不跳舞,132774418
3,2019,11,22,单曲循环中,0,雨天遇见隐形人,53055789
4,2019,11,22,好听,0,依然0未完成,1947737582
5,2019,11,22,你的头像不错[大哭][大哭],0,難得一堅,645761304
6,2019,11,21,这首歌还没999+？,0,雨天遇见隐形人,53055789
7,2019,11,13,嘻嘻(♡˙︶˙♡),0,愿君依旧笑,559237310
8,2019,11,12,[多多可怜][多多大笑],0,zsd655,1856890866
9,2019,11,12,回头仔细看着这首歌的歌词，经历过重大感情变故，现在的我听懂了这首歌。,0,吴珊珊Allen,18379897
10,2019,11,12,那些年，她唱这首歌给我听。现在，我们各有自己的家庭。祝福她！,1,萌神Kary,1502082941
11,2019,11,10,sometimes  love just ain't enough[呲牙],0,o我要的幸福_,356665399
12,2019,11,9,谁能找到吉他谱,0,PEPPER-DADDY,1653893384
13,2019,11,8,There beside you where i used to lay ,0,风之清野,45223464
14,2019,11,4,你知道自己的心不可信有多可悲 为什么还总是学不乖。,0,DacoZ,506872244
15,2019,10,31,这首歌只听孙燕姿版本的,0,绿水悠悠1708,562044240
16,2019,10,31,顶,0,DT燕姿,470003673
17,2019,10,31, 过1000,0,DT燕姿,470003673
18,2019,10,31,我真的好爱这首,1,DT燕姿,470003673
19,2019,10,29,以前是听不懂,0,Islandofcyril,48634536
20,2019,10,28,[亲亲]好听,0,郭大豆豆,261848434
21,2019,10,24,好听,0,sunsuntay,288918787
22,2019,10,23,这么好听怎么那么少评论呢，听这张专辑仿佛回到十几年前，小随声听吱扭吱扭播磁带的时光，那时候真好，没有烦恼,0,蜗牛蜗牛极速,405216967
23,2019,10,21,多出英文歌吧  silent all these years也很耐听,0,废材将军,1781883997
24,2019,10,18,And it's sad when you know it's your heart that you can't trust. 是我最爱的一句歌词：我从不怀疑自己的真心，同时我深刻地了解真心本就瞬息万变，这真让人沮丧。,5,潇羊的羊才不是这只羊,100457642
25,2019,10,18,今天是小叶出差的第一天，想他。,0,芝麻子子,111043602
26,2019,10,17,[流泪][流泪]还是没人，我还是要吹，好听死了！！！,0,新昵称还没想好,67339684
27,2019,10,15,2002年就追的老歌啦～百听不厌,0,彭富贵,112539826
28,2019,10,14,音乐真是个奇妙的东西，多年以后，重新听起这首歌，不自然就想起很多往事，仿佛时光回到了过去，而那些美好的片段也历历在目。,1,别了晚风,268654679
29,2019,10,11,那么好听,1,kendy的风筝,362892899
30,2019,10,11,这首咋没有999,0,kendy的风筝,362892899
31,2019,10,10,孙燕姿就像是初恋的那位女孩，简单，晴朗，笑起来很好看。,1,JayHebe1707,536567712
32,2019,10,9,太完美了这首歌，每次难过都会记起这首歌，写得太贴切了。,1,Jayaoi,85199028
33,2019,10,6,"为什么他当时从不愿公开我
为什么他经常不回我消息
为什么他老是让我胡思乱想
为什么我老是觉得和他谈恋爱好累
看到他官宣的那条说说我才明白
他只是不喜欢我而已
爱不够又怎么愿意为了我放弃一片森林呢",2,云舒zlp,1963499754
34,2019,10,5,翻唱也这么haoting,0,XQ0823,489797899
35,2019,10,4,居然没有999,0,习小司,92968747
36,2019,10,3,来了,0,愿君依旧笑,559237310
37,2019,9,30,小众范儿,0,哆来咪010,432903954
38,2019,9,30,初中英语的启蒙歌曲,1,哆来咪010,432903954
39,2019,9,29,青春岁月,0,女Rp王,130150517
40,2019,9,28,啊，这首歌竟然没有999+，好喜欢在夜里独自听孙燕姿,0,7things_,1318437548
41,2019,9,27,真好听,0,XQ0823,489797899
42,2019,9,27,sometimes love just ain't enough,0,愿君依旧笑,559237310
43,2019,9,27,你我皆为凡人，我却将你奉若神明,2,池天明,128062517
44,2019,9,25,好喜欢[流泪][流泪][流泪],0,像暗杀似的绕到背后给你一Jio,1359745788
45,2019,9,20,真好听啊,0,云云云云流,1334766690
46,2019,9,18,对啊，很不理解，我就很喜欢这张专辑,0,苑文艺,450272039
47,2019,9,18,孙燕姿我爱你,2,DT燕姿,470003673
48,2019,9,15,单曲循环到魔怔，然后就是，带着耳机，沉浸在自己的口哨中。,1,克卜勒_wu,97556018
49,2019,9,11,我的英语启蒙。。。。。。。。磁带,1,时光728,315240795
50,2019,9,10,真的喜欢你。,0,月溅星河长路漫漫_,86578809
51,2019,9,8,我被感动了,0,你的名字_yy,270601783
52,2019,9,5,想到那句It's just not you timing,1,孙鳌头呀,502416807
53,2019,9,5,哇，我喜欢的人从未给我推荐过一首歌,0,是螺纹呀,59982102
54,2019,9,4,小叶 我爱你。千金不换的爱。我愿意为你克服一切艰难险阻。你说过这辈子要不离不弃。相爱的两个人，不应该错过，所爱隔山海，山海皆可平。你听得到吗。,1,芝麻子子,111043602
55,2019,8,31,大爱,0,梦想家小明,420001067
56,2019,8,27,关于《Sometimes Love Just Ain't Enough》孙燕姿写下自己的记忆：当爱一个人太深是危险的而且让你的心无法去相信。有时，爱情应该就是不满足的，这首歌最感动的一段歌词，不象一般的抒情歌。有一次全家上游艇出游，在游艇上有唱歌比赛，在全家的怂恿下参加，就唱了这首歌，得了奖，可能是之前穿了男友,1,有些遗憾只能一个人听丶,1290290664
57,2019,8,25,周末早上，听个燕姿吧,1,不关我的事啊_,278554860
58,2019,8,23,爱一个人太深会很危险。你知道自己的心不可信有多可悲，人们总是学不乖,0,胡多多5,345925799
59,2019,8,18,爱你不够,0,无远弗届626,387096020
60,2017,8,3,Ktv里有，画质还可以，应该是盗版,0,栗子鱼鱼鱼,352844618
61,2019,8,17,你那么爱她，那么在她最需要你的时候你在干嘛？想她吗？爱不是想出来了的！是！！！！！！！！！出来的！让她感受你的爱！,0,翻不完DE夏天,478491823
62,2019,8,11,深爱一人何其危险，爱不得仍心不能移令人悲恸。对你的爱，永不知足。令人想起:磐石方且厚，可以卒千年；蒲苇一时纫，便作旦夕间。卿当日胜贵，吾独向黄泉。,1,洛柒stills,303096815
63,2019,8,9,是的怎麼了,0,starrylee,29431936
64,2019,8,9,这张专辑难道不是翻唱合集吗？,0,我叫小明的分享,443655190
65,2019,8,7,Maybe I just want to have it all,0,高力丰,309630104
66,2019,8,6,对啊，很多时候，就是不够爱,0,爬在红枣上的蜜蜂,141624
67,2019,8,6,燕姿这张翻唱专超棒的！,0,Wylex,632895265
68,2019,8,2,ain't enough is enough,1,Landyer,112373453
69,2019,7,30,好,2,Ed1son--,279253821
70,2019,7,23,生日快乐😊谢谢老大的礼物🎁,1,霉头霉脑云散月现自在飞花slay,42294326
71,2019,7,23,燕姿  生日快乐❤,2,Stef-y,368904262
72,2019,7,23,高三的冬天，每天早上坐509去学校，天还是黑的，耳机里的这首歌和窗户上的水雾,2,住在西安的张钊,1734923211
73,2019,7,20,Baby，sometimes love just ain’t enough.,1,城池木,315995106
74,2019,7,18,怎么爱 但还是不满足,3,暮至明,94756999
75,2019,7,7,嗓子太有辨识度了[亲亲],1,暖风吹来像温柔独白,431247346
76,2019,7,4,好听,1,RainbowAfterTheRain,59825347
77,2019,6,29,我哥以前有个女同学，是个播音主持吧。  当时还就行qq空间呢，  我曾用我哥的qq进去过那个女生的空间  里面一首翻唱就是这首歌  好有品味,0,小野人babysmile517,391789716
78,2019,6,28,"so much love in this beautiful world, search for the brightest star in the sky~～~就是这样信手拈来[呲牙]",0,伊拉元,468657902
79,2019,6,28,一直想跟人一起唱tonight I feel close to you啊啊啊,0,静香一直在奔跑,1712568079
80,2019,6,28,燕姿的英文歌都很好听,1,静香一直在奔跑,1712568079
81,2019,6,28,很难想像在游艇上唱这首歌是什么感觉,0,静香一直在奔跑,1712568079
82,2019,6,25,庆幸自己会唱燕姿的所有英文歌。,3,s1ck1000,1471605268
83,2019,6,20,这张翻唱砖放到何时都是一张神砖，每一首循环个把月，一年就又过去了！,2,哈利波立,352372030
84,2019,6,19,真好,0,emmm傻瓜,1466508878
85,2019,6,19,867/,0,仰望天空的毛毛虫,1567881081
86,2019,6,18,最怕这种感觉 所以不敢10几年才来听一遍 但是不管怎么近距离听 还是很容易想起第一次听得感觉 ,0,one宝宝,622595614
87,2019,6,18,我们的青春很相似,0,one宝宝,622595614
88,2019,6,17,864打卡,0,0606-不知,1872697887
89,2019,6,15,我的宝藏男孩推荐的宝藏歌曲。他说他第一次听就就喜欢上了。我也是，我第一次见他 就喜欢上了[爱心] 谢谢孙燕姿。,3,芝麻子子,111043602
90,2019,6,13,这首这么好听竟然是冷门，我的宝藏歌曲,2,小菜菜w,1749717150
91,2019,6,12,最爱最爱的帅 我们会好好的,0,Sunny__YYY,263930128
92,2019,6,7,听她的第一首歌是《眼泪成诗》，当然这首英文歌也很好听，她会越来越好的,1,我们家包子超可爱,1660325032
93,2019,6,6,真正听懂时，已经过了好多年,4,咸蛋超人633,124348295
94,2019,6,3,回到过去[大哭],0,网络不和谐,513874259
95,2019,6,3,吼吼听,0,RainbowAfterTheRain,59825347
96,2019,5,30,单曲循环n天[爱心],0,陈晓曦陈晓曦,265814102
97,2019,5,29,居然没有999+,0,牙牙在乐,275052344
98,2019,5,29,太好听啦啊啊啊啊,0,牙牙在乐,275052344
99,2019,5,26,好,0,Ed1son--,279253821
100,2019,5,25,很早就拿这首当手机铃声，前奏真的很好听,0,鱼彡和熊猫不可兼得,1299516411
101,2019,5,23,看了沈肯尼的成长日志来着，是首好歌听完心理暖暖的[爱心],1,诗诗诗心,297624291
102,2019,5,21,这张专辑简直了！,3,牙牙在乐,275052344
103,2019,5,21,这首为什么评论这么少！,2,牙牙在乐,275052344
104,2019,5,18,特别像我现在的状态,0,自愈1826,444017122
105,2019,5,16,孙燕姿一个时代的标志,0,弹出天际,1426006145
106,2019,5,13,爱一个人太深会很危险,2,加点醋_,395143179
107,2019,5,11,唱到心坎里去了,0,从心的废柴,1476855930
108,2019,5,10,这大概是我第一首在KTV唱的英文歌。这张自选辑的让我学会了英文歌，主要是heyjude还有silent all these years有些难唱不容易在KTV装蛋……这几首都好爱(⑉°з°)-♡,4,伊拉元,468657902
109,2019,5,8,baby，sometimes love just ain’t enough! ,0,狠心女孩儿,87053106
110,2019,5,7,又来听啦,0,梵谷不跳舞,132774418
111,2019,4,21,今天无意听到这首歌，上次的单曲循环已十多年。愿喜欢孙燕姿的人，一直善良,1,哪呢多,1404478442
112,2019,4,21,19年的姿迷  爱你如初  听着歌仿佛回到了初中时代,1,Kenneth_RUI,360827895
113,2019,4,18,厉害咯，我的留在我的记忆里了[大笑],0,目测已到外太空,28462300
114,2019,4,17,这盘磁带我还留着呢！,1,Sean布谷,70583556
115,2019,4,16,回到初中时代了，已经过了十七年了……专辑封面的海报当时就贴在我书桌正前方,1,茶茶湘子,624784241
116,2019,4,13,小姐姐还是萧亚轩的粉丝,0,Northshorelongwind,41652434
117,2019,4,10,听这张翻唱专辑时候是高一，2002年。,0,羊肉饸烙面,285201078
118,2019,4,7,哇，好喜欢这首歌的感觉，我姿诠释各种歌曲的方式太让人着迷了，一切都刚刚好！,1,燕姿钻石,325132325
119,2019,4,1,最近循环的一首歌,2,暮至明,94756999
120,2019,3,25,我一直觉得 有朝一日逢着一个人 能让我听这首歌不再觉得感同身受 那大概就是真爱了,0,王小虾不瞎,286509985
121,2019,3,19,这张精选集，yanzi和爸爸的品味真棒,1,昧见姬,252483770
122,2019,3,17,2019年3月17日打卡 ,0,半块西瓜额,295065042
123,2019,3,13,同，这首歌单曲循环根本停不下来[爱心],0,林中白雪,31072292
124,2019,3,6,爱一个太深，会很危险。受伤的总是爱的深沉的,1,六块腹肌的Alan,268961327
125,2019,2,25,这首歌真的超赞啊,1,kkkkkellyq,477267055
126,2019,2,21,There’s a reason why people don’t stay where they are,2,Brian_Ping,471416894
127,2019,2,20,推荐一首燕姿喜欢的歌 you oughta know，挺好听的。,0,s1ck1000,1471605268
128,2019,2,18,但是评论不多，也表明了姿迷的喜好和燕姿的喜好有差距……,3,森海一只鱼,119354431
129,2019,2,16,放下，会遇到心疼你的那个人,0,不会用筷子的螃蟹,295873372
130,2019,2,10,突然发现答对你的十个问题的一个都没有呢,1,MayStarrySky,346988851
131,2019,2,8,自选集最爱的一首。,0,alyly,51697686
132,2019,2,8,竟然没有999,0,Kepleris,36788831
133,2019,2,8,自我陶醉在美妙的歌声中,1,巨魔水上飞,408355161
134,2019,2,3,那个时候真是高产,0,enidcd,3574855
135,2019,2,3,这首歌7.8年没听过了，突然脑海响起这段旋律，幸运是我还记得歌名,2,EveryoneIsGAY,75883349
136,2019,2,2,十八年的姿迷，安静的时候静静听这些老歌，满满的回忆,2,宁-cherry,300988909
137,2019,1,26,好听死了,0,雨陨,31875806
138,2019,1,24,你想引起注意吗？🌚,0,连钦亮,106632778
139,2019,1,23,真的超级好听,1,润小泽Ronny,1326160889
140,2019,1,23,期待燕姿的新歌,0,珈曳,637769065
141,2019,1,21,[吐舌]是我错了[吐舌],0,路漫漫其修远兮我用慢跑来求索,565793928
142,2019,1,21,话说这个不是翻唱辑？,0,Lucien爱穿纯色T,130302545
143,2019,1,21,歌词重新翻译一下就更完美了,2,我叫_路小路,294573771
144,2019,1,20,总感觉燕姿自己写的歌里面，这个是最最走心的。,1,路漫漫其修远兮我用慢跑来求索,565793928
145,2019,1,19,第一次听这首歌是读研的时候，班上一位女生在KTV唱了这首，很好听。,0,九月森林_,612551868
146,2019,1,17,！！！！！！！！！！！！！！啊 我大一的手机铃声！！！！！！！,0,云梦的澄子,271991858
147,2019,1,4,翻了下自己的听歌排行，这首歌听了143次[大哭]最喜欢燕姿这个版本,1,茉莉来宾,413902031
148,2019,1,4,最爱,0,Ramirez1210,622853741
149,2019,1,2,希望2019 燕姿和 姿迷都开开心心， 如愿以偿。 ,3,孙燕姿的小迷妹啊,327977684
150,2019,1,1,以前听不懂。,2,H-S_Sun,296312220
151,2019,1,1,愿望是那些被爱着的人才有的东西,1,你这颗烂白菜,317113523
152,2018,12,28,“最害怕突如其来的变故和单方面的自以为是。我以为没有什么问题，一切都很平常又快乐地进行着。原来对方眼里的一切早就变质很久了。只是我还没有察觉，只有我还蒙在鼓里。” ​​​,4,一颗小白菜i,469760879
153,2018,12,27,"想到几年前一个很难过的瞬间：

我和喜欢的男生聊天，他说不聊了我先吃饭了。
我一怔，因为自己正一边打字，一边趁他回复的间隙胡乱吃口饭。

那时候才觉得自己方寸大乱。

他不过是在有条不紊的生活出现空档的时候，和我打发打发无聊罢了。

而我用全部的时间去爱他，抽空才生活。 ​​​",7,一颗小白菜i,469760879
154,2018,12,20,我想过讲道理放狠话甚至张牙舞爪歇斯底里只想被理解，可是今天明白了，不论怎样都无法改变是先入观，你该有错便是错的,3,shinngigi,1293336373
155,2018,12,17,听得好想谈恋爱[钟情][钟情][钟情],0,快给牛奶加盐,332964707
156,2018,12,17,原版叫啥,0,MjinyIE_,1385458809
157,2018,12,15,好好听[大笑],0,茗竹紫风铃,489670745
158,2018,12,15,WYT,0,clotacu,274576166
159,2018,12,15,I luv u .,0,clotacu,274576166
160,2018,12,14,上学时最喜欢的一张专辑  的  最喜欢的一首歌,0,_Sidney,257340613
161,2018,12,13,我也是没看光听我说这个人声音好像孙燕姿阿  那么厉害……一点开果然是她[大哭],0,金色可可豆,74489127
162,2018,12,11,别蠢到用暴露自己软肋的方式，去表达你对别人的信任。,2,来敷衍自己吧,1601367385
163,2018,12,5,希望我理解的是你的真实心意，希望我们之间没有任何误会就好,0,向前跑终有一天会忘记,1668309902
164,2018,11,26,我居然能听懂了啊啊啊啊[流感],0,邓三金同学,49381466
165,2018,11,22,温柔的,1,Lesilencedelamer_,381639185
166,2018,11,22,[爱心],0,徐丨若木,246749232
167,2018,11,22,✊,0,成小姿S,84991554
168,2018,11,20,人家是说唱外文歌的意思,1,Islandofcyril,48634536
169,2018,11,15,你不会后悔的！！！,1,CHENYUDAN--,279712105
170,2018,11,15,孙燕姿确实是外国人啊[大哭],6,暮至明,94756999
171,2018,11,13,我就说这个外国人声音好像孙燕姿啊，点开一看就是孙燕姿[大笑],3,我叫苏苏不苏,427524627
172,2018,11,12,🐨,1,舰型巨胖回归卡壳中,408460590
173,2018,11,12,突然粉上孙燕姿,4,感同身受______,253979458
174,2018,11,10,你知道自己的心不可信有多可悲[大笑],2,梵谷不跳舞,132774418
175,2018,11,9,出这歌16年后我才听到，真是太惊讶！,1,芒果巧克立,106280149
176,2018,11,8,开始一段错误的感情，或许不能称为感情。但是深陷其中不能自拔，不知怎么破？,1,Oo小早酱oO,123363307
177,2018,11,8,为了999,0,Oo小早酱oO,123363307
178,2018,11,4,前奏太美跳不出来,1,33轉的LP,630862795
179,2018,11,4,好,0,沉寂呐喊,589067548
180,2018,10,31,女神 晚安,0,梵谷不跳舞,132774418
181,2018,10,21,我的老循环,0,杂种101900,39838912
182,2018,10,21,there’s danger in loving somebody too much[撇嘴],1,申申然,274658727
183,2018,10,21,999是什么时候,0,废将军,1572434437
184,2018,10,19,第一次听这首歌，好听,0,耳朵里的阳光1705,476916045
185,2018,10,18,Get down.,1,暮至明,94756999
186,2018,10,16,别有一番姿味。。。,2,飞流-三千,1572289778
187,2018,10,15,爱一个人心不可违,1,我不老-,257358153
188,2018,10,15,燕姿可是战战最喜欢的歌手啊  好赞的翻唱,1,哀愁哪来的预感,385373376
189,2018,10,11,stefannie所有的英文歌都好听 经典老歌唱出了自己的独特味道 ，silent all these years唱的撕心裂肺的痛,0,废将军,1572434437
190,2018,10,10,因为同是新加坡人,0,安琪拉宝贝okgirl,474126127
191,2018,10,10,也许有时爱就是不足够，也许有时候是光有爱是不够的。,0,梵谷不跳舞,132774418
192,2018,10,6,小时候非常喜欢的歌，虽然当时还不懂爱情是什么，现在也没懂，哈哈哈,0,ddarkwhite,548737444
193,2018,10,5,我们永远爱的不如对方多。,0,透26,55577647
194,2018,10,4,敲好听,0,Query_Sera,647482351
195,2018,10,3,[爱心][爱心][爱心],1,暮至明,94756999
196,2018,9,30,英语周报[大哭][大哭][大哭][大哭],2,四路四路_,358632325
197,2018,9,29,"Do u feel me beside you on your bed, there beside you I used to lay.",0,MOB0901,14057585
198,2018,9,26,和他分开之后，形同陌路，只能偷偷听他听过的歌,1,Melody_Leung,560858691
199,2018,9,21,单曲循环过无数遍,2,海布里的阿尔塞纳,498286203
200,2018,9,18,遇到他之后单曲循环过很多遍的歌，因为我和他都是姿迷，因为这首歌特别符合那时的我的心境。时过境迁，再次听到就会回忆起那时的种种情景和思绪，音乐太神奇，通过这道通往回忆的桥梁，仿佛昔日再来，我还有可回忆的旧人旧事，真好,1,茉莉来宾,413902031
201,2018,9,17,有燕姿自己的风味。[强],2,Brian19891003,69565142
202,2018,9,13,无解,2,暮至明,94756999
203,2018,9,11,最棒的翻唱专辑,0,captainsunX,409974564
204,2018,9,3,第一盘正版带，太美好的回忆了[大笑],1,冷是个大问题,101007784
205,2018,9,1,每当认为自己已经忘记的时候，心里总会涌起一种发自内心的喜欢与留念。,0,沉寂呐喊,589067548
206,2018,9,1,又一首单曲循环，三克油……,0,C_Kepler,446262649
207,2018,8,31,居然没有999以前可是很喜欢这盘磁带,1,度树,41968139
208,2018,8,29,[爱心],0,暮至明,94756999
209,2018,8,27,今天在路上走着，突然就想起来，有段时间没怎么听燕子的歌了，很奇妙地一刹，这首歌不是她的金曲，但能懂的人，一辈子都不会忘记这旋律,2,潜行在衣柜的猫,329359751
210,2018,8,16,不是A面最后一首么？就是专辑第5首。,0,成什么琳,403474150
211,2018,8,13,爱一个人太深太危险,0,我的专用名尽然被占用,407586166
212,2018,8,13,[爱心],1,Rebecca呀,277330436
213,2018,8,12,听到燕姿的歌总能回忆起小时候的事情，第一次听这首歌2003年初一，此刻已是而立之年！请听这首歌的人致敬我们80后的青春！我们都曾年轻过！,1,黑矮胖,23652246
214,2018,8,9,用了十多年的空间背景音乐，满满的回忆。你们都走了，我还在原地,2,stefanie荡漾,490612412
215,2018,8,7,仿佛穿越了时间，重回当年大学时光。,1,沙滩遛狗,29168032
216,2018,8,6,人生感觉艰难的时候总是想起这首歌……,0,嘿嘿雷,260156438
217,2018,8,4,人们总是学不乖🐣,0,林34,400839327
218,2018,8,4,懂了，就知道什么是爱了,0,-有姿有菋-,129649056
219,2018,8,3,最爱孙燕姿,1,跳舞的梵谷yanzi,318974517
220,2018,8,2,🎧,0,_诗芊,81037679
221,2018,7,31,抱着小poppy的那张笑容真是太美了，瞬间想到这首歌这句歌词 baby sometimes love just aint enough❤️,0,Musiq-echo,76832541
222,2018,7,28,there is a danger in loving somebody too much,0,海绵1874,298588296
223,2018,7,28,好听,0,1220hxy,322288365
224,2018,7,24,翻唱的很好听的啊！！！爱你 燕姿,0,LL_Wen,247509761
225,2018,7,23,生日快乐！,0,WaitingintheRye,18712794
226,2018,7,23,生日快乐,0,没那么幸运z,477204429
227,2018,7,21,"我的手机里，永远有且只有一个以歌手命名的歌单：孙燕姿。
她是我唯一一个的喜欢了17年的歌手。从大学开始，就挤生活费买她每一盘正版磁带，每次从随身听里听到她的歌声就觉得很满足。后来则是买她的数字专辑。尽管其实对她后来的曲风并不是特别适应，但是以然已经成了习惯。她的歌承载了我的青春。",5,身轻如猫,112521980
228,2018,7,21,喜欢这首歌快15年了，记录一下,2,跘倒那个铁盒,5616435
229,2018,7,15,曾经每次跟唱都不禁潸然泪下，如今，应是释怀了 吧？,0,Reinblade,79295037
230,2018,7,10,B面第二首   没错,0,一闪一闪亮晶晶180621,1488570806
231,2018,7,8,我的饮歌,0,ChloeKwok,120234243
232,2018,7,2,难受,1,SLJAE-,336289840
233,2018,7,1,有时爱就是不足够。,0,DacoZ,506872244
234,2018,6,26,天呐这张翻唱专辑是我最喜欢的……这首歌真的唤醒回忆……这张里还有嘿猪，还有维纳斯……,2,Hime16丶,47471734
235,2018,6,25,这张专辑也是值得收藏。,0,郁闷中的牙刷,269942332
236,2018,6,21,There beside you where I used to lay,0,风之清野,45223464
237,2018,6,20,宝藏,0,孤单---个人的狂欢,263901035
238,2018,6,18,有时候，爱就是不足够,0,蔚蓝William,472785171
239,2018,6,17,啊姿下个月就要生baby啦,1,小小烁,80544605
240,2018,6,14,今年学会这首歌！！,0,白鬼樱子,103763328
241,2018,6,8,沈肯尼听的[憨笑],1,freeggi,329363966
242,2018,6,1,这首歌居然没有999+,1,TOO-OO,296090497
243,2018,5,27,这首第一次听到 英文真好听,0,Icy0007,266689451
244,2018,5,24,😘,0,梵谷不跳舞,132774418
245,2018,5,24,听孙燕姿唱英语感觉好像柴田淳在唱英语一样,0,_此时彼地_,473840325
246,2018,5,21,果然本质,0,starrylee,29431936
247,2018,5,21,你都能背下专辑的本子,0,攒钱买奔驰,620242356
248,2018,5,21,基英老师课间放了这首歌我就来听了,0,知我不知-,490085076
249,2018,5,20,Sometimes love just ain't enough,1,fy分语,334796737
250,2018,5,18,just to have somebody by my side,3,SLJAE-,336289840
251,2018,5,16,以前不太喜欢这首歌 是因为年龄都不到,1,Islandofcyril,48634536
252,2018,5,15,日推一首又一首遗失的美好。,0,_一颗开花的树_,304982021
253,2018,5,10,一开始不喜欢，后来越听越好听，单曲循环一整天那种,1,橘色拳头,442431196
254,2018,5,9,埋没好歌,0,黑眼圈黑眼圈眼圈,115945220
255,2018,5,7,999的时候，我就结婚了吧。,3,夹心儿大魔王,42758546
256,2018,5,4,听着很舒服的歌,3,going_up_stef,372536854
257,2018,5,4,这首歌记录着我18恋爱，25岁结婚，32岁离婚。现在女儿快9岁了，跟着我非常的幸福！感谢生命里的得失！,6,哈囉耀耀,413494075
258,2018,5,2,晚安[星星][爱心],0,英格拉姆s,344450592
259,2018,4,28,好久没听了[亲亲],1,清心丶得生,16556450
260,2018,4,28,记得这张专辑是当年我听的英语歌最多的一年。,4,yoon_cat,254653732
261,2018,4,28,好听,0,O_oHULLO,343829645
262,2018,4,27,there beside you where I usual stay,0,我的小盆友1711,637648329
263,2018,4,26,我的初心啊[憨笑],0,nmooun,110610628
264,2018,4,24,有时有爱并不足够,0,Y南方姑娘Y,350927732
265,2018,4,23,这张翻唱专辑里的歌是燕姿选的代表了她人生不同阶段体会的歌曲，每首歌曲燕姿都有说选它的理由，这段话就是燕姿关于这首歌的故事体会。,1,钥匙tt,102355058
266,2018,4,22,那年他送的卡带 叫做 第一天 。,0,chocolove1122,267037010
267,2018,4,20,徐先生，希望你能爱我多一点,0,菲比比比,89196859
268,2018,4,19,长大以后 最喜欢这首跟that i would be good,2,訾央伪装小漠漠,247480354
269,2018,4,18,这首评论居然这么少 很喜欢的一首,0,Taraaaaaaaa,135854354
270,2018,4,16,每次听到这首歌的前奏就特别的舒服,0,遇见123go,101147156
271,2018,4,14,除了国歌  这首歌绝对是我听到次数最多的,2,策反宇宙,270767677
272,2018,4,13,打游戏都在循环,0,铅笔苗刻画爱情,94076773
273,2018,4,12,居然没有999,0,让你走过眼前,534300024
274,2018,4,11,谢谢谢谢燕姿，,0,poklmn07,70593489
275,2018,4,9,从来没有一个二十二岁的女生，像她一样唱歌！,4,子之选天,1391150898
276,2018,4,8,旋律优美，加上我姿独特唱腔，更是完美,0,33轉的LP,630862795
277,2018,4,7,越来越喜欢这个声音独一无二，时常露着笑容却又无比谦卑的姐姐！,2,一个大好人1997,594540768
278,2018,4,7,有一个很好的男生他很喜欢孙燕姿,1,JANUARY-17-,322946015
279,2018,4,4,sorry 这是a面最后一首,0,子不语叔叔,30880034
280,2018,3,31,很多年前一个新加坡朋友在KTV点的一首歌，已循环多年。,0,Claudia_007,571779103
281,2018,3,30,赞赞赞[爱心],1,瞬间得瞬间,51835828
282,2018,3,25,很温柔的一首歌,0,going_up_stef,372536854
283,2018,3,23,这不是她写的吧 翻唱的,0,石锅锅锅儿,68836395
284,2018,3,21,燕姿,0,风雨飘飘飘摇,467610631
285,2018,3,18,每每非刻意听到时，总能给人舒服的感觉,1,Cheri祖远,281090136
286,2018,3,18,求你永远不要到999[拜][拜][拜],2,LapIace,355418011
287,2018,3,16,无意间看到这个翻唱集，很nice,1,clarit,318491001
288,2018,3,14,一直喜欢燕姿的歌…大赞[爱心],0,MAO貓神,3378116
289,2018,3,13,也深深体现了姿迷的审美品味太赞[可爱][可爱],0,33轉的LP,630862795
290,2018,3,12,[爱心],2,甘乐酱wtt,450215082
291,2018,3,11,[爱心],1,我还有一个名字是豆豆,1299710008
292,2018,3,9,知音！,0,Kepler170731,556130174
293,2018,3,8,那些年，我看着别人在追女孩~   那些年，我还都不懂~,0,路漫漫其修远兮我用慢跑来求索,565793928
294,2018,3,7,恐怕只有孙燕姿，能让我这个英语渣渣静下心听英文歌了吧[憨笑],0,有橘生淮南,432411313
295,2018,3,3,真的特别喜欢燕姿唱的这版本。感觉很对。,1,音音乐乐哆RUAI咪,129564873
296,2018,3,1,开学前写作业打卡 破666,1,过往云烟视而不见,305289320
297,2018,3,1,突然听到 好听哦[可爱][可爱],1,lovelife897,51872419
298,2018,2,28,再一次循环 喜欢,0,ivanSF,274177500
299,2018,2,28,怎么能这么好听,0,SLJAE-,336289840
300,2018,2,27,燕姿的版本是让我印象最深刻的，因为一开始听的就是她的版本[流泪][流泪][流泪][流泪],0,飞鸟今天瘦了吗,1374288704
301,2018,2,27,你的品味，总是美,2,catsby,85198498
302,2018,2,25,好听啊,0,sun在找我,82670915
303,2018,2,24,轻快,0,未完成19991230,503310441
304,2018,2,24,偶像翻唱的都喜欢,0,33轉的LP,630862795
305,2018,2,22,[口罩],0,新昵称还没想好,67339684
306,2018,2,21,这首歌曾经无限循环,1,安東沒尼奧,363538833
307,2018,2,21,越听越有味道,0,叶小小野猫,281084719
308,2018,2,18,燕姿，我又来了[流泪],0,徐先生-1314520,372079899
309,2018,2,17,654，等它999+那天,0,Nickle丶丶,537398257
310,2018,2,17,好温柔的一首歌,0,going_up_stef,372536854
311,2018,2,14,秒藏,0,Deeply0,120948584
312,2018,2,9,姿持,0,SLJAE-,336289840
313,2018,2,7,很少评论。有时候只有爱是远远不够的,2,Stef黑大帅,370779083
314,2018,2,6,小王子好像唱过这首歌,1,沈煜伦帅到发指,542291250
315,2018,2,6,就是好听，不多bb,1,空青丨,349365128
316,2018,2,4,晚安🌙,2,-噢好,620149159
317,2018,2,1,好好听,0,王金1711,632842409
318,2018,1,25,看到宣布怀上二胎那张“胖若两人”配图的笑容，不知道为什么，第一时间想到这首歌。祝福燕姿[爱心][爱心][爱心],7,Musiq-echo,76832541
319,2018,1,25,爱情不只有甜。,2,流花寺,330680663
320,2018,1,22,握个手！！,0,Jleonard,101199436
321,2018,1,22,美姿姿[憨笑],0,fzzwjy,320317451
322,2018,1,21,好听,0,swaqyzz,394011292
323,2018,1,18,如果你听过许多的道理，却依然无法放弃一个人。那就不如，一路坦然的继续爱下去，得到得不到又怎样呢？失去本就是人生的常态，更何况，没有人会一直爱而不得。总会好的，对吗[皱眉],6,旋大宝_,246919384
324,2018,1,17,想起年少时背歌词。十多年过去了，才真的明白了歌词。,0,wngzi,480966916
325,2018,1,16,打开对燕姿新认知，说不出哪里好，当心情好的时候，哪都好[兔子],0,ShuQiQ,337843796
326,2018,1,16,为伴随我整个高中时期的人打call,0,渋谷喵,1306598868
327,2018,1,16,加油,0,鲸与天空ocean,294942951
328,2018,1,15,你说你要让我知道爱情的滋味，可你让我体味的是爱的苦涩，就像那杯苦咖啡。,0,喵_喵与咕噜鱼,356393868
329,2018,1,12,好想去认真用力的喜欢一个人，却发现自己连喜欢人的能力都没有了,0,一只叫喵喵的猫hh,557372959
330,2018,1,11,你好  一起加油  陌生人,3,小鱼cr,507384424
331,2018,1,11,十多年了，我的高中时代,0,遇见未知舞,62472598
332,2018,1,10,[呲牙],0,余粥-,562247933
333,2018,1,10,姿,0,余粥-,562247933
334,2018,1,9,燕姿的英文歌都很好听呀,2,AIlennolan,467487362
335,2018,1,8,突然发现小众好听的歌了！,3,我并不是唯一qwe,128141891
336,2018,1,6,好听[可爱],0,iAmNotYours-,313835053
337,2018,1,6,为999➕献力[星星],0,Law-III,367804398
338,2018,1,5,燕姿的粉丝不要懒了，评论。。[流泪],3,长颈鹿怪叔叔,276048019
339,2018,1,4,大晚上 循环,0,nico_5,85514970
340,2018,1,3,爱得不行,0,____LR____,40348568
341,2018,1,3,为什么评论这么少，不科学,0,有你的梦别醒来,434822869
342,2018,1,2,孙燕姿的英文歌都很棒,0,简临,294532915
343,2018,1,2,可以单群循坏一百遍的歌。,0,年年年年黏,81135615
344,2018,1,1,@肉多多呐,0,跟我走M,38823381
345,2018,1,1,我自己都不知道从什么开始你变得越来越重要，是你给了我自信，也是因为你我敢于尝试认为自己做不到的事，是你给了我黑暗世界里温暖的光，你没有错，是我期望太多也失望太多，是我把你放错了位置，新的一年没我你也要快快乐乐的，我也要开始逆风飞翔，成就最好的自己!,1,举杯饮风月,287994465
346,2017,12,30,[大笑],0,LiuBaiN,110708476
347,2017,12,30,很舒服,0,小仙女gds,346852679
348,2017,12,30,前奏贼好听~,0,铁打的向日葵,288382394
349,2017,12,29,一个人觉得寂寞，是因为害怕踏出最初的一步。,1,弦琊,40383923
350,2017,12,29,好喜欢,0,风雨飘飘飘摇,467610631
351,2017,12,29,居然没有999,0,林静安,321993659
352,2017,12,25,这张专辑里最喜欢的,0,Sydney___,114677468
353,2017,12,22,好听！！,0,巨蟹座大叔uncle,312929859
354,2017,12,22,真的超喜欢孙燕姿啊啊啊，[憨笑][憨笑],0,likeyou-little,344384830
355,2017,12,22,[亲亲][亲亲][亲亲][亲亲],0,root迷妹,131255668
356,2017,12,20,人总是学不乖，明知道爱太深会刺痛彼此，却还是在夜里抱得那么紧,1,小乌林鸮,274549256
357,2017,12,18,每首都好听，每次听都不觉得是老歌！,0,SullivanSong,358957002
358,2017,12,17,[可爱][可爱][可爱],0,0爱姿病0,123961913
359,2017,12,14,[亲亲][色][色],0,恕不闲聊,124205244
360,2017,12,13,打卡,0,花儿开在幸福的旁边,98423971
361,2017,12,13,越听越有味道,0,清汤小面多菜,284781351
362,2017,12,12,我的手机铃声就是这首！用了五年了[奸笑]喜欢十几年了！,0,不知道为什么进来就想抖腿,267376034
363,2017,12,12,打卡,0,花儿开在幸福的旁边,98423971
364,2017,12,10,大概600,1,9buli,46175575
365,2017,12,10,[流泪],1,立猫熊,114534339
366,2017,12,10,日推来的,1,你说你喜欢周杰伦,337828054
367,2017,12,10,600😌😌😌,0,花儿开在幸福的旁边,98423971
368,2017,12,10,[钟情],0,花儿开在幸福的旁边,98423971
369,2017,12,10,😘😘,0,花儿开在幸福的旁边,98423971
370,2017,12,10,打卡,0,花儿开在幸福的旁边,98423971
371,2017,12,8,baby sometimes love just ain't enough,4,_---venus,329955461
372,2017,12,7,日常打卡,1,花儿开在幸福的旁边,98423971
373,2017,12,6,999+！！,0,不会流泪的天使,346334087
374,2017,12,5,我是姿迷✋,0,冰淇淋融化你的美丽,452988580
375,2017,12,4,最喜欢的歌之一,0,悄悄撤退,124727349
376,2017,12,3,我铁粉  但是不喜欢姿妈唱英文歌,0,胃里缺个小土豆,263073924
377,2017,11,30,这张专辑是我人生的第一张正版专辑，这首歌是最爱[亲亲],0,一大口亲亲,260264414
378,2017,11,23,以后买车了就车载音乐只有孙燕姿的,3,弋者何慕,48039650
379,2017,11,23,[亲亲][亲亲][亲亲],0,swaqyzz,394011292
380,2017,11,22,[亲亲],0,所爱隔山海ttt,263524615
381,2017,11,22,每天日推一首我姿,1,lm_stef,258724583
382,2017,11,21,竟然这种歌都没破999，好高兴。,1,LapIace,355418011
383,2017,11,20,大学英语泛听教程49页section B,1,心已若凌,357664103
384,2017,11,20,这首歌让我终于意识到自己唱k的水平实在太烂。,0,MCSAlonso,35235052
385,2017,11,19,@Mcryan ,0,一只甜甜圈,65253060
386,2017,11,18,这张专辑现在听还是觉得那么潮，编曲很棒,0,很摇滚滴事,98010521
387,2017,11,17,十年前唱k保留曲目 ,0,mesopotamiar,5717972
388,2017,11,14,喜欢一个人，自己活得越来越深遂，陷于其中。,2,风之清野,45223464
389,2017,11,11,[色][色][色],0,Footprints93,263013154
390,2017,11,7,好听，歌词也好,0,蒾豆芽丶,20184776
391,2017,11,6,大爱我姿,1,咱家可乐哥,265732360
392,2017,11,5,为999＋添一份力！好听[憨笑],1,Harry-R,389313628
393,2017,11,4,听过最多次的英文歌！！！！,3,blink163,104342553
394,2017,11,3,熟悉的声音,0,胖蜀,452449619
395,2017,11,3,品味太好～ 当年是此张最爱的一首,1,佐佐杏,53049473
396,2017,11,2,深爱,1,皓宇万钧,48102033
397,2017,11,2,小学时第一盘磁带里最喜欢的歌终于找到了，我都大三了,3,帐号已注销,98532220
398,2017,11,2,确实如此。。。编曲特别舒服唱腔也是特别的自然😘 这首来自Patty Smyth92年同名专辑的歌曲演绎的特别有Stefanie小姐自己的风格😊😚很Cool,0,Whitney奕,98262100
399,2017,11,1,04年夏天拿到这张专辑的CD，在家用VCD机接着电视听。时隔多年虽然自己早已不再是那个少年，但还是有类似的感动,2,猫一唯,71703804
400,2017,10,31,我爱你，但我不会再喜欢你了。,3,泛泛之南,402114422
401,2017,10,28,第一次听到，意犹未尽，依旧是那个燕姿,3,小女子朽木,396267688
402,2017,10,26,简直不能更赞,3,一行生,97730434
403,2017,10,26,很喜欢这专的两首慢英文歌,3,寻找四叶草Oo,47587184
404,2017,10,24,[可爱],1,Persistence阿狸,351548280
405,2017,10,21,黑色贴纸,1,听风声掠过,41395535
406,2017,10,18,哪个大学的？[奸笑],0,一只愛看动漫的喵,280412950
407,2017,10,16,好怪 不喜欢,0,wozzeii,75472137
408,2017,10,16,初中听的，现在大学都快毕业了，听了好多新鲜的歌，回头看，这些青春期最初听的歌还是那么动心。🌸,2,nmooun,110610628
409,2017,10,16,真好听！今天才第一次听到，我恨。[晕],3,bluethreethree,252067509
410,2017,10,15,@wozzeii ,0,wozzei,69251279
411,2017,10,13,有时候相信任何一盏灯光都会改变什么，但是只是望着这些灯，从我们面前一闪而过，一闪而过。,3,帐号已注销,261509767
412,2017,10,8,居然第一次听到 我去面壁,1,茉莉来宾,413902031
413,2017,10,3,先555,0,水芥,130335440
414,2017,10,2,你喜欢的话，学就行了，慢慢学，不要想太多,1,原来是Summer啊,301947710
415,2017,10,1,可能说出来的话，还是伤害人的居多，表达感情有问题，还有点傲娇，但心里有善良和宽容，不爱计较。,0,Miasun8,547177720
416,2017,10,1,他是那种很接地气，很实在的人，会踏踏实实对一个人好的人，也很有人情味，我呢，我太虚无缥缈了，有些爱胡思乱想，内心的感情表达不出来，尤其对人，对一个动物会容易得多。,0,Miasun8,547177720
417,2017,9,28,燕姿小姐中最喜欢的一首英文歌。[大笑],1,音音乐乐哆RUAI咪,129564873
418,2017,9,28,那时候我也上初中[可爱],0,目测已到外太空,28462300
419,2017,9,26,他想跟我说的话，都在这首歌里面。也许爱而不可得才会觉得更珍贵吧，如今，他要结婚了，默默祝福。,2,Judie吖,541233269
420,2017,9,25,评论这么少很奇怪，好歌没人听系列！！！,1,呼呼巨虎吉吉,353632152
421,2017,9,25, 最爱燕姿的一首,3,joiechen,409009218
422,2017,9,23,来来来，顶到999！,0,fanision,13874128
423,2017,9,22,18年姿迷路过[可爱],2,风云无霜,101464143
424,2017,9,21,我觉得这首歌挺不错的[可爱],0,吃不下还要吃的恐慌,285905683
425,2017,9,17,你把爱情给了谁，有没有后悔,0,小王子浣熊,308134477
426,2017,9,15,读初中的时候英语老师总是把上课用来放英语磁带的录音机放在教室后面给有需要听英语的人用 我就拿来放燕姿的歌 然后几乎所有的人都嘲讽我 那么难听又长丑的人还有人喜欢（那时候周杰伦的《十一月的肖邦》很火）  说实话当时确实难过了很长一段时间 后面每当有人嘲讽我的时候我总是安慰自己一群肤浅的人,3,卜休止,365576117
427,2017,9,14,我的偶像是孙燕姿，一直是,1,NumbLater,115418975
428,2017,9,14,英文学到啥程度 才能唱英文歌啊,2,沦落而成美z1,508505735
429,2017,9,13,这首真的很好听呀 之前对这张翻唱专辑不是很有印象 后来突然有一天拿出来听 每一首都是特别的,1,SET天月山,247550745
430,2017,9,9,赞你,0,怀念我是猪,7635794
431,2017,9,8,当年可是很喜欢这首慢摇！,1,默寒斋主人,1164111
432,2017,9,6,我二十年的的孙燕姿回来了,1,克卜勒0330,330741725
433,2017,9,4,额来了,0,我见过刘惜君卸妆的样子,334865174
434,2017,8,31,哈哈哈哈，看到了,0,0水蓝冰0,482857897
435,2017,8,27,哈哈,0,张居-正,76550270
436,2017,8,25,还能评论吗,0,张居-正,76550270
437,2017,8,23,这个音乐和关之琳唱的相约到永久几乎一样,0,与水平分秋一色,42678372
438,2017,8,23,手机铃声这么多年了一直用的这个 [奸笑],3,yunbianer,41531667
439,2017,8,21,喜欢旋律,0,太杨花呀,439391480
440,2017,8,20,◟(๑•́ ₃ •̀๑)◞,0,ForWidestDreams,103192836
441,2017,8,19,杨凯皮 别以为你删了 我就没看到 ,0,ivanSF,274177500
442,2017,8,18,第521条评论，我的偶像是孙燕姿，从此以后，一直都在[星星],4,我独南行Z,133815629
443,2017,8,17,你们听过孙燕姿和仓木麻衣合唱的那首tonight，i feel close to you么，炒鸡好听，这首也好好听,2,麻麻的小猪猪,378447286
444,2017,8,17,"sometimes too young,sometimes too simple",0,Ed2heeran,443881133
445,2017,8,17,零几年，超市处理的卡带的花车上，我有模有样的还真淘到了有份有量的专辑,0,愚蠢姑娘,58998423
446,2017,8,16,17年 一直都在,0,开始_开始懂了,514994291
447,2017,8,16,初中高中听这首歌 听不懂 只是让它跳过 现在马上读研究生了 终于明白了 我的姿啊怎么能不一直爱你😔,2,Islandofcyril,48634536
448,2017,8,16,最喜欢的孙燕姿歌曲,1,yubeer,294519113
449,2017,8,14,真的超级好听，为什么现在才听到！！,2,长颈鹿怪叔叔,276048019
450,2017,8,14,"sometimes too naive,sometimes too cool",2,Paused-1,62559796
451,2017,8,12,有时候爱真难,0,吧巴巴巴巴巴巴巴巴,284199116
452,2017,8,12,天黑黑。。,0,tameiki0206,352353222
453,2017,8,11,燕姿的发音好好听啊。,2,春水煎茶zzz,298330273
454,2017,8,5,哈哈哈哈,0,小梅蕾黛丝,378404999
455,2017,8,3,Ktv里有，画质还可以，应该是盗版,0,栗子鱼鱼鱼,352844618
456,2017,8,3,我比燕姿的第一张专辑小三天,1,薛定愕的猫被我吃了,554490380
457,2017,8,3,哪里有这首歌的mv？？？,1,薛定愕的猫被我吃了,554490380
458,2017,7,31,从初中开始听到现在，依旧觉得那么好听,0,兔子0627,278994201
459,2017,7,30,to sb.,0,陈几点_,314757384
460,2017,7,28,说着喜欢 就一直没有忘过 已过了追星的年纪 如果有人问我 你喜欢哪个女歌手 那一定是孙燕姿[爱心],2,Eeager,30856405
461,2017,7,26,练习中。。。。,3,冷羊羊_,63281378
462,2017,7,25,ktv必唱曲目。哈哈感谢mv质量真好,0,栗子鱼鱼鱼,352844618
463,2017,7,25,太棒了,0,StefHikki,97210263
464,2017,7,23,自己的品味，一个人独享却无人能懂，甚是孤觉醒来。,0,风之清野,45223464
465,2017,7,23,生日快乐啊！[可爱],0,trescepas丶,115217918
466,2017,7,23,童年，,0,LHZo_,318889885
467,2017,7,21,太好听了，说不出的感觉,0,KateStarZi,533717087
468,2017,7,20,居然是燕姿的,0,Chloe还好,75370766
469,2017,7,19,很喜欢别人评论的一句话：“为什么有些人明明看起来友善，却总是独来独往？” “待人友善是修养，独来独往是性格。”,3,-沉恹,257222874
470,2017,7,18,好像就在昨天，坐在书桌前，一边放着磁带里的这首歌，一边做着苏大的数学练习册。,1,RichardColumbiaUniversity,246229682
471,2017,7,18,好想约你吃饭啊  又不知道以什么身份 [哀伤],5,Philosopheryou,370990178
472,2017,7,18,女版行走的CD,1,某某某你好某某某再见,324045762
473,2017,7,16,哈哈,0,starrylee,29431936
474,2017,7,16,单曲好久的歌,0,dorianamot,362553349
475,2017,7,16,我就服这默默炫富的。。,1,歪脖子拯救世界,385459584
476,2017,7,15,清晨睁开眼看到微信朋友分享的这首歌。伸个懒腰，前奏响起。美好的一天由此开始[爱心],0,Goodnight旧时光,101625539
477,2017,7,15,他今天分享了这首歌，我听了一遍又一遍，后来他把朋友圈删了。有缘无份爱而不可得是一种什么体验：在这个诺大的城市里，遇到一个彼此都懂的人，就像是抓住了一棵救命稻草，可是我却抓不住。,3,Judie吖,541233269
478,2017,7,14,这首说不出为什么就是扎进了我的心里，扎的不深不浅，刚刚好,0,黑眼圈黑眼圈眼圈,115945220
479,2017,7,14,超喜欢,0,poklmn07,70593489
480,2017,7,13,打卡，姿妈,0,yanzicst,79056105
481,2017,7,13,隔一段时间就超想听~,0,yanzicst,79056105
482,2017,7,11,听前奏我决定收藏,0,Jutan俊,75068368
483,2017,7,11,这张专辑是我欧美音乐的启蒙,2,StefHikki,97210263
484,2017,7,10,小时候在平房听收音机播放卡带，后来有了随身听，孙燕姿 蔡依林 周杰伦 一遍一遍地听 ；如今住进楼房 用手机 网易云音乐下载，媒介变了，唱歌的人也有了新的改变，可音乐没变，旋律依旧带给我感动，我就知道我依旧还是从前那个我。,1,cindymorning,50776807
485,2017,7,10,记忆中买的第一种CD是孙燕姿、周杰伦～,0,永辉170328,446658485
486,2017,7,10,竟然觉得这是你的真实写照？,0,_我爱你啊像时光那么长,124994790
487,2017,7,10,春天该很好你若尚在场,0,韩锋有信,84851122
488,2017,7,9,你爱慕一个人，有浪漫的狂热，没效法的必然。,1,Bigmiranda,106477046
489,2017,7,9,我也记得。这张经典的翻唱集,0,张大zhao,517302641
490,2017,7,8,打卡，燕姿,0,跳舞的克卜勒,122786310
491,2017,7,8,当年高中搞迎新晚会，本班两个妹子唱的这。全班都会唱。晚会时，全班欢呼，高中虽然苦，但很快乐。现在我们都过30了[可爱],1,小明的妮妮酱,287919404
492,2017,7,5,18可以听吗[吐舌][吐舌][吐舌],0,Persistence阿狸,351548280
493,2017,7,3,太赞，这张专辑封面大爱,3,邊境SHAWN,9665067
494,2017,7,1,资深姿迷报个道[亲亲][亲亲],0,晓东Davin,7213381
495,2017,6,30,别诉说，’才‘28，比你年轻多了[大哭],0,十字街头29,84520410
496,2017,6,27,32了，初二的时候买的专辑，被我弄坏了！,0,招财猫0316,360565426
497,2017,6,25,这张自选集里最喜欢的英文歌 没有之一 已经喜欢了十几年,1,不是达芬奇,48303750
498,2017,6,24,这首真的好好听呀,1,I丝丝I,358522111
499,2017,6,24,好听！,2,赫里尔德,410343541
500,2017,6,22,真心好听。燕姿,0,一地故里,118066649
501,2017,6,21,嗯，我刚也回复他了，我也记得是最后一首，A面还是B面忘了，明天打开我盒子看一看。,0,高低床躺下边,495023855
502,2017,6,21,不是b面第二首吧，我记得是b面最后一首。,0,高低床躺下边,495023855
503,2017,6,18,封面好喜感,0,空城述,258472686
504,2017,6,16,天长地久从来没实现,0,建筑界公认良心发际线高度标准,41099275
505,2017,6,12,没毛病,0,的吉光,131338047
506,2017,6,12,不知从何说起,0,孤单---个人的狂欢,263901035
507,2017,6,12,这首歌下面看到同城不容易啊,0,空城述,258472686
508,2017,6,12,爱姿,0,姿意燕为,263726012
509,2017,6,11,真爱无敌！,0,神的空亡,87788492
510,2017,6,10,遗珠,1,落落无味,58061796
511,2017,6,9,十七年快乐~,2,有病的诗人,101385150
512,2017,6,8,哈哈同类,3,孙燕姿你是光芒果,77464742
513,2017,6,4,很美的一首翻唱,5,的吉光,131338047
514,2017,6,3,昨天晚上北京fm101.8播了这首 一下就唤醒了记忆....,4,Stefanie佳,252073391
515,2017,6,3,压箱底的宝贝,2,李笑多,107983664
516,2017,6,3,💓💓💓,2,黑暗行星古兰斯菲亚,495929451
517,2017,5,31,姿妈英文翻唱里最爱的一首，its sad when you know it's your heart you can't trust,5,seeksick,32431029
518,2017,5,30,这张海报啊，在大学我小窝的墙上贴了四年。163，43，短发，那时的我和燕姿一毛一样，喜欢的歌也是。这是唯一记得歌词可以随口就唱的英文歌。歌词也是让人伤感又勇敢。,4,菜小岩,473329892
519,2017,5,30,爱一个人太深会很危险,2,Anomie-,32044467
520,2017,5,29,😍😍😍,2,凌晨三点不睡觉的雨果,120801740
521,2017,5,29,手动踩爪印，端午燕姿专辑一日游[奸笑],2,凌晨三点不睡觉的雨果,120801740
522,2017,5,24,今天！网易云！竟然！给我推荐了一首！我没听过的！我姿的歌！,5,piaji_董不说话,361119322
523,2017,5,22,这首歌真是越听越有味道~,6,冷羊羊_,63281378
524,2017,5,22,[亲亲],2,Stefzizi,440964997
525,2017,5,21,开心到炸裂的不舍，曾经太喜欢的歌突然听见。,3,孽愆愆,3068164
526,2017,5,18,打卡,6,在-也不会见,263534933
527,2017,5,17,我还记得那个夏日的午后我伏在桌边，感觉阳光明亮又清澈，一边循环这首歌，一边喝一种西柚口味的饮料，于是十多年过去了，一听这首歌，就会想起那个饮料的味道,4,shinn__n,287478540
528,2017,5,17,我记得是A面最后一首呀,1,shinn__n,287478540
529,2017,5,17,[爱心][爱心][爱心],2,XUAN韵,380151336
530,2017,5,16,真好听,2,一叶扁舟_____,98760641
531,2017,5,16,哈哈哈哈哈哈，被发现了[憨笑],1,KIYOMI_玲桑,416236186
532,2017,5,15,[亲亲][亲亲][亲亲],1,且忧当生,120718249
533,2017,5,15,上午循环一上午 下午就得知我喜欢的人订婚了 [大哭],2,浮zao,100272443
534,2017,5,15,你男神肯定是肯尼,2,-爱啃梨的秦阿静,320992365
535,2017,5,14,好温柔,0,春虫虫毛毛,122214894
536,2017,5,10,好爱这首，可以单曲循环很久。可能是受了点伤吧。,0,chrisni,104929662
537,2017,5,10,最悲哀的是KTV唱这歌没人懂,3,LuciferWL,308965358
538,2017,5,9,I don't wanna loose you ,2,第二最爱5,40713001
539,2017,5,9,真好听,1,和平一只猹,302641780
540,2017,5,8,好听的很,0,Kepler-song,448095550
541,2017,5,8,因为男神，喜欢上了这首歌[爱心]才发现这首歌有多么的好听[爱心],4,KIYOMI_玲桑,416236186
542,2017,5,8,还没满20[奸笑]听了很多年了,2,keystroke,99220196
543,2017,5,8,[可爱][可爱][可爱][可爱],0,G318狗一丁,435289202
544,2017,5,8,“我亦只有一个一生，决不慷慨赠予我不爱的人。 ”,3,小杨小杨天天慌忙,54456870
545,2017,5,8,get√，明天听,0,一颗好帅的发芽,338367650
546,2017,5,8,@一颗好帅的发芽 啦啦啦,0,帐号已注销,3055629
547,2017,5,7,很小时候就喜欢这首歌了~今天再为看到耳帝的评论来一次,3,yanzironan,18615440
548,2017,5,7,看到耳帝微博来怀旧,3,Clumsy1985,347682934
549,2017,5,7,耳帝观光团,2,迷离的乔巴,369275020
550,2017,5,7,买的第一本磁带，就是这个精选集,1,siki好想告诉你,116303678
551,2017,5,7,听的陶醉了。孙燕姿 你是我永远的偶像！,1,小王爷克卜勒,263888906
552,2017,5,6,[爱心],1,XUAN韵,380151336
553,2017,5,6,[爱心],0,冷羊羊_,63281378
554,2017,5,1,我觉得  There's a danger in loving somebody too much 这句说的好好,5,悄悄撤退,124727349
555,2017,4,29,"这张专辑感觉最好听的一首啊,一转眼都十几年过去了[大哭]",2,Zhuang-__,79851906
556,2017,4,21,我也是[流泪],0,圆园圆园圆圆-,260399524
557,2017,4,16,[可爱]打卡,0,在-也不会见,263534933
558,2017,4,10,小时候用这首歌做手机铃声,0,你看你喜欢我不,129501159
559,2017,4,8,我22,1,多一世纪,382636493
560,2017,4,8,@杏仁Choco ,0,网瘾少女西酱,45374842
561,2017,4,7,能听这些歌的 都30岁了把,6,夜夜犯罪,249249437
562,2017,4,7,这首歌是分享给初恋一起听的。那会儿还在用walkman煲着电话粥。,1,李笑多,107983664
563,2017,4,5,英文好难记啊[晕],0,DanCingVanGogh,263043497
564,2017,4,5,你听了。我也听。,0,爱蔻gl,367091326
565,2017,4,4,我以为留言的人会很多，上大学的第一年买的这张专辑，异地恋，听这首歌想着一个人的感觉，前奏一来回忆上头。,2,杂种101900,39838912
566,2017,4,2,有时爱就是不足够,1,赤道yu北极,134721438
567,2017,3,27,💗💗💗,0,_Aurevoir__,267536005
568,2017,3,25,大爱,0,孤单---个人的狂欢,263901035
569,2017,3,22,情深不寿,1,小白噢,92096345
570,2017,3,21,当年循环最多次的一张专辑,0,小小烁,80544605
571,2017,3,19,关于《Sometimes Love Just Ain't Enough》孙燕姿写下自己的记忆：当爱一个人太深是危险的而且让你的心无法去相信。有时，爱情应该就是不满足的，这首歌最感动的一段歌词，不象一般的抒情歌。有一次全家上游艇出游，在游艇上有唱歌比赛，在全家的怂恿下参加，就唱了这首歌，,102,starrylee,29431936
572,2017,3,13,高二的时候听这首歌，高三的时候哼着，那时候你出现了。美好，悲伤，然后到现在成为陌生人，中间过程实在太痛。十多年了，各自为家，希望你好好的吧。,3,lestet,57447271
573,2017,3,12,当时买了这盘磁带！最喜欢这首。。真的是青春啊[流泪],0,思悦小莓女,115137831
574,2017,3,11,[可爱],0,cao鱼,413482980
575,2017,3,11,咦,0,soulsosos,2938775
576,2017,3,11,在这你都能找到我！！,0,soulsosos,2938775
577,2017,3,10,[流泪],0,soulsosos,2938775
578,2017,3,8,[可爱],1,鄒爸比,85768778
579,2017,3,3,评论这么点？刚才走路上，随口哼起来了，然后就想到当时买的这张专辑，超级棒的。,0,南天门一霸,88626255
580,2017,2,27,和声太好听了,0,山教练,296317794
581,2017,2,23,好听好听[亲亲],0,北极之狐,18473968
582,2017,2,22,喜欢了好久的歌,0,10号疯球,97991573
583,2017,2,22,Yan-zi.,0,孤独小孩o,273175427
584,2017,2,20,听到前奏就能一下子让我想起从前 ,0,邵小孩同学,112518631
585,2017,2,16,今天脑海里一直莫名循环这首歌,2,ZZ17,116707193
586,2017,2,12,分享给我听的，谢谢,0,二逼兮兮的屎娃子,337911443
587,2017,2,10,好听,0,别再奋力逞强,122065677
588,2017,2,6,孙燕姿是我永远的偶像,4,我是德高望重的王老师,62362780
589,2017,2,3,心,0,121个逸儿,129095979
590,2017,2,3,sometimes,0,going_up_stef,372536854
591,2017,2,1,嗯啊,0,鸢都爱k歌,263445414
592,2017,2,1,我每次去KTV都唱啊，不过一个汉子唱不出那种感觉。,0,AlfredvonLee,256074165
593,2017,1,30,我爱的那个人，你看到吗,0,周哈哈331,291148383
594,2017,1,22,孙燕姿女神，没有之一,3,AUT彼岸花开半夏,352367140
595,2017,1,22,不愿失去你 不愿利用你 只愿有人陪在我身边[爱心],2,姿此一生,101120344
596,2017,1,18,唱给你听哪咤,0,傅与正,325879211
597,2017,1,14,喜欢。为什么我没有生活在那个最好的时代呢。,3,我美好的未来还没来,295124860
598,2017,1,13,[爱心],1,WLNSSS,282959908
599,2017,1,11,第一次听到，好喜欢,0,啼春子规,16670177
600,2017,1,10,呆婶棒棒哒[可爱][可爱][可爱][可爱][可爱],0,bemore27,322966328
601,2017,1,9,这么好听的歌为什么才500不到的评论,1,爱啃梨的咖喱味女子,300180478
602,2017,1,8,这一张专辑个人认为是最经典的,1,昵称是神马_,40539301
603,2017,1,8,有这么一张，够听几十年了。经典不再多,0,寂寞的老道,298926039
604,2017,1,5,这张专辑发行后的正好十五年的今天，一下午就单曲循环着这首歌然后复习,2,陈憨,378915107
605,2017,1,5,只想静静地听姿妈的歌。,1,鄒爸比,85768778
606,2017,1,2,太好了吧,0,帐号已注销,124859943
607,2017,1,2,沦陷了,0,孤单---个人的狂欢,263901035
608,2017,1,2,这首竟是漏网之鱼,2,孤单---个人的狂欢,263901035
609,2017,1,1,KTV里如果有人唱将是多么迷人哪,1,鸢都爱k歌,263445414
610,2016,12,31,捕捉野生富帅,0,Zestbrook0,100055568
611,2016,12,27,最爱,1,Eluveit_小P,83972731
612,2016,12,22,我姿！,0,姿我,76551471
613,2016,12,21,好听到不像话[爱心],1,tru_nob,310051819
614,2016,12,20,☔,1,游弋而独立,78507671
615,2016,12,18,太好听了，影响我学习了[呲牙],2,一叶扁舟_____,98760641
616,2016,12,16,打卡,2,孤单---个人的狂欢,263901035
617,2016,12,15,初二的时候学校广播放的，找了好久，喜欢到现在😋,1,lumos1052,130310747
618,2016,12,15,大爱,0,孤单---个人的狂欢,263901035
619,2016,12,14,[憨笑],0,丧团子--鸾papa,283354451
620,2016,12,14,来，握个爪,1,小扶笛,372923194
621,2016,12,14,哈哈，start自选的孙燕姿独家记忆,1,starrylee,29431936
622,2016,12,14,"对对对，就是这段话
",2,粥咦,116492355
623,2016,12,14,偶也是偶也是，听小兔唱了就赶紧找了，太好听了[憨笑],1,丧团子--鸾papa,283354451
624,2016,12,13,[亲亲][亲亲][撇嘴],0,oliveryyyy,85625555
625,2016,12,13,越听越觉得很好听,0,没有没有我一脸沉默,328623561
626,2016,12,13,[兔子][兔子][兔子][跳舞][跳舞],1,破家军雅,317319512
627,2016,12,7,Hullo,1,所爱隔山海ttt,263524615
628,2016,12,7,[哀伤],0,理性派人类学家,108024480
629,2016,12,4,肯兔子在美拍直播唱了这首歌，听的我耳朵都怀孕了！就来听了这首歌，后来又晓得肯兔子是姿迷！他非常喜欢孙燕姿！然后我也自然而然的喜欢燕姿了（爱屋及乌啊）虽然我现在还不算姿迷，但我很喜欢你,4,小扶笛,372923194
630,2016,12,4,好悠扬～,1,巴蒂区域,93426052
631,2016,12,4,太好听了,0,陈总请珍惜,246108285
632,2016,11,30,燕姿唱什么都有她独特的味道,1,包包发发呆,330557939
633,2016,11,27,[爱心][爱心],0,所爱隔山海ttt,263524615
634,2016,11,27,越来越喜欢我姿唱英文歌[亲亲][亲亲]你是最棒的,0,所爱隔山海ttt,263524615
635,2016,11,25,14年了，这张专辑最爱这首。,1,joey_millionz,309381868
636,2016,11,24,[爱心][爱心][爱心][爱心],0,花老师小课堂开课啦,353426857
637,2016,11,24,很喜欢[色][大笑],0,华盛顿之歌,289722020
638,2016,11,23,因为王子来的，小兔小兔唱的也好听,4,zlnzi,249622162
639,2016,11,18,为什么很多孙燕姿的歌都有杂音啊，不能忍啊。,0,下捞金,100565627
640,2016,11,18,不知为何突然想起了这首歌，不想跟他说话的夜晚，就想自己一个人听燕姿。,2,YYY_GKENO,303648209
641,2016,11,17,么么哒,2,-爱啃梨的秦阿静,320992365
642,2016,11,17,我也是通过啃小兔才知道的！！确实很好听的！,1,桔梗月语素琴弦,357838808
643,2016,11,16,毫不犹豫爱上   虽然是听了肯小兔唱了才喜欢的  但是就是因为肯小兔喜欢我很爱！,4,-爱啃梨的秦阿静,320992365
644,2016,11,16,真是太好听了,0,雪与刀,118631561
645,2016,11,13,我买了这张专辑……多少年了，时光好快！,1,Thorn_Apple,261653356
646,2016,11,11,好听,0,高傲的苍蓝波兽,100185966
647,2016,11,7,那年开学，学姐唱的,0,小新好猥琐,60659604
648,2016,11,7,人儿啊，想你了[亲亲],0,MT-同学,111573511
649,2016,11,6,可惜没有start 2.0,0,钙莉,260207642
650,2016,11,6,[亲亲][亲亲][亲亲],0,oliveryyyy,85625555
651,2016,11,6,姿啊，想你了。,1,望树人儿,63547330
652,2016,11,4,最最最爱的[爱心],0,Sylssi,66333093
653,2016,11,1,好困，一听你姿的歌就不困了[大笑],0,账号还是注销吧,17481219
654,2016,10,31,很不错,0,starrylee,29431936
655,2016,10,30,姿 你啥时候出一张英文专辑？再来一场演唱会？我靠 想想都激动,0,可可西里云大朵,256103155
656,2016,10,30,苹果好吃吗,0,归属何方,1358738
657,2016,10,30,刚刚在吃苹果( •ิ_• ิ),0,starrylee,29431936
658,2016,10,30,神专,0,starrylee,29431936
659,2016,10,28,这歌好难唱,0,John_SX3,31764176
660,2016,10,27,[亲亲][亲亲][亲亲],0,oliveryyyy,85625555
661,2016,10,22,"Do u feel me beside in ur bed,there beside u,where I used to lay",0,jeeby92486,583872
662,2016,10,20,[亲亲][亲亲][亲亲],0,oliveryyyy,85625555
663,2016,10,16,好像人质,1,Jame丶Hao,339892115
664,2016,10,13,在家里看伪装者,0,starrylee,29431936
665,2016,10,11,寒冷{{(>_<)}},1,starrylee,29431936
666,2016,10,11,刷牙，收拾东西回家,2,starrylee,29431936
667,2016,10,10,最喜欢的几首之一(其实每一首都喜欢),1,海绵1874,298588296
668,2016,10,9,当爱一个人太深是危险的而且让你的心无法去相信。有时，爱情应该就是不满足的，这首歌最感动的一段歌词，不象一般的抒情歌。有一次全家上游艇出游，在游艇上有唱歌比赛，在全家的怂恿下参加，就唱了这首歌，得了奖，可能是之前穿了男友送的衣服上台表演这首歌，感触特别深刻。,7,starrylee,29431936
669,2016,10,9,这种私心的歌让我慢慢记录自己的生活,2,starrylee,29431936
670,2016,10,9,努力计划好自己的人生,3,starrylee,29431936
671,2016,10,8,孙燕姿的品味太赞,4,starrylee,29431936
672,2016,10,2,10.2 以为自己努力翻了一年身，就不是咸鱼了。[大笑],3,Dun_One,70230588
673,2016,10,2,[亲亲],2,野小玄,44137665
674,2016,9,26,这么好听的歌，居然不到999,2,austin6813,3519380
675,2016,9,26,听了好多年的歌，爱一个人太深是一件很危险的事情,4,starrylee,29431936
676,2016,9,26,对呀，不喜欢解释太多,2,starrylee,29431936
677,2016,9,26,一首歌收藏了一段时光,2,starrylee,29431936
678,2016,9,24,我是王海峰我喜欢孙燕姿,1,爱姿海,126397948
679,2016,9,24,我是王海峰我喜欢孙燕姿,1,爱姿海,126397948
680,2016,9,23,真好听,1,用户289193603,289193603
681,2016,9,18,好听～,1,_羡余,99838227
682,2016,9,12,有翻译了😊😊,1,举个西木,60673274
683,2016,9,3,回忆[爱心],1,晴天__,5558392
684,2016,9,3,Tori Amos是Silent all these years的原唱,1,潜水的船1101,19329725
685,2016,9,3,原唱是tori amos 也是有故事的,1,子不语叔叔,30880034
686,2016,8,29,终于有翻译了[憨笑],1,kepleradio,279594179
687,2016,8,27,这首歌已经充分激起了我的私心，好听到甚至不愿与人分享。[鬼脸],0,将渡未渡,92940839
688,2016,8,24,someone like fool[哀伤],0,北歌L,105394208
689,2016,8,20,小学听的，这是我仅会的英文歌…,1,桜初,122136445
690,2016,8,20,买的第一张孙燕姿的磁带就是这张自选集。于是每次回家除了写作业就是第一时间打开复读机放她的这张磁带。。哈哈。。。在那个还有磁带听的年代，带给我无线快乐和慰藉。。,2,Blacktulip21,65708223
691,2016,8,20,+1,0,一十七-,298216467
692,2016,8,19,[星星],1,GreyModels,83315843
693,2016,8,18,同爱妙手仁心,0,微风八面的拔丝香蕉,34137608
694,2016,8,18,好久不见,0,英俊的海,31459969
695,2016,8,17,第一张买的磁带  就是燕姿的[流泪],0,光芒與少年,59022212
696,2016,8,16,玩音乐也烧钱啊 下载不了,0,楠墙,127679253
697,2016,8,16,2551wwy,0,-eureka-_,99010099
698,2016,8,16,托你的福，251...[哀伤],1,kedih,137599492
699,2016,8,15,强迫症的我看到评论数为249，就没忍住[大哭],1,Justry-CF,110675769
700,2016,8,15,我今年也16年了[星星],0,行星Kepler,6971200
701,2016,8,15,我是十六年姿迷。专辑每张都买，港版内地版，正版MV也买，看过09年演唱会。不遗憾！,1,云-朵-,45045229
702,2016,8,14,同样期待。真心觉得燕姿是少数几个唱英文歌不别扭的华人歌手。,0,归属何方,1358738
703,2016,8,14,太喜欢这首歌，高三复读那年，我的精神寄托。,0,baby-hongdou,82874935
704,2016,8,12,每天都听,0,姿我,76551471
705,2016,8,12,副歌 张惠妹 人质,1,dis-play,132802796
706,2016,8,11,用了一积分球翻译[大哭],0,大仙啦,132627733
707,2016,8,11,999，没理由,0,安二路角,289854099
708,2016,8,11,青春一定有首孙燕姿,0,帐号已注销,82885583
709,2016,8,10,棒,0,唐素涵,288872033
710,2016,8,8,第二爱的专里最爱的歌[大哭],0,毕竟Naive,33677655
711,2016,8,8,[爱心],0,帐号已注销,3616642
712,2016,8,8,表示第一次听。真好听，不支持对不起这声音,1,微笑_sunshine,283086391
713,2016,8,8,求翻译,0,苏三伞,111844957
714,2016,7,31,这是一首死穴，在感觉最幸福，最不怕听情歌的日子里，也很怕听到这一首。太喜欢一个人真的是一件危险的事，而再也不能相信自己的内心，更是难过。永远不够，永远贪得，还好也开始觉得，求而不得未必一定是遗憾了。,3,王小虾不瞎,286509985
715,2016,7,31,这张专辑里最喜欢的一首，不是其它的不好，但这首演绎的太棒了。,1,一套连招没带走,129190850
716,2016,7,27,我是王海峰我喜欢孙燕姿,0,爱姿海,126397948
717,2016,7,26,为什么有燕姿这么耐听的声音[流泪],1,一头红发,104396957
718,2016,7,24,always love just ain't enough,0,寒夜长梦,17645956
719,2016,7,23,我的青春！燕姿生日快乐[蛋糕][蛋糕][蛋糕],2,-有姿有菋-,129649056
720,2016,7,22,这张磁带当时反反复复听了太多💗,0,莱莱莱莱莱,51531590
721,2016,7,21,真正喜欢燕姿的人都是好人,4,过往云烟视而不见,305289320
722,2016,7,19,2016.07.19 18:12,1,吃零食不长胖,78865023
723,2016,7,19,好听到爆炸,1,OrangeAndGun,89978399
724,2016,7,17,最喜欢就是这张自选集,1,朝盐晚蜜,51232056
725,2016,7,14,Just to have somebody by my side..,3,ChloeKwok,120234243
726,2016,7,13,多年后听到这首歌，心里一阵欣慰的动心,2,帐号已注销,3616642
727,2016,7,11,说的太好了,1,忘不掉的明天r,101795664
728,2016,7,5,是啊 本来就不喜欢春哥,1,逆光逃亡,2872164
729,2016,7,5,美卡因为李宇春首专《皇后与梦想》付出高额版权费却被其唱片约公司太合麦田耍了一道造成资金链断裂回天无术被迫倒闭，所以太合麦田一生黑，TMD破公司害人不浅,1,熊熊烈菠萝,52434555
730,2016,7,4,我的怨念是说这么好的公司居然倒闭了。天凯，不过就是个卖盗版电影的,1,逆光逃亡,2872164
731,2016,7,4,总比后面的出《stefanie》的那什么音像公司强吧，专辑里的歌词本居然印错了[大哭][大哭][大哭],0,熊熊烈菠萝,52434555
732,2016,7,3,好久没听这首歌了，越听越好听,2,朴小柝,128075532
733,2016,7,2,这首歌感觉比原唱有味道，可惜却不能下载[撇嘴],0,苍绿965,120167972
734,2016,7,1,我喜欢的两个女星就是燕姿和蔡少芬,3,JJJJW99,30034330
735,2016,6,27,前奏洗脑,0,华丽转身龙百威,123105511
736,2016,6,27,唱的那么美,0,华丽转身龙百威,123105511
737,2016,6,23,00:09,1,Doraaaachang,72773655
738,2016,6,21,11:24,0,Silent_all_these_years,259390381
739,2016,6,19,15:55,0,林守乐,55243746
740,2016,6,18,百听不厌,0,ChenN1ck,111791048
741,2016,6,17,我姿,0,姿我,76551471
742,2016,6,14,好希望燕姿再出一张英文翻唱专辑，唱这几年的新歌肯定会很赞[亲亲],0,北极之狐,18473968
743,2016,6,13,一提美卡就是无限的怨念,0,逆光逃亡,2872164
744,2016,6,13,狗颖，你有在看吗,0,枪井空子,253134013
745,2016,6,12,当初因为你的自选集，努力学习英文~~爱总是不足够，多少年前就告诉了我这个真理，现在的我才大彻大悟,0,铜须是基佬,82575068
746,2016,6,6,[呲牙],0,Kepler_Milan,49291780
747,2016,6,5,太好听了以前qq空间的背景音乐,0,MeuMeuMeu,100666954
748,2016,6,5,当年听到这首歌的时候还是在卡带上，现在当年的音像店没有了，当年的美卡倒闭了，当年的我也从小鲜肉变成了现在的大叔[流泪][流泪][流泪],3,熊熊烈菠萝,52434555
749,2016,6,4,以前很爱听。好久没听了,0,Anonimo_嘟嘟都,64224305
750,2016,6,1,[亲亲][亲亲],0,野小玄,44137665
751,2016,6,1,超喜欢燕姿的英文发音[钟情],2,Cold_To_Sunshine,57149970
752,2016,5,31,这么好听竟然没有999，我不服[怒],1,北极之狐,18473968
753,2016,5,31,昨天翻出一张cd 里面就有这首歌 突然想起了那段时光,1,沿河西路,72450263
754,2016,5,29,[强],1,帐号已注销,107770235
755,2016,5,29,[亲亲],1,纳纳姿,120546705
756,2016,5,27,有记忆的一首歌,1,姚大白,268625
757,2016,5,24,😇,2,爪冢梦作男,42632124
758,2016,5,24,爱她的声音[爱心],2,Imshawn-_-,278426291
759,2016,5,22,自选集中最喜欢的一首哦,1,摇晃的水手,110058261
760,2016,5,22,21:36,1,林守乐,55243746
761,2016,5,17,💇,2,右下走鬼,111303148
762,2016,5,17,最喜欢的一首,1,fluka,928708
763,2016,5,15,整首专辑最喜欢的一首,2,藤井阿树树,122048086
764,2016,5,12,我爱我姿的英文翻唱,3,于你旧故,45536863
765,2016,5,12,超爱！,2,于你旧故,45536863
766,2016,5,11,突然就想听,2,爱吃蔬菜的土豆,76303669
767,2016,5,5,唉。,1,Miss_Narcissus_,91082326
768,2016,4,29,Sometimes Comments Just Ain't Enough,6,闪泥啦啦啦,88079495
769,2016,4,27,审美很高啊,2,雨陨,31875806
770,2016,4,27,下午晴天啦[可爱],1,Cypress_Nectar,52419940
771,2016,4,24,特意听了原唱，还是你姿的好听，好歌加上你姿的独特声音，简直了！,2,姿我,76551471
772,2016,4,23,哭过，笑过，喜欢过，痴迷过，疯狂过；直到，真正的爱来临。却接受不了，她的平淡。所有人都说过平平淡淡才是好，却接受不了他的事实,3,帐号已注销,19942607
773,2016,4,23,看来，爱情里，谁都一样,2,帐号已注销,19942607
774,2016,4,19,听这首歌，就像自己走在回家的路上一样，失落但满足。,2,渝鱼渔雨,253808191
775,2016,4,19,[亲亲][亲亲][亲亲],1,野小玄,44137665
776,2016,4,18,这首歌真的很赞👍！！,2,CXXC__,263097972
777,2016,4,14,[爱心],1,孙燕姿的锁骨,17714009
778,2016,4,9,之前看到说是燕姿在和家人出游的时候唱的一首歌。还有初恋在场什么的。反正就是好喜欢啊！[可爱][可爱][可爱],2,粥咦,116492355
779,2016,4,8,燕姿的隐藏金曲[色],2,李鴆-,30140630
780,2016,4,7,这首歌在我手机里六年了，我还很想他。,2,王晃彦,33870179
781,2016,4,4,那一定不是我,1,dalixiaolv,2864638
782,2016,4,4,总有一个人买的是盗版。,1,我爱芝加哥,2056480
783,2016,4,4,这张专辑当时最爱的一首英文歌[爱心],1,GRAPEy,118431735
784,2016,4,4,太好听,1,看我可爱咩,65911192
785,2016,4,3,想替妈妈把这首歌唱给爸爸听。,1,Maltali,251073
786,2016,4,3,当时听着walkman里的这首歌，坐在开往大学的车上，对未来充满了幻想。仿佛就在昨天。,2,我爱芝加哥,2056480
787,2016,4,3,没什么人评论。我的天,1,moom11,257854438
788,2016,4,3,燕姿唱的歌曲中我最爱的一首[爱心],1,甜一分苦九分ya,50669579
789,2016,4,1,早安。 [爱心],1,Allen_YR,45937998
790,2016,3,31,燕姿是我本命☺,1,甜一分苦九分ya,50669579
791,2016,3,31,同样喜欢燕姿 更喜欢她的英文歌,1,可可西里云大朵,256103155
792,2016,3,31,燕姿唱的英文歌中最爱的一首。,1,甜一分苦九分ya,50669579
793,2016,3,30,嗯嗯，听的都是回忆跟过往[奸笑],2,目测已到外太空,28462300
794,2016,3,30,基本上都是美卡的.,1,torinto,100155359
795,2016,3,25,再见,2,用户34704208,34704208
796,2016,3,23,多年过后，依然如故。我的审美一如既往地稳定[亲亲],1,白坠,256156787
797,2016,3,23,大一嗯时候我还没有智能机 是拿着一个小白色的p3在单曲这歌 是我们听力老师安利给我的 她把她平时听的歌都送给我了 每天晚上我都在听这个 那时也是我第一次觉得自己开始疯狂暗恋一个人的时候 那个人 我会记得那种感觉。,2,流年里的浅唱,119397997
798,2016,3,22,@一直在巴黎,1,帐号已注销,63791574
799,2016,3,22,多少年前的深深夜，单曲循环,1,小名胆小双,120507748
800,2016,3,21,初中时最爱的私心曲 记得当时还是因为一篇文章才发现STEF翻唱过  看到有共鸣的小伙伴好开心,0,_CherryLiu要懂得自己,52558782
801,2016,3,18,这首歌是我觉得燕姿最好听的英文歌,0,Anomie-,32044467
802,2016,3,17,就是爱姿妈,0,账号还是注销吧,17481219
803,2016,3,16,顶顶顶,0,毕竟Naive,33677655
804,2016,3,9,[可爱][可爱],0,CGNH,65593562
805,2016,3,7,还是好听😊,0,Zhuang-__,79851906
806,2016,3,6,哇哦,0,帐号已注销,63791574
807,2016,3,5,[爱心],0,孙燕姿的锁骨,17714009
808,2016,3,3,同感，最好的,0,Zhuang-__,79851906
809,2016,3,1,我们和好了不知道这次会不会是一辈子,1,14285799999,16577508
810,2016,2,27,同感啊,1,罗辑罗辑,115092067
811,2016,2,11,评论那么少也是神奇，私以为比其他翻唱要好。可能是先入为主的缘故，今晚听到原版觉得，虽然女声和老鹰的音色都磁性满满男女和声地挺有感觉，但却显得有些过于释然，而燕姿的版本就像零零碎碎的自白，淡淡地道出知晓所有大道理却无法忍耐小情绪的无奈。,4,zdesert,81757148
812,2016,2,10,[兔子],0,五花是只猫,16907490
813,2016,2,4,01届的飘过[呲牙],0,辰姿r9,105090172
814,2016,2,4,不是a面最后一首吗,0,dalixiaolv,2864638
815,2016,1,31,[可爱],0,行星Kepler,6971200
816,2016,1,30,十五年的，算上我,0,misstefary,55157484
817,2016,1,24,现在的你怎么样[可爱],0,风筝疯疯,105257617
818,2016,1,24,握爪,0,行星Kepler,6971200
819,2016,1,24,十五年？我们一届的歌迷[可爱],2,风筝疯疯,105257617
820,2016,1,23,哈哈[吐舌],0,姿此一生,101120344
821,2016,1,22,@姿此一生 看到这个头像就想到你[鬼脸],0,温柔o丶,91851067
822,2016,1,22,好想听燕姿现场唱,0,温柔o丶,91851067
823,2016,1,20,睡死宝宝了😰,0,甜一分苦九分ya,50669579
824,2016,1,16,前奏已温柔极…BTW《人质》里那句「在我心上用力地开一枪」是不是和这首里的there is a danger in loving somebody too much一样？,0,FFffFFernweh,19269424
825,2016,1,13,很好听,0,那个米饭,8910787
826,2016,1,11,"将""But there's a danger in loving somebody too much,""发到朋友圈里，EX回复“FOR ME?"" ”我戒不了你了，又怎敢说这是为你而发I don't wanna hate you,I don't wanna take you,but I don't wanna be the one to cry.for you“",1,14285799999,16577508
827,2016,1,10,一瞬间如负重势，一转头心如刀割[可爱],0,帐号已注销,49368186
828,2016,1,8,15年春天为爱走了趟天涯，可现在看真的是sometimes love just aint enough,1,远_远,65380699
829,2016,1,6,第一次听，虽然不是原唱，当感觉明显被低估了,2,Cherrycokie,3278024
830,2016,1,6,蒽ヾ((๑˘ㅂ˘๑)ฅ,0,Sunrise_Na,118014064
831,2016,1,6,好听,0,Scorpio_林木木,72616423
832,2016,1,6,@Scorpio_林木木 ,0,有人在想你,70131867
833,2016,1,5,[憨笑][憨笑][憨笑],0,安小诺2015,86755134
834,2016,1,3,就是好好好好好听,0,14285799999,16577508
835,2015,12,31,[爱心][爱心][爱心],0,OrangeAndGun,89978399
836,2015,12,30,@尚雯婕 vü,0,Nicole-su,62617115
837,2015,12,27,经典至极,1,刀刀是女生,114320335
838,2015,12,23,特别喜欢这一首[亲亲],1,strawberrynut,113493842
839,2015,12,21,"I don't want lose you. 
I was, am and will be go forward.",2,anothem,15815212
840,2015,12,21,哈喽[大笑],0,here小新,32433263
841,2015,12,20,时隔13年之后听还是好听，听的时候脑海里总会浮现我坐在顶楼上数着繁星，夜晚真的好美，什么都不想去想。🌙,2,一入狗门深似海,98816635
842,2015,12,15,原谅我才知道这歌，这翻唱得太舒服[亲亲]good night ,1,Dayday0415,45316987
843,2015,12,9,Are there  things that you wan？to say,1,三杉落樱,36663641
844,2015,11,29,明明就是跟踪狂,0,行星Kepler,6971200
845,2015,11,29,阿哈哈哈，突然想起翻听这首歌居然或者说果然是看到你这个爱姿病晚期！[奸笑],0,backass,46874731
846,2015,11,27,特别喜欢这首歌,0,温柔o丶,91851067
847,2015,11,26,和ex一起唱过的歌，逝去但美好,2,NovakDamon,65603302
848,2015,11,20,我姿唱什么歌都有她自己的感觉~~真心翻唱得好棒,0,菲儿灰灰,62222598
849,2015,11,11,好久没有听这首歌了，还是那么好听,8,海外小仙人,65586509
850,2015,11,11,[爱心],0,半句多zlh,52775882
851,2015,11,6,记得第一次听这首还是磁带，粉红色广东美卡引进的,151,目测已到外太空,28462300
852,2015,11,5,就是这个道理[可爱],1,你姿十三,71279167
853,2015,11,3,喜欢这么多年⋯⋯ suddenly struck by this song,0,Mooza,31302890
854,2015,10,29,爱姿  是病。,1,北瓜头Fizz,45119770
855,2015,10,15,给有阳光的午后,7,illumi花,422558
856,2015,10,2,哈喽[大笑]，第一次在评论里看见同城的有点激动,0,here小新,32433263
857,2015,10,2,[开心]  哈喽,1,6chenlong,6770129
858,2015,10,2,哇，同城,0,here小新,32433263
859,2015,10,1,🙌🙌,0,芳芳蔡,82467124
860,2015,10,1,我现在就是[可爱],0,孙燕姿的粉丝,36733053
861,2015,9,29,一定有那么段时间就只想听yanzi的歌，然后打起精神努力生活,2,芳芳蔡,82467124
862,2015,9,29,这不认识了吗😉,0,行星Kepler,6971200
863,2015,9,28,求认识,0,意达哟,71599944
864,2015,9,28,喜欢燕姿这么久了，不想跟别人解释她到底哪里好，明白的人不必细说,200,侧耳倾听119,34369865
865,2015,9,27,每首歌都对应当时的一种情境，当那熟悉对味共振的声线再次萦绕耳畔，满满的感动,1,6chenlong,6770129
866,2015,9,23,整张翻唱，这首最佳。,0,潜水的船1101,19329725
867,2015,9,18,何 祝你幸福。。我的全部青春。。,0,白居也不易,70958924
868,2015,9,16,留名,0,support燕姿,74672497
869,2015,9,9,不管什么歌，只要是听见燕姿的声音我就足以感动到哭~我想我应该是生病了~,0,森处autumn,56439918
870,2015,9,8,[爱心],0,用户41965267,41965267
871,2015,9,6,突然觉得，就这样了。,0,潮见熏,10482083
872,2015,9,2,一直很喜欢这首。,0,深海的蓝鲸,39257061
873,2015,9,1,曾经暗恋的那位，祝你幸福[爱心][爱心][爱心],2,部落的滑翔翼,2839650
874,2015,8,21,最爱的专辑，最爱的歌。,2,南湖梦寻,78888262
875,2015,8,17,It's sad when you know it's your heart you can't trust[心碎],0,可皮老李,56646970
876,2015,8,1,整张专辑最喜欢这首，那时候不太明白歌词，后来觉得不用都明白，爱什么时候都是悬之又玄的秘密啊！,0,Rita蔻,75043971
877,2015,7,30,毫不逊色的歌,1,爪冢梦作男,42632124
878,2015,7,25,好听,0,Clammy可来米,30946268
879,2015,7,23,燕姿，生日快乐,2,部落的滑翔翼,2839650
880,2015,7,16,做了一篇全对的阅读，开心得要飞起来了。还是忍不住mark一下这首歌，[强]！[憨笑][可爱][色][亲亲][亲][奸笑][大笑],1,枫落柠,37255075
881,2015,7,15,燕姿翻唱专最喜欢的一首 燕姿是让我喜欢学英语的动力之一,3,说放弃要放哪里,9683208
882,2015,7,12,多好的歌啊~,1,Kenny酱,35045559
883,2015,7,5,喜欢的人推荐我听的[憨笑][憨笑][憨笑],2,部落的滑翔翼,2839650
884,2015,7,3,[大笑],0,为诺贝尔奖出发先算漂亮,59836222
885,2015,6,28,There's a danger in loving somebody too much,2,从晨光到向晚,30017327
886,2015,6,23,私以为这是她整张唱片里唱的最好的一首，大段自白式的歌词，没有释怀的纠结，想明白，却没能做到，让人心疼。而原唱Patty Smyth的诠释则是完全另一种感觉，完全超脱，完全看开，把悲戚的歌词唱出了解脱的境界。,183,潜水的船1101,19329725
887,2015,6,19,早～,0,sassyi12,61527418
888,2015,6,15,But there is a danger in loving somebody too much~,0,CrushVi,19555355
889,2015,6,12,这首歌我今天单曲循环了一天[呲牙],1,yuanfeng340,18938183
890,2015,6,10,"there is danger in  loving somebody too much, it is sad when you know it's your heart you cann't trust...",0,silence9211,54423753
891,2015,5,31,Choose > Change,1,贾淞媛,18022465
892,2015,5,26,情绪不好，就只想听燕姿，像个仪式感觉只有她的歌最懂自己。,0,行星Kepler,6971200
893,2015,5,23,似乎每年都会抽几个时间出来把燕姿所有的专辑全部循环一遍，就一个人静静的听。闭上眼睛，会发现所有的回忆都在眼前，仿佛又回到了过去,105,Bearky,5556285
894,2015,5,23,yea![鬼脸],0,行星Kepler,6971200
895,2015,5,23,看完你这段话眼眶湿润了，一晃眼时间就这么过去了，不禁感叹岁月如梭，我们都老了,1,Bearky,5556285
896,2015,5,23,握手,0,Bearky,5556285
897,2015,5,21,十五年资深姿迷 买过专辑追过演唱会 疯狂过 在燕姿的歌里哭过笑过 青春走过 而我 还会一直喜欢你就像刚开始那样 你是我的光,275,行星Kepler,6971200
898,2015,5,20,华语里翻唱专辑的典范,0,能猫桑,563187
899,2015,5,18,but there's a danger in loving somebody too much...,0,逆光逃亡,2872164
900,2015,5,14,这张翻唱辑深深体现了燕姿的审美品味太赞,659,Eva_14,31106261
901,2015,5,12,晚安 ,1,代小白,47172438
902,2015,5,12,it's sad when you know it's your heart you can't touch.,0,要给小哇生猴子,62539520
903,2015,5,11,94年 可是已经是姿迷十多年了,0,無韙,61588151
904,2015,5,8,太喜欢,0,诗人哥子,7558282
905,2015,5,6,午后听太惬意了[亲亲],0,遇见stefanie,34739370
906,2015,4,28,就是大热天的31度还要赶论文中期检查 听到这个 又想到过去 恩 回忆起来还挺凉爽的#girls out of date#,0,illumi花,422558
907,2015,4,26,记得第一次k歌你唱的,0,恰恰恰恰恰恰,19619519
908,2015,4,25,最近常听这首。,0,littlebluebird,49177982
909,2015,4,23,初中的记忆 他衬衫的味道 帅帅的脸~,1,_抽水烟的爱丽丝,31522766
910,2015,4,21,记忆就是很奇怪，有时昨天的事情都忘了，但就是记得这张很多年前买的卡带，也还记得这首就是B面的第二首，一直喜欢了很多年，甚至记得当时反复听这一首的同时，也反复看着妙手仁心。,218,苏和恩,55935381
911,2015,4,21,只能说明80后已经老了,0,iCewords,45448138
912,2015,4,20,[惊恐],0,寒夜长梦,17645956
913,2015,4,8,be cooking while listening to the music. Stefanie.,0,呀画映,56831812
914,2015,4,3,想想燕姿发这张屌屌的翻唱辑时才24不到，跟窝现在一样大啊…真是…,2,毕竟Naive,33677655
915,2015,4,2,第一个接触燕姿的专辑，这首歌时不时还会哼一下。,0,肥不语,48739880
916,2015,4,1,我大燕姿的歌评论这么少，天理何在？,1,邊境SHAWN,9665067
917,2015,3,26,[爱心][礼物],0,slempanda,288538
918,2015,3,19,很赞的英文歌,1,寻找四叶草Oo,47587184
919,2015,3,19,还记得高中时学这首歌练了好久，很喜欢,1,busy粒粒,34386289
920,2015,3,2,这个太棒了 曾经喜欢到不行的歌啊,0,朵朵洛,36378032
921,2015,2,10,歌词太应景,0,毫无鸭梨的鸭梨桑,31423880
922,2015,1,22,哈哈！看专辑封面觉得我姿竟然还有脸这么大的时候！[大哭],1,serious-joke,39676908
923,2015,1,13,233333,0,田喜碧,46917099
924,2014,12,27,这歌很有韵味，很早的时候看过MV就记住了旋律，燕姿唱的挺有味道。喜欢啊 ,1,呼噜苹果2010,35549911
925,2014,12,23,这么好听，评论人好少哦,0,MYYY_Jessica,46653338
926,2014,12,14,呵呵,0,少了对翅膀,14918517
927,2014,9,26,二姐唱的这么认真也是醉了。。,1,孙燕美,542076
928,2014,9,14,今晚武汉似有她的演唱会，我也就躲在被子里听一首。转眼五年过去。问最喜欢哪首吗，也只有下意识的这个答案。,0,蚊子菲菲zqw,19004010
929,2014,9,13,今天武汉似有她的演唱会，我也只能躲在被子里听一首。转眼已是五年。要问我最喜欢哪首，我也只已不下意识,0,蚊子菲菲zqw,19004010
930,2014,7,17,There's a Danger in Loving somebody too much，And it's sad when you know it's your heart they can't touch.,0,RichardMillions,9615760
931,2014,7,13,燕姿很有味道的一首英文翻唱歌曲,0,转身后仰三踏步,881676
932,2014,7,7,论唱功什么的go away and fxxk urself~老娘爱的就是这把声音～,2,Fredasyd,1251476
933,2014,3,23,这张专辑最喜欢的一首,0,忧郁的猪肉王子,3067331
934,2014,1,17,喜欢音乐的小伙伴们，我们一起爱燕姿可好？@Boyce丶一龙,0,Boyce丶一龙,7598326
935,2013,8,6,It's sad when you know it's your heart you can't trust,0,forzakoko,2272068
