index,year,month,day,content,likecount,nickname,user_id
1,2019,11,3,给郑秀文唱过,0,kidult凡,275854908
2,2019,10,2,好长时间没有认认真真的听燕姿的歌了,5,Boogaloo木子_EnjoyDancingCrew,374158428
3,2019,8,26,随机点播晚安,0,樱花莺语,490189846
4,2019,8,15,真好听✔,0,也不是猪只打呼,355734135
5,2019,8,5,太好听了叭,0,方方圆圆嘟嘟,556138588
6,2019,8,5,还有venus,0,花莫笑丶,514517742
7,2019,8,5,这首歌以前不知道循环了多少次,1,花莫笑丶,514517742
8,2019,7,23,今天要把老歌都刷一遍，不上班了哼！,0,Durrat,61051105
9,2019,7,9,歌词好多填错了……,1,-鱼情未了-,52134318
10,2019,6,9,他们成就了她，还是磨灭了她，要更好喔,0,桃太郎了了,590041986
11,2019,6,9,这么有品位,3,桃太郎了了,590041986
12,2019,5,24,郑秀文,0,vInCent哇,48926777
13,2019,5,8,我发现了什么神仙宝藏,2,一颗芝麻豆儿,428000842
14,2019,3,31,这是姿妈十八岁的作品吧，这首曲好像还给哪个女明星唱过来着,4,枯木-不朽,373801319
15,2019,2,16,孙燕姿的每首歌的编曲都很丰富，所以才耐听吧,4,Nembutal,285968582
16,2019,1,15,背书到绝望啊啊啊啊啊啊啊啊啊啊啊啊啊啊啊啊啊啊,2,学学学学习学习滚去学习,493577177
17,2019,1,11,这一版的翻译真不错,2,简单的野蛮生长,1408040926
18,2019,1,2,希望2019 燕姿和 姿迷都开开心心， 如愿以偿。 ,1,孙燕姿的小迷妹啊,327977684
19,2018,12,9,这么纯洁地表达，像燕姿一样,2,风吹吹墙倒倒人立立,248112948
20,2018,11,8,老了，老了，,0,晴天__,5558392
21,2018,9,12,老了,0,燕姿狂人,338302779
22,2018,8,3,👏🏻,0,_诗芊,81037679
23,2018,7,16,好歌的评判标准不在于评论的多少,0,佳瑶stef,307806566
24,2018,7,16,cool,0,佳瑶stef,307806566
25,2018,7,7,ju好听,0,Benjamin170721,546841788
26,2018,5,22,很有态度的一首歌 自己词曲。,2,辉仔Huiman,92679814
27,2018,4,1,精辟,0,朱一金,626735320
28,2018,1,6,爱你我的syz,1,掉进糖果洞,498775747
29,2018,1,3,好听,0,风中拾遗,283224068
30,2017,12,13,你十八岁的第一首歌啊，孙燕姿,3,不愿透露姓名的知情人,632967018
31,2017,11,25,妈的，好好听[奸笑],0,藤子小小,259233057
32,2017,11,24,超好听,0,yourtinyairport,482087170
33,2017,11,19,打call,0,少年刘贺之烦恼,72066549
34,2017,11,8,蛮好听的啊[奸笑],0,藤子小小,259233057
35,2017,11,8,喜欢英文版[奸笑],0,藤子小小,259233057
36,2017,11,1,[跳舞][跳舞][跳舞],0,Candyelfffff,120145529
37,2017,10,31,喜欢😍,0,树不白,113497619
38,2017,10,31,对对对,1,林守乐,55243746
39,2017,10,30,哇⊙ω⊙居然还有我没听过的燕姿的歌……(｡･ω･｡)ﾉ♡,0,flytung,325906153
40,2017,10,18,歌词差评,0,不二家的小丸子和樱桃家的棒棒糖,396136768
41,2017,10,5,最后一句 也在读孙晴悦的书吗,0,会飞的圆圈圈,377533009
42,2017,9,24,[可爱],0,尚好的青春d是你,382253970
43,2017,8,21,听着听着就喜欢了,0,跳舞的yanzi,287088787
44,2017,8,21,我燕姿写的这么好的歌 就这点评论... 黑人问号.jpg,5,無wuv為,374119610
45,2017,8,21,冷门打卡.,0,tiny170318,439986830
46,2017,8,8,woc这个niup,0,Koley,50844235
47,2017,7,15,爱你没差,0,想去吹太平洋的风,431966292
48,2017,7,1,词曲 孙燕姿,4,小小小小小的橘子,85533246
49,2017,6,20,爱姿,0,姿意燕为,263726012
50,2017,6,20,爱姿,0,姿意燕为,263726012
51,2017,6,15,[开心],0,问风何处,5871867
52,2017,5,25,有牌面,1,我只会乱乱唱,272309134
53,2017,5,13,喜欢喜欢[色][色],0,学学学77,127911149
54,2017,5,2,[可爱],0,馨之文,360926043
55,2017,4,30,哈哈回头再听一遍还真是！,2,璇二宝,129309636
56,2017,4,28,膜,0,Ro1ne,45533770
57,2017,4,27,燕姿的咬字可爱又性感[亲亲],0,类类小山,106490416
58,2017,4,26,小时候英语才上了几课的时候看歌词完全理解错误2333现在都不忍回忆,0,一只鲷鱼,48718853
59,2017,4,24,没有999+不科学啊，yanzi迷呢,0,Ro1ne,45533770
60,2017,4,24,真的,1,林守乐,55243746
61,2017,4,23,真的吗,0,Ro1ne,45533770
62,2017,4,21,一闪一闪亮晶晶，满天都是小眼睛,0,夕颜May,442465991
63,2017,4,18,一闪一闪亮晶晶，满天都是小眼睛,0,夕颜May,442465991
64,2017,4,8,最喜欢的歌之一,0,基尔辛格,373320186
65,2017,4,7,真帅！！！咬字性感到炸,0,你才是呆逼桑-,43172453
66,2017,4,7,想学会这首歌。,0,鄒爸比,85768778
67,2017,4,7,[憨笑][憨笑],0,鄒爸比,85768778
68,2017,4,2,很好再来一次,1,海洋过森林,325742808
69,2017,4,2,再来一次,1,海洋过森林,325742808
70,2017,4,2,打卡,1,海洋过森林,325742808
71,2017,4,1,前半段大概是讲被一个理发店骗着做头发做失败的故事吧[大哭][大哭],8,KeplerSup,54483020
72,2017,3,25,珍爱的专辑,1,Alice_Jun,334936673
73,2017,3,22,姿词,0,luuuxu,2671213
74,2017,3,18,等这首999记得通知我,0,_Yew_,116981749
75,2017,3,16,someone,0,燕姿的粉丝,121753978
76,2017,3,11,爱姿,0,姿意燕为,263726012
77,2017,3,10,爱姿,0,姿意燕为,263726012
78,2017,3,4,爱姿,0,姿意燕为,263726012
79,2017,2,27,丽丽唱过这首歌，我来听听。孙燕姿的歌陪伴我度过初中时期，炒鸡喜欢她～[亲亲][亲亲],2,木子3山风,340368673
80,2017,2,22,Yan-zi.,0,孤独小孩o,273175427
81,2017,2,20,这是我姿作词作曲的哦,0,林守乐,55243746
82,2017,2,20,好幸福啊 跟孙燕姿有啥关系吗你们学校,0,林守乐,55243746
83,2017,1,6,爱姿,1,姿意燕为,263726012
84,2016,12,31,😄,0,MildSpring,302662428
85,2016,12,28,[呲牙],0,阿雨哟,42924107
86,2016,12,25,圣诞快乐，燕姿😄,0,逆光FACE,88730935
87,2016,12,21,as long as the fire remains,0,Di-DarCT,114278580
88,2016,11,30,爱姿,1,姿意燕为,263726012
89,2016,11,28,虽然并没有长发[惊恐],2,帐号已注销,315459622
90,2016,11,28,每次考试都要哼[大笑][大笑][大笑],0,帐号已注销,315459622
91,2016,11,18,爱姿,1,姿意燕为,263726012
92,2016,10,24,你认识嘉兴一中文学社社长王洛枫吗,0,Mc鱼生,48930762
93,2016,10,14,爱这首歌，燕姿自己写的。,2,呆了枝头,97640350
94,2016,10,12,someone,2,海绵1874,298588296
95,2016,10,7,爱姿,1,姿意燕为,263726012
96,2016,9,27,[可爱],0,很坏但不帅的小哥,304613772
97,2016,9,13,需要正能量的时候就听这首歌，歌词写得真好,2,VivaLaChloe,38953992
98,2016,8,28,134,0,永远JM,255241286
99,2016,8,25,133,0,sfnasiouuipsdgfihsdvbfgisdfgvs,258578188
100,2016,8,20,132,0,_吴子诚,275017518
101,2016,8,3,131,0,求一切顺利的王多多,272099714
102,2016,7,2,记得当时还是拿着滑盖手机，在路边等一个朋友，就外放这首歌，在雨后风中感觉棒极了,2,抛物线Ai,75868101
103,2016,6,29,爱姿,1,姿意燕为,263726012
104,2016,6,26,好喜欢啊天啦,0,Bananabalabala,128847654
105,2016,6,19,小学六年级就喜欢这首歌了,0,Sunlight_LN,135243558
106,2016,6,15,吼吼吼吼,0,仅仅漠漠,107523128
107,2016,6,14,很难想象这首歌的评论不过千，果然燕姿像他自己说的那样是个小众歌手……,2,被风吹落的书,15212673
108,2016,6,5,[憨笑],0,vaneco,9921062
109,2016,6,1,好棒！,0,羊毛花,90164482
110,2016,5,31,"sees like a child
像孩子一样看这个世界
give like a saint
像圣人一样慷慨
feel like an angel
天使一样去感知
never mind the broken wings

and speak like a picture
像一幅画一样去表达
cry like the rain
像下雨一样的哭泣
shine like the star
星星一样的去闪亮

永远年轻，永远热泪盈眶",50,张哈哈哈先森,41154773
111,2016,5,23,在还不会英文的年纪 学了孙燕姿的someone 现在还能跟着唱出来 然而完全不知道自己在唱什么[大哭]这就是偶像的力量[大哭],7,丁什么na,685405
112,2016,5,23,燕姿的自创,5,Moro炳,134976472
113,2016,5,19,啊？这是燕姿自创的啊？一直以为这辑全盘都是翻唱呢 ~~~ ,1,Blueeva01,30276364
114,2016,5,12,这首歌是燕姿写给郑秀文的 歌名叫(知道的请告诉我) 相比起郑秀文的多了一分洒脱 也许这就是我喜欢的,4,帐号已注销,78462297
115,2016,5,9,"这是燕姿第一首自己作词作曲的歌曲，means a lot to her, means a lot to me.",4,馬天堯,45176605
116,2016,5,3,115,0,早喝咖啡午喝茶晚上吃个大西瓜,10119038
117,2016,5,2,114,1,十易度,79559344
118,2016,5,2,这张专辑很珍贵,2,七種靜默,98109661
119,2016,4,28,112,0,太阳底下0723,16072610
120,2016,4,27,111-.-,0,Rainieowo,83366096
121,2016,4,23,辛苦啦😁,0,喜欢既还是好,263881622
122,2016,4,23,你们学校的下课铃声好洋气😳,2,孙燕姿的手,100429699
123,2016,4,15,爱燕姿,2,姿意燕为,263726012
124,2016,4,5,这歌这么少不科学…,0,星期一天气晴丶,260397632
125,2016,4,4,[憨笑][爱心],0,Echo_i_i_,52627843
126,2016,4,4,原来这些评论是你刷的[爱心],0,抛物线Ai,75868101
127,2016,4,4,[亲亲],0,Echo_i_i_,52627843
128,2016,4,4,广告歌都那么好听，没谁了😌,0,Echo_i_i_,52627843
129,2016,4,3,Up2u呢？,0,旋律启动器,114762564
130,2016,4,3,真爱粉[亲亲],0,FeVerPitchA,48100121
131,2016,4,3,100[可爱],1,Echo_i_i_,52627843
132,2016,4,3,哈哈哈没有其实都喜欢啦99✌✌✌,1,Echo_i_i_,52627843
133,2016,4,3,『雨天』,1,Echo_i_i_,52627843
134,2016,4,3,『同类』,0,Echo_i_i_,52627843
135,2016,4,3,对了，还有『太阳底下』,1,Echo_i_i_,52627843
136,2016,4,3,哈~95了哎,0,Echo_i_i_,52627843
137,2016,4,3,『天黑黑』,0,Echo_i_i_,52627843
138,2016,4,3,『坏天气』,0,Echo_i_i_,52627843
139,2016,4,3,『另一张脸』,0,Echo_i_i_,52627843
140,2016,4,3,『快疯了』,0,Echo_i_i_,52627843
141,2016,4,3,『明天的记忆』,0,Echo_i_i_,52627843
142,2016,4,3,『我的爱』,0,Echo_i_i_,52627843
143,2016,4,3,『一样的夏天』,0,Echo_i_i_,52627843
144,2016,4,3,『我不难过』,0,Echo_i_i_,52627843
145,2016,4,3,『无限大』,0,Echo_i_i_,52627843
146,2016,4,3,『梦游』,0,Echo_i_i_,52627843
147,2016,4,3,『世说心语』,0,Echo_i_i_,52627843
148,2016,4,3,『我怀念的』,1,Echo_i_i_,52627843
149,2016,4,3,『害怕』,0,Echo_i_i_,52627843
150,2016,4,3,『我也很想他』,0,Echo_i_i_,52627843
151,2016,4,3,『Someone』,0,Echo_i_i_,52627843
152,2016,4,3,『是时候』,0,Echo_i_i_,52627843
153,2016,4,3,『漩涡』,0,Echo_i_i_,52627843
154,2016,4,3,『飘着』,0,Echo_i_i_,52627843
155,2016,4,3,喜欢,0,Echo_i_i_,52627843
156,2016,4,3,最爱的燕姿[亲亲],0,Echo_i_i_,52627843
157,2016,4,3,remains.,0,Echo_i_i_,52627843
158,2016,4,3,the fire,0,Echo_i_i_,52627843
159,2016,4,3,as,0,Echo_i_i_,52627843
160,2016,4,3,long,0,Echo_i_i_,52627843
161,2016,4,3,as,0,Echo_i_i_,52627843
162,2016,4,3,star,0,Echo_i_i_,52627843
163,2016,4,3,the,0,Echo_i_i_,52627843
164,2016,4,3,shine,0,Echo_i_i_,52627843
165,2016,4,3,rain,0,Echo_i_i_,52627843
166,2016,4,3,the,0,Echo_i_i_,52627843
167,2016,4,3,like,0,Echo_i_i_,52627843
168,2016,4,3,cry,0,Echo_i_i_,52627843
169,2016,4,3,picture,0,Echo_i_i_,52627843
170,2016,4,3,a,0,Echo_i_i_,52627843
171,2016,4,3,like,0,Echo_i_i_,52627843
172,2016,4,3,speak,0,Echo_i_i_,52627843
173,2016,4,3,and,0,Echo_i_i_,52627843
174,2016,4,3,never minds the broken wings,0,Echo_i_i_,52627843
175,2016,4,3,feels like an angle,0,Echo_i_i_,52627843
176,2016,4,3,gives like a saint,0,Echo_i_i_,52627843
177,2016,4,3,someone who sees like a child,0,Echo_i_i_,52627843
178,2016,4,3,呜呜，字母发表不了了，还想讲完一句歌词来着~,0,Echo_i_i_,52627843
179,2016,4,3,么么哒,0,Echo_i_i_,52627843
180,2016,4,3,w,0,Echo_i_i_,52627843
181,2016,4,3,e,0,Echo_i_i_,52627843
182,2016,4,3,n,0,Echo_i_i_,52627843
183,2016,4,3,o,0,Echo_i_i_,52627843
184,2016,4,3,e,0,Echo_i_i_,52627843
185,2016,4,3,m,0,Echo_i_i_,52627843
186,2016,4,3,o,0,Echo_i_i_,52627843
187,2016,4,3,s,0,Echo_i_i_,52627843
188,2016,4,3,刚好没事干，好喜欢someone，99+我来~,1,Echo_i_i_,52627843
189,2016,4,3,[爱心],0,Echo_i_i_,52627843
190,2016,4,3,[爱心],0,Echo_i_i_,52627843
191,2016,3,27,带感,0,邵小孩同学,112518631
192,2016,3,25,[爱心],0,Echo_i_i_,52627843
193,2016,3,8,好听  是我ppt背景音乐哦,1,雾越温,105684187
194,2016,3,7,敲喜欢,0,家养型浣熊,69839733
195,2016,3,7,超好听！,0,阿象,37281831
196,2016,2,27,这歌是燕姿写给郑秀文的，后来自己唱了,0,帐号已注销,79195298
197,2016,2,24,那时候的你说你最爱这首歌,0,污客丽丽,74387944
198,2016,2,21,-(￢▽￢)σ 听不懂还是很棒,2,石楠的荒原,92607144
199,2016,2,17,[爱心],0,孙燕姿的粉丝,36733053
200,2016,2,2,[亲亲],0,o-myrkursins,52465684
201,2016,1,20,滴,0,孙燕姿的锁骨,17714009
202,2016,1,4,赞赞赞赞赞\(≧▽≦)/赞赞赞赞赞\(≧▽≦)/赞赞赞赞赞\(≧▽≦)/赞赞赞赞赞\(≧▽≦)/赞赞赞赞赞\(≧▽≦)/赞赞赞赞赞\(≧▽≦)/赞赞,0,歹瞬,117022531
203,2016,1,4,评论好少啊,0,歹瞬,117022531
204,2015,11,21,嘉兴一中的下课铃声,62,夏天的christine,70077412
205,2015,11,6,评论好也是件好事，专属的回忆不会被高调的曲解,0,xialu0702,41476191
206,2015,11,6,占个位置，万一火了，还能在前排。[大哭],1,青城山下陈绮贞,11684436
207,2015,9,3,[牵手],0,傻子-笨蛋,1331490
208,2015,8,18,燕姿早安！,0,大英帝国五连发,44598564
209,2015,8,9,小学时期最爱的一首歌，当时还看不懂歌词，现在每次去KTV必点,0,hhhhhhbbbbbb,52117205
210,2015,6,21,燕姿这首歌也很有感觉呢,0,抛物线Ai,75868101
211,2015,5,26,评论如此之少。,1,打卡环游网易云,29965618
212,2015,5,8,❤️❤️❤️,0,禁欲气质的公喵,63117099
213,2015,5,8,还可以吧[惊恐],0,小小是憨豆,62447100
214,2015,5,7,1,0,乔豆玛袋,35806306
215,2015,5,7,2,0,乔豆玛袋,35806306
216,2015,5,7,3,0,乔豆玛袋,35806306
217,2015,5,7,4,0,乔豆玛袋,35806306
218,2015,5,7,5,0,乔豆玛袋,35806306
219,2015,5,7,6,0,乔豆玛袋,35806306
220,2015,5,7,7,0,乔豆玛袋,35806306
221,2015,5,7,8,0,乔豆玛袋,35806306
222,2015,5,7,9,0,乔豆玛袋,35806306
223,2015,5,7,10,0,乔豆玛袋,35806306
224,2015,5,7,怎么只有5评论 醉了[大哭],0,乔豆玛袋,35806306
225,2015,4,7,美人姿常州演出顺利[亲亲][亲亲],1,乔豆玛袋,35806306
226,2015,2,23,[亲亲][亲亲],0,江疆将姜将来,44547115
227,2015,1,12,燕姿自己的创作,1,19710115号观众,2781851
228,2014,12,28,faves,0,DinaJing,47826037
229,2014,11,1,沙发[可爱],1,大怪兽的小公举妹妹,34639147
