index,year,month,day,content,likecount,nickname,user_id
1,2019,11,2,好听,0,我是甲天下,30479889
2,2019,10,5,一样鸭！,0,燕姿的一个小小粉丝,547938711
3,2019,9,29,欢迎来我们大理[可爱][可爱],0,牙牙在乐,275052344
4,2019,9,29,生活真的太难了 成年人的世界压得我喘不过气，打开网易云循环燕姿的歌，还好还好。也许明天会更好吧,2,牙牙在乐,275052344
5,2019,9,26,我知道 我知道 ,0,心愿无限大_,1296779651
6,2019,9,26,Stefanie,0,PrinsYi,565718520
7,2019,9,21,同00 爱燕姿❤,0,彩虹金刚刚刚刚,1401962569
8,2019,8,30,作为一个00后，真的好爱孙燕姿的歌[流泪],2,凉夜横塘z,1727191527
9,2019,7,26,心里的恐惧有时多过坚强，有你的歌声我不再煎熬，谢谢燕姿。,2,酷酷的阿姿,261060427
10,2019,7,26,写给粉丝的歌，很耐听。,0,酷酷的阿姿,261060427
11,2019,7,23,燕姿生日快乐[呲牙],2,秃秃秃呀,343575467
12,2019,7,23,我也想回家躺一年啊，社会这个锤子,0,Durrat,61051105
13,2019,7,9,哈哈哈哈哈(击掌,0,Stefanie的小熊,389165231
14,2019,7,8,你也是哈哈哈哈哈,0,暖心甜y,540336727
15,2019,7,8,真爱粉,0,Stefanie的小熊,389165231
16,2019,7,8,哈哈哈哈哈爱了,0,暖心甜y,540336727
17,2019,7,8,这是一首温暖我心灵的歌，好爱,0,暖心甜y,540336727
18,2019,7,8,燕姿我爱你(ღ♡‿♡ღ),0,暖心甜y,540336727
19,2019,6,22,小楊同学 加油吧 不也就100来天  相信自己,0,杨羊羊羊羊羊羊羊羊羊楊,414915454
20,2019,6,4,一遍爱上了,0,妳r912,1301160674
21,2019,5,15,在去大理的火车上听到这首，那种感觉真的很棒,0,SDY丶,301842823
22,2019,5,15,有你我不再难熬,0,DT燕姿,470003673
23,2019,5,5,哈罗，I am Stefanie,0,音音乐乐哆RUAI咪,129564873
24,2019,4,30,yanzi是所有感动,1,大琦190417,1827243879
25,2019,4,23,加油哦,0,Devotiontome,545406421
26,2019,3,23,有时候就是单纯的不想上班,2,胖哈二橘,130287904
27,2019,3,8,大爱燕姿,0,爱姿患者,376450780
28,2019,1,19,最爱燕姿[憨笑],0,清清的心,286859891
29,2019,1,6,就因为燕姿我的英文名也要叫Stefanie啦！,3,Stefanie的小熊,389165231
30,2018,12,16,考研那年冬天，一个人的自习室,2,satoshi321,61290579
31,2018,11,23,我补习的那一年，真的好累，这首歌真给了太多太多动力,1,Fix_Y,267329895
32,2018,11,19,感动感动,0,湖人死忠,7776579
33,2018,11,16,我也是一样的,0,用户1565762831,1565762831
34,2018,11,16,我意识恐惧很坚强,0,用户1565762831,1565762831
35,2018,11,15,[大哭],0,隐形姿,97910887
36,2018,11,15,实在不想评论250[惶恐],1,我最萌17,449147743
37,2018,11,15,没道理，这歌评论249？？？,1,我最萌17,449147743
38,2018,11,6,当年在事业巅峰选择休息一年，这样的勇气很难得。现在又是宝妈了，等你回来，燕姿❤,2,用户277381598,277381598
39,2018,10,26,心里的恐惧有时多过坚强,1,豆花DOUHUA,69401322
40,2018,10,15,tomorrow will be better,1,帐号已注销,1465236524
41,2018,10,4,我好想你，zzh,0,女子若江南,32667857
42,2018,10,4,我也是一样的孤独的女人,0,用户1565762831,1565762831
43,2018,9,17,Stefanie Sun,0,Azure--t,1404671315
44,2018,8,14,满满大学的回忆。,2,deechann,269493993
45,2018,8,4,🎧,0,_诗芊,81037679
46,2018,7,8,不要想太多了 凡汐 你能渡过这些风雨的 你不是说你总有一天回去见燕姿吗……会去的 总会去的 坚持...不要放弃希望吧...虽然有时候失望大于希望...那就想想她吧...会过去的。,3,Erika_Linder,305117600
47,2018,7,8,没有人会真正理解你 梦的道路上总是孤独的,1,Erika_Linder,305117600
48,2018,6,29,很孤独...,1,温紫鸢,541046769
49,2018,6,21,最爱孙燕姿,1,跳舞的梵谷yanzi,318974517
50,2018,6,13,猴猴听啊,0,Keplerrrr__,366619926
51,2018,5,23,stefanie😘,0,Qcerkay,253235928
52,2018,5,21,评论真少，歌真好听，心真痛,4,安菲尔德的横梁,352350976
53,2018,5,19,我也有爱姿病,4,麦丽素0723,544048498
54,2018,5,19,超级喜欢,2,麦丽素0723,544048498
55,2018,5,16,安静的声音，痛苦的回忆。。。你还好么？我这辈子最深爱的女人,1,tameiki0206,352353222
56,2018,4,16,评论也太少了吧。,0,木林雨季,15225127
57,2018,4,16,陌生人的喧闹，一句都听不到,0,加勒比海猫007,428936146
58,2018,4,9,[爱心],0,撩动的羊毛,417406802
59,2018,3,31,燕姿的很多歌都会有感触,1,未晴烟雨,121825275
60,2018,3,16,竟然不是李雷和韩梅梅？！,1,张小野123,246138377
61,2018,3,12,从现在开始把所有燕姿的歌评论一遍,1,这回绝不坑,305457330
62,2018,3,6,我有爱姿病！,3,狂野丶cc,368665008
63,2018,3,3,燕姿说，歌词里的“你”，就是我们，有“爱姿病”的一群疯子。,4,BlankSpace_Stylee,426322744
64,2018,1,26,Stefanie Sun,1,拾玖的天,265200192
65,2018,1,8,真好听( •̀∀•́ )比新专辑还好听……声音格外清澈 就喜欢学习的时候听燕姿的歌哈哈哈,2,红豆味的绿豆糕,402246423
66,2018,1,1,Stefanie,0,H小流氓,297607033
67,2017,12,31,最爱的歌,0,反叛的银时,570490151
68,2017,12,29,真正做的相互理解 真的很难啊,1,-不喝汽水,280154211
69,2017,12,10,我知道，也知道，心里的恐惧有时候多过坚强，我知道，我知道，有你明天会更好。超级爱的一首歌，温暖的声音，充满力量的那股倔强，总能瞬间治愈我。,1,Seefan攒人品,7571236
70,2017,12,8,"分享歌词：
我知道 我知道，也许明天会更好。",1,幸福是因为互相依靠,263108448
71,2017,12,3,记得燕姿有个访问，这么打招呼的，hello，I'm Stefanie，然后就自己郑重的起了自己的英文名，而且很盼望别人称呼英文名～,2,Staceyisyy,629476413
72,2017,11,21,❤❤❤,3,就一姿迷,257349522
73,2017,11,21,比心比心[爱心],0,夏明媚,248180663
74,2017,11,19,我的高中时光呀,1,夏屋渠渠兮,384586652
75,2017,11,18,因为网易云没有这首歌,0,古道巷陌,55159904
76,2017,11,18,没道理评论这么少的呀,1,Stefanie_kf,260396530
77,2017,11,17,最近迷恋这首歌和《逃亡》 鼓励着我  遇到困难不要害怕,5,StockholmLover0924,288862976
78,2017,11,17,年轻时的声音格外清澈,0,StockholmLover0924,288862976
79,2017,11,17,心里的恐惧有时多过坚强,0,StockholmLover0924,288862976
80,2017,11,14,喜悦后的悲伤，一个人的勇敢。我知道，我自己知道就好,1,阿波罗的柯莱蒂,645962367
81,2017,11,11,滴,0,莉莉莉莉莉莉爱我,312575447
82,2017,11,10,我听,0,vnaty,296476273
83,2017,11,1,好听，比新专好听，就是没什么人听[汗],2,我不行我不上我就哔哔,274446301
84,2017,10,25,你是在我自己都不爱自己的时候出现的，让我觉得自己值得被爱，我的自信心是你给的，笃定也是你给的，只要你走在我的前面，我就觉得未来总有一天走得到 🍓,3,就是爱杰伦哥哥呀,126260285
85,2017,10,23,每次听到就想起了点播台点歌的岁月，十多年了，现在想想那时是多么的无忧无虑啊！,1,pengyuan1990,57469943
86,2017,10,18,嗯，还在坚持，无悔青春，高三加油！,0,拾玖的天,265200192
87,2017,10,18,每次都会不经意哼起这首,0,小甜甜甜甜,32688970
88,2017,10,14,爱姿,0,姿意燕为,263726012
89,2017,10,8,从她出道开始就喜欢她，曾经考大学的动力也是她，用Walkman 听烂的卡带，后来换成CD，再到大学的mp3，2014年的工体演唱会，去年的青岛演唱会，这个瘦骨嶙峋的女孩一路陪伴我到现在…喜欢她的纯粹简单，今天又来温这首歌，给自己力量,9,小特家的吖头,45034450
90,2017,10,7,[爱心][爱心],0,一格一格一格一格格,504443450
91,2017,10,7,大二啦。十年。,3,麋鹿_先森,466391229
92,2017,10,6,怎么才这么点评论啊,0,LordBY,274953492
93,2017,10,2,燕姿的英文名。,0,麋鹿_先森,466391229
94,2017,9,24,加油加油加油,0,feifeii13,309479010
95,2017,9,23,顶,1,番茄喋喋,77399247
96,2017,9,17,还有98天 不顾一切的跑 向前冲吧,2,洧川以南,298278804
97,2017,9,13,女神,0,我有努力和这个世界变熟,394296679
98,2017,9,13,"第二个会写的英文名字 第一个是我小时候的名字 Ben 
第二首最喜欢的十三的歌 第一个是真的
共勉吧",1,松田启,278186962
99,2017,9,6,最后一场赛跑，他开始垫脚,0,远辰170509,482662464
100,2017,8,28,stefan,0,青鸟芝麻,512810272
101,2017,8,22,我女神,0,举起手来跟我一起摇摆,78132797
102,2017,8,14,我知道，心里的恐惧有时多过坚强，认清恐惧，拥抱他，再继续向前,2,0水蓝冰0,482857897
103,2017,8,14,这首歌怎么这么少的人啊,1,入须归,545543003
104,2017,8,13,好多姿迷，报个到，为咩在我心里这些歌都不是冷门？。。。,0,0水蓝冰0,482857897
105,2017,8,10,才184啊,0,小帅哥有前途,61215195
106,2017,8,2,对孙燕姿的一切都不熟悉，只是她的歌陪了我太多时候。从初一第一次听到《遇见》到现在大三了，时间不久，也就八年,3,一格一格一格一格格,504443450
107,2017,8,2,stefanie,1,Z小柒的信箱,414697675
108,2017,8,1,[爱心],0,大大大雪饼呀,362993190
109,2017,7,29,这首歌这么好听！怎么才这点评论！我不服！[发怒][发怒][发怒],1,别多想喝一杯吧,101108952
110,2017,7,23,[嘴唇]生日快乐呀燕姿,1,我姿态略萌,111719375
111,2017,7,23,大家好 我才是热评,0,xyaoer,52796441
112,2017,7,23,燕姿生日快乐[蛋糕][蛋糕],1,星星和烟火谁会先熄灭,351216208
113,2017,7,22,好听,0,海平平儿,251817046
114,2017,7,5,我从初二一直到现在，最喜欢的女歌手，2001年到现在，16年了，中学陪我听燕姿，给我买燕姿原版磁带的那个他，跟我的青春一起都没了。,5,ps小多啦,64954733
115,2017,7,3,很美好,2,姿意燕为,263726012
116,2017,7,3,我从小学五年级到现在毕业工作一年多了  不是死忠粉 只是单纯的喜欢她的人 她的声音,2,遇见爱姿病患者,288599760
117,2017,7,3,我姿,0,motorcycles,283973423
118,2017,6,29,Stefanie❤️,1,新世纪傲娇少年杨铁柱,32645045
119,2017,6,23,一个人的勇敢 能和谁分享,1,像一条河,133591107
120,2017,6,23,站在最顶端上 却失去光芒,0,像一条河,133591107
121,2017,6,23,爱姿,1,姿意燕为,263726012
122,2017,6,23,姿迷打卡，十五年脑残粉,3,孙燕姿你是光芒果,77464742
123,2017,6,23,滴,0,孙家次女,478048749
124,2017,6,20,你是我们幸福的答案[爱心],0,小梅蕾黛丝,378404999
125,2017,6,20,爱姿,0,姿意燕为,263726012
126,2017,6,20,爱姿,0,姿意燕为,263726012
127,2017,6,19,爱姿,1,姿意燕为,263726012
128,2017,6,18,[爱心],0,历历荔荔,324900983
129,2017,6,16,爱姿,1,姿意燕为,263726012
130,2017,6,13,同感，我从初二到现在大二,1,姿意燕为,263726012
131,2017,6,13,爱姿,2,姿意燕为,263726012
132,2017,6,11,扎铁了 心肝,0,Terist,82279394
133,2017,6,11,过分了啊老铁,0,弥海砂Sherry,91628568
134,2017,6,10,爱姿,1,姿意燕为,263726012
135,2017,6,9,这17年，感谢有燕姿，见证了成长的足迹，相信是很多人的重复人生，每次沮丧或鼓励，都暖在心坎。爱燕姿的人很多，而我只是其中一个。就这样，爱了，17年。,4,小小小流氓呀,265037354
136,2017,6,9,好像有某种魔力，不管我在什么年龄，拥有怎样的心情，都能从燕姿的歌当中找到共鸣、慰藉以及鼓励。高考前从《青春无极限》获得力量;大学时经历异地恋每每听到《爱情证书》都哭得不行;毕业后分手，从破碎的感情里走出来，把《天使的指纹》翻来覆去地听;工作后不断面对挑战，似乎从《银泰》描写的故事里,3,小小小流氓呀,265037354
137,2017,6,9,出道十七周年，爱你十二年了，还会继续爱下去[憨笑][憨笑][憨笑],3,小小小流氓呀,265037354
138,2017,6,9,为啥评论这么少[撇嘴]不服,1,小小小流氓呀,265037354
139,2017,6,9,爱爱爱,0,达浪不浪,6758822
140,2017,6,8,因为你才坚持。,0,于帅楠,250764305
141,2017,6,8,爱姿,1,姿意燕为,263726012
142,2017,6,6,爱姿,1,姿意燕为,263726012
143,2017,6,6,爱姿,1,姿意燕为,263726012
144,2017,6,4,"白夜行
",0,孤独小孩o,273175427
145,2017,6,2,Stefan Damen,0,云海妜光,248125030
146,2017,5,30,爱姿,1,姿意燕为,263726012
147,2017,5,29,"有时心底的恐惧多过坚强。
但只能佯装我很好：）",0,桃夭阿眠,90432178
148,2017,5,26,不知道为什么只要我跟着你唱歌我就会热泪盈眶，你的演唱会第一首天黑黑前奏一响我就泪流满面，从小学五年级到现在工作三年，这是我坚持最久的事了！！！,3,请叫我不挂科大人,83729278
149,2017,5,26,我还记得听我初中晚上躺在床上听mp3，这首歌我一直听一直听，我觉得这首歌是给我希望的歌，我爱燕姿！！！！！！！期待第三次去演唱会！！！！！！！,3,请叫我不挂科大人,83729278
150,2017,5,25,怎么评论好少啊，这首也算是隐藏金曲。,0,问真心,325873166
151,2017,5,23,这首歌跟逃亡有异曲同工之妙。高中励志歌曲逃亡第一，这首歌第二。,1,梦想太远午餐吃饭不吃面,256522772
152,2017,5,20,完了 我有爱姿病...快救我[呆],0,Terist,82279394
153,2017,5,12,好听,0,毛巾小掌柜,266636510
154,2017,5,12,带着情绪去听这首歌的结果是憋出了几滴泪。,2,Hwol,89107091
155,2017,4,30,我对每个叫Stefanie女孩都有好感,1,Sao爷骑马客京华,119645725
156,2017,4,18,对天空大声咆哮 答案我却听不到[哀伤],0,遇見康,123378017
157,2017,4,15,初中的最爱,0,七万_七万,303104930
158,2017,4,9,爱姿,2,姿意燕为,263726012
159,2017,4,4,[憨笑],0,栀窦,387175610
160,2017,3,28,所以Stefanie😘,1,贰顆菠蘿油,312796344
161,2017,3,18,我的天空里没有太阳，总是黑夜，但并不暗，因为有东西代替了太阳。虽然没有太阳那么明亮，但对我来说已经足够。凭借着这份光，我便能把黑夜当成白天。你明白吗？我从来就没有太阳，所以不怕失去。,1,bloodybear,19094260
162,2017,3,18,新上传的？评论数不科学！,1,乌江亭长死在南方,101776362
163,2017,3,16,[星星],1,帐号已注销,124859943
164,2017,3,16,🌙,1,黑怕之王,126248702
165,2017,3,16,让自己脱掉光芒，回归生活吧,1,帐号已注销,124859943
166,2017,3,16,失去光芒吗,0,黑怕之王,126248702
167,2017,3,16,mystefanie,1,黑怕之王,126248702
168,2017,3,1,？为什么没评论,1,VRay_WR,81595665
169,2017,2,26,如果我们不曾相遇,0,艾丝凡时代,87483381
170,2017,2,13,[奸笑]噫,0,老子是真的气,263551031
171,2017,2,10,2哥,1,帐号已注销,124859943
172,2017,2,10,这是燕姿自己写的词,1,风中拾遗,283224068
173,2017,1,29,姿迷无处不在，燕姿无可取代！,2,Paddy2,80378003
174,2017,1,16,嗨～屎蛋芬妮,0,hanimal,269609516
175,2017,1,12,盖着被子 听着燕姿的歌 暂时的安全感,0,姿我,76551471
176,2017,1,8,爱姿,2,姿意燕为,263726012
177,2017,1,7,Stefanie 's 《stefanie》..,3,DanCingVanGogh,263043497
178,2017,1,6,对天空大声咆哮，答案我却听不到,3,DanCingVanGogh,263043497
179,2017,1,4,爱姿,1,姿意燕为,263726012
180,2017,1,4,爱姿病😀,2,小小小迪迪迪,392804825
181,2016,12,27,爱姿,1,姿意燕为,263726012
182,2016,12,15,爱姿,1,姿意燕为,263726012
183,2016,12,5,爱姿,1,姿意燕为,263726012
184,2016,12,2,绝望中，燕姿啊，你就是我的光芒,5,Carmanyj,300498261
185,2016,11,19,我知道 也知道,0,遇見康,123378017
186,2016,11,19,给人力量,0,十易度,79559344
187,2016,10,27,有啊，在生活大爆炸第二季吧，,0,DanCingVanGogh,263043497
188,2016,10,26,爱姿,1,姿意燕为,263726012
189,2016,10,26,这是一个有人用的名字。[呆],0,帐号已注销,83931133
190,2016,10,25,燕姿没有冷门歌,1,Besstrite-47,2565946
191,2016,10,23,爱姿,2,姿意燕为,263726012
192,2016,10,19,心里的恐惧有时多过坚强,1,_-__--_-__,53764851
193,2016,10,10,燕姿的英文名  这首歌是写给她自己的,0,Mink777,119683739
194,2016,10,4,有谁知道stefanie什么意思啊？,0,DanCingVanGogh,263043497
195,2016,10,2,有一次我看到有人用这名字领快递！气死！也高兴！后来这个名字出现再美剧大爆炸里。。。就觉得。。。啊！不可以！！,0,DanCingVanGogh,263043497
196,2016,9,27,刘明,1,爱林西,300218716
197,2016,9,26,一个人现在真的承受着一个人的勇敢，没有人分享,1,南方嘉沐,277506445
198,2016,9,25,我知道我会更好[亲亲],0,97panxq,281142312
199,2016,9,22,一个人的勇敢，能和谁分享,3,帐号已注销,124859943
200,2016,9,22,爱姿,1,姿意燕为,263726012
201,2016,9,21,爱姿,1,姿意燕为,263726012
202,2016,9,20,我知道，我知道，也许明天会更好,2,老子是真的气,263551031
203,2016,9,15,我的青春,2,废废猫,324432671
204,2016,9,13,我有点难过  好像没人听我说,1,余周周复始,118495056
205,2016,9,13,我知道，也知道。,2,阳春白莹雪,124591117
206,2016,9,12,爱姿,1,姿意燕为,263726012
207,2016,9,3,爱姿,1,姿意燕为,263726012
208,2016,9,3,一个人的勇敢，能和谁分享,2,清秋一碗,72120740
209,2016,8,27,燕姿的歌是那种能给人力量的歌 喜欢,1,Loyaltypac,113484135
210,2016,8,21,[可爱],0,崔大佳-,113328978
211,2016,8,12,爱姿,2,姿意燕为,263726012
212,2016,8,8,也许明天会更好 我知道,2,微安左弦,73094111
213,2016,7,24,燕姿唱出我内心所有的小情绪 这种感觉很多时候无法言说 还好有她的歌在 陪我度过高中 如今我都大学毕业了 满满的回忆 ,4,SooJungK,267447413
214,2016,7,23,我的青春！燕姿生日快乐[蛋糕][蛋糕][蛋糕],2,-有姿有菋-,129649056
215,2016,6,4,大后天高考，燕姿占据了我的高中[奸笑],4,硒硒,258739742
216,2016,5,31,原来男生高中也是会听孙燕姿的歌啊~好遥远了,0,划剑依,54601112
217,2016,5,30,高中动力的来源。,1,假面Json,127325643
218,2016,5,26,总会鼓起勇气打开他的聊天对话，还一定要装成问的很平常，自己一个人等回复都要假装把电话放到一旁，有消息提醒都能激动的手颤脸红不知道该怎样表达更好。哈，也就我知道，自己这么个怂样儿还想要对方主动。也就我知道，明明他就是不喜欢自己可我却改不掉,2,魏沙啦,63682379
219,2016,5,12,看着倒计时，有些恐惧了，我真是菜鸡,1,NBA名宿艾弗森,264049003
220,2016,5,10,也许明天会更好,0,M猫耳朵M,88532251
221,2016,5,7,有你我不再难熬，也不再寻找……最颓废的时候一直重复听的歌，直到，泪流满面……孙燕姿，好开心青春里有个如此美妙的你[爱心][爱心],3,遇沁,33829350
222,2016,5,7,评论居然这么少[惶恐][惶恐],1,遇沁,33829350
223,2016,5,2,心里的恐惧有时多过坚强,2,橘橘几,264859465
224,2016,4,24,当年听这首歌都哭了。理解燕姿当时的心情。还有the moment,3,樂堯焱_keni,3709652
225,2016,4,19,你要知道想要的是什么才有方向。,2,xiyua-,102060454
226,2016,4,10,一个人的勇敢[憨笑],1,肉一坨,61452001
227,2016,4,9,这首歌是大学一年级时的美好记忆，我的卡带时代！,2,昔我网易杨柳依依,94984198
228,2016,4,4,无敌是多么的寂寞,9,很萌很准,90098828
229,2016,4,2,顶起来,1,stefanie龙,8728294
230,2016,4,2,燕姿，燕姿,2,stefanie龙,8728294
231,2016,3,29,只是每日听歌，每日打卡,1,帐号已注销,124859943
232,2016,3,28,[可爱],2,lan-08,106134809
233,2016,3,28,我也是，偏执的认为听燕姿的歌长大的人都是好孩子,5,a我们都是小行星,126569551
234,2016,3,22,怎么可能,2,孙燕姿的嘴,53748727
235,2016,3,19,年龄越大，越爱这首歌,1,只有我姿可以匹敌K姐,102787092
236,2016,3,18,只是每日听歌，每日打卡,1,帐号已注销,124859943
237,2016,3,17,只是每次听歌，每日打卡,1,帐号已注销,124859943
238,2016,3,17,只是每次听歌，每日打卡,1,帐号已注销,124859943
239,2016,3,17,站在最顶端却失去光芒，说得就是2000~2003那个时候的燕姿吧！,3,帐号已注销,124859943
240,2016,3,2,好喜欢的一首[爱心],1,乐到没道理,133304337
241,2016,3,1,喜欢这种阴郁的感觉,1,砜易泽,131476407
242,2016,2,24,高处不胜寒 却一心向阳[大笑],2,lan-08,106134809
243,2016,2,24,原来小时候是听这些正能量长大的！[流泪],2,lan-08,106134809
244,2016,2,19,[皱眉],1,一个本质姿迷siesie,97267212
245,2016,1,24,Stefanie会写的第一个英文名字,76,克卜勒世界巡回演唱会,83076889
246,2016,1,21,其实也是写给歌迷的  歌曲中的   你   指的就是歌迷,1,向左走方向,54198997
247,2016,1,17,多么好的一首歌，是我心中已经不仅是励志，更是孤单时支持自己前行的力量,7,gdbskxb,7468066
248,2016,1,4,love Stefanie,1,你的白痴Jerry,82740214
249,2016,1,4,孙燕姿一直很低调，stefanie就是她自己写给自己的吧,6,姑苏客st,79800447
250,2015,12,29,一个人的勇敢，能和谁分享？那些年，陪在身旁温暖的声音。,9,偏头痛的郭大伟,29214184
251,2015,12,22,T T,1,豆花DOUHUA,69401322
252,2015,12,16,高中每天晚上走夜路回家，听这首歌都好有感觉... ,2,SngEeTzeSng,104396853
253,2015,11,24,为什么没过百呢,1,某某丹1113,103714618
254,2015,11,18,喧闹过后的寂静，人群里的孤独，夜晚太美，神经的触角到处都是，听你唱唱歌吧，然后就睡了。晚安。,5,幽灵小姐要加油,52274423
255,2015,11,15,好听,1,偏执的执拗,19322724
256,2015,11,3,我也是[大笑],2,梦的尽头有美丽的期待,79058718
257,2015,11,2,高中经常听，支撑我勉励我，真怀念~,6,划剑依,54601112
258,2015,10,27,虽然评论少，但不失为一首走心的歌,3,Ayumi姿迷步悟,80031922
259,2015,9,25,我得了爱 姿 病。,3,北瓜头Fizz,45119770
260,2015,8,28,[亲亲],1,桥洞洞主,64569272
261,2015,8,18,Stephanie，fighting！,2,Stephanie的四月天,50102737
262,2015,8,11,静静的听，估计大家都懒得评价了[大笑],7,R8F_MOBL,51010385
263,2015,8,11,也许明天会更好,1,zsydmey,12500269
264,2015,8,2,难道不励志吗？难道不吗？好怀念那时的高中岁月，还有岁月留下的人和事。我再也回不去那样的青春，却能在歌声中温暖回忆！,2,大面1219,53595941
265,2015,7,23,喜欢这首,0,离开不应在打搅爱人对不对1,78411394
266,2015,7,9,站在最顶端上 却失去光芒。 一首孙燕姿自己作词的歌,1,断线风筝-,79339930
267,2015,7,6,评论太少！他们都只听一些热门的,1,用户41965267,41965267
268,2015,7,6,超多的好吗 女歌手目前排在第三  [大哭],1,姚大白,268625
269,2015,7,4,你的名字你的歌[憨笑],1,Five_half,53157798
270,2015,6,29,为毛人这么少！,2,卸载游戏做个人,41835081
271,2015,6,27,[口罩],1,背了个影,26852587
272,2015,6,11,一个人的勇敢就是坚强，加油↖(^ω^)↗,1,阿呆兔呀,33248668
273,2015,6,9,"Stefanie, 有你我不在难熬，也不再寻找⋯#孙燕姿出道十五周年#",1,Fredasyd,1251476
274,2015,6,8,网易云好像没有那么多人听燕姿啊！,3,用户41965267,41965267
275,2015,6,6,加油,3,Kep_Ler,16482332
276,2015,5,26,一听到这首歌的时候就让我想到那年的我们，那事的味道和心情，五年过去了，幸好你还在我身边。,1,xiaomingzhang,43534025
277,2015,5,25,孤独,0,panda20110625,64098142
278,2015,5,19,这首评论居然这么少,0,听说你也喜欢这首歌,31840072
279,2015,5,19,@听说你也喜欢这首歌 ,0,消失一阵,68893329
280,2015,4,15,我知道 也知道  心里的恐惧多过坚强,0,夜雨听诗,51782259
281,2015,3,8,一个人，自习室，800页，两个月。好吧，我自己已经很好,108,长亭缱绻,19515209
282,2015,2,7,每次听到孙燕姿的声音 就会觉得心安,2,总是第二乐章,38500194
283,2014,11,23,[亲亲][亲亲],0,我的故事你的歌,31183715
284,2014,8,1,stefanie,0,帐号已注销,17230016
