index,year,month,day,content,likecount,nickname,user_id
1,2019,11,26,翻唱的真棒,0,黄闭,79231818
2,2019,11,19,再来亿遍嗷,0,罗蒙湖,1878875577
3,2019,11,18,真棒,0,跳舞的梵谷yanzi,318974517
4,2019,11,11,哈哈哈哈哈,0,锦谣儿,580361487
5,2019,11,9,太牛了，有原曲的经典又有燕姿的甜美,2,他在消耗青春,42010817
6,2019,11,8,"披头和枪花 爱情和忧伤
永远骄傲高唱",0,EDG_Clearlove10,489173588
7,2019,11,7,虽然好听，但太阳升起的方式只有一种,2,cruiseay,446222571
8,2019,11,1,我酸了,0,Davie504,57455489
9,2019,10,30,在西安近距离见到了燕姿本人，那是我最美好的回忆[爱心],3,_知更,278482085
10,2019,10,27,真好听！俺又来了[色],0,也不是猪只打呼,355734135
11,2019,10,27,翻译呢。。。[大哭],0,不好我高三了,1340821924
12,2019,10,26,哈哈哈，想到了那个画面了,0,D_和弦,324503907
13,2019,10,23,这也太甜了吧,0,我输入的昵称都被占用,568815759
14,2019,10,20,啊啊啊爱燕姿,1,跳舞的梵谷yanzi,318974517
15,2019,10,19,太可爱了太可爱了 连强化都唱的这么可爱姐姐也太可爱了吧[流感],3,野生的弗朗索瓦,498737516
16,2019,10,12,好听超好听,2,跳舞的梵谷yanzi,318974517
17,2019,10,11,"细细体会的话，就会发现里面的乐器伴奏很富有层次感。
我在设想每个部分（四个段，五个间隔的伴奏）如果分别用不同乐器纷至沓来的伴奏，那该多美妙呀。
钢琴~电吉他~长笛~敲击乐~小提琴~唢呐~琵琶~洞箫~古琴
我甚至又进一步升华到了演奏者陶醉演奏时的神态与动作。
虽不能至  心向往之",4,竟无语凝噎一一,406715420
18,2019,10,10,放枪花怕不是全场举着新娘到处传了,1,ChordL,325048956
19,2019,10,2,这个女孩,1,Uyisnehk,1395076846
20,2019,9,29,我死了,0,OKComputerr,83815429
21,2019,9,26,我可太喜欢了！！！,0,也不是猪只打呼,355734135
22,2019,9,26,俺又来了！dbq了每一次听都好惊艳！,0,也不是猪只打呼,355734135
23,2019,9,26,太好听了！！,0,Stef-y,368904262
24,2019,9,21,可太好听辽！！！,0,也不是猪只打呼,355734135
25,2019,9,19,哇塞惊艳,0,XQ0823,489797899
26,2019,9,10,嘻嘻嘻嘻,0,也不是猪只打呼,355734135
27,2019,9,10,可可爱爱孙燕姿。,0,也不是猪只打呼,355734135
28,2019,9,5,姿妈说过她大学时候听得最多的就是Oasis的歌了,2,凯旋门旁的加贝超市,360106164
29,2019,9,3,哦，有意思哈。,0,Neosixone,401148400
30,2019,8,31,都幸福啊！,0,楠枫Yh,413336283
31,2019,8,30,04：05的时候真美~,1,NKOHC在路上,588588
32,2019,8,27,我的网漏了一条大鱼，现在只能看着他的背影任由他游走，他的涟漪够我观摩好久了吧,1,风影自由,1723975510
33,2019,8,19,好狠……,2,曼城夜莺铃鼓手,1532475449
34,2019,8,19,姿姿太可爱了，呜呜呜,0,漂浮群岛et_moi,101098936
35,2019,8,17,希望是muse.aerosmith我也挺希望听的,1,captaintalented,291797146
36,2019,8,16,喜欢喜欢，喜欢燕姿唱英文歌,0,top_Aprilworld,1303520511
37,2019,8,15,好好听,0,话熙,618867936
38,2019,8,14,前奏少了,0,AlbusHaryyPotter,1327503197
39,2019,8,13,nipan,0,丙痴知病,1520650769
40,2019,8,11,不仅是前奏，还有贝斯和间奏都没了，但是另有一番风格。,3,394671,542186856
41,2019,8,11,有几个部分我都险些认不出这是燕姿的声音，太有感觉了，我们燕姿是怪物吗！！！太强了！！！唱什么是什么！！！！,2,漂浮群岛et_moi,101098936
42,2019,8,6,风格有点像神奇队长的翻唱版,1,dimensionwalker,534651510
43,2019,8,5,这歌是奶油冰激凌味的,3,迅哥_我是猹,315736978
44,2019,8,1,改编的好甜好幸福,5,布兰得贝尔,48142121
45,2019,7,31,也对，不过是音色吧[大哭],1,滴我死了,249000440
46,2019,7,29,槍花嘖嘖 ,0,Rockstar_y,645752778
47,2019,7,27,循环两天了，这首有魔力,1,鸡肋不是,81816871
48,2019,7,26,不大可能，太薄了。唱民谣通俗类更能展现音质的优势，很讨喜的。,1,茉莉觅,480460795
49,2019,7,23,编曲很好,1,音乐人牛佳,250726805
50,2019,7,19,真的太好听了太好听了太好听了,0,周逸逸逸逸,1719031324
51,2019,7,12,祝你幸福每一天😂,2,H-S_Sun,296312220
52,2019,7,12,请你今天也要幸福！明天也是！,1,luvwholuvsuback,252951914
53,2019,7,11,我也是[爱心],1,elisadagama,560780961
54,2019,7,9,一人血书姿妈20周年翻唱oasis，双料粉死而无憾,22,木白涛ao,81324903
55,2019,7,8,好甜好甜好甜,1,7things_,1318437548
56,2019,7,8,我不可以！光收录歌曲数量就不够了,0,H-S_Sun,296312220
57,2019,7,7,oasis吧,4,大家都叫我万万,249362760
58,2019,7,5,快出翻唱专辑,2,Y淘淘,283975376
59,2019,7,2,我的婚礼上，一定要放这首歌💕,4,Stefanie71,410964408
60,2019,6,25,我怎么现在才发现有了的！！！,0,orisola,436604251
61,2019,6,20,活结,0,奇葩学老喜欢v,1405918387
62,2019,6,20,考为啥这燕姿的声音该死的甜美,3,造莉者缸,303158039
63,2019,6,19,好听,1,帐号已注销,3657120
64,2019,6,19,哈哈可爱,0,用户504185640,504185640
65,2019,6,19,燕姿真实宝藏女孩，身上的气质爱了,27,咖喱貓_,79856469
66,2019,6,5,原来孙也翻唱过，好棒！,2,玄德问计,77990872
67,2019,6,4,发现宝藏了[幽灵],0,愿君依旧笑,559237310
68,2019,5,31,六一快乐 ,0,那不勒斯的遗憾,7590143
69,2019,5,30,燕姿早期多唱几首摇滚就好了哎,6,NTUfail,71924954
70,2019,5,24,这首竟然没有听过。。。竟然还有没听过的，幸福啊,2,小汪律师,35964006
71,2019,5,14,孙燕姿如果是摇滚歌手也挺好的呢,4,滴我死了,249000440
72,2019,5,14,了和惹不是一个意思嘛(づ ●─● )づ,0,Landung,562248348
73,2019,5,13,我的来电铃声☎️,2,孙燕姿的手,100429699
74,2019,5,12,因为是燕姿童年时期听的歌，唱给童年的自己类似的意思，整张的ep选歌也是以这个为出发点,0,rpoaru,81517607
75,2019,5,11,哈哈哈哈哈哈哈,1,你好给我来份葱爆西瓜,434401179
76,2019,5,11,啥时候占领的新加坡？(⊙o⊙)…,6,肥宅争霸唯一指定冠军,66250119
77,2019,5,11,你们看过鬼妈妈没有,1,董小姐你熄灭了烟谈起价钱,302246807
78,2019,5,11,婚礼上循环播放的这首，没敢放G＆R版本的，怕吵到大家。个人记忆的习惯，品味听过每首歌的时候，都会想起当时发生的过往，因此听这首歌时候，满满的都是和媳妇婚礼时的美好。,38,萨菲罗斯的精绝奇遇,134610747
79,2019,5,7,甜死了啊我死了,0,zaffir,1292409476
80,2019,5,6,好甜,2,秃头D,541508973
81,2019,5,2,惊艳啊,0,惊鸿照影1997,473101724
82,2019,5,1,枪花唱的是soulmate，姿妈唱的是his little boy 纳小子,8,麻瓜沈,109971453
83,2019,4,28,我感觉我似乎听过她的另一个版本。,1,Morgan-Jason,505724285
84,2019,4,24,你给我唱我就开心啦,0,耳朵难眠w,349379919
85,2019,4,24,@耳朵难眠w 么么 给你听 宝贝要开心(*^ω^*),2,JayStories,302910732
86,2019,4,12,好喜欢这首歌,0,Young_SMMU,59497811
87,2019,4,12,音色可爱,0,星岛的妳,48746821
88,2019,4,7,孙燕姿的话。不能算国内吧。毕竟是新加坡人。,6,小浮気花梨,270048664
89,2019,4,6,小号🎺这段solo太亮堂了，感觉像在音乐厅里high起来,8,元哥很忙,331899766
90,2019,4,5,同城朋友，互关哦,0,安博尔26237,401968990
91,2019,4,4,可以和start自选集比肩！,0,禁忌魔法师,2454019
92,2019,4,2,孙女士太好听了惹,1,請叫宋長老,373701684
93,2019,4,2,果然，我喜欢的年轻歌手都喜欢我喜欢的老歌手，燕资喜欢的菲和枪花，青峰喜欢的菲和queen，虽然，他们也不年轻了,6,NovaXyz,122018966
94,2019,3,31,真好听,0,WK猫小北,446125023
95,2019,3,27,我为什么要把它设为起床铃？？？,0,_吴子诚,275017518
96,2019,3,25,姿妈版本的甜孩子别有一番风味啊，很有趣。哈哈哈哈，听完真开心[多多大笑][多多大笑],1,恋v雨,1603438088
97,2019,3,19,燕姿出一张摇滚专辑吧,7,Islandofcyril,48634536
98,2019,3,17,开头应该是尤克里里叭,0,121个逸儿,129095979
99,2019,3,12,太太太太好听了我天,1,sssss吖,70633368
100,2019,3,10,是有尤克里里么？,3,孙燕姿best,46251605
101,2019,3,10,这声音是被甜到了,2,史迪仔先生666,434392211
102,2019,3,7,哭了，燕姿太容易让我哭,1,seasonboy8,136330758
103,2019,3,5,没听到前奏，突然听到女声，眼镜睁大了,8,拉链袋,104162342
104,2019,3,3,对姿妈粉和枪花粉来说，这就是宝藏啊,55,one_more_chance,373742621
105,2019,2,26,这个版本太甜了吧！！,3,GMU2,278754763
106,2019,2,25,00后爱燕姿的188天,7,FengQiWei,1381956411
107,2019,2,23,好喜欢最后的“哎哎哎哎哎”,5,OKComputerr,83815429
108,2019,2,20,前奏都直接省的? 手动狗头,6,liberty1900,94151142
109,2019,2,19,醒醒，EP,0,Nembutal,285968582
110,2019,2,18,来首地狱高速吧，反差萌[大笑],1,Sarnetha,1476243481
111,2019,2,14,彩虹金刚哈哈哈哈这也太可爱了 ,4,luvwholuvsuback,252951914
112,2019,2,14,情人节这歌太甜了啊！！！,3,OKComputerr,83815429
113,2019,2,13,吹爆这首甜孩儿,3,ChemicalBusHX,292646992
114,2019,2,10,真的甜～甜姐儿，哈哈哈,2,小米糕啊,1436371488
115,2019,2,8,希望涅槃哈哈不过风格不太可能哈哈[吐舌],6,gonenob,288765325
116,2019,1,29,我靠 ...,0,星星上数太阳,405823864
117,2019,1,23,2020年要一起幸福[大笑],3,H-S_Sun,296312220
118,2019,1,23,@Icelrlrlr ,1,_米兰1899,7687139
119,2019,1,22,幸福！！,1,luvwholuvsuback,252951914
120,2019,1,21,她好甜。,1,243674649264,423131087
121,2019,1,16,"2015.7.11克卜勒澳门演唱会上，燕姿也翻唱了这首歌。
我在现场。",46,H-S_Sun,296312220
122,2019,1,8,彩虹金刚这张EP就是处处充满了七彩的彩虹味道！美妙！,5,艾黎aili,1593260402
123,2019,1,7,把手机铃声换成了这首歌 现在不想接电话了😑,6,梧之,62813866
124,2019,1,2,孙燕姿  是女神啊~~,4,孙燕姿的小迷妹啊,327977684
125,2019,1,2,首页给我个位置  我要来表白孙燕姿~ ,7,孙燕姿的小迷妹啊,327977684
126,2019,1,2,希望2019 燕姿和 姿迷都开开心心， 如愿以偿。 ,23,孙燕姿的小迷妹啊,327977684
127,2018,12,25,妈呀 燕姿一唱英文歌 我怀疑自己耳朵 太好听了吧[呆],1,talia94,9673259
128,2018,12,22,[发怒][发怒][发怒],0,Slash教我弹吉他好不好,1352086991
129,2018,12,17,“彩虹金刚”是我最喜欢燕姿的一张专,4,善良舆善感,405802165
130,2018,12,11,可爱的孙燕姿,4,孙燕姿的小迷妹啊,327977684
131,2018,12,3,这毕竟是燕姿唱给当时4岁纳小姿的歌，当然甜啦。就是不知道小宝宝长大了会不会吵着也要燕姿发一个给她的ep,20,feiffffelixxxxxlin,336271654
132,2018,11,30,枪花的风格是变形金刚擎天柱，燕姿是彩虹金刚纳小子[大哭],5,姿迷Kepler,62776498
133,2018,11,28,哎呀哎呀，好喜歡的女歌手翻唱好喜歡的樂隊的超愛的歌呀~不一樣的感覺~,8,双子_faye,626804992
134,2018,11,28,说说都不行吗？觉得风格差很大而已。,4,R林林林,377256321
135,2018,11,24,0.0 人家学不会 。。。。。,2,孙燕姿的小迷妹啊,327977684
136,2018,11,20,我的愿望是杰伦作曲燕姿演唱，这辈子看来无望了[流泪],8,神兽草踏马,1309013
137,2018,11,16,这可是我一个大男人的手机铃声！,3,_吴子诚,275017518
138,2018,11,15,我也是！！！,3,CHENYUDAN--,279712105
139,2018,11,15,还有oasis，燕姿大学最爱的乐队~好像还有一个catatonia,7,CHENYUDAN--,279712105
140,2018,11,13,快该考试了,1,predestinate-_,333903086
141,2018,11,13,同城哎,0,巴巴罗萨-,36679286
142,2018,11,11,。。。。可是我就觉得最后那块最好听。。。。,21,遮羞布罢了,33532401
143,2018,11,10,不愧是燕姿,1,冷脚丫,1320812521
144,2018,11,8,燕姿的偶像就是摇滚歌手,4,彼得潘与狼,261245021
145,2018,11,6,[惊恐]哇 我太爱燕姿了,2,洋葱草莓地,266799152
146,2018,11,4,好好听,1,猪猪侠pyy,499152615
147,2018,11,2,我的愿望是 燕姿出一张摇滚专辑,7,孙霉菲,486142030
148,2018,10,28,很好听哦 国内少数不被喷几个翻唱硬摇歌曲[大哭] 挺有自己风格的,63,你好给我来份葱爆西瓜,434401179
149,2018,10,26,尤克里里谱是啥[大哭][大哭][大哭][大哭],0,KKKKKKKepler,348284902
150,2018,10,23,燕姿每张专辑基本都有摇滚,2,Islandofcyril,48634536
151,2018,10,21,燕姿真值得再出一张翻唱专,5,musikholik,121714152
152,2018,10,20,也可能是齐柏林飞艇,0,FF帆帆_,440649026
153,2018,10,19,枪花slash还有这个 三个版本都好喜欢,2,--Reflection--,82272594
154,2018,10,19,tori amos,1,云栖路金属切割厂,466634844
155,2018,10,19,托丽艾莫斯,0,云栖路金属切割厂,466634844
156,2018,10,17,很cute,0,Islandofcyril,48634536
157,2018,10,16,ACDC没跑了,0,美味大果粒,403261596
158,2018,10,13,多放糖,0,雨还是不停地落下_,100825170
159,2018,10,11,哈哈 stef改[可爱],0,alexandone,68289764
160,2018,10,7,甜得哟，老夫的少女心[可爱],2,上发条的猴子,52611199
161,2018,10,3,【握手🤝】,0,Q啦啦i,310615593
162,2018,9,26,猴听,1,孙燕姿哟,476147851
163,2018,9,21,小孙的摇滚梦～,1,xhaoh,268503017
164,2018,9,20,一个老姿迷对poppy充满期待，长成小燕姿的模样,6,stef小流氓z,56720800
165,2018,9,19,刚刚看到一个小男孩自制架子鼓演奏这首歌的视频，又想到我姿翻唱过,1,ddarkwhite,548737444
166,2018,9,13,设成了铃声[大笑],2,小do先生,261037131
167,2018,9,11,太sweet 了吧,0,贝影犹存,264592075
168,2018,9,4,太好听了,2,润小泽Ronny,1326160889
169,2018,8,30,我怎么会打出这个东西[大哭],1,叫我刘先生_,351189386
170,2018,8,29,[亲亲][亲亲][亲亲]喜欢燕姿的翻唱，希望燕姿再出一张翻唱专辑。,6,O_oHULLO,343829645
171,2018,8,29,是slash谢谢,0,StarmanCanWait,330036961
172,2018,8,28,没了主唱老鹰就只剩老了,1,叫我刘先生_,351189386
173,2018,8,25,同城,0,极美欢庆,351351231
174,2018,8,24,别曾经呀，想到了就去做！,3,愚小昧,533232383
175,2018,8,23,留,0,希波莉亚的鲸,344519227
176,2018,8,19,变味了,1,lxzdwyy,422305384
177,2018,8,18,加油！！,1,是一万,411682261
178,2018,8,14,我一定要考研,93,ooommmmm,387775330
179,2018,8,7,哇，这首歌改编曲好好听,1,小进语,247170932
180,2018,8,6,[鬼脸][鬼脸][鬼脸],0,_诗芊,81037679
181,2018,8,6,又是你,0,非慎独者,505496179
182,2018,8,5,八月快乐！,1,_诗芊,81037679
183,2018,8,4,哇好好听,0,中出的ATField,84555811
184,2018,8,3,看神奇队长来的,1,愚小昧,533232383
185,2018,8,3,心儿都要化了[惊恐],0,黑猫o不睡,287188994
186,2018,7,30,二胎快乐！,5,麦麦以南,123563914
187,2018,7,28,自从用了网易云音乐我喜欢上了看评论了[可爱][可爱],3,晓风大大神,80212175
188,2018,7,25,你姿的脑袋里住了多少个小精灵,4,otonocoo,131999177
189,2018,7,22,好听,1,天空上的旋木,72991027
190,2018,7,20,我还曾一时兴起想学这首歌。,1,宁晓毅,409636940
191,2018,7,11,还好我英语进步了很多，能看懂，太好听了,1,爱德华的Erye,132712235
192,2018,7,8,"太好听了吧[爱心]",5,润小泽Ronny,1326160889
193,2018,6,30,天哪，沦陷了。,2,AssssssesKicker,1496406478
194,2018,6,29,咬字太性感了 这位妈咪～,49,dorianamot,362553349
195,2018,6,25,哪炸天？,1,蓝色Danube,284084273
196,2018,6,25,卧槽6,0,年轻人耳机声音小一点儿,264353225
197,2018,6,22,好听,0,windbreaker风衣,1482000199
198,2018,6,21,萌妹子翻唱枪花的正确示范☞,155,NKOHC在路上,588588
199,2018,6,15,涅槃😏,1,ValarMorghulis_J,111129913
200,2018,6,12,这样改编好好玩儿[亲亲][亲亲],0,Axxxl_Rose,59427988
201,2018,6,11,我要告诉姿妈的孩子，你妈是我女神。,2,今晚又要打游戏,53968087
202,2018,6,9,太甜了啊[钟情][钟情][钟情],1,音痴Rain,308929620
203,2018,6,8,第一次听，真的很甜了。,1,熬夜脱发零食长痘烟酒早衰,313780184
204,2018,6,8,这小号声！！！！,1,帐号已注销,321614968
205,2018,6,7,"哇哦
",1,想去吹太平洋的风,431966292
206,2018,6,5,牛逼孙燕姿,2,中世紀焚燒爐,290449255
207,2018,6,4,燕姿内心住着一个摇滚的小宝宝无疑[奸笑]披头士，枪花，下一个又翻唱谁的呢？,158,为你我瘦冷风吹,53040837
208,2018,6,1,六一快乐,2,孙燕姿是光芒i,299308703
209,2018,6,1,那就别听了就好，何必在这说,7,Dealbreakerrr,1718082
210,2018,5,31,我觉得最后那点最好听了。。。[大哭][大哭],5,ymlzasyz,133781720
211,2018,5,30,怎么这么好听    才发现,1,昕彻,32536012
212,2018,5,30,完美我的燕姿！,1,AngusWood,94254103
213,2018,5,29,原来这张专辑，这么好听啊，一直以来错怪了啊,1,AngusWood,94254103
214,2018,5,23,听了就开心,0,十八线二逼,1465151003
215,2018,5,22,好听,0,辉仔Huiman,92679814
216,2018,5,20,这个好可爱,1,帐号已注销,320867334
217,2018,5,19,好可爱的版本！,1,Ohh_S_Op,574000351
218,2018,5,19,越听越好听惹,7,海洋过森林,325742808
219,2018,5,16,小清新,0,swx中心法则,93704096
220,2018,5,15,最喜欢后面那部分了……,8,林锦行,6778371
221,2018,5,12,日推[可爱],1,PENG濠,340127899
222,2018,5,11,[吐舌],0,遇姿人,541269428
223,2018,5,8,嘿，同城的小伙伴,1,戴雅楠想做一条鱼ya,436112854
224,2018,5,6,有些那什么不喜欢听就不要来刷存在感，惹人恶心,4,33轉的LP,630862795
225,2018,5,6,这id起的，绿日歌迷是不是？,0,史密斯公园,1329492077
226,2018,5,4,更喜欢这个的节奏,1,33轉的LP,630862795
227,2018,5,2,怎么才叫有文化,0,butter7,87793467
228,2018,4,29,治愈系声音,1,Janyuo,286360732
229,2018,4,27,牛逼,6,T_Hope,130739331
230,2018,4,23,其实前面改的不差，有个人风格也与原曲背离不大，可惜的是最后aye aye aye结束那个结尾实在是太糟糕了… 优秀了一整首，结尾有点垮掉,1,TonyKeating,279134653
231,2018,4,22,[可爱],0,Glacierrr-,356576618
232,2018,4,22,Sweet Child O'Mine[亲][亲][亲][亲],1,安博尔26237,401968990
233,2018,4,19,超好听,1,赟光,454310581
234,2018,4,19,美姿姿,1,孙燕姿哟,476147851
235,2018,4,19,[亲亲][亲亲],1,180cm一,115012093
236,2018,4,19,你姿心里的摇滚梦,5,鱼籽花花,98027185
237,2018,4,19,我的idol唱了我的偶像的歌,0,鱼籽花花,98027185
238,2018,4,18,网易云终于可以听到这首歌了,1,小袁鼓社,42854963
239,2018,4,18,超活泼欢乐狂欢的歌啊！[亲亲][亲亲][亲亲][亲亲][亲亲],1,紫絮一乙,326374627
240,2018,4,13,[色],1,180cm一,115012093
241,2018,4,11,开头是不错，展现的是细腻抒情版的。原版节奏感强，带点嘶吼感。喜欢那种看个人喜好和心境了,0,白色风车1943,358392057
242,2018,4,11,我觉得很摇滚噢，只是换了自己的风格而已。你听那木吉他多爽,1,不要叫我老熊,344081097
243,2018,4,11,和枪花的原唱比较就像是“彩虹金刚纳小子”和“变形金刚擎天柱”[大哭],3,姿迷Kepler,62776498
244,2018,4,9,特别爱听,1,润小泽Ronny,1326160889
245,2018,4,8,我爱孙燕姿！,1,赟光,454310581
246,2018,4,8,[色]声音要把我融化啦！,2,劉栖宏本人的網易雲,496882675
247,2018,4,7,因为这首歌她儿子喜欢听啊，而且所有的歌都和1987年有关，你没看EP里的歌还有首童谣1987吗,6,四月即Ivan,103967045
248,2018,4,7,这首歌不是在pub里耍帅的，是她改给她自己的孩子听的,2,四月即Ivan,103967045
249,2018,4,6,这很孙燕姿,2,遇姿人,541269428
250,2018,4,5,有她自己的风格不好吗？,3,春虫虫月月十兄,246960053
251,2018,4,4,更希望听到类似《venus》这种风格，更有摇滚的味道,1,白色风车1943,358392057
252,2018,4,4,这样不帅吗？ 和枪花唱一首歌唱出了两种风格 不帅吗？,1,四方_sHXL,567453666
253,2018,3,31,之前自己也唱过枪花版的听了这歌更能体会到的是一种快乐而不是一种对生活的发泄,5,CainZcy,541618378
254,2018,3,30,孙燕姿还唱过这个！！！！！！,3,oopsopus,102547415
255,2018,3,29,不好意思来晚了[爱心],0,恣姿不倦,255295693
256,2018,3,28,这很孙燕姿,4,Ro1030,90652954
257,2018,3,27,可爱麻麻💓,1,komorebi_la,87522663
258,2018,3,24,好听,1,O_oHULLO,343829645
259,2018,3,23,打卡,1,暮至明,94756999
260,2018,3,22,以为燕姿要帅一把，唉，失望了,1,白色风车1943,358392057
261,2018,3,22,[爱心],0,符主任,1152037
262,2018,3,21,不一样的感觉,0,毛毛虫0912,323067104
263,2018,3,19,没文化，真可怕,4,郊外的耶稣-,294443162
264,2018,3,19,我为了下载这首歌，充了会员……,2,郊外的耶稣-,294443162
265,2018,3,19,刚刚听了枪花的过来听。好不适应[叉],0,R林林林,377256321
266,2018,3,17,甜孩,0,Genesis_elp,1352170490
267,2018,3,15,太赞,0,33轉的LP,630862795
268,2018,3,14,她就是新加坡人  官方语言就是英语,7,Janyuo,286360732
269,2018,3,14,可以评论了,0,JianYoung,53999899
270,2018,3,11,😘,0,一阵风等几十年,446618843
271,2018,3,10,燕姿的英语功底好强。这首歌评论终于破999了！额可是评论在前50人的🍭🍭🍭🍧🍲🍱🍛🍛🍙🍰🍦🍱🍧🍸🍰🍙🎂🍵🍵🎂🍭,2,elisadagama,560780961
272,2018,3,6,谁知道呢，她喜欢这首歌，喜欢并且行得通就改啦。,3,KitKat__,41723861
273,2018,3,5,所以==她为什么要拿这首歌改编呢……就为了甜孩这个歌名吗？可这歌写的是女的啊==,0,Axl螺丝,322511972
274,2018,3,4,哈哈，你肯定是不知道这个的制作背景，这个收录在apple music邀请制作的彩虹金刚里面，[大哭]都是唱给小孩听的,2,KitKat__,41723861
275,2018,3,4,好甜,0,赟光,454310581
276,2018,3,4,爽！,0,跳舞的反骨,33249451
277,2018,3,1,孫燕姿唱的是甜蜜！槍花唱的是夢想！！！,5,Silent_X,20343223
278,2018,2,28,被融化了[大哭],4,stef流年,1367583538
279,2018,2,28,"Sweet Child O' Mine
",4,姿迷Kepler,62776498
280,2018,2,27,再听燕姿 直接回到学生时代,3,一然_RAN,45648179
281,2018,2,26,爱你,3,未完成19991230,503310441
282,2018,2,26,好听,0,未完成19991230,503310441
283,2018,2,24,幼儿园园歌[亲亲]👐👐👐,5,海洋过森林,325742808
284,2018,2,24,不怕翻唱或者改变 但要用心  我真觉得这首很不错,1,一房一厅干一次,615948237
285,2018,2,23,二胎妈妈的幸福宣言,5,麦冬两钱,311798486
286,2018,2,22,打卡,1,180cm一,115012093
287,2018,2,21,呀呀呀呀呀呀呀呀呀呀呀呀呀呀呀呀哎呀呀呀,2,跳舞的反骨,33249451
288,2018,2,20,我还是第一次听到孙燕姿版本,2,强尼大木,45146305
289,2018,2,19,确实好听,1,乔囡儿,476570038
290,2018,2,19,Sweet Child O‘Mine,2,-Sliencio-,247471183
291,2018,2,19,打卡,1,180cm一,115012093
292,2018,2,17,终于听到了,3,GongkingLee,300008962
293,2018,2,17,一零零九，祝大家新年快乐~,1,山有木兮木有叉烧,121294305
294,2018,2,17,过年好,0,我叫hanhan,118126417
295,2018,2,16,新年快乐,1,Janyuo,286360732
296,2018,2,14,枪花粉报道,0,静若axxxxxxxxl动若axl,568251283
297,2018,2,13,真的是甜孩我的了[大哭][大哭],0,ZPROTEST,88959975
298,2018,2,11,超甜心~,0,更迭的人海里,559434243
299,2018,2,11,好听,1,润小泽Ronny,1326160889
300,2018,2,11,和原唱各有千秋，还是觉得燕姿的嗓音真独特！,1,180cm一,115012093
301,2018,2,11,这首歌是改给小孩子听的,8,四月即Ivan,103967045
302,2018,2,9,这首有自己的风格，但个人觉得比原版还是差挺多的，原版最出名的吉他riff和solo全一刀砍了……呃[呆]原版slash的solo一套酣畅淋漓的下来，再来一套axl的where do we go now的置问，贼爽。,3,Axl螺丝,322511972
303,2018,2,9,ssssssssssssexy,0,鄒爸比,85768778
304,2018,2,9,惊，这就999+了,2,H-S_Sun,296312220
305,2018,2,8,说实话，改得很棒,3,-YoursTruly,556493197
306,2018,2,8,hey jude？,0,后来人生值得,332261875
307,2018,2,8,终于,0,180cm一,115012093
308,2018,2,8,哈哈哈哈,0,180cm一,115012093
309,2018,2,8,助攻,0,180cm一,115012093
310,2018,2,8,助攻,0,猫的天空zzz,118416644
311,2018,2,7,哦哦~燕姿[大笑],1,噢噢噢然,439393871
312,2018,2,7,多听两遍，挺不错的,0,摇什么摇滚,60590385
313,2018,2,7,助攻999,0,尘霏,117000404
314,2018,2,7,还没1000嘛,1,180cm一,115012093
315,2018,2,7,来来来,0,在年轻的时候,406400176
316,2018,2,7,[呆][呆],0,大流氓音乐,5773483
317,2018,2,7,1000 助攻,1,大流氓音乐,5773483
318,2018,2,7,不能翻译吗?,0,极地单子星,130719977
319,2018,2,7,988✨,0,帐号已注销,127157900
320,2018,2,7,来来来刷评论数，走过路过的朋友水一个,1,o0_z,70589547
321,2018,2,7,[亲亲],0,BS-Evan,131832796
322,2018,2,7,打卡,0,180cm一,115012093
323,2018,2,7,真好听☺️☺️☺️,0,哈哈的私家花园,120803675
324,2018,2,7,999+,0,绿毛水怪111,105687625
325,2018,2,7,999➕,0,ineedyou__,68162821
326,2018,2,7,好像没有,0,暮至明,94756999
327,2018,2,7,999+,0,我才是强强强,55800971
328,2018,2,7,打卡1000,0,180cm一,115012093
329,2018,2,7,打卡,0,H-S_Sun,296312220
330,2018,2,7,axxxxxxxxxxl,0,循环的笑Ribery7,125147085
331,2018,2,6,多来几个人啊，马上1000了,1,180cm一,115012093
332,2018,2,6,😍ི😍ི😍ི😍ི,1,180cm一,115012093
333,2018,2,6,上1000,1,180cm一,115012093
334,2018,2,6,999+冲刺！,0,H-S_Sun,296312220
335,2018,2,6,日推,0,H-S_Sun,296312220
336,2018,2,6,打卡,0,H-S_Sun,296312220
337,2018,2,6,good,0,幸运女孩DDDY,342712579
338,2018,2,6,"上线了什么鬼
",0,HEHE121381,129813579
339,2018,2,6,有999+时记得叫我顶我上去,3,可能自己就是个小可爱吧,96497098
340,2018,2,6,打卡打卡[色],0,太阳底下-,453730845
341,2018,2,6,Get不到枪花，听得到燕姿,2,美頔,99099699
342,2018,2,5,什么情况？没有通知粉丝么,2,戈德里克山谷_,120801422
343,2018,2,5,999+,0,dali陈,413183939
344,2018,2,5,妈呀,0,180cm一,115012093
345,2018,2,5,上1000,1,180cm一,115012093
346,2018,2,4,抖抖抖,0,学徒陈,57769580
347,2018,2,4,竟然没有999+,0,雨陨,31875806
348,2018,2,4,嗯，我爱你的声音、你的节奏、你的少女感。,1,陈喵喵miao,299610901
349,2018,2,4,955哭了哭了,0,十七停化佛,263741837
350,2018,2,4,打卡,1,180cm一,115012093
351,2018,2,4,dd日常表白我姿,1,帐号已注销,127157900
352,2018,2,3,很热闹的歌,0,葱咯咯,3201295
353,2018,2,2,竟然没有999+,1,浓眉毛的克卜勒,358961299
354,2018,2,1,打卡,1,大流氓音乐,5773483
355,2018,2,1,太好听了,1,大流氓音乐,5773483
356,2018,2,1,竟然没有999+，姿迷要加油,1,noname-jason,32780347
357,2018,2,1,好听到爆炸！,1,燊川鼠,257381333
358,2018,2,1,啦啦啦。,0,RRRRReady,315053588
359,2018,2,1,最爱,0,shisan1313,102518734
360,2018,2,1,枪花！！！！！！！！！！！！,2,陀飞飞飞轮,80412866
361,2018,2,1,G N R!!!!!!!!!!!,0,陀飞飞飞轮,80412866
362,2018,2,1,"竟然没有翻译？？？
",1,潜水大鲸鱼,476471883
363,2018,2,1,940 打卡,0,摄影师阿诺,33383078
364,2018,2,1,939打卡,0,大海极速,611898898
365,2018,2,1,翻唱不一定要超越,6,陈潇宙,74748862
366,2018,1,31,改的挺好听的不过,2,屎友,108286219
367,2018,1,31,枪花的无法超越的 不适合翻唱,2,屎友,108286219
368,2018,1,31,助攻一千,0,跳舞的反骨,33249451
369,2018,1,31,打卡,0,Stef_fff,112188768
370,2018,1,31,嘻嘻嘻,0,_她偷走了月亮,432410042
371,2018,1,30,燕姿的声音带我回到童年,0,王金1711,632842409
372,2018,1,30,好听,0,王金1711,632842409
373,2018,1,30,助攻999,0,麦麦以南,123563914
374,2018,1,30,好听[色],0,CHESSI_,344274592
375,2018,1,30,助攻1000,0,跳舞的反骨,33249451
376,2018,1,30,甜,0,空豆子3322,550994721
377,2018,1,29,中间呀呀呀呀那一段每次听到心里就会莫名的开心起来,2,跳舞的反骨,33249451
378,2018,1,29,终于解封了,0,Ich_-,73695278
379,2018,1,29,打卡,0,小怪和BOSS,382491614
380,2018,1,28,午安,0,乔囡儿,476570038
381,2018,1,28,922✌🏻,0,Sansfond,75630299
382,2018,1,27,我来一脚,0,weirdo_1987,271279401
383,2018,1,27,920打卡🙈,0,-Liker,436634660
384,2018,1,27,孙燕姿好适合做乐队主唱,6,发热的C,116096676
385,2018,1,27,😏居然有版权啦？嘻嘻。,0,Nobodyanswered__,357380265
386,2018,1,27,听英文歌从来不开翻译，就想用自己的方式去理解歌词大意[奸笑],0,棒冰棒棒冰a,103101013
387,2018,1,26,献给燕姿的二宝[亲亲],1,Lord-Voldemort6,468369082
388,2018,1,26,唱的像重新找回童年了一样可爱[色]等了一年多的歌终于解封了[爱心],1,Lord-Voldemort6,468369082
389,2018,1,26,这个歌不能翻唱,1,钢丝和螺丝,117089261
390,2018,1,26,时间太快，一转眼就有二宝啦,0,行年年年,89098264
391,2018,1,26,我想是你脑袋有问题[汗],0,Ewiin,62829634
392,2018,1,25,我来组成990,0,郊外的耶稣-,294443162
393,2018,1,25,热点抓的好快，哈哈哈,0,koru99,510141430
394,2018,1,23,啥时候出来的,0,桃太郎了了,590041986
395,2018,1,23,耶,0,五月天ashin,336994508
396,2018,1,23,早,1,sunyanzi33,40958518
397,2018,1,23,晚安,0,bbbbbbbcy,499392187
398,2018,1,22,好听,0,大流氓音乐,5773483
399,2018,1,22,孙燕姿的歌  全力支持 ,0,Billy_zhou,68233035
400,2018,1,22,姿妈复习法,0,春水煎茶zzz,298330273
401,2018,1,22,八九九啊哈哈哈,0,花老师小课堂开课啦,353426857
402,2018,1,22,898早上好！！！,0,姿腾,57066823
403,2018,1,22,孙燕姿带点smocky voice的声音就是可以把什么歌都唱出气质来,0,帐号已注销,407362159
404,2018,1,21,一个唱给爱人，一个唱给孩子,0,平克夏尔,72094279
405,2018,1,21,这歌精华的riff就那么没了？,0,大g不断头,588190381
406,2018,1,21,早日999+,0,AIlennolan,467487362
407,2018,1,21,大家努力点,0,AIlennolan,467487362
408,2018,1,21,我们忘了沾沾自喜,0,暮至明,94756999
409,2018,1,20,切个挠～[可爱][可爱][可爱],0,梦想家a-0,272584759
410,2018,1,19,姿妈的这首歌越听-越好听～,2,yore-moon,325174224
411,2018,1,19,890……,0,里苦丁茶,295175554
412,2018,1,19,我就是999,0,Sunyanzi_,362225515
413,2018,1,18,孤儿,0,早起跑长城,130767643
414,2018,1,18,耳朵疼也要听燕姿,0,空心人aliens,293890770
415,2018,1,18,887滴我姿,0,_cupcake000,339906712
416,2018,1,18,哇哇哇,0,LLLLEOOO,276924637
417,2018,1,18,太喜欢💕💕💕💕💕,0,Nowandthen安然,264387657
418,2018,1,18,姿妈,0,夜猫子与歌,365273278
419,2018,1,18,我要迷疯了！[惊恐][惊恐][惊恐],1,Just-LikeThis,2927194
420,2018,1,18,882滴,0,泡泡是小太阳,421058825
421,2018,1,17,881滴加班打卡,1,冰山之鹰,16658686
422,2018,1,17,cute,0,Islandofcyril,48634536
423,2018,1,16,喜欢,0,丫雅joy,542797235
424,2018,1,16,充满灵性的演唱跟编曲[爱心],0,谢Zero,543393042
425,2018,1,16,ooooo~Sweet Child O' Mine~~,1,雨还是不停地落下_,100825170
426,2018,1,16,好听,0,单个设备的控制,271070997
427,2018,1,16,我也是我也是！,1,萝卜系,55155538
428,2018,1,16,等等，我想做999,0,hiooo_ZH,437790942
429,2018,1,15,没有999➕不科学,0,Dealbreakerrr,1718082
430,2018,1,15,超级无敌崩溃好听,0,Dealbreakerrr,1718082
431,2018,1,15,好听好听，好甜,1,安博尔26237,401968990
432,2018,1,15,868滴，姿迷卡,1,春水煎茶zzz,298330273
433,2018,1,15,867老人卡,0,明日杏绮罗,482739489
434,2018,1,15,866滴一下~,1,锅锅儿酒,309030989
435,2018,1,15,865打卡嘻嘻嘻,0,Wuuuuuyue,352482073
436,2018,1,14,864[发怒],0,AIlennolan,467487362
437,2018,1,14,863 计划...,0,不愛吃不想吃也吃不來大蒜,33807135
438,2018,1,14,862来了,0,一个玥亮,124647829
439,2018,1,13,我想做861,0,还是过两天再改名字吧,342187440
440,2018,1,13,感觉挺震撼的,0,黑的不好啊,334467473
441,2018,1,13,天。。,0,Slash_一直Solo,110340279
442,2018,1,12,最喜欢的女歌手是孙燕姿，最喜欢的男歌手是周杰伦。[幽灵],3,歌宋大人,105846011
443,2018,1,12,我是第856，大爱枪花，第一次听摇滚时的歌[憨笑][憨笑],1,bonus哈桑,108754918
444,2018,1,11,好听啊！！,0,1Me3,559078947
445,2018,1,11,牛逼,0,木南匕匕,78552944
446,2018,1,11,一首暴露了摇滚年龄的歌，大爱,2,鼓手雍仔,258227153
447,2018,1,11,[亲亲][亲亲][亲亲],0,瞬间得瞬间,51835828
448,2018,1,10,孙燕姿的翻唱都还要自己特色,2,爱上左右走,334692533
449,2018,1,10,妈耶 姿姿姿～,0,StefX,300674075
450,2018,1,10,848   第一次没有999+耶,0,青山见我应如是矣,378862737
451,2018,1,10,哇⊙ω⊙，难得找到我姿一首木有999+的,1,洛小鸢,565737518
452,2018,1,9,经典 翻唱[晕],0,dali陈,413183939
453,2018,1,8,姿妈  唱枪花了🌺,0,Xjsmhero,496882366
454,2018,1,8,姿妈唱的好甜啊,0,AndUMissM,393187252
455,2018,1,7,這首越聽越愛 這個世界是私心,0,訾央伪装小漠漠,247480354
456,2018,1,6,ep里最喜欢的一首翻唱,0,yanzironan,18615440
457,2018,1,6,编曲和翻唱都很有特色啊。。。没有任何喷点啊[呆][呆],4,波登的波波登的登,376576384
458,2018,1,5,999前占个坑 坐等翻译[发怒],0,刘13丶,438123753
459,2018,1,5,@管宇宙 ,0,秋屹的世界,69509814
460,2018,1,5,嗨呀嗨,0,跳舞的反骨,33249451
461,2018,1,4,嗯 那是王者 ,0,霹头四,385464730
462,2018,1,3,slash现场版的呢!,0,最佳賞味,504582657
463,2018,1,3,高中生的感觉，感觉自己返老还童了[亲亲],0,风的记忆X,294430581
464,2018,1,3,神还原到没有 但是确实很不错 摇滚唱出新感觉也确实证明她的音乐素养非常高,1,霹头四,385464730
465,2018,1,2,因为这首歌去听了枪花，枪花很棒啊！,7,going_up_stef,372536854
466,2018,1,2,Reminds me of childhood memories.🍭🍭,1,elisadagama,560780961
467,2018,1,1,我的999+呢？,1,我才是强强强,55800971
468,2018,1,1,[色][色][色],0,贝贝嘟嘟_,318528825
469,2018,1,1,惊喜，竟然可以听了,1,反舌无声-,267391030
470,2018,1,1,好好听,0,cuyoi,295466225
471,2017,12,31,好欢跳，初念的感觉,0,我才是强强强,55800971
472,2017,12,30,真的是唱出了她自己的味道,6,Mr-Hiigher,1311051581
473,2017,12,30,天！这张居然有了！,1,一字张,35290723
474,2017,12,30,像精灵呀。,2,陆的鹿,40017616
475,2017,12,29,我姿真的是唱什么都能唱出自己的韵味啊,8,帐号已注销,127157900
476,2017,12,29,好听,0,牛奶肌肤宋智孝,263844731
477,2017,12,29,＋1,0,灭世锅盔,17224101
478,2017,12,28,凭什么不能翻唱？版权在你手上？唱的好不好关你什么事?,5,漂浮群岛走吧,121974190
479,2017,12,28,有意思 he o he,0,Pewds,3831256
480,2017,12,28,生了娃的女人，就是不一样，,1,Peter痞特二,275535946
481,2017,12,28,你开心就好，别跑到这里秀智商,1,180cm一,115012093
482,2017,12,28,呵呵，你开心就好,0,兔兔的爸爸的爸爸,593614841
483,2017,12,26,瞎了耳朵,1,兔兔的爸爸的爸爸,593614841
484,2017,12,26,也是敢翻唱，呵,0,兔兔的爸爸的爸爸,593614841
485,2017,12,26,我爱我姿[爱心],0,lm_stef,258724583
486,2017,12,26,[色][色][色][色][色],0,Yesenia_ss,120981339
487,2017,12,26,不错,0,帐号注销了不用了,280036912
488,2017,12,25,啊,0,戈德里克山谷_,120801422
489,2017,12,25,😮,0,_吴子诚,275017518
490,2017,12,25,hahha,0,帐号已注销,104643919
491,2017,12,25,可以的 也就是孙燕姿啊,0,Haselnusser,269542653
492,2017,12,23,666，居然还有尤克里里伴奏,4,秋屹的世界,69509814
493,2017,12,23,[钟情],0,风衣printf,357661071
494,2017,12,23,神还原啊 好棒[色],0,最佳賞味,504582657
495,2017,12,23,编曲真好听，燕姿唱的也好听，无限循环[可爱],0,春水煎茶zzz,298330273
496,2017,12,23,有眼光[奸笑],0,Islandofcyril,48634536
497,2017,12,23,終於可以聽咯！,0,Tobeagentleman006,385404632
498,2017,12,22,这张ep就是No.13惊艳四座的前兆了！！！,1,Islandofcyril,48634536
499,2017,12,21,终于可以听了,1,Elite-boyu,475106307
500,2017,12,21,太喜欢这首了啊啊啊啊,0,sssss吖,70633368
501,2017,12,20,我也是 莫名的爱上了！！无法自拔,0,FFFy_,260804667
502,2017,12,20,第一个专辑买给了燕姿,0,鎏金金金,396830830
503,2017,12,20,～,0,SUN0409-,126535119
504,2017,12,20,恩阿姿姐的歌从来不失望,0,黑芬尼,291585723
505,2017,12,19,Sweet[大笑],1,Jonah乔纳,478575663
506,2017,12,19,开口跪哦，好听啊,0,春水煎茶zzz,298330273
507,2017,12,19,[爱心],0,UN荼,444101006
508,2017,12,19,太好听了吧，听的第一耳，鸡皮疙瘩掉了一地[色]。,2,XCQT13,85426834
509,2017,12,19,為什麼我覺得槍花唱的是奮鬥，為女孩而努力奮鬥。,5,Silent_X,20343223
510,2017,12,19,up,1,双眼皮的lychee,380233229
511,2017,12,19,居然没有999,0,双眼皮的lychee,380233229
512,2017,12,18,这首歌枪花唱的也是甜蜜，谢谢,7,岩chen,41479978
513,2017,12,18,@LadyTrees ,0,Oasis8,51323037
514,2017,12,17,最后是大合唱？,0,lcanget,352738594
515,2017,12,17,醉了，迷醉，不可想象的一幕发生了[色][色][色][色][色],1,风等雨我想你,334028186
516,2017,12,16,我也喜欢金属和孙燕姿我日,0,哔哔丶哔哔哔,87309370
517,2017,12,16,我也觉得并没有逃离的意思啊[大哭]九十年代的时候也是可以唱唱年轻人爱情的啊,1,逝去的清风,29277216
518,2017,12,16,好甜,0,AndUMissM,393187252
519,2017,12,16,这歌居然没999,0,RRRRReady,315053588
520,2017,12,16,好好听,0,CHENYUDAN--,279712105
521,2017,12,16,破！,0,今晚的夜色真美呢,344163977
522,2017,12,15,燕姿的英文歌总是给人不一样的感觉。,4,相信12138,295193368
523,2017,12,15,刚好在恋爱，听着这首歌甜蜜呐,3,伱心与千言万,254843258
524,2017,12,14,燕姿 燕姿,0,你姿我姿,466537747
525,2017,12,14,不,0,H-S_Sun,296312220
526,2017,12,14,傻？[大哭],0,非慎独者,505496179
527,2017,12,14,听到一半我在想后面那段哇音该用什么乐器演奏？,0,Pink_Floyd___,551348224
528,2017,12,14,超甜,0,姨妈翔,79447191
529,2017,12,14,又是我,0,H-S_Sun,296312220
530,2017,12,13,我去！唯一续费iPhone music 的理由不见了！,8,supernova36,466841336
531,2017,12,13,别搭理这些喷子,3,非慎独者,505496179
532,2017,12,13,[撇嘴][撇嘴][撇嘴]语言攻击,0,非慎独者,505496179
533,2017,12,13,真的喜欢一支乐队不只是听听歌看看歌词了解创作背景就ok了，你知道为什么枪花和Grunge的Nirvana会火？你了解过八九十年代美国的社会背景和青年是怎样一种生活状态吗？经典之所以为经典是有一定原因的。民谣这么火你又知道为什么吗？况且，一千个人有一千个哈姆雷特，所以不要张口就说别人扯淡，谢谢了,5,Vvvvvzzzz,256184774
534,2017,12,13,快别扯淡了，这歌还唱的逃离，从哪听出来的？“where do we go？”这句歌词就是肉丝随口说出来凑数的。这歌大部分歌词是肉丝写给他女朋友的甜话，歌名都叫我的甜孩，你还能听出逃离，真是能说,1,Blthnever,284864903
535,2017,12,13,两个版本都很喜欢,1,完全菲自由,130330579
536,2017,12,12,编曲好棒,2,黑的不好啊,334467473
537,2017,12,12,助攻999,1,让时间证明喔,99132814
538,2017,12,12,助攻999助攻999助攻999,1,让时间证明喔,99132814
539,2017,12,12,助攻999助攻999,1,让时间证明喔,99132814
540,2017,12,12,很甜蜜了可以说是[色],1,Dafunk,256109548
541,2017,12,12,哈哈，好～[大笑][大笑],2,纸鸢花的音乐世界,290990460
542,2017,12,12,中间长号solo那段真好听,0,故人事是相思,264097758
543,2017,12,12,😉,0,没事多锻炼撒,396081950
544,2017,12,12,这歌真好听,0,小小小白杨MFA,15626631
545,2017,12,12,"感谢stefanie,永远的燕姿",0,相信12138,295193368
546,2017,12,12,好听,0,郭三-,375251428
547,2017,12,11,喜欢,0,黑风山大王在此,73966420
548,2017,12,11,评论+1[亲亲]好听,0,我的和风,64356321
549,2017,12,11,我等了一年。终于等到你了[流泪],1,超级英雄从不近视,133044259
550,2017,12,11,+1,0,我才是Lili79,333907033
551,2017,12,11,哎我去！,0,张次獒,137600359
552,2017,12,11,好听,0,大流氓音乐,5773483
553,2017,12,11,我是来给评论+1的,0,愚桥枫尤,87105521
554,2017,12,11,有黄油味儿,0,般若梵唱,9904388
555,2017,12,10,你也挺丑的 没人逼你听,5,ui恩知李,65496490
556,2017,12,10,在自习室想跳舞,1,坏兔子_,451109516
557,2017,12,10,看过《神奇队长》🎞️，会更爱这首歌,1,Zollow,252193811
558,2017,12,10,枪花唱的是逃离，孙燕姿唱的是甜蜜[色],0,blueberrypie,41491137
559,2017,12,10,特别喜欢燕姿唱英文歌的咬字。酷酷的。,0,blueberrypie,41491137
560,2017,12,10,棒棒的演绎。沉浸在童真的世界里。,0,blueberrypie,41491137
561,2017,12,10,顶顶顶,0,夏plume,62120679
562,2017,12,10,"她彷佛是在对我微笑
勾起了我的童年回忆
那段时光，如同明亮的蓝天
从此以后每次我见到她
彷佛被带到另一个特别的地方
如果我凝视得太久
必定会崩溃而哭泣
我甜美的爱人啊
我甜蜜的爱情啊
她的双眼有如最蓝的天空一般
充满泪水时
我不忍凝望
因为那让我痛苦
她的头发让我想起一个温暖而安全的地方
……",6,思念若隐若现,122145766
563,2017,12,10,耶,0,陋室盼风息,309257127
564,2017,12,10,终于能听了！,1,陋室盼风息,309257127
565,2017,12,10,我又来了,1,H-S_Sun,296312220
566,2017,12,9,"八年了,一切都没变",4,安-莉莉安,453938167
567,2017,12,9,sweet,2,暮至明,94756999
568,2017,12,9,你若走，三魂七魄不再齐。感谢你来过，孙燕姿[爱心],193,路先森爱苏先生,293937393
569,2017,12,9,hhh,0,_燕大人,317714074
570,2017,12,9,好听！！！,1,liamstrwocny,468717835
571,2017,12,9,跪求，中文歌词！,0,朴小柝,128075532
572,2017,12,9,咳咳·.吃鸡游戏还没开设道具买卖呢.意思是现在人家还没赚钱,0,双手铸就梦想,295127562
573,2017,12,9,网易云靠着吃鸡手游终于赚到钱买版权了[这边],2,云音乐颜值担当,32897576
574,2017,12,9,打卡,0,下一任桐城派掌门,402769879
575,2017,12,9,超喜欢,0,_懒人漫游_,83789953
576,2017,12,9,听着好爽,0,Janyuo,286360732
577,2017,12,9,因为和声都是亲戚和朋友一起，把他们欢呼声都录进去了,2,黑的不好啊,334467473
578,2017,12,9,可以和最爱的人一起合唱幸福,0,黑的不好啊,334467473
579,2017,12,9,好听啊,0,黑的不好啊,334467473
580,2017,12,9,为孙燕姿疯狂打电话,1,SnoWow_,381359536
581,2017,12,9,好听好听,0,SnoWow_,381359536
582,2017,12,9,居然收到了这张EP的推送！,2,孙燕姿田馥甄王菲新垣結衣的老公,302980651
583,2017,12,8,可以听了！孙燕姿出这张ep那段时间，每天都很低落，情绪都很崩溃。我一直将自己的黑暗情绪带入这张ep，所以对我来说 这几首歌的旋律都是都非常沉重 悲伤的,3,近藤_,132963895
584,2017,12,8,突然发现能听了！,1,Sotueeu,118980813
585,2017,12,8,我又来了,0,H-S_Sun,296312220
586,2017,12,8,天啊太好听❤️,1,sarabble,359302168
587,2017,12,8,此专最爱这首歌听着很开心，感觉很幸福,3,遮羞布罢了,33532401
588,2017,12,8,sweet child！！！！,0,少越少越,104295388
589,2017,12,8,好喜欢这个编曲 甜甜甜的,1,_mylo,88582827
590,2017,12,8,甜小孩,0,H-S_Sun,296312220
591,2017,12,8,智障别在这里找存在感,0,燕姿的小粉丝,398250032
592,2017,12,8,喜欢可以支持 无感请安静的离开 这是对别人最起码的尊重,5,我听歌贼TM6,579212334
593,2017,12,8,呵呵是呀，内在外在都特么丑的一B,1,晨来米,42961610
594,2017,12,8,好喜欢这首,1,德意志白痴,119603628
595,2017,12,8,可以听了！,0,肖亮69,323564082
596,2017,12,8,赶紧下下来当手机铃声了。。,0,黑人牙膏c,58357982
597,2017,12,8,终于有了呀！,0,両儀--式,298567560
598,2017,12,8,❤️❤️❤️,0,八月长安x,263542124
599,2017,12,8,wow！Sweet！,0,一只蛋,258685682
600,2017,12,8,比你还丑吗,0,我生于1980年,510173267
601,2017,12,8,甜小孩~,0,H-S_Sun,296312220
602,2017,12,8,好听！！！,0,大流氓音乐,5773483
603,2017,12,8,燕姿英文好好听,0,z筱曦7,86673273
604,2017,12,7,燕姿英文很性感,1,Kepler_VoanGogh,253205365
605,2017,12,7,哈哈哈好可爱,0,可也難,279134319
606,2017,12,7,有些人是多无聊，才能在虚拟世界通过无比无聊的方式获取现实中没有的半点存在感。觉得难听就关掉滚开，诋毁别人喜欢的东西算什么本事。[弱],4,Kepler驿南,510610183
607,2017,12,7,我不在乎你的想法，所以我想骂你啊😂😂,0,我只是你的陌生人,597730842
608,2017,12,7,那你呢？好意思？😂😂,0,我只是你的陌生人,597730842
609,2017,12,7,前排啊啊啊呼,0,小谣爷,96193057
610,2017,12,7,好甜的感觉诶,0,Vvvrius_,368938077
611,2017,12,7,[大笑],0,梵谷不在山城,341827825
612,2017,12,7,终于能听了 棒棒哒！,1,王不对称,254940840
613,2017,12,7,狗不嫌母丑,0,我生于1980年,510173267
614,2017,12,7,"我希望别再有说""我感觉这个比原唱好听""的傻逼了，喜欢哪个听哪个去",3,家源柯里昂,275971431
615,2017,12,7,毕竟这张ep去年发的，网易云现在才有😂,0,另-张脸,56020714
616,2017,12,7,咬字好喜欢,1,959怡,262591717
617,2017,12,7,上一次听到燕姿唱英文歌有多久了[大笑],1,熊熊烈菠萝,52434555
618,2017,12,7,偶像就这么点评论，不现实[撇嘴],0,believetion,366036742
619,2017,12,7,不管是什么歌，燕子都自带夏天的感觉呢～[吐舌],2,我叫劳文池,252180960
620,2017,12,7,哇哟哟哟，终于可以听了。。,0,Deway_Pen,89404563
621,2017,12,7,[大哭]who care you?顺手一打,0,Georg-Cantor,112674321
622,2017,12,7,莫名爱听孙燕姿唱英文歌,0,訾央伪装小漠漠,247480354
623,2017,12,7,"好甜(۶ᐛ )۶ ♪‎( ᷇࿀ ᷆ و(و """,1,WentworthMillerrrrrrrr,135136687
624,2017,12,7,噢,0,Janyuo,286360732
625,2017,12,7,是和声感觉是live一样，，，,0,遮羞布罢了,33532401
626,2017,12,7,虽然是翻唱，但整个专辑最喜欢这首！编曲很棒！,3,加个鸡腿儿,116324464
627,2017,12,7,真的，，，，挺丑的,3,晨来米,42961610
628,2017,12,7,sweet child[可爱],0,白石郁,284812564
629,2017,12,7,那你为什么要听？还要过来影响我心情,1,我只是你的陌生人,597730842
630,2017,12,7,我又来了,0,H-S_Sun,296312220
631,2017,12,7,真的挺难听的,0,我生于1980年,510173267
632,2017,12,7,好好听~突然有迪士尼动画的感觉……,4,MelonyShe,129927113
633,2017,12,7,我姿,0,我有努力和这个世界变熟,394296679
634,2017,12,7,虽然比不上经典  但是用最甜蜜的方式演绎了  真是好听到cry,0,Janyuo,286360732
635,2017,12,7,甜耶,0,不想吃屎,539244619
636,2017,12,7,好听，收！,0,EmilieAdams,77662760
637,2017,12,7,当新歌一样宠着[大哭],0,Janyuo,286360732
638,2017,12,6,怎么感觉是live 惹,0,Janyuo,286360732
639,2017,12,6,翻译君在哪呢,0,Janyuo,286360732
640,2017,12,6,好听，编曲也好[亲][亲],2,造化模特,86353355
641,2017,12,6,[惊恐],0,比天空更遙遠,8708456
642,2017,12,6,今天很难过，听到这首歌开心了起来，许是今天唯一开心的事 了,0,W小倩呀呀,115473565
643,2017,12,6,"来了

",0,W小倩呀呀,115473565
644,2017,12,6,[吐舌],0,川美妮子,342144576
645,2017,12,6,整张彩虹金刚的秘密只有我知道[呲牙],1,訾央伪装小漠漠,247480354
646,2017,12,6,特别喜欢这个版本[幽灵],1,Black丶Cherry,14624296
647,2017,12,6,看到好多同是考研狗的 [大哭][大哭][大哭] 肖4 准备刷了吗,3,火龙果大魔王呀,66900547
648,2017,12,6,俏皮版 甜孩 哈哈,0,火龙果大魔王呀,66900547
649,2017,12,6,[爱心],1,萌萌小丹,51554378
650,2017,12,6,好好听,0,爱吃大土豆的考拉,496834924
651,2017,12,6,[呲牙],0,爱造飛鳮,123727475
652,2017,12,6,好听！！！,0,姿伦五崎布光轩涵weir,375895458
653,2017,12,6,[憨笑],0,孙燕姿的人,627071379
654,2017,12,6,好好听,0,9点人,124168580
655,2017,12,6,我的燕姿,0,9点人,124168580
656,2017,12,6,真不错,0,9点人,124168580
657,2017,12,6,好好听,0,lesucre--,272534319
658,2017,12,6,合唱真好听[吐舌],0,失眠的苏菲,48369143
659,2017,12,6,加油[流泪][流泪],0,Zebroo,256487108
660,2017,12,6,助攻999,0,翻车的果子狸,271298911
661,2017,12,6,你说的是 孙燕美吗[男孩],4,湖人死忠,7776579
662,2017,12,6,开心,0,湖人死忠,7776579
663,2017,12,6,yeah 听了好久还喜欢,0,scrip927728,385965095
664,2017,12,6,哈哈哈，就想亲你,1,见你我会用跑,588149710
665,2017,12,6,"终于等到你",0,你的视线是谅解,48728206
666,2017,12,6,好听,0,梦中守望,89725553
667,2017,12,6,so happy,0,鹿小九Rafael,116029801
668,2017,12,6,喜大普奔,0,花椒吖好麻,9592890
669,2017,12,6,开放了？,0,花椒吖好麻,9592890
670,2017,12,6, 惊喜！,0,加个鸡腿儿,116324464
671,2017,12,6,姿,0,爱姿病杨阿姨,355489455
672,2017,12,6,不要说了，孙燕姿是我的                 偶像[可爱],0,非慎独者,505496179
673,2017,12,6,没有solo的甜孩总感觉少了什么,2,Saul-Hudson-Slash,376752645
674,2017,12,6,好吧，我记忆混乱了，移民的是她爷爷辈了，她确实是生在新加坡,0,AbysmGaze,59862583
675,2017,12,6,嗯，她唱英文听着很舒服。,0,南北小呆瓜,106727118
676,2017,12,6,可是孙燕姿的确是新加坡土著啊,5,暮至明,94756999
677,2017,12,6,oh oh,0,暮至明,94756999
678,2017,12,6,以前在这边就和国外女星合唱过，英文水平过硬，和新加坡没有关系，后来移民过去的,0,AbysmGaze,59862583
679,2017,12,6,She reminds me of sweet childhood memories.[牵手],0,AreWeAllLostStars,137572365
680,2017,12,6,想要家庭。想要小宝宝(｡･ω･｡)ﾉ♡,0,砂糖七爱吃草,49200084
681,2017,12,6,哇！~~~,0,砂糖七爱吃草,49200084
682,2017,12,6,我也是 一起加油哦,0,帐号已注销,264969199
683,2017,12,6,谢谢你[可爱]加油,0,帐号已注销,264969199
684,2017,12,6,[强],0,所爱隔山海ttt,263524615
685,2017,12,6,姿妈的翻唱永远不让人失望，总能演绎出属于自己的韵味与风格，而不是被原唱的风格桎梏[吐舌]；不像《我是歌手》里的某些翻唱,3,帐号已注销,41626519
686,2017,12,6,这歌又摇滚又温馨，两种很奇妙的感觉结合在了一起，好好听[憨笑],1,失眠的苏菲,48369143
687,2017,12,6,好燃啊听起来,0,going_up_stef,372536854
688,2017,12,6,出现在姿迷的日推里哈哈哈[亲],0,沙坡仲清,250242272
689,2017,12,6,就是这么好听,0,我的爱1011,623429998
690,2017,12,6,甜,0,你像坏蛋,337421337
691,2017,12,6,燕姿是新加坡人啊……,0,Mercy3737,293501318
692,2017,12,6,我们的婚礼就放这首歌吧。@纸鸢花的音乐世界 the sweet child of mine ,2,空过为,19467865
693,2017,12,6,[爱心],1,山有木兮木有叉烧,121294305
694,2017,12,6,❤️,1,MyBackisTurnedOnYou,60278770
695,2017,12,6,哇,1,崔崔酱一定能一次过教资,33584336
696,2017,12,6,好突然[大哭][色][亲亲],1,A_Yaaaaa,259282003
697,2017,12,6,愣是听出了迪士尼动画大片主题曲的味道,7,西上北下,103176683
698,2017,12,6,萌萌哒😘😘😘,1,流行风伤感,413735924
699,2017,12,6,太甜啦,1,切尔西旅馆老板,9326318
700,2017,12,6,不行，不行，我感觉我要爆炸了[色],1,eeeewater啊,412923943
701,2017,12,6,哇 可以听了,1,一根香甜脆脆鲨,268810774
702,2017,12,6,[亲亲][亲亲][亲亲],1,_向日葵4,100012335
703,2017,12,6,每首都是金曲[亲亲],1,可阳快飞,115746724
704,2017,12,6,歌声里满满的都是母爱，这可能就是〃母亲〃带来的力量吧。,2,Datol_,443463998
705,2017,12,6,很温暖，谢谢燕姿,2,路加1988,49411785
706,2017,12,6,喜欢孙小姐的版本。为她疯狂打电话！,1,两井井,66360002
707,2017,12,6,喜欢耶,2,very_undateable,44787573
708,2017,12,6,有这样的母亲一定很酷。,3,Parkzhun,535972593
709,2017,12,6,超喜欢,0,9点人,124168580
710,2017,12,6,姿式情歌从不让人失望,4,七sun-,396250716
711,2017,12,6,才上架！！,0,小聂要做种花家的好兔子,248265269
712,2017,12,6,可以听了！！,0,徐人大,83142096
713,2017,12,6,求翻译[拜],0,我的肉都白长了,506275250
714,2017,12,6,还不999？？？,0,栗子kyrene,272512874
715,2017,12,6,没理由喜欢你的歌,0,周大古,302872264
716,2017,12,6,居然还没有999[汗],0,刘长灿,322510087
717,2017,12,6,可以听了呀，棒棒哒,0,Anonimo_嘟嘟都,64224305
718,2017,12,6,哇,1,一声一呀,289442875
719,2017,12,6,爱上了,1,良子文水木,331832137
720,2017,12,6,唱出了一种甜蜜,1,二毛小先森,107040407
721,2017,12,5,好听哎,1,VitadolceNihiLeon,84331287
722,2017,12,5,超级甜 不要钱,1,想把你留在心坎儿,64022181
723,2017,12,5,来了!,1,秋冬仙,90981009
724,2017,12,5,晚安啦 燕姿,2,无孤者_,411605539
725,2017,12,5,好听[可爱],1,Aaaaaaaammmm,103752018
726,2017,12,5,最好的孙燕姿，初一到初三听了三年我怀念的一点也不烦，在学生时代里听了她所有的歌，失恋，恋爱，都有你的声音陪，爱你❤️,1,yyyy是我呀,403900084
727,2017,12,5,999+,0,陆绍琪,51847919
728,2017,12,5,好喜欢💓Beatles还是gunrose都被姿妈唱出自己味道,4,JanineLee,94604204
729,2017,12,5,特喜欢一打开网易云就有推孙燕姿的歌！[可爱],1,--六月--,341128399
730,2017,12,5,原谅我见识少……不过我真觉得孙燕姿英文吐字真的比其它女歌星好多了……,2,南北小呆瓜,106727118
731,2017,12,5,搬砖添瓦,0,Mo-mian,249158650
732,2017,12,5,好听啊,0,Jociekok,38420501
733,2017,12,5,9999+,1,Jociekok,38420501
734,2017,12,5,解禁了[流泪],0,苏靖岗,350976808
735,2017,12,5,终于可以听了  之前只能在苹果上听,1,胃里缺个小土豆,263073924
736,2017,12,5,"不久前还嫉妒男朋友手机上有〈彩虹金刚〉版权
今天就突然看到了它  惊喜[礼物]",2,阿舒--,415201740
737,2017,12,5,有大佬上传带翻译的歌词吗,2,旻綠,317674840
738,2017,12,5,Good night.,0,暮至明,94756999
739,2017,12,5,哇咔咔终于能听啦,1,Stef_fff,112188768
740,2017,12,5,没听过，就自己进来了,1,我姿美如画2019,37994730
741,2017,12,5,整个人都被孙燕姿的声音融化了！[色],2,小晓东Davin,110773499
742,2017,12,5,哀伤但不矫情，清新却不超脱，灿烂而不放肆，温暖又不做作。感谢那些年她唱出了我们的心声，感谢在每一个迷茫的时刻有她的歌声陪伴,4,青红造了个鱼尾白,125094978
743,2017,12,5,其中有句是笑着唱出来的，甜死了！,2,我美好的未来还没来,295124860
744,2017,12,5,前两句把我心融化掉了。,1,非慎独者,505496179
745,2017,12,5,后面感觉像演唱会人浪,2,橘咲_,52079797
746,2017,12,5,今天心情不好，听到这个好嗨森[可爱][可爱][可爱],3,sky落空0,391477277
747,2017,12,5,滴,1,ftujdb,58827934
748,2017,12,5,哈哈哈握手,1,和不知道先生,361535132
749,2017,12,5,[可爱],2,从前冷,7553250
750,2017,12,5,刚好在翻幼儿园的纪念册，他的纪念册上最喜欢的人居然把我的名字写在了第一个[爱心]十几年啦，没想到我们又再重逢了[呆],3,Kepler_7,76535546
751,2017,12,5,好听~~~,0,秦秦Summer,54038634
752,2017,12,5,Nice～,1,所爱隔山海ttt,263524615
753,2017,12,5,⠀⠀⠀⠀⠀⠀⠀⠀⠀⠀⠀⠀⠀⠀♥️,1,CAOCUTE_,1988509
754,2017,12,5,好听哇,0,丫雅joy,542797235
755,2017,12,5,我的手机铃声哈哈,3,lytaro,491576589
756,2017,12,5,15年澳门演唱会上孙燕姿唱给纳小子听的 ,6,lytaro,491576589
757,2017,12,5,好听啊啊啊,0,hucom,109715295
758,2017,12,5,喜欢喜欢💕,0,花桃猫,258840400
759,2017,12,5,终于有版权了,0,李小双paullee,78106575
760,2017,12,5,棒棒棒！,0,cymetekhi,395613014
761,2017,12,5,好靠前啊,0,奶油芝士派大星啦,63250043
762,2017,12,5,开口脆，好喜欢啊,1,阿树阿茶,506635592
763,2017,12,5,开始三秒，征服我[大哭],1,帐号已注销,41626519
764,2017,12,5,听了好久啦,0,_illuminate__,136457666
765,2017,12,5,激动，喜欢这首歌，更喜欢唱这首的人，独一无二[亲亲],1,为何不放既是过往,405181270
766,2017,12,5,循环,0,秋茶_,266472490
767,2017,12,5,❤,0,秋茶_,266472490
768,2017,12,5,下了班，边卸妆边听她的歌，可能我们也还是sweet child吧,1,Aprilti,133708445
769,2017,12,5,网易云棒棒哒,0,xiyua-,102060454
770,2017,12,5,好听呐啊,0,xiyua-,102060454
771,2017,12,5,终于有了,1,xiyua-,102060454
772,2017,12,5,开口我就想飞啦。I am the sweet child.,0,非慎独者,505496179
773,2017,12,5,终于来啦哈哈哈哈哈哈圣诞节💗💨💨💨💨,1,海洋过森林,325742808
774,2017,12,5,从小听到大的燕姿，从小时候听旋律，到现在听出自己的感觉，她容颜依旧，声音也还是那么独特，希望一直这样好[爱心],0,懒兰的山丘,304939965
775,2017,12,5,来啦来啦,0,yamapfans,263677295
776,2017,12,5, 啊啊啊啊 终于有版权了！！！知道傻逼少女在路上突然蹦起来是什么样子吗,0,一起轧马路吧,126154854
777,2017,12,5,就知道有梗[大笑],1,小王爷克卜勒,263888906
778,2017,12,5,燕姿会4国语言[汗],5,非慎独者,505496179
779,2017,12,5,到此一游,0,桧霓裳,418188783
780,2017,12,5,好听,0,姑苏客st,79800447
781,2017,12,5,为燕姿打call,0,诗丶forever,351009663
782,2017,12,5,小时候得燕姿哦,1,Solitary-star,84176208
783,2017,12,5,终于上线了,1,亢美援朝,132457141
784,2017,12,5,童年都是这男的,0,WilburLawley,116354900
785,2017,12,5,记得这首歌后面的和声有燕姿家人来着,0,王月月97,250603708
786,2017,12,5,"那个夏天在A
apple music上面听了好多遍这张EP
后面三个月的免费期限到了 再加上账号也弄丢了  真的好久没听过了",1,王月月97,250603708
787,2017,12,5,where do we go都那么sweet[爱心],1,路西克,321886708
788,2017,12,5,嘿嘿,0,拥抱wl,278484682
789,2017,12,5,听不懂，很好听[憨笑][亲亲],0,MONCAR233,305369816
790,2017,12,5,[大笑][大笑][大笑]今天可以听了,1,被窝青春的墓,30744406
791,2017,12,5,加油加油[流泪],0,Zebroo,256487108
792,2017,12,5,最近好像好多考研的啊，我也要学考了，都加油,1,BbbbacaPrince,338210940
793,2017,12,5,呜呜还没做完真题的考研狗要哭了[流泪],1,Zebroo,256487108
794,2017,12,5,我我我 作为一个十多天后的考研狗 这种时期还听歌真的好吗 但是突然看不进书了所以来听听燕姿阿阿阿太燃了[流泪]考研好难过哦好方,3,帐号已注销,264969199
795,2017,12,5,where do we go now. ur heart of course.,0,Karenere,255896944
796,2017,12,5,好像又听了一张新专辑[亲亲],1,9点人,124168580
797,2017,12,5,超好听啊！！,0,ssslays,361833684
798,2017,12,5,好听,0,风中拾遗,283224068
799,2017,12,5,好听好听，,0,我的爱1011,623429998
800,2017,12,5,忽然评论这么多？都是被推送的吗？[大笑],0,看不见你样子,128679725
801,2017,12,5,好听～,0,mo-0,334230555
802,2017,12,5,最近听燕姿推荐歌单 真的好想她再出一张自选集啊 用她的方式翻唱经典好歌😌,2,Musiq-echo,76832541
803,2017,12,5,每次听孙燕姿的歌，总能想起高中时的夏天[星星],3,-郭文静-,294267523
804,2017,12,5,so sweetyyyyyyyyy~[憨笑],0,舊約Tirst,31986542
805,2017,12,5,sky~~~sky~~~sky~~~[色][色][色],0,He晓旭,132418837
806,2017,12,5,难以想象 尤克里里，枪花，甜孩 碰撞起来的样子，但燕姿你做到了，帅到炸！,0,D35perado,371897350
807,2017,12,5,[色],0,Rayitsray,19224605
808,2017,12,5,燕姿[亲亲][亲亲][亲亲],0,冬一刻,58996733
809,2017,12,5,终于解禁！,0,叮叮当当chris,433955235
810,2017,12,5,超好听啊啊啊啊啊啊啊啊,0,熊咬草,385337609
811,2017,12,5,这版本很帅气啊，爱枪花，爱燕姿,0,D35perado,371897350
812,2017,12,5,爱燕姿[爱心],0,猫咪不会水,44628304
813,2017,12,5,后半的改编太完美，气势如虹，非常适合燕姿的声线,1,超超爱女毒,31829045
814,2017,12,5,好听,0,夏目和妖怪们,116098973
815,2017,12,5,建议大家看看花絮，很温暖的一个场面,1,气氛来了就要醉,308485041
816,2017,12,5,[亲亲],0,绝代芳华i,45236149
817,2017,12,5,我觉得前15s可以当铃声[奸笑],0,人非雪梨为何心酸,102693789
818,2017,12,5,我爱孙燕姿，我爱网易云。,0,你以为你以为的就是你以为De么,56006444
819,2017,12,5,果然，网易云爱你,0,古城折戟,101830155
820,2017,12,5,好听哭啊啊啊啊[色][色],0,_韩二狗儿_stef,63198698
821,2017,12,5,apple music听了好久了哈哈哈哈 网易爸爸赞～,0,n_We,114905189
822,2017,12,5,燕姿最美！,0,拥抱自己拥抱你,354657577
823,2017,12,5,这个版本好赞诶,0,_mylo,88582827
824,2017,12,5,hhh,0,Wiiils,113196909
825,2017,12,5,哈哈哈下了不会用＋1 虽然不太情愿但还是找了资源[狗],0,feiffffelixxxxxlin,336271654
826,2017,12,5,这首歌当时在录音室录的时候燕姿找了一帮亲朋好友来和音，歌里的欢呼喧闹都是直接一块录进去的。看花絮看得很温馨！,1,feiffffelixxxxxlin,336271654
827,2017,12,5,啊啊啊啊啊啊啊！！！！！可爱！！,0,Nrvinn在找自己,94584261
828,2017,12,5,好听,1,Stefanie_kf,260396530
829,2017,12,5,好棒啊,0,K-dream-Y,255382706
830,2017,12,5,哇哇哇哇哇 好听好听,0,全是你的错觉1707,554520103
831,2017,12,5,我姿！😍,0,-自己开开心心,312002435
832,2017,12,5,我要用这张专辑胎教[开心][开心][开心],0,Winky_gong,30758054
833,2017,12,5,我去，开放版权了,0,strongy,84428751
834,2017,12,5,我记得当初是1年的applemusic版权吧。。。时间过得好快,0,执蘖_,50364266
835,2017,12,5,最经典的前奏没了..摇滚变现代民谣,0,好奇脂肪,74363069
836,2017,12,5,[亲亲][亲亲][亲亲],0,Abby臉白,289066586
837,2017,12,5,[大笑]开学,0,庄与蝴蝶,250350810
838,2017,12,5,好听到发光[呲牙],1,_托斯卡纳艳阳下,282151256
839,2017,12,5,[亲亲][亲亲][亲亲],0,swaqyzz,394011292
840,2017,12,5,这个钟数的大脑..需要这首歌来刺激一下[亲亲],0,nico_5,85514970
841,2017,12,5,开心ヽ(○^㉨^)ﾉ♪,0,陈逸锐打开了小夜灯,103470582
842,2017,12,5,太好听了，有个会唱歌的孙麻麻真的好羡慕[爱心][爱心][爱心],3,Darcy公式,96234233
843,2017,12,5,甜甜姿,2,桃隶,504919982
844,2017,12,5,你看 他好像是在对我微笑诶,1,是生生呐,307449887
845,2017,12,5,开心到旋转！,0,GrandmaLion,56455831
846,2017,12,5,终于能听！,1,GrandmaLion,56455831
847,2017,12,5,动次打次,0,雷地雷,492313970
848,2017,12,5,哇哈哈哈好听！,0,雷地雷,492313970
849,2017,12,5,可爱,0,人海不解渴,292633029
850,2017,12,5,！！！,1,PeuplierYiLune-,283402199
851,2017,12,5,我要一边跑山路 一边生小孩[可爱],0,现在你需要换个模样,355661646
852,2017,12,5,吼吼听哦👏,0,orangewriter,11259095
853,2017,12,5,网易终于有了,0,湖人死忠,7776579
854,2017,12,5,专辑循环❤,0,秋茶_,266472490
855,2017,12,5,欢乐,0,另-张脸,56020714
856,2017,12,5,突然又可以听了，好[公鸡]冻,0,须臾爱音乐,60208630
857,2017,12,5,还是有slash前奏的好听,0,森森323,80281268
858,2017,12,5,这个版权来的突如其来，谢谢云哥,1,_吴子诚,275017518
859,2017,12,5,[爱心][钟情][心碎],0,雨还是不停地落下_,100825170
860,2017,12,5,开心[开心],1,jwjylyh,478594411
861,2017,12,5,开心[大笑],0,弘毅伤,65734805
862,2017,12,5,你姿你姿[色][亲亲],0,找到了属于我的光,122656214
863,2017,12,5,Sweet!!![钟情],0,可乐加辣i,325477471
864,2017,12,5,来啦 不迟吧kkkkk,0,Chloezhang_203,383112636
865,2017,12,5,我怀念的，我还有想要爱你的冲动。,1,小手冰凉噜噜啦,279142941
866,2017,12,5,大家都好早啊！这样子都抢不到前排！！！,0,咸蛋不咸_,122071853
867,2017,12,5,前排,0,再见就是在也不见,263645705
868,2017,12,5,Ohohohohohohohohoh～吼听～,1,炉火旁打目屯,71911371
869,2017,12,5,太好听了，祝福孙燕姿,0,博览天下X,373129110
870,2017,12,5,啦啦啦,0,歡喜於心,270699919
871,2017,12,5,好好听！,1,好-久不见,5911661
872,2017,12,5,希望有一天，天空蓝蓝，我看着自己的孩子在绿绿的草地上开心的玩耍，我就听着这首歌，孩子随着这个歌胡乱扭动...,0,陈八条,269822698
873,2017,12,5,封面可爱死了,1,yoyo原,118579126
874,2017,12,5,nice終於搶到了前排,1,Zzzxyu_,399807704
875,2017,12,5,记得在长沙看你的演唱会，你撅着嘴吸水的样子超级可爱，很心疼又很欢喜的女孩，喜欢你有八年了，还想继续喜欢很久很久[憨笑][憨笑][憨笑],2,DaKuangZi,130354736
876,2017,12,5,啦啦啦啦燕姿,0,词不达意llllll,493053373
877,2017,12,5,[强][强],0,-x-----x-,115142736
878,2017,12,5,感恩,1,creepcreep,105707343
879,2017,12,5,终于可以抛弃apple music 了 哈哈,2,线粒体__,112995035
880,2017,12,5,卧槽，终于可以听了,0,今晚又要打游戏,53968087
881,2017,12,5,哈哈哈哈哈 感谢网易云,1,AmazingCookie,399436867
882,2017,12,5,六六六,0,黑崎一护大叔,246212300
883,2017,12,5,我要扭起老夫的小屁屁喽^.^,2,非慎独者,505496179
884,2017,12,5,！！！,0,阳光帅气迪老板,78732834
885,2017,12,5,终于有版权啦，哈哈哈,0,姿一其随,344382915
886,2017,12,5,不容易啊🤝🤝,0,someone96,556870722
887,2017,12,5,❤️,0,LQ崽,53376088
888,2017,12,5,哈哈哈，当初为了这五首歌开通了apple music，每月10元，好心痛[大哭][大哭],6,someone96,556870722
889,2017,12,5,哈哈前排就很美好~,1,肖老板啊,62572786
890,2017,12,5,喜欢,0,秋茶_,266472490
891,2017,12,5,❤,0,秋茶_,266472490
892,2017,12,5,GnR的sweet child,0,cobain十听雪碧,275226130
893,2017,12,5,[爱心][爱心][爱心][爱心],0,绮陌东头曾见,301963477
894,2017,12,5,❤️,0,Grammy13,53767175
895,2017,12,5,竟然解锁了！,0,xf帆,91895203
896,2017,12,5,想回到童年 那份纯真 看世界都是透彻的[哀伤],0,麦太太的纸包鸡,49792381
897,2017,12,5,前排啊啊啊啊啊啊超爱！,0,121个逸儿,129095979
898,2017,12,5,oh my god,1,白云白云你好白,283404007
899,2017,12,5,哇哇哇~一打开就软件就看到推荐～,0,一个养了狗又养了猫儿的人,351905901
900,2017,12,5,"将自己躲藏起来并向上帝祈祷：请对我温柔一点，快点雨过天晴吧哦我最亲爱的小孩你一定是我最爱的宝贝那么现在，你又想带我去哪儿呢~看，他对我笑了…[特别喜欢燕姿，以上是我在这首歌中听到的她，不知道与她的所见相同吗[开心]] 希望她与她的宝贝每天都开心~",3,小纯奶yo,546456921
901,2017,12,5,火钳刘明,1,极度澎湃2019,38099382
902,2017,12,5,0.0,0,A4是真的高,380651364
903,2017,12,5,想说点什么~可以得到大家很多的赞~想了很久~还是想不出~算了吧,2,VVVAanessa,384335364
904,2017,12,5,"他的世界现在一定是快乐的因为我在他眼中看到了最蓝的天空这个世界上有太多人心中都充斥着阴霾因此我并不喜欢去看他们的眼睛总会从中读到些许悲伤他柔软的头发又将我带向了一个温馨又安全的世界在那里我如孩子般畏惧着雷雨交加的轰鸣[part 2]",2,小纯奶yo,546456921
905,2017,12,5,前500[大笑],0,秤砣妹妹迷路了,42372612
906,2017,12,5,这张专辑很有童年的气息，想回到过去。,0,用户277381598,277381598
907,2017,12,5,每次听完她的歌就觉得这个世界很美好,0,宫商角徵聿,269347889
908,2017,12,5,啊啊啊999以内！今天真美好！,0,fire-new,110102800
909,2017,12,5,可爱😊,0,我想改名叫杨过XXD,61439295
910,2017,12,5,燕姿再出一张自选集吧[流泪][流泪][流泪][流泪],0,隐藏的失落,410988
911,2017,12,5,哇，第一次这么前！,0,谨年渣渣子,252852719
912,2017,12,5,姿持姿持[爱心],0,徐丨若木,246749232
913,2017,12,5,13姐版本真是成了甜孩[吐舌][吐舌] 我爱Stef 我爱GnR!,1,阿配3507,110869690
914,2017,12,5,上次不能听，终于有版权了,1,QILE_吉他,331899954
915,2017,12,5,不同的人唱出不同的味道@[可爱],1,真是东北一绝英俊侠,256096868
916,2017,12,5,[大哭],1,SUSKKE,19663736
917,2017,12,5,来抢位置了 又来晚啦,1,Mr-ZHANG在江湖,249953122
918,2017,12,5,热评[可爱],2,龍阿_z,415751446
919,2017,12,5,听得出她的孩子应该很可爱,3,幼稚爸爸,100295995
920,2017,12,5,终于有版权了  很好,2,孙燕姿的小迷弟杨棕棕啊,355812094
921,2017,12,5,过奖.现在人家都听电音了,1,Morgan-Jason,505724285
922,2017,12,5,哈哈哈哈哈哈 good for you[强],1,你是雨伞,9308585
923,2017,12,5,想找我很多的朋友一起唱这首歌,1,真是东北一绝英俊侠,256096868
924,2017,12,5,该听的我听的差不多了。,0,Morgan-Jason,505724285
925,2017,12,5,那就多听听 少说话…,1,你是雨伞,9308585
926,2017,12,5,我喜欢摇滚，就够了,0,Morgan-Jason,505724285
927,2017,12,5,你太不懂摇滚了兄弟,0,你是雨伞,9308585
928,2017,12,5,syz[爱心],1,姿迷丶syzby,267695492
929,2017,12,5,正式上线？,1,x_k丶,435895275
930,2017,12,5,看录歌时候的花絮，感觉燕姿好幸福，有亲人有朋友做自己最爱的事情,3,黑的不好啊,334467473
931,2017,12,5,燕姿和她的亲朋好友一起唱,1,另-张脸,56020714
932,2017,12,5,燕姿燕姿燕姿[可爱],0,ZSY1923,422121693
933,2017,12,5,大家好，我来晚了！！！,0,Ro1030,90652954
934,2017,12,5,[爱心],0,FOURxA,539611757
935,2017,12,5,哇！,0,Ro1030,90652954
936,2017,12,5,没一点摇滚的感觉了..,0,Morgan-Jason,505724285
937,2017,12,5,好有层次！！！,0,Islandofcyril,48634536
938,2017,12,5,终于有版权了！！！我姿声音好可爱~,1,八宝蔡菜菜,376055697
939,2017,12,5,是吧,0,Ycbyk,105758682
940,2017,12,5,对呀 原唱是Guns N' Roses,0,何尼寶,119714345
941,2017,12,5,诶嘿,0,YourEn_L,352981787
942,2017,12,5,是啊,2,H-S_Sun,296312220
943,2017,12,5,终于有版权,0,显灯,106402290
944,2017,12,5,燕姿的英文发音好呆萌!稀饭( •̅_•̅ ),0,酷拉B咔,1068241
945,2017,12,5,燕姿的声音太好听了，,0,我的爱1011,623429998
946,2017,12,5,这首歌是翻唱的吗？,0,我的爱1011,623429998
947,2017,12,5,厉害了,0,BarcelonaLionelMessi,45640134
948,2017,12,5,木有中文翻译吗😳,0,短毛矮瘦子201706,487501010
949,2017,12,5,好听，燕姿有好多英文歌也挺好听的，,0,我的爱1011,623429998
950,2017,12,5,燕姿的英文发音好萌!喜欢~,0,JaxP1nkman,103385637
951,2017,12,5,啦啦啦,0,一个任性的我一个离开的你,257394496
952,2017,12,5,好好听(ง •̀_•́)ง,0,一个任性的我一个离开的你,257394496
953,2017,12,5,喜欢😍,0,一个任性的我一个离开的你,257394496
954,2017,12,5,当年克卜勒没能去真是遗憾 下一次就不知道是何年何月了,2,可是我不想做好人啊,42132015
955,2017,12,5,燕姿的英文发音好萌!喜欢~,1,缺贝塔_Homie,261237648
956,2017,12,5,棒啊,0,017777,12902207
957,2017,12,5,网易云谢谢你～哈哈～终于解锁这张ep了～,0,xizangtuka,497380997
958,2017,12,5,冰雪奇缘的幻觉,0,啊啊啊介,74633365
959,2017,12,5,终于不用借iPhone听了,0,H-S_Sun,296312220
960,2017,12,5,循环循环,0,H-S_Sun,296312220
961,2017,12,5,惊喜,0,湖人死忠,7776579
962,2017,12,5,aaa,0,小小姿的不不不,622735202
963,2017,12,5,嘤嘤嘤爱姿妈🙈,0,南遥南舒,248686913
964,2017,12,5,耶！,0,DRFresh,253296497
965,2017,12,5,还是我的，孙燕姿,0,注定一人,78540613
966,2017,12,5,这算是新专辑的附赠礼物么！！！[憨笑],5,明天去打渔,263397800
967,2017,12,5,好甜好开心[憨笑],0,茶米鸭,307279214
968,2017,12,5,繁华世界里你是最闪耀的星星 最动听的音乐 最温暖的存在 [钟情],0,一两二钱温柔,324677341
969,2017,12,5,等了好久！！,1,尤稻子,494805939
970,2017,12,5,我也要生个儿子,0,_haiger,296552111
971,2017,12,5,[爱心][爱心][爱心],0,Placebosco,115518798
972,2017,12,5,感觉好欢乐[可爱],0,葡萄籽儿的夏天,87246322
973,2017,12,5,15年克卜勒澳门站有幸听了一次这首的现场！,1,孙霉菲,486142030
974,2017,12,5,where do we go~where do we go~,0,孙霉菲,486142030
975,2017,12,5,枪花唱的是逃离，孙燕姿唱的是甜蜜🎉,681,Vvvvvzzzz,256184774
976,2017,12,5,大概是和燕姿有心灵呼应呢😊刚打开网易就听到这么令人幸福的声音,1,傲娇癖,419011226
977,2017,12,5,终于能挺完整的了！,0,isaachan,8793609
978,2017,12,5,该歌曲仅限会员下载后有效期内离线听 过期了你还能给我下载的歌删了？,0,东京纷飞的樱花,268755290
979,2017,12,5,甜蜜[憨笑],0,PPPiiinnnkkk,511438114
980,2017,12,5,看到整张EP都能听了，赶紧循环播放并且收藏！太棒了！再也不用翻到别地去听了！爱网易云！爱姿妈！[爱心],3,Daisy_Woo,75020439
981,2017,12,5,默默的听歌,0,昵称Sl,298472461
982,2017,12,5,sweet*٩(๑´∀`๑)ง*,0,林梓rise,61802110
983,2017,12,5,哦哦，懂了,0,封尘彳亍,356543149
984,2017,12,5,面试完后的惊喜[可爱],0,ylwDoReMi,66556139
985,2017,12,5,版权啊啊啊,1,Just-Go-Jeffrey,135238069
986,2017,12,5,哇，是可以听了吗,1,CHENYUDAN--,279712105
987,2017,12,5,终于可以听了,0,彩虹金刚罢了,349520828
988,2017,12,5,好听好听！！！每首歌都好听！就是这么爱我姿！,2,Daisy_Woo,75020439
989,2017,12,5,很多姿迷都是这样叫的,0,H-S_Sun,296312220
990,2017,12,5,好主意诶[大笑],0,封尘彳亍,356543149
991,2017,12,5,姿妈就好了,0,H-S_Sun,296312220
992,2017,12,5,我要去看孙燕姿演唱会！,1,Aria的,77376676
993,2017,12,5,必须,0,Dealbreakerrr,1718082
994,2017,12,5,Mark mark,0,xx4ndxx,161257
995,2017,12,5,啦啦啦,0,YZ520190g,342379202
996,2017,12,5,以后要叫燕姿妈妈了[大哭],1,封尘彳亍,356543149
997,2017,12,5,嗨,0,Sittow,290116464
998,2017,12,5,哈喽！,0,oh_siesie,86021476
999,2017,12,5,感觉是在笑着唱的……听的人也不知不觉笑了起来,2,LLouie,76207858
1000,2017,12,5,竟然翻唱了枪花！惊喜！,1,ArtDeco,75960585
1001,2017,12,5,不如去掉好像[奸笑],0,木白涛ao,81324903
1002,2017,12,5,开心！,0,Y家小元,348137826
1003,2017,12,5,不愧是最佳ep[爱心],1,米拉波小乔,103031735
1004,2017,12,5,很同意,0,H-S_Sun,296312220
1005,2017,12,5,最爱的女歌手翻唱了最爱的歌[吐舌],2,民西叔叔来敲门,310469213
1006,2017,12,5,甜小孩怎么能没人,0,H-S_Sun,296312220
1007,2017,12,5,啊啊啊啊啊啊啊等了好久,1,赫里尔德,410343541
1008,2017,12,5,竟然翻唱我枪花的歌哈哈哈哈哈,2,多喝热水少熬夜,113539204
1009,2017,12,5,好听,0,dalixiaolv,2864638
1010,2017,12,5,哈哈哈我炒鸡可爱美丽动听的孙燕姿，像邓丽君一样给人单纯美好的感觉💕,1,a曾琳睿,319017355
1011,2017,12,5,嗷嗷嗷安安嗷嗷嗷！！！！！！！好听好听！！！！！！幸福感爆棚！！！！！,2,风子的猫,261846438
1012,2017,12,5,我又回来了，哈哈,0,王爷驾到1706,501166427
1013,2017,12,5,欢乐中透露着孤独，[哀伤][哀伤][哀伤],1,帐号已注销,516951152
1014,2017,12,5,[色],0,Bravezhuzhu,64449138
1015,2017,12,5,好听啊啊啊,0,maoki,118388554
1016,2017,12,5,攻占999,0,codyccc,40831959
1017,2017,12,5,(⊙o⊙)哇,0,用尽所有思念,33731939
1018,2017,12,5,你姿声音其实蛮适合摇滚的[呆],0,叔叔没有牙,44591403
1019,2017,12,5,火钳,0,哧溜哧溜,65420284
1020,2017,12,5,[呲牙][呲牙],0,智只知值致之,84733442
1021,2017,12,5,伴随了我整个高三 终于等到你,0,他说后来十年,262531719
1022,2017,12,5,终于不用开网盘听了[流泪][流泪][流泪],1,Joyoungster,53947291
1023,2017,12,5,终于等到你！！！！！！！,0,疯_jf,262379467
1024,2017,12,5,好听😊,0,melody坏坏,107691904
1025,2017,12,5,留名！,0,TemptastiCI,68835195
1026,2017,12,5,...嗯，好听,0,伊叩桑,82685268
1027,2017,12,5,第一次这么前，我该说点什么吗,1,AI-PAClNO,61043152
1028,2017,12,5,终于可以听了！！！！！,1,____Deeeer,1304136633
1029,2017,12,5,火钳！（会火吗[大哭]）,1,新昵称还没想好,67339684
1030,2017,12,5,哈哈哈哈哈哈哈哈。开心。,0,桃桃桃桃子子子子,1292889715
1031,2017,12,5,版权！,1,将渡未渡,92940839
1032,2017,12,5,午睡听着燕姿的歌要欢快得跳起来了！,0,醉里和人诗,252724880
1033,2017,12,5,属于孙燕姿独特的味道[爱心][爱心][爱心],2,柒星雪,85911992
1034,2017,12,5,终于，终于等到你,1,性感的脚拇指,267270481
1035,2017,12,5,12:53 食堂 人潮散去 独自一人吃饭的时候听到这首歌。仿佛有一整个体育场的人陪我一起吃,3,Solitary96,128474244
1036,2017,12,5,留下999+的其中一条[爱心],0,上天眷顾券-1,329025213
1037,2017,12,5,好好听,0,我只会乱乱唱,272309134
1038,2017,12,5,终于可以听了，喜欢那么多年每次燕姿放新歌都还是很期待！,1,juziweide,255156853
1039,2017,12,5,燕姿‘s Sweet Heart O' Mine,1,C大宝,248388225
1040,2017,12,5,小朋友长大以后还可以听妈妈给自己写的一整张专辑[大笑]太幸福,2,我喜欢你超过两分钟了不能撤回了,131024654
1041,2017,12,5,这几首歌终于上线,1,MorainSu,269253668
1042,2017,12,5,能听啦,0,二十四点计程车,487775715
1043,2017,12,5,Was as fresh as the bright blue sky... ...喜欢这句之后的节拍[爱心],1,虎牙卡尔后援会-给初心一个面子,271000079
1044,2017,12,5,是我的甜姿！！！！,0,一潋,257221945
1045,2017,12,5,好听,2,长安爽,68139505
1046,2017,12,5,我爱你，孙燕姿[流泪][流泪][亲亲][亲亲],0,帐号已注销,48852355
1047,2017,12,5,好活泼哦！,0,啦啦啦元元元,111930789
1048,2017,12,5,卧槽有了,0,您放屁,56058341
1049,2017,12,5,听着听着差点忘了还有  跳舞的梵谷,1,YIOU_MUSIC,583829231
1050,2017,12,5,终于有了,1,如这这,535454807
1051,2017,12,5,可以说是特别好听了！！！,0,休止符Miki,87544854
1052,2017,12,5,打卡,0,一叶扁舟_____,98760641
1053,2017,12,5,终于等到了[流泪],0,蔚懒懒懒懒懒懒,60963468
1054,2017,12,5,甜甜[爱心],0,LT-sweet,395172247
1055,2017,12,5,新专还没听够呢！又一波来袭！哈哈哈[大笑],1,水气球的告白,316846481
1056,2017,12,5,好甜[大哭],0,我也会委屈啊,417521339
1057,2017,12,5,来了[爱心],1,orisola,436604251
1058,2017,12,5,我来了,0,流浪墨水,121497259
1059,2017,12,5,不好听吗？都没有评论,0,山风弟弟阿,371637008
1060,2017,12,5,哇哇哇，我的我的,0,我喜欢你超过两分钟了不能撤回了,131024654
1061,2017,12,5,整个人听的飞起😶,0,柒屿Seven,51090619
1062,2017,12,5,[爱心],1,stef虎牙,86952410
1063,2017,12,5,打卡,0,很摇滚滴事,98010521
1064,2017,12,5,天呐,0,了不起的老人家,37782426
1065,2017,12,5,占名！,0,大流氓音乐,5773483
1066,2017,12,5,好听,0,雨陨,31875806
1067,2017,12,5,201打卡,1,冰糖葫芦娃_,112125421
1068,2017,12,5,[亲亲],0,雨陨,31875806
1069,2017,12,5,别盼了，燕姿以后要专心当妈了，儿歌都给娃儿录好了( •̀∀•́ ),1,-旧风衣,264167095
1070,2017,12,5,[呆],0,_懒人漫游_,83789953
1071,2017,12,5,终于能听了，AM退订,0,carp77,418117269
1072,2017,12,5,终于有了,0,Kingchen666,477099014
1073,2017,12,5,有了啊啊啊啊啊,0,Kingchen666,477099014
1074,2017,12,5,[呲牙][呲牙][呲牙],0,可阳快飞,115746724
1075,2017,12,5,跟原版一样好听！！！,3,MiracleLTW,79312013
1076,2017,12,5,太好听了吧！！,0,_榴莲给你吃,417773272
1077,2017,12,5,可以听了,0,保罗韦斯利,124304842
1078,2017,12,5,哇,0,保罗韦斯利,124304842
1079,2017,12,5,燕姿[亲亲],0,成小姿S,84991554
1080,2017,12,5,偶像唱了另一个偶像的歌，不要太惊喜,0,Universe1630,63852026
1081,2017,12,5,我等到梵谷都跳舞了，才把你等出来[大哭][大哭],3,沉默那些年,310725225
1082,2017,12,5,可以听了！,0,大流氓音乐,5773483
1083,2017,12,5,在洛杉矶听到这首歌第一反应是孙燕姿而不是rose N’ gun。而且觉得孙燕姿应该是原唱。,3,渝鱼渔雨,253808191
1084,2017,12,5,yanz1,1,DelightRezi,329392564
1085,2017,12,5,真的好喜欢这首 越听越喜欢,0,訾央伪装小漠漠,247480354
1086,2017,12,5,爱心] My life is worth meeting you 燕姿[爱心][,0,故城望星辰,396991549
1087,2017,12,5,哇啊啊啊啊啊啊啊啊啊啊啊啊啊啊啊我的天哪,0,我姿态略萌,111719375
1088,2017,12,5,等的好辛苦,0,大龙1203,263664201
1089,2017,12,5,占座！,0,-不苦不苦-,284391858
1090,2017,12,5,还是比较适合唱披头士，枪花翻的有点勉强了,2,BBuuhu,255047263
1091,2017,12,5,开心,0,我是丑王,127718208
1092,2017,12,5,真的好听极了,0,--哎--,297620366
1093,2017,12,5,太太太太好听了,1,慕牧沐木长,503645879
1094,2017,12,5,喜欢喜欢，她永远是少女姿,0,Tanya的小迷妹,286414809
1095,2017,12,5,难得 一首英文歌没有中文翻译都看得懂[憨笑],1,一个玥亮,124647829
1096,2017,12,5,姿妈唱英文歌真好听[流泪],0,mrnoel,129097476
1097,2017,12,5,[爱心][爱心][爱心],0,一个玥亮,124647829
1098,2017,12,5,网易云终于啊 踩着风火轮来了,2,RshYu,455865055
1099,2017,12,5,听了一年多了 还不腻,1,Stefzizi,440964997
1100,2017,12,5,听了一件多了 ,1,Stefzizi,440964997
1101,2017,12,5,炸裂,0,Stefzizi,440964997
1102,2017,12,5,除了红心没什么能表达得了。[爱心],1,怯魅吗_,271192523
1103,2017,12,5,小盆友好幸福[色],0,洧川以南,298278804
1104,2017,12,5,爱你~（づ￣3￣）づ╭❤～,0,Stefan52,10125932
1105,2017,12,5,终于到网易了,0,我是乖宝宝但有小情绪,110723263
1106,2017,12,5,太感人了,0,我是乖宝宝但有小情绪,110723263
1107,2017,12,5,哇枪花acoustic   窝姿超棒！！！,0,Anyway__,66614300
1108,2017,12,5,破音了？？😂😂😂,0,就一姿迷,257349522
1109,2017,12,5,孙燕姿，我爱你，你造吗,0,你年少掌心的话,292899666
1110,2017,12,5,好听到爆炸啊！！！燃了！！！,1,抖腿冠军陆二狗,19316578
1111,2017,12,5,笔芯,0,左撇子笨蛋,17493502
1112,2017,12,5,我姿+枪花,0,RAMMVIER,254207117
1113,2017,12,5,可以听，感动[憨笑][哀伤],0,双子_faye,626804992
1114,2017,12,5,燕姿又出来害人，在家做妈妈还不够嘛，书都不想看就来听了，听了还要循环🔄举报你家燕姿,1,Tiger_Ming,125315299
1115,2017,12,5,给我燕姿疯狂打call!,1,者也y,118188790
1116,2017,12,5,太棒了[星星],0,无风三猫,74648600
1117,2017,12,5,啊啊啊啊啊啊啊！刚学习完就看到这个！谢谢燕姿，我会更加更加努力在这个冬天去学会坚持。永远的谢谢你！[爱心][爱心][爱心],2,芥城劫,291057657
1118,2017,12,5,前排挤一挤,0,大狸子叔叔,758812
1119,2017,12,5,(ง ˙o˙)ว,1,Kepler-3,378301025
1120,2017,12,5,sweet ,0,一颗帕罗西汀1,251938187
1121,2017,12,5,甜死了,0,Mojavelion,374332589
1122,2017,12,5,真甜,0,yahya__,130291376
1123,2017,12,5,[可爱][可爱][可爱],0,voice13,271277493
1124,2017,12,5,哇啊啊啊啊啊,0,迷路怪物,407028784
1125,2017,12,5,听着让人想起小时候,0,dear木樨儿,564190425
1126,2017,12,5,大白天的感觉自己在做梦,0,丧好的青村,299164850
1127,2017,12,5,姿妈[色],0,LightCer,48455814
1128,2017,12,5,小时候的燕姿,0,NBA名宿艾弗森,264049003
1129,2017,12,5,好暖，在這冬天裡,0,Sprite_cafe,269344158
1130,2017,12,5,哇哇哇,1,wizy-,117219800
1131,2017,12,5, 可爱[憨笑][憨笑][憨笑],0,Mnaigai,134671093
1132,2017,12,5,哇，终于恢复了,0,NBA名宿艾弗森,264049003
1133,2017,12,5,哇，这么快,0,JoJo丶Alex,36360491
1134,2017,12,5,封面是燕姿的宝宝吗 还是小时候的燕姿,0,星空马戏团团长,120677348
1135,2017,12,5,嘻嘻嘻嘻嘻,0,就一姿迷,257349522
1136,2017,12,5,表白表白,0,__藏_,252422095
1137,2017,12,5,火钳刘明,0,6zzsatan,251056509
1138,2017,12,5,表白此版本，为姿妈打call！！！,1,布衣y,75130948
1139,2017,12,5,来啦！！！,0,AaronRobert-,503431316
1140,2017,12,5,喜欢燕姿超过三年的赞我[憨笑][憨笑][憨笑],1,StefanieBryant,77245342
1141,2017,12,5,cool！,0,dhero_runner,88526225
1142,2017,12,5,天惹，我姿甜孩可以听了！,1,奔朗,282258936
1143,2017,12,5,很爱很爱你,0,缩肥鸭_,330288621
1144,2017,12,5,太喜欢这个版本了♡,0,从1到100都很适合,56626204
1145,2017,12,5,表白姿妈💗,0,_我说啊,300091625
1146,2017,12,5,爱你哟，燕姿,0,皇兄怎比姚马将,370011946
1147,2017,12,5,🍯U02YZ,1,网友U0,400095007
1148,2017,12,5,终于有版权了,0,懒得取名纸,506349583
1149,2017,12,5,占坑,0,惆怅惘,441768634
1150,2017,12,5, 喜欢孙燕姿,0,人丑多作怪吗,65395757
1151,2017,12,5,激动,0,有点小欢脱,119021308
1152,2017,12,5,爱我姿,0,你姿我姿,466537747
1153,2017,12,5,网易牛掰[爱心],0,遇姿人,541269428
1154,2017,12,5,啊啊啊啊,0,99percentCocoa,542992313
1155,2017,12,5,前排！！！！！前排！！！！！,0,干什么我都不乐意,90526122
1156,2017,12,5,"听这首时彩虹金刚末尾那句咯咯笑着说""is that funny mamma.""的小可爱脸就跳进脑海里，嗯，是很sweet没错[憨笑]",2,Echo_i_i_,52627843
1157,2017,12,5,终于可以了,0,你姿我姿,466537747
1158,2017,12,5,smile👩🏻‍✈️,0,UN-Marseille,326334318
1159,2017,12,5,依然好听 依然爱你[爱心],0,FullerWayne,406427649
1160,2017,12,5,燕姿！燕姿！！,0,乐动故人心,263239876
1161,2017,12,5,嗯,0,看到我请艾特我去学习,289100771
1162,2017,12,5,打个卡,0,root迷妹,131255668
1163,2017,12,5,燕姿~（づ￣3￣）づ╭❤～,0,Stefan52,10125932
1164,2017,12,5,终于来了,0,原来是小梅子,99323684
1165,2017,12,5,哇终于可以听了开心到起飞啊！！！！希望能做女神歌下的热评[哀伤],0,那我可以抱你吗,331758437
1166,2017,12,5,黄伟文在郑欣宜唱女神时说的,1,不愿透露姓名的小明同学,451601061
1167,2017,12,5,和枪花的原版一样让人兴奋，并多了一份活泼，后面的人声采样堆叠很棒,2,StefCarfts,284744752
1168,2017,12,5,这……以后的演唱会必备曲目呀，万人大狂欢,0,两百麦子十荲山,15947283
1169,2017,12,5,《甜小孩》的唱腔真的超级像早期燕姿的样子。喜欢~[亲亲][亲亲],2,阳阳哒,48285589
1170,2017,12,5,终于版权来了！,0,Thea_w,338762508
1171,2017,12,5,怎么每一首都这么好听。[亲亲],1,Qduoduo咩,343470301
1172,2017,12,5,好嗨好嗨,0,yyyyyyyllllllll,52507485
1173,2017,12,5,燕姿大婚的时候，听《我要的幸福》感到很开心，同时还会说，还有燕美不是？后来燕姿当妈了，作为一枚单身狗，除了祝燕美也幸福，只剩下感谢燕姿十几年一如既往的声音陪伴了。😂,2,乌江亭长死在南方,101776362
1174,2017,12,5,这不是给郑欣宜说的吗…………emmmmm,0,ChordsH,83540168
1175,2017,12,5,来了,0,许嵩的左手,274077807
1176,2017,12,5,生活突然间丰富多彩,0,Scian_,321319208
1177,2017,12,5,我姿品味总是美,0,訾央伪装小漠漠,247480354
1178,2017,12,5,精灵在唱歌[吐舌],0,我嘴里有块糖,249096175
1179,2017,12,5,黄伟文说：“那一秒，我觉得这个人情，是要还的，能还给她当然最好，给不了她，给她的家人也好，给不了她的家人，给这个世界也好。”这个世界啊，一旦温暖起来可真叫人忍不住拥抱它[爱心],1,不愿透露姓名的小明同学,451601061
1180,2017,12,5,🙂2018考研17天半。加油！,0,不温顺的哈士奇,98469048
1181,2017,12,5,火前留名。小秘书真懂我,0,未完成s,52426699
1182,2017,12,5,接到私信就来了,0,uioplxc,116472897
1183,2017,12,5,前排刘明,0,维尔贝克,108481277
1184,2017,12,5,每次翻唱都这么让人新奇！喜欢的不行！,1,帐号已注销,315459622
1185,2017,12,5,好可爱好可爱！！！,0,红泥小火炉呀,256545403
1186,2017,12,5,好听死了,0,王子面oO,249311860
1187,2017,12,5,来啦,0,王子面oO,249311860
1188,2017,12,5,哈哈哈哈哈哈哈哈哈,1,王子面oO,249311860
1189,2017,12,5,哈哈哈,1,隐形人170326,445119492
1190,2017,12,5,🍹🍹,1,时生三味,117973300
1191,2017,12,5,2016最佳ep,2,关耳佑,53946985
1192,2017,12,5,solo成喇叭了[惊恐],1,鸟人的宝,268174108
1193,2017,12,5,I will try.,0,其实是很丧很丧的一天,103250118
1194,2017,12,5,"太感动了[流泪]超爱燕姿翻唱的版本
",0,sleeeeeepwalker,46374340
1195,2017,12,5,好听！,0,兔兔努力,116319218
1196,2017,12,5,舒服,0,鸟人的宝,268174108
1197,2017,12,5,大声告诉我，孙妈妈可不可爱？,0,Y-una,322710590
1198,2017,12,5,最爱孙燕姿和梁咏琪这样干净透彻，清澈明亮的女孩。在我心里能和她们比的，只有我的天空啊，傻傻的天空[鬼脸],1,33IVAN,30995253
1199,2017,12,5,开心~,0,不会吃腻的饼干,60881014
1200,2017,12,5,终于！,1,鹿鹿鹿鹿鹿__,87596848
1201,2017,12,5,刚看到私信,0,不会吃腻的饼干,60881014
1202,2017,12,5,私信,0,吃顿好的-人生观-都会改变,49854925
1203,2017,12,5,前排前排,0,胖岐别吃了,296103042
1204,2017,12,5,还需要中文翻译？,0,姚海松,5570469
1205,2017,12,5,真开心,0,雨陨,31875806
1206,2017,12,5,打卡打卡,0,Y-una,322710590
1207,2017,12,5,过年了,0,顾许诺呀,322742485
1208,2017,12,5,哈哈哈哈,0,__辞旧__,74652900
1209,2017,12,5,开心开心 今天过年,0,著名西蓝花爱好者,41200225
1210,2017,12,5,好不容易抢个姿妈的前排！！好听！！[可爱][可爱][可爱],0,the1128thkepler,338089219
1211,2017,12,5,占个位,0,有求必应屋里的盆儿,57054752
1212,2017,12,5,手机铃声有了!!,0,写在冬至,248327478
1213,2017,12,5,小秘书，你可以的哦@云音乐小秘书,0,吖吼-,298661105
1214,2017,12,5,等一个歌词翻译,0,另-张脸,56020714
1215,2017,12,5,枪花粉路过，我还会打这首歌[呲牙],1,Vvvvvzzzz,256184774
1216,2017,12,5,好听[色],0,Demons-Zero,67858532
1217,2017,12,5,等一个演唱会！,2,DoooK,42443016
1218,2017,12,5,和原版完全不一样，都很好听,0,另-张脸,56020714
1219,2017,12,5,这个真好听[色],0,KeplerSup,54483020
1220,2017,12,5,终于有了！！！,0,xuyinwen,76245856
1221,2017,12,5,为了这张专辑一直在Apple music 充钱听，现在网易终于有了,1,空档期,134130405
1222,2017,12,5,啊啊啊我要做翻译去，都别给我抢！[色],1,阿政三岁呀,122671103
1223,2017,12,5,激动,0,写在冬至,248327478
1224,2017,12,5,厉害了我的姿,0,十易度,79559344
1225,2017,12,5,激动,0,帐号已注销,124859943
1226,2017,12,5,滴滴滴,0,帐号已注销,124859943
1227,2017,12,5,?  枪花粉过来转转,0,红牌-退场,55178955
1228,2017,12,5, 前排前排,0,山坡羊儿,25481745
1229,2017,12,5,[憨笑],0,TOBREX,82925645
1230,2017,12,5,终于上线了,0,毕澄茄,126371652
1231,2017,12,5,前排前排,0,空档期,134130405
1232,2017,12,5,😊,0,阿瓜阿狗,30472445
1233,2017,12,5,"哇哇
前排 ",0,Sophia-yx,61416929
1234,2017,12,5,淡定淡定,0,复活无望,32204140
1235,2017,12,5,来啦来啦哇哈哈哈哈,0,牙牙不吃菜,112960399
1236,2017,12,5,报道报道,0,_Original_Sin,58331209
1237,2017,12,5,前排留名！！,1,ssssssssssswk,88097642
1238,2017,12,5,哇 抢占前排,1,黄海洋SYZ,90794916
1239,2017,12,5,[亲亲],0,Dasom,12698952
1240,2017,12,5,大爱我姿的翻唱版本！,1,小豆瓣儿_,37086195
1241,2017,12,5,主观上说，这是这首歌唯一好听的翻唱版。,1,因为李伯伯的屁股大,36902160
1242,2017,12,5,前十吗？,0,漫步的渴,11985761
1243,2017,12,5,网易跟腾讯拼了！,1,9号天台,53103092
1244,2017,12,5,有种连发两张专辑的错觉，网易云，谢谢！[大哭][大哭]（来得晚不如来得巧,1,车厘子矿泉水,16923086
1245,2017,12,5,爱死您了！,0,因为李伯伯的屁股大,36902160
1246,2017,12,5,我来啦姿妈，云盘的资源终于复活啦,0,starrylee,29431936
1247,2017,12,5,第一,0,TheRealShameless,30087797
1248,2017,12,5,板凳评论,0,云音乐的包子,31286452
1249,2017,12,5,第一个评论吗？,3,夏小泽Lucas,44916611
