index,year,month,day,content,likecount,nickname,user_id
1,2019,11,24,好像忘了说 我留言这两段英文 就是整首歌在轻声念的东西,0,NTUfail,71924954
2,2019,11,21,时间真的很奇妙。以前听没感觉。现在听懂了,1,喝盆盆奶的熊,1587065067
3,2019,11,19,小时候听觉得感情太平淡，现在听觉得有点缓不过来,0,Eth酱,548294006
4,2019,11,19,这里，从出道到现在，一直喜欢，从未改变,0,Boogaloo木子_EnjoyDancingCrew,374158428
5,2019,11,16,前面姿姿在说啥,0,林守乐,55243746
6,2019,11,15,宝 你会好好的,0,二月花菲,1439614169
7,2019,11,9,2002年的来了,0,东郡,3698520
8,2019,11,9,start 首首经典。致memory,0,PEPPER-DADDY,1653893384
9,2019,10,31,来啦,0,墙角de小蘑菇,3515741
10,2019,10,28,这里～,0,amon_小星_,376629051
11,2019,10,11,燕姿的声音太治愈了,1,就爱乌龙茶,314038099
12,2019,10,5,0:30,1,叠加态,133026520
13,2019,10,2,已经发行了..  我这头猪,0,NTUfail,71924954
14,2019,10,2,"To run as fast as my legs would take me  
even if, Im the last to cross the line  
To let myself die a little  
When you take that part of me away
这是燕姿2002.03.29在自己网站留言提到的，她也没说是什么，就在留言最后突然分享了这段。当时start还未发行",7,NTUfail,71924954
15,2019,10,2,"Give me the courage to speak as I stand  
And spew, my uncontinuos, unwavering thoughts  
My beliefs, my two cents worth  
The courage to be the one who withstands  
All my ideals of a great man  
To be the best even if no one is watching",10,NTUfail,71924954
16,2019,10,2,37s左右开始到39轻声说的英文是什么？,0,NTUfail,71924954
17,2019,10,2,that i would be good？,0,过往云烟视而不见,305289320
18,2019,10,2,好伤心，好难过,0,过往云烟视而不见,305289320
19,2019,9,28,overwhelmed 居然写成overland 这听力也是够牛逼,1,脾气极坏坏,69970383
20,2019,9,18,孙燕姿我爱你,0,DT燕姿,470003673
21,2019,9,10,会的 加油。,0,我是魏胖子,529178480
22,2019,9,7,If I lost my hair and youth.十年后才能读懂,6,Jessicalive,514855360
23,2019,9,4,在这里,0,镡友,481209807
24,2019,9,3,印象里《风筝》还是买的磁带，到这张买了CD。,0,一然_RAN,45648179
25,2019,8,31,仗着自己的一副好嗓子,1,坏兔子_,451109516
26,2019,8,29,很累，但我会好的。,0,baristaDepp,349760258
27,2019,8,19,这里,0,刚睡醒的辛巴,254718082
28,2019,8,8,瘦的人三步幻化成猴 胖的人两步秒变成猪 于是有了五官与表情的性质温柔,0,Hatherii-,109104754
29,2019,8,8,唱出自己 已经是自己的坐标了,1,Hatherii-,109104754
30,2019,8,7,That  I   would be good,2,young-杨0723,395271988
31,2019,8,3,I'm here,0,奇迹红蓝_,260997844
32,2019,8,3,嗯，再循环这首歌一次就睡觉，又是听燕姿的一个夜晚。感谢燕姿的歌声，给我安慰和勇气。,2,木心山石,1403121485
33,2019,7,28,早啊，新的一天，请加油！,1,树wm,123279055
34,2019,7,26,燕姿最爱的歌手，加拿大歌手艾拉妮丝[爱心][爱心][爱心][爱心],2,霉头霉脑云散月现自在飞花slay,42294326
35,2019,7,23,生快～,2,左撇子笨蛋,17493502
36,2019,7,22,开头我以为我点进了AMSR🤣,1,守着大王的花栗鼠yu,301332133
37,2019,7,17,give me the courage,1,Stefanie的小熊,389165231
38,2019,7,12,我会好🌈,1,树wm,123279055
39,2019,7,5,歌词好多错误 没人审查吗,1,是_时候,555105313
40,2019,7,4,在这里[多多大笑],0,静女17,408893513
41,2019,7,2,that i would be good,0,吹歌,2858903
42,2019,6,30,大学的时候想 失恋了应该听孙燕姿的歌吧 但是真的失恋 怎么会听孙燕姿呢 怕是走不出去的,1,idylly,625573327
43,2019,6,25,start里面的啊，,0,s1ck1000,1471605268
44,2019,6,25,that i would be good，whether with or without you。,0,s1ck1000,1471605268
45,2019,6,25,明天会好么？,0,泛泛之南,402114422
46,2019,6,23,这歌很适合孤独和伤心的时候听,1,LeoRossi,52412911
47,2019,6,21,喜欢听歌，感人的歌,2,司南阿,563426707
48,2019,6,18,前奏响起心都碎了,0,one宝宝,622595614
49,2019,6,15,这里,0,十三-是燕姿啊,1732072007
50,2019,6,11,几天的流感，工作的无意义，使得精神和身体都不由自主的疲惫不堪，好像被击倒了，此刻蜷缩在这首歌里，自我疗愈,3,美好的回忆Stefanie,1383766847
51,2019,6,11,"中间有句歌词错了
that I would be good
even when I am overwhelmed",2,美好的回忆Stefanie,1383766847
52,2019,6,2,翻译不是很准确,0,别再奋力逞强,122065677
53,2019,5,30,好有质感的声音,2,Islandofcyril,48634536
54,2019,5,25,第一次听啊！,0,wokansheihewoyiyang,113113844
55,2019,5,22,我会好好的 就算满怀怒意,0,Davie504,57455489
56,2019,5,22,歌词很治愈[爱心],0,Davie504,57455489
57,2019,5,12,能唱出来，听吗[呲牙],0,风之清野,45223464
58,2019,5,12,前面的你都能听出来吗？能打出来吗？,0,安草smart,268247207
59,2019,5,11,here,0,stefmissyou,451484132
60,2019,5,11,超级棒，又来了,1,姿家人,263952201
61,2019,5,10,看我姿封面的腮红打的多美~我今天也打了这样的腮红！,3,伊拉元,468657902
62,2019,5,10,这首真是百听不厌。我大学时就爱听。,2,youngguysam,88241892
63,2019,4,26,我的天  居然第一次听到   惊喜中带点羞愧    枉称18年铁杆姿迷,3,不只是逆光,68467295
64,2019,4,4,无论怎样我都会好好的,2,J欧石楠,6451195
65,2019,3,30,燕姿，谢谢你唱出每个人心中最难言的怯弱，Give me the courage 。,5,风之清野,45223464
66,2019,3,13,太好听了，燕姿的声音给人一种安定的感觉。,1,Emily猪1985,352716435
67,2019,3,11,这里，出道至今，从未离开,1,开始_开始懂了,514994291
68,2019,3,9,"That I would be good, whether with or without you",3,姿言薇语,1514035
69,2019,3,7,这里这里，从小到大十几年的粉,3,懿玏,412047257
70,2019,3,7,作为一个资深姿迷，歌词里面那个overland应该是overwhelmed，当年不认识这词还专门翻了词典,8,圣杯八,302207563
71,2019,3,4,情绪表达，恰到好处。低沉不失婉转，激越不脱控制，个人认为比原版唱得更加细腻感人。那几段呓语更是神来之笔，一个人在难以摆脱苦痛的过去的时候，便会有这样一种表现，就是自己一个人的呓语，这是种基于本能的发泄，是病态的，也是无奈的。,5,森海一只鱼,119354431
72,2019,2,27,好听,0,临落车,11851353
73,2019,2,19,睡不着,0,另-张脸,56020714
74,2019,2,13,啊啊啊这不是The moment写一刻的MV吗，燕姿穿着黑色的裙子赤脚走到钢琴边，8年后找到了平衡，有了自己的家庭。,0,朱一金,626735320
75,2019,2,13,大爱，我就喜欢这类安静又忧伤的,0,朱一金,626735320
76,2019,2,10,13岁的时候听这首歌，觉得很好听，30岁的时候听这首歌，已是泪流满面。,21,转身是空,111727561
77,2019,2,9,喜欢你18年啦❤️,0,苏槿Summer,116752351
78,2019,2,5,谁能告诉我她开头说了什么,4,人要学会丶停止流浪,274537840
79,2019,1,30,孙燕姿！,0,你说呢Aili,372860623
80,2019,1,24,耳机,1,大橘猫胡斐,374276086
81,2019,1,24,这里,1,一kepler,1409592056
82,2019,1,20,在这里~,1,Boyka_a,5739174
83,2019,1,2,音质问题还是我耳机问题…,0,捅咕,92694995
84,2019,1,2,希望2019 燕姿和 姿迷都开开心心， 如愿以偿。 ,0,孙燕姿的小迷妹啊,327977684
85,2018,12,30,不科学啊，这首歌就点人。,0,杰森_伯恩,81987391
86,2018,12,27,02年，我读初中，夜深人静时，听着磁带里燕姿的这首歌，联想到当时自己和家中的各种遭遇，是我人生中第一次听歌听到流泪，当时的我甚至不能完全听懂歌词……现在回头看，都是人生的部分经历，感谢燕姿，陪我度过那段日子💜,3,绯一闪,105713359
87,2018,12,24,then i will be good,0,苏子泛舟,78630707
88,2018,12,21,give me the courage,0,Stefanie的小熊,389165231
89,2018,12,19,别的都行，gain 10 pounds还是算了,8,Kepler0723,247883470
90,2018,12,19,[哀伤],0,成小姿S,84991554
91,2018,12,15,18年姿迷在这里，[发怒],1,s1ck1000,1471605268
92,2018,12,15,喜欢那句，that i would be good，whether with or without you,0,s1ck1000,1471605268
93,2018,12,1,签到。,0,s1ck1000,1471605268
94,2018,11,27,听着感觉很难过[多多大哭],0,Shawn-黄,1964698
95,2018,11,27,啊 是的 我也超级喜欢这首！,1,KaleidoscopeQwQ,68020411
96,2018,11,27,还有一首不能和你一起,1,Shawn-黄,1964698
97,2018,11,27,晚安，燕姿女神，听你的歌，I will be good,0,Shawn-黄,1964698
98,2018,11,27,对啊,0,Shawn-黄,1964698
99,2018,11,25,现在才听到！单曲今夜表示我的歉意,2,胡萝卜炒蛋,265685335
100,2018,11,22,✊✊✊,0,成小姿S,84991554
101,2018,11,8,这是深专好吗！,0,Oo小早酱oO,123363307
102,2018,11,8,介么好听为什么没过999,0,Oo小早酱oO,123363307
103,2018,11,7,日常循环中……,0,Paradox111111,283162676
104,2018,11,2,[星星],0,Cold_To_Sunshine,57149970
105,2018,10,30,初中 最爱,2,端端和蔚蔚,294293338
106,2018,10,24,我想不会唱…,0,sunyanzi33,40958518
107,2018,10,22,在 追 这首歌，很荣幸又听到燕姿惊艳的这个声线,2,陳葰峯,334988095
108,2018,9,30,好强势～我喜欢😍,1,阿浠阿可,406211703
109,2018,9,29,就这样强势的做到的,1,EvanTab,40766508
110,2018,9,16,如此好听,0,那个男孩aini,269234148
111,2018,9,8,燕姿唱英文也超好听,3,圣彼得堡回眸,395011333
112,2018,9,5,我想下次演唱会安可曲唱这个……,1,孙燕帅,438616657
113,2018,9,2,结尾部分哼唱那几句高音堪比天籁~,4,爱唱歌的提提,1404636924
114,2018,9,1,评论这么少。。,0,失踪的卡夫卡,330334288
115,2018,8,27,i would be good,1,我想我只需要一把吉他,131864962
116,2018,8,26,资深姿迷在这里[爱心],1,年少-_有你,585078494
117,2018,8,16,真的 休止符 害怕 任性 我不爱 自然 终于 随堂测验。。。,3,KaleidoscopeQwQ,68020411
118,2018,8,15,燕姿叛逆的青春,2,我想我只需要一把吉他,131864962
119,2018,8,11,怎么做到一首歌很丧又很正能量的[晕],6,阿浠阿可,406211703
120,2018,8,7,音质有杂音，可惜了这好歌,0,沙滩遛狗,29168032
121,2018,8,7,高中开始喜欢你，你生了二胎，现在我自己也结婚了，转眼再也没有同学默默的给我点孙燕姿的歌了，时间啊[哀伤],3,走的很慢,120205091
122,2018,8,4,[可爱],0,一个渣渣额,41985766
123,2018,8,2,🎧,0,_诗芊,81037679
124,2018,7,30,that i would be good,1,过往云烟视而不见,305289320
125,2018,7,27,谁知道前面呢喃的是啥？,0,安草smart,268247207
126,2018,7,24,就想回到能简简单单喜欢孙燕姿的日子 恩现在也可以 马上27岁了 that I would be good,2,一脸着相,15479302
127,2018,7,23,我的偶像40岁了，我也奔四了。祝我儿女双全的偶像生日快乐，祝自己下个十年能够找到内心的平衡。生日快乐啊燕姿～,7,fredaloha2019,3840603
128,2018,7,23,生日快乐[憨笑],0,没那么幸运z,477204429
129,2018,7,18,that i would be good,1,sonlystef,42401023
130,2018,7,17,也祝你幸福,0,我不行我不上我就哔哔,274446301
131,2018,7,16,第一张自选辑，第一首沉醉，第一次明白，这种安慰在多年后的今天！,3,殳乂-yt0,270819655
132,2018,7,13,爱姿,2,姿意燕为,263726012
133,2018,7,9,这歌词错忒多了吧,0,ichichich-,86310369
134,2018,6,29,这张翻唱专辑 真的太成功了！怎么那美好呢,1,微凉闹闹,95938587
135,2018,6,28,最成功的翻唱专辑 ,1,dorianamot,362553349
136,2018,6,22,是我太自私了这个城市我来了四年了感谢你给了我温暖的这一年我说我一个人也能过好，但我知道我怎么可能我知道你会难过，但我真的不能再自私了,1,大大大大大太阳在南方,40032240
137,2018,6,13,我知道呀~可能和你们比起来不能算纯正的姿迷，但《真的》这首歌念书的时候很喜欢，还为了这个学吉他，想在生日的时候弹给一个很喜欢燕姿的朋友听~,3,手机用户1209,40163872
138,2018,6,10,十几年前装懂歌词，十几年后却不想懂得……无论如何，我会好好的。,1,未完成的S,47449609
139,2018,5,26,日常喜欢孙燕姿,1,暖心甜y,540336727
140,2018,5,26,I would be good.,1,穿极美风衣在圣所蹦迪,410818538
141,2018,5,24,我姿好歌本来就小众才发现，比如不是我想和你唱，有多少人知道《真的》这首歌,1,迦勒0510,257358755
142,2018,5,23,我当然看过 烂大街的美剧了,0,KaleidoscopeQwQ,68020411
143,2018,5,23,你一定没看过破产姐妹吧,0,XOXOHEMA,358153691
144,2018,5,23,你一定不是姿迷吧,1,KaleidoscopeQwQ,68020411
145,2018,5,22,破产姐妹Carolina了解一下,0,XOXOHEMA,358153691
146,2018,5,20,燕姿说最喜欢的书是小公主 是个很有钱的小女孩 后来她爸爸破产了 她的生活一落千丈 可是她一直都很乐观 一直觉得自己是公主 一直保持善良 照顾他人 ,5,KaleidoscopeQwQ,68020411
147,2018,5,14,竟然没有999＋,0,细雨润如酥_,102775763
148,2018,5,10,I would be good,1,二十三点五十九分-,265517358
149,2018,5,6,我会好起来的。,1,苏苏苏苏苏苏苏禾呀,331479824
150,2018,5,1,永恒,0,风雨飘飘飘摇,467610631
151,2018,4,23,声音好好听，不管是高亢还是低沉，随着情绪的起伏,3,钥匙tt,102355058
152,2018,4,23,姿持！！,0,Darlin洗衣机,37847362
153,2018,4,18,今天也是,2,极美欢庆,351351231
154,2018,4,17,十五年前的自己一下子恍然而出,2,兰天晴Tina,430649278
155,2018,4,17,"That I would be good,even I still love you.",1,QueSeraSera-723,412969456
156,2018,4,16,打卡,0,加勒比海猫007,428936146
157,2018,4,15,"你不需要坚强
我从远方赶来
奔赴有你的时光
丢盔弃甲，遍体鳞伤
只为给你成长的力量",1,云_安安,1395846467
158,2018,4,14,这里的才是真爱粉,1,我见过刘惜君卸妆的样子,334865174
159,2018,4,13,我会好好的 就算身无分文 来自贫穷的凝视,0,云_安安,1395846467
160,2018,4,11,从来没有一个二十二岁的女生，像她一样唱歌！,2,子之选天,1391150898
161,2018,4,9,最好听,0,---林深---,477371558
162,2018,4,3,是姿,0,Ed1son--,279253821
163,2018,4,1,这首最爱,0,Jianbo_Lee1803,1411330643
164,2018,3,28,天，评论这么少！我的高中时代最喜欢的专辑！现在已年过三旬。,3,baby-hongdou,82874935
165,2018,3,27,我第一次听这首！之前居然都没听过,3,芝士STF,137419157
166,2018,3,24,😫😫😫,0,字迹微寒,100562566
167,2018,3,23,I do believe that i would be good and thank Stefanie for giving us such a wonderful song.,1,木心山石,1403121485
168,2018,3,16,这才是励志的歌,0,33轉的LP,630862795
169,2018,3,16,绝对的金曲,0,33轉的LP,630862795
170,2018,3,16,好听到放下手头的一切，为资打卡,0,夏天树上有蝉,309000923
171,2018,3,11,good night,0,journeyfancy,22093583
172,2018,3,5,这首歌能让我的灵魂共振，太爽了。今天睡醒脑子里就一直有这首歌的旋律，索性听了听，大快人心,3,被网易祸害的孩子,249929331
173,2018,3,2,that i would be good,1,过往云烟视而不见,305289320
174,2018,3,2,好会好好的,0,过往云烟视而不见,305289320
175,2018,2,28,静静聆听 听说燕姿2020年才会开演唱会 我一定会听,2,ivanSF,274177500
176,2018,2,24,🌈,0,自愈瑣記,76841516
177,2018,2,17,overwhelmed,1,going_up_stef,372536854
178,2018,2,6,明天也是,0,不正不正Q,342499316
179,2018,2,3,"that i would be good,whether with or without you",3,姿迷Kepler,62776498
180,2018,2,1,我在这首歌里能听到星光[爱心],3,路过的狂歌者3,484443340
181,2018,1,30,声音太好听了,0,王金1711,632842409
182,2018,1,28,今天会更好,0,和不知道先生,361535132
183,2018,1,20,今天过的很糟,0,极美欢庆,351351231
184,2018,1,18,歌词好多错的。。,1,可皮老李,56646970
185,2018,1,17,孙燕姿的歌，真的是想唱的时候，才发现她的声音多么难得。。。,1,西之曦,252249678
186,2018,1,16,有一件令我骄傲的事叫做会孙燕姿的所有歌,2,鹅鹅wo,479617932
187,2018,1,13,我的大铁棍子也能让你秒睡。[奸笑],0,微笑面对54188,272514229
188,2018,1,12,过来留言,0,ashuro,303209684
189,2017,12,30,2017年用这首歌跨年吧！2018年希望所有人都能#that i would be good#[拜],2,Ro1030,90652954
190,2017,12,29,这张真的好听,0,9点人,124168580
191,2017,12,26,比原唱还耐听,0,viaoo,561661043
192,2017,12,23,嗯,0,孙燕姿的锁骨,17714009
193,2017,12,23,KTV上朋友问我怎么证明是姿迷，于是我点了这首歌。,2,我爱海雅谷慕,120315740
194,2017,12,23,give me the courage,0,isodagreen,566900357
195,2017,12,18,沉迷燕姿无法自拔,0,花儿开在幸福的旁边,98423971
196,2017,12,10,打卡,1,花儿开在幸福的旁边,98423971
197,2017,12,9,最新评论,2,古月人情,564581243
198,2017,12,7,英文歌都被人们错过了啊,2,花儿开在幸福的旁边,98423971
199,2017,12,6,[憨笑],1,蜘蛛巢小径,3432666
200,2017,12,5,疗伤,1,journeyfancy,22093583
201,2017,11,29,姿迷无处不在,1,鲸与天空ocean,294942951
202,2017,11,29,适合抱住胖胖的失落的受伤的无助的自己的时候的一首歌。,1,王大大锅同学,91813388
203,2017,11,24,anywhere,1,ashuro,303209684
204,2017,11,24,你会好好的,0,当冬夜渐暖时y,305855959
205,2017,11,23,听着会变得很平静,0,王大大锅同学,91813388
206,2017,11,23,结尾的笛子很好听！,0,斯文的路灯,1656542
207,2017,11,23,好久没听孙燕姿，再听依然心动再加怀念[爱心],1,JSKLLLL,473800592
208,2017,11,23,看来姿迷都不爱编故事啊,2,夜航船rockey,52797137
209,2017,11,23,很好听的歌曲，一个人做事的时候，很好。,0,小吖小蜗,375834198
210,2017,11,23,我会好好的，就算我重了十磅[惊恐][流泪],2,点击即送屠龙宝刀,469494636
211,2017,11,22,想到with or without you这首歌,0,一悄,125578435
212,2017,11,11,♥️,0,shanariel,289620678
213,2017,11,10,give me the courage. ,0,Chequitakoko,135611773
214,2017,11,7,第一句的呢喃是：give me the courage. 请给我勇气。后面的听不出来了,0,JohnnyLink,9546904
215,2017,11,3,真是好听,0,我的爱1011,623429998
216,2017,11,3,真好听，特别是高潮部分,0,我的爱1011,623429998
217,2017,10,29,开头的呢喃谁知道是什么[大笑][大笑][大笑],1,DanCingVanGogh,263043497
218,2017,10,28,喜欢我姿唱英文歌 顺手刷个评论,0,訾央伪装小漠漠,247480354
219,2017,10,26,十五年了 [流泪],0,肆意狂想,125391879
220,2017,10,26,洒脱随性的姿！,0,寻找四叶草Oo,47587184
221,2017,10,25,听我姿，感动到要哭了[爱心]爱你吖燕姿[亲亲][亲亲][亲亲],0,冬一刻,58996733
222,2017,10,25,打卡，，，,0,傻子-笨蛋,1331490
223,2017,10,24,想知道里面的女声呢喃说的是什么,0,请先去抽号,118875854
224,2017,10,21,随手一评,0,斗牛旅客,106922873
225,2017,10,20,10几年就这样过去了,1,英格拉姆s,344450592
226,2017,10,20,洒脱，明了吧,1,英格拉姆s,344450592
227,2017,10,17,在这种歌里才可以找到真爱粉,2,猜不完的火车,44278031
228,2017,10,16,姿迷路过！,0,春水煎茶zzz,298330273
229,2017,10,1,喜欢你这种洒脱，进步了。,1,Miasun8,547177720
230,2017,10,1,我是个简单又特别透明的人。,3,Miasun8,547177720
231,2017,10,1,我还是不错的，可以守规矩，可以做好自己，我没有傻到去做那些事情，那都是哄傻子的。,2,Miasun8,547177720
232,2017,10,1,他终于承认自己以前的错了。,2,Miasun8,547177720
233,2017,10,1,我也不想见什么陌生人。,2,Miasun8,547177720
234,2017,10,1,我本来就不想变得特别有本事之类的呀，做我自己想做的事就可以了。,3,Miasun8,547177720
235,2017,10,1, 那个什么真的，让我不感兴趣，对，做完之后，厌恶感和不适感油然而生，特别不舒服。,1,Miasun8,547177720
236,2017,9,29,2000年她出道，2000到2017，18年没毛病,1,风云无霜,101464143
237,2017,9,28,每次听燕姿小姐的歌都会一种莫名的感触。,0,音音乐乐哆RUAI咪,129564873
238,2017,9,27,可是燕姿出道才17年啊,0,李程没有碑,118614680
239,2017,9,22,18年姿迷留名[大笑],0,风云无霜,101464143
240,2017,9,21,燕姿,0,跳舞的毕加索,569341930
241,2017,9,21,even if,0,跳舞的毕加索,569341930
242,2017,9,21,也只能在这种歌里找到真爱粉,0,黑子哲mzz,111500643
243,2017,9,15,哈哈哈哈对呀！,1,MikeKooo,72421004
244,2017,9,14,其实挺好听的。,0,brOxygen,249625994
245,2017,9,9,是的，很怀念以前买磁带，cd听歌的日子,1,9Lucky29,294311353
246,2017,9,9,I can be good！,1,极美欢庆,351351231
247,2017,9,9,当年买磁带，听随身听，好美好的日子,0,sisu-neil,36528815
248,2017,9,8,我现在才知道这首歌这是我人生中听到的第一个ASMR,2,UNUYT,81699256
249,2017,9,4,我会好好的  你也会对吧@困懒懒,0,饱懒懒,271812928
250,2017,9,2,"“that I would be…，even if…”
不是那个励志的年纪到了苟且的岁数
但永恒的，还是这段喃喃自语式的独白
有点灰暗有些开朗有点迷糊有些不甘
有些道理都懂，有些忏悔都虔诚
我们把生活想的不切实际
才过的不尽人意，才学会去包扎。",1,风之清野,45223464
251,2017,9,2,🐾,0,斯芬克斯長毛了,275213656
252,2017,8,26,I gain ten pounds. ,1,Hailieeeeeeeeee,71109894
253,2017,8,23,买的一张燕姿的专辑就是这张，回家放的磁带，听完整张专辑，耳朵怀孕❤️,0,9Lucky29,294311353
254,2017,8,18,好喜欢这首[爱心],1,芬兰的孤岛鲸,115963271
255,2017,8,17,沉迷 好喜欢背景里的独白,1,芬兰的孤岛鲸,115963271
256,2017,8,17,我會好好好的[可爱],0,我滴小贱贱,439157248
257,2017,8,15,I'll be good,0,劳拉_快跑,53194790
258,2017,8,15,That i would Be good whether with or without you,0,芬兰的孤岛鲸,115963271
259,2017,8,10,syz唱了她的真正的偶像的歌,1,KitKat__,41723861
260,2017,8,10,又是一首冷门歌。,0,归人与过客,248548109
261,2017,8,9,最喜欢的一首歌,2,有惆怅跌入了恒河,117914800
262,2017,8,4,not me not me...,0,时令水果记,72208944
263,2017,8,4,gain 10 pounds? ,1,时令水果记,72208944
264,2017,7,29,开头的英文是燕姿在飞机上写的一篇文章,1,f176500101,553808027
265,2017,7,18,尾音惊艳了当时哥的耳朵！,1,RichardColumbiaUniversity,246229682
266,2017,7,16,浅吟低唱 细语呢喃 娓娓道来 ,1,dorianamot,362553349
267,2017,7,14,"that i would be good ,be fine !",0,我是丑王,127718208
268,2017,7,14,"好听，好听，好听，好听
",0,爬在红枣上的蜜蜂,141624
269,2017,7,9,报道。这是我初中时买的卡带,0,张大zhao,517302641
270,2017,7,6,hope that i would be good,0,你听云杉沙沙响,130075
271,2017,7,6,孙燕姿品味很不错。,0,我爱芝加哥,2056480
272,2017,7,5,超喜欢这首歌,0,治不好的斯德哥尔摩综合征患者,471224204
273,2017,7,4,"that I would be good whether with or without you…
我的人生很好，有你更好…",1,_大瑶__,70097062
274,2017,6,18,这首非常不错，听过国外歌手版本,0,陳葰峯,334988095
275,2017,6,13,[爱心],0,heroinheroinheroin,107478282
276,2017,6,12,爱姿,2,姿意燕为,263726012
277,2017,6,11,不得不吐槽一下这个文本，2：11的那个谁都听得出来是“loved”，被动语态，但是文本中竟是“good”。,0,Crystal12181,315416629
278,2017,6,3,💓,2,黑暗行星古兰斯菲亚,495929451
279,2017,5,29,这首歌太感人了,3,过往云烟视而不见,305289320
280,2017,5,29,😁😂😃😄👿😉😊☺😍😍😏😒😓😔😖😘😚😜😝😞😠😡😢😣😥😨😪😭😰😱😲😳😷🙃😋😗😛🤑🤓😎🤗🙄🤔😩😤🤐🤒😴😀😆😅😇🙂😙😟😟😕🙁☹️😫😶😐😑😯😦😧好听，百感交集,1,凌晨三点不睡觉的雨果,120801740
281,2017,5,29,你怎么了，为什么哭😢,2,凌晨三点不睡觉的雨果,120801740
282,2017,5,28,数学考了79，一直听这首歌使我重拾希望，一次失败并不代表什么，关键不能一直这样。,6,Crystal12181,315416629
283,2017,5,27,4-7这首歌十分的励志，所用之词寥寥无几，全是“that I would be…，even if…”，讲真的，7-2这样的传唱度高的并不比这首好听到哪里，我倒觉得这首和4-2一样好听。,3,Crystal12181,315416629
284,2017,5,27,[流泪],2,过往云烟视而不见,305289320
285,2017,5,27,[奸笑],2,过往云烟视而不见,305289320
286,2017,5,23,[爱心],1,itsqian,277711968
287,2017,5,22,本质粉就这么多吗,2,浮生一梦几度休,135301050
288,2017,5,21,我在这里，小时候天天听，用复读机,1,绚颜,74383190
289,2017,5,21,that I would be good.that I would be loved.,1,ChloeKwok,120234243
290,2017,5,18,那年夏日午后在床上戴着CD机听，感觉自己身处草原看着夕阳西下还有风吹过，这段时间工作生活受挫所以我需要回味那份惬意。,1,失控的Fi妈,267307
291,2017,5,9,撞到车，我会好好的；撞不到你，我会好好的。,5,cosqiong,277349506
292,2017,5,7,超爱这张,1,小王爷克卜勒,263888906
293,2017,5,6,同,2,跳舞的克卜勒,122786310
294,2017,5,5,你姿的翻唱都只像她自己,3,哦珍妮花比尔斯,137203265
295,2017,5,4,我会好的，一定会的,1,复甜_,382679218
296,2017,4,30,我姿真的是 火的歌我不觉得怎么样 这些冷门歌好听哭 我一直觉得这些冷门歌才最能体现出孙燕姿的特点 可惜这些好歌没多少人知道,3,Y淘淘,283975376
297,2017,4,18,嗯，我会好好的。,1,ymlzasyz,133781720
298,2017,4,16,[呲牙],0,风之清野,45223464
299,2017,4,16,是silent啊…,0,hanimal,269609516
300,2017,4,15,就这样，听见你的声音,1,zbiyinoe_cheng,283289509
301,2017,4,13,我也会有人爱的 不是你罢了,0,可乐味儿的炒蛋,1829474
302,2017,4,9,怎么评论这么少,0,啵啵虎与泡菜鱼-,440058953
303,2017,4,6,复试被刷，我来找找安慰。i would be good,3,Carmanyj,300498261
304,2017,4,3,华语乐坛00年后最好的一张翻唱专,2,Kepler0723,247883470
305,2017,4,2,[钟情],0,DanCingVanGogh,263043497
306,2017,3,30,表白姿妈,0,失眠大猫,58785369
307,2017,3,25,我会好起来的，一切都会好的,0,mStephanieXie,44476131
308,2017,3,19,这是一首自己唱给自己听的歌,2,starrylee,29431936
309,2017,3,18,那句queen太好听了……我快发疯了,2,悄悄撤退,124727349
310,2017,3,14,又碎不着啊。,2,LasKeyar,34780146
311,2017,3,10,"That I would be good,whether with or without you",1,帐号已注销,426168650
312,2017,3,2,[开心] 单纯的听见我姿的歌就很快乐,0,微安左弦,73094111
313,2017,2,27,听了应该不止1000遍……,3,CherryKoala,61924421
314,2017,2,22,很安静，一定会好的,0,lovestory村霉,333697417
315,2017,2,21,[晕],1,stefzi,377734979
316,2017,2,21,hello,0,DanCingVanGogh,263043497
317,2017,2,21,歌词贡献者是微博同名id？,0,DanCingVanGogh,263043497
318,2017,2,21,姿妈的英文歌可以立个招牌了吧,1,DanCingVanGogh,263043497
319,2017,2,19,[爱心],0,芬兰的孤岛鲸,115963271
320,2017,2,17,小时候是听不懂这歌的，现在再听，却已是潸然。that i would be good[可爱],4,泛泛之南,402114422
321,2017,2,17,很好听,0,范晓萱的胸36D,279417302
322,2017,2,15,+1,0,北极之狐,18473968
323,2017,2,12,爱姿,2,姿意燕为,263726012
324,2017,2,11,会好的,0,潜光匿曜,2748366
325,2017,2,5,"that i would be good!
",0,我是丑王,127718208
326,2017,2,3,燕姿英文歌太好听,3,going_up_stef,372536854
327,2017,1,22,好多年了  你躺在我的心底    我从14到27了,3,往太阳的方向生长,7325312
328,2017,1,13,这首歌以前循环一整夜.,0,heygodY,121418876
329,2017,1,13,在这..,0,heygodY,121418876
330,2016,12,26,胖十磅还是算了吧,2,左右与你,130883155
331,2016,12,17,打卡,1,孤单---个人的狂欢,263901035
332,2016,12,14,[亲亲],1,stefzi,377734979
333,2016,12,4,是呢，最爱的专辑之一,0,适合吹口哨的歌,108757880
334,2016,12,3,慢慢地道来，最后一句，有没有你，我都会很好。,1,Stephanie_禾西,70914766
335,2016,12,1,爱姿～,1,恣姿不倦,255295693
336,2016,11,22,"多好听的一首歌呀
",1,我是丑王,127718208
337,2016,11,21,唱什么都好听！,1,反向参照系,79355981
338,2016,11,19,这么好听的歌,1,9点人,124168580
339,2016,11,19,燕姿燕姿你不知道你这首歌安慰了我多少年[晕]好难受现在[晕],1,帐号已注销,96032522
340,2016,11,5,AS[爱心],1,Die_Habseligkeit,81444035
341,2016,10,23,、向,0,孤单---个人的狂欢,263901035
342,2016,10,18,22：54,0,一只不完美的海星,3241795
343,2016,10,18,[爱心],1,成小姿S,84991554
344,2016,10,17,小时候听调调，长大听秘密…,0,白鬼樱子,103763328
345,2016,10,16,几年的铃声了，截的后面啊～啊啊啊～,1,海绵1874,298588296
346,2016,10,14,be good,0,举个西木,60673274
347,2016,10,13,哎就是唱什么都好听,6,反向参照系,79355981
348,2016,10,6,来来来吃辣条,0,l知情識趣,45285423
349,2016,10,4,Give me the courage blah blah blah,0,我TREE,57695354
350,2016,10,3,真是好,1,开始说大话,114351909
351,2016,9,26,这张专辑听了多少遍？从卡带到CD再到网易云音乐～,1,austin6813,3519380
352,2016,9,24,我是王海峰我喜欢孙燕姿,2,爱姿海,126397948
353,2016,9,24,我是王海峰我喜欢孙燕姿,1,爱姿海,126397948
354,2016,9,19,听力题:这首歌燕姿在碎碎念什么？答对的请吃辣条,8,l知情識趣,45285423
355,2016,9,18,[色],0,蔚微fiona,108594698
356,2016,9,18,[亲亲][亲亲],0,蔚微fiona,108594698
357,2016,9,18,nju,0,蔚微fiona,108594698
358,2016,9,11,没。我在说话,0,canocano,47458397
359,2016,9,11,"不好意思  没看清说
的是谁",0,ANDY生活,323310052
360,2016,9,11,放屁,0,ANDY生活,323310052
361,2016,9,7,alanis是我很喜欢的女歌手 后来变好胖,0,canocano,47458397
362,2016,9,3,好听的 被埋没的歌,0,journeyfancy,22093583
363,2016,8,27,很喜欢，这么多年狗还是超喜欢这张专辑！,1,阿九蒙蒙,71870317
364,2016,8,27,再翻回来听 小时候听不懂的 现在…………that would be good～,1,KunJoe,2769373
365,2016,8,27,第一次听这首歌惹。好好听惹,0,帐号已注销,124859943
366,2016,8,24,我还记得当初听到这首歌时 哭了  如呓语如呐喊 还去找了原版来单曲循环   一个人静静听[可爱]that I would be good,3,御坂-美琴-,49058759
367,2016,8,24,[哀伤],0,你老了也可爱,86874042
368,2016,8,22,投入,0,梵谷不跳舞,132774418
369,2016,8,22,孙燕姿什么时候再出一张全英文翻唱专辑？！新EP那个和这个根本听不够啊！！！,3,starnoo,39399561
370,2016,8,21,我喜欢燕姿的英文歌胜过中文，，，哈哈，莫名奇妙,1,无法坦诚个鬼,118513000
371,2016,8,19,最后面的呐喊，真的无解,0,忘不掉的明天r,101795664
372,2016,8,14,超爱听这首歌。。。超爱这个歌词。。。超爱燕姿的唱法。。。,1,baby-hongdou,82874935
373,2016,8,14,歌词有的没写对,0,baby-hongdou,82874935
374,2016,8,14,整张专辑就像是用心讲述的故事，尤其是这首，最后的几个高音，如层层波浪，冲击人心。,0,baby-hongdou,82874935
375,2016,8,11,[大笑][大笑],0,爱姿海,126397948
376,2016,8,10,怎么哪里都有你！[憨笑],0,YZKEPLER,42348015
377,2016,8,9,早期的燕姿没得说浑身有力量,1,canyoumeetme,59730791
378,2016,7,30,我是王海峰我喜欢孙燕姿,2,爱姿海,126397948
379,2016,7,23,我的青春！！！燕姿生日快乐[蛋糕][蛋糕][蛋糕],2,-有姿有菋-,129649056
380,2016,7,23,我的青春！燕姿生日快乐[蛋糕][蛋糕][蛋糕],1,-有姿有菋-,129649056
381,2016,7,20,[爱心],0,孙燕姿的锁骨,17714009
382,2016,7,18,這首歌就需要太多人來，靜靜的就好，時間回到十四年前,1,排行第十一,287396448
383,2016,7,16,好好听,0,清清姿矜爱你,103268110
384,2016,7,15,看到评论这么少吓得我赶紧发一条压压惊,1,悲伤的小可乐,32461353
385,2016,7,13,原唱影响她很多,1,有人跟踪我,7468801
386,2016,7,13,忠实姿迷，想说的是，磁带的时代，这首歌一天能听十几遍！那种怀念无可匹敌！,0,-有姿有菋-,129649056
387,2016,7,11,最后那几声呐喊…… 听得想跪,1,忘不掉的明天r,101795664
388,2016,7,3,这么美的歌评论这么少，,0,Daniel-Suen,128156301
389,2016,7,3,好听,0,朴小柝,128075532
390,2016,6,29,[爱心][爱心][爱心],0,LasKeyar,34780146
391,2016,6,29,当年听姿姿这张专辑一直循环257三首，还买了歌词本里同款walkman,2,宁静的鱼,264894683
392,2016,6,27,对啊对啊，但其实好歌一般都是冷门居多，然后开始被发觉 被烂大街[流泪][流泪][流泪],1,Christina-Aguilera,76483469
393,2016,6,27,好一首冷门的翻唱，燕姿唱的很有情绪有木有……[鬼脸],0,风之清野,45223464
394,2016,6,27,是silent不是silence哟[憨笑][憨笑][憨笑][憨笑],0,Christina-Aguilera,76483469
395,2016,6,27,[惊恐],0,风之清野,45223464
396,2016,6,27,歌名都打错了[大哭][大哭][大哭],0,Christina-Aguilera,76483469
397,2016,6,19,15:58,0,林守乐,55243746
398,2016,6,14,在顶一下吧，人好少[流泪],0,北极之狐,18473968
399,2016,6,7,这张翻唱专辑简直了,0,Stef-老人家,282817172
400,2016,6,5,累的时候听,0,MeuMeuMeu,100666954
401,2016,6,4,喜欢歌曲里面的低语,0,嘘_听我说_,65369415
402,2016,6,2,[钟情],0,Silent_all_these_years,259390381
403,2016,5,31,燕姿的偶像艾拉妮丝莫莉塞特,0,北极之狐,18473968
404,2016,5,31,来一次+一次，我就不行到不了999[发怒],0,北极之狐,18473968
405,2016,5,30,超快感 浓眉毛 leave me alone 零缺点 真的 逃亡 任性 练习 someone;silent all these years;that i would be good;作战；直来直往；不同；我想；未完成；学会；休止符；没有人的方向；太阳底下；祝你开心；种；梦游；安宁；飘着,1,神奇女侠R,112765474
406,2016,5,29,原唱是谁？,0,当代歌坛,126763195
407,2016,5,22,🙋🙋🙋,2,林守乐,55243746
408,2016,5,22,20:59,0,林守乐,55243746
409,2016,5,18,相信自己。,0,李柳李要变身了i,86961589
410,2016,5,16,我会很好的，无论是遇到狂风还是暴雨，孤身一人，可是想起你，心就是热的，我就是好的,1,Strangeree,278526814
411,2016,5,14,加油[可爱],0,孙燕姿的锁骨,17714009
412,2016,5,10,[强],0,-mmm-_,134181266
413,2016,5,4,没有一首不爱,0,看我可爱咩,65911192
414,2016,5,2,悠长,0,七種靜默,98109661
415,2016,5,2,在这里,0,爱姿到永远,124023674
416,2016,4,21,对，就是我。[亲亲],0,amirural,67769053
417,2016,4,19,我的手机铃声！超棒！,0,我是丑王,127718208
418,2016,4,19,阿咪！,0,野小玄,44137665
419,2016,4,15,虽然欣赏不来英文歌曲，但是，她唱得就是好听。,0,amirural,67769053
420,2016,4,15,[爱心],1,孙燕姿的锁骨,17714009
421,2016,4,11,我是第100,1,熊猫的风采,52430233
422,2016,4,10,夜跑，不能流泪就流汗吧…,0,记得的47件事,115801366
423,2016,4,9,我爱豆的好品味,0,Kusow的耳朵,96479654
424,2016,4,6,十几年前第一次在哥哥的随身听里听到天黑黑就爱上了这姑娘，现在依然爱,0,我是乖宝宝但有小情绪,110723263
425,2016,4,4,开头的呢喃是这首歌的特点，缓缓唱出的歌词，给不安的心一个肯定的答案，怎么样，无论怎么样that I would be good-11,1,GRAPEy,118431735
426,2016,4,4,if I gain ten pounds不是given,1,KaleidoscopeQwQ,68020411
427,2016,4,2,好孩子！,0,是螺纹呀,59982102
428,2016,3,30,[皱眉],0,用尽所有思念,33731939
429,2016,3,24,@啊嗨嗨皮皮的 ,0,不二Carrie,69542279
430,2016,3,23,心情不好总是会告诉自己that i would be good,0,甜一分苦九分ya,50669579
431,2016,3,21,高三考试考不好的神级安慰曲……满满的都是回忆 THAT I WOULD BE GOOD,0,_CherryLiu要懂得自己,52558782
432,2016,3,19,2002年我买了一张正版磁带，回到家里看到爸爸妈妈在招待客人吃饭，最后大家都喝多了，然后我把新买的专辑放进录音机里，瞬间充满活力的干完了家务…然后这专辑我此后能听了几十遍吧,5,弎人之术,57948032
433,2016,3,12,好的,0,四块八,49157155
434,2016,3,10,这张翻唱专辑真的爆炸！好听到爆炸！,2,starnoo,39399561
435,2016,3,7,燕姿的英文歌别有一番味道[憨笑],0,会吃巧克力的狗,110393201
436,2016,3,6,i would be fine,0,孙燕姿的锁骨,17714009
437,2016,2,20,我很好不吵不闹不炫耀…,6,孙燕美,542076
438,2016,2,18,有谁知道她一直碎碎念什么……,0,l知情識趣,45285423
439,2016,2,10,whether with or without you,1,禁忌魔法师,2454019
440,2016,2,3,我的手机铃声！,1,我是丑王,127718208
441,2016,2,2,别怕,1,帐号已注销,96032522
442,2016,1,28,她声音里混着阳光，会在失意时安抚着你。,2,4seal,46956945
443,2016,1,17,睡不着就听这首～,1,yanzicst,79056105
444,2016,1,13,最喜欢的燕姿的歌 每次听都会想起初中时候一次傍晚大风后在阳台上看落日,4,那个米饭,8910787
445,2016,1,9,我的整个青春。。。虽然已经结婚了快奔3了，，但是这首歌还是让我回到了初中的时光。。。,4,晴天__,5558392
446,2016,1,8,That i would be good. [可爱] ,1,长亭缱绻,19515209
447,2016,1,7,我怎么这么爱这首歌。[爱心],1,甜一分苦九分ya,50669579
448,2016,1,6,@Scorpio_林木木 ,0,有人在想你,70131867
449,2016,1,5,失眠请听,2,Mousann,71241372
450,2015,12,27,完全唱出了alanis的感觉啊,1,刀刀是女生,114320335
451,2015,12,19,疗伤,1,派拉诺德,39486182
452,2015,12,17,很多年后才会懂，那些12、13岁听过的歌，都是自带霸占属性的，慢慢会变成自己的一部分。被一个人甚至一代人铭记或放大，是巧合也是必然。,8,灵魂橡胶,9693916
453,2015,12,10,这首歌的歌词太美了！我姿演绎的也相当完美，就喜欢这种细腻、需要静静去品的歌，大爱      就是美，没别的了,2,改歌名字南,51613709
454,2015,11,17,会哼就可以了[呆],0,闪泥啦啦啦,88079495
455,2015,11,16,我也不会唱[呆],0,是螺纹呀,59982102
456,2015,10,22,加油⛽️,0,用户名是神马,7599726
457,2015,10,22,最近睡的很坏，project一个接一个，每次碰到的搭档都水死了，全靠一己之力在撑，语言还是有些磕巴，还有各种的考试要应对，好多的书要看，相信撑过去就好了…,1,SJoooooooo,31055112
458,2015,10,21,[爱心],1,背了个影,26852587
459,2015,10,19,为什么没有歌词翻译[流泪],0,StefSngEeTze,68786043
460,2015,10,16,翻唱的受众有两波 一波是听过首唱不自觉比较 一波是白纸一般第一次被写入 不论那一波 你都会喜欢这张青出于蓝的专辑,0,wayislu,7556197
461,2015,9,28,辗转反复治愈忧伤良药,0,starrylee,29431936
462,2015,9,28,13年,0,Jeremy-Anifacc,7302920
463,2015,9,28,带上耳机 听老大的歌不再用复读机 的感觉真好 13年来就差一场演唱会了,0,Jeremy-Anifacc,7302920
464,2015,9,21,♡♡♡♡♡♡♡♡,0,Echo_i_i_,52627843
465,2015,9,17,燕姿听的歌都好有逼格噢。。。。,0,xf帆,91895203
466,2015,9,7,燕姿英文歌都很棒 start自选集里都很有力量,0,闪泥啦啦啦,88079495
467,2015,9,7,那是因为他们不是nc粉[奸笑],1,闪泥啦啦啦,88079495
468,2015,9,7,这首需要静下心慢慢品味,0,闪泥啦啦啦,88079495
469,2015,9,2,[爱心],0,用户41965267,41965267
470,2015,9,1,大学时把这首歌的歌词写到作业里，这种味道只有燕姿拥有。,1,leftlatte,54220348
471,2015,8,21,这首歌让我一次次从迷茫中选择了坚持，低谷的时候让我还能向前走。谢谢孙燕姿。,0,LasKeyar,34780146
472,2015,8,21,晚上睡不着的时候总会来听会,0,here小新,32433263
473,2015,8,19,隔一段时间就来听,0,starrylee,29431936
474,2015,8,19,再来听,1,starrylee,29431936
475,2015,8,3,想到初中时听她的歌的心情[可爱],0,帐号已注销,3616642
476,2015,7,24,现在才听到这首歌，很美丽的配调，和《silence  all  these  years》一样值得静静耐听,94,风之清野,45223464
477,2015,7,23,That I Would Be Good,0,失控的Fi妈,267307
478,2015,7,13,见过的自称是燕姿粉的姑娘们，问到会不会唱这首歌，没有一个说可以,1,超级SG,48435882
479,2015,7,10,·,0,往太阳的方向生长,7325312
480,2015,7,8,这才是燕姿最好听的英语歌，给人力量[流泪]我先哭一会再坚强[流泪],2,帐号已注销,37833626
481,2015,7,1,燕姿有两首歌 给了低谷时期的我很多力量，一首是逃亡，另一首就是这首歌。,2,oohhDaniel,30590912
482,2015,7,1,慢慢疗伤治愈系,0,starrylee,29431936
483,2015,6,28,"自我疗伤安慰必备，that i would be good,一遍一遍，竟然有治愈的作用",1,starrylee,29431936
484,2015,6,20,后面喊起来好好听啊，听一次迷一次,0,fluent战士求收敛,61644046
485,2015,6,15,start自选个人觉得是最好听的一张专辑,0,Kongxy-明天晴天-34,8944271
486,2015,6,14,"That I would be good,whether with or without you",0,帐号已注销,37833626
487,2015,6,8,同类。我十三年。,1,你姿十三,71279167
488,2015,5,28,慢慢往下听 升调那一句开始就想飙泪,1,可皮老李,56646970
489,2015,5,25,可惜我今年没时间[惊恐],0,湖人死忠,7776579
490,2015,5,25, 想去听她演唱会[爱心][爱心][爱心],0,萿菝,57443353
491,2015,5,24,真要说最喜欢燕姿哪首歌的话，不是同类也不是相信，就是这一首[可爱],0,那个米饭,8910787
492,2015,5,22,希望还能看到黄绿大战,0,湖人死忠,7776579
493,2015,5,22,同城哎,0,湖人死忠,7776579
494,2015,5,22,凯蜜顶一下~[憨笑],0,Kongxy-明天晴天-34,8944271
495,2015,5,21,我永远的姿，转眼从小学听你的歌，已经快要大学毕业了，希望我们能永远陪伴。,2,萿菝,57443353
496,2015,5,21,十五年资深姿迷 买过专辑追过演唱会 疯狂过 在燕姿的歌里哭过笑过 青春走过 而我 还会一直喜欢你就像刚开始那样 你是我的光,0,行星Kepler,6971200
497,2015,5,5,这张专辑真经典，曲曲好听。我听的孙燕姿小姐第一张专辑，从此迷上，所有音乐设备中曲目最多女歌手永远是她。现在已经当妈了，祝福她永远幸福！,142,RichardMillions,9615760
498,2015,4,19,that I would be good whether with or without you,0,JQ焦乔,35487709
499,2015,4,18,Stefanie 的英文歌都很好听的.,1,iCewords,45448138
500,2015,4,16,That I would be good.,0,wang1000_,35566891
501,2015,4,15, 总有一天，一切都会好起来的，嗯，总有一天。,0,SolitiaZer0,26873371
502,2015,4,4,这里有一位[大笑],1,JeremyQ,45781166
503,2015,3,23,啧啧,0,湖人死忠,7776579
504,2015,3,21,高中买了这张专辑,0,哎呀我可太酷啦,38599227
505,2015,3,19,这张最喜欢的一首歌。。,0,寻找四叶草Oo,47587184
506,2015,3,14,我是资深歌迷,0,zhuweittt,396050
507,2015,3,5,give me the courage,0,肮脏的python交易,45638475
508,2015,3,1,每次听燕姿的歌都有特别特别的感觉.既熟悉又颤动！年轻时期回忆的我，全在喜欢音乐作品里…,8,半曰仙,19528463
509,2015,2,19,感动的歌,0,DASH达希,7454411
510,2015,2,5,这,0,小麦等,52586801
511,2015,1,27,资深姿迷在哪里？,410,御手冼红豆,34947475
512,2014,11,20,whether with or without you.,0,bingsun,34167435
513,2014,7,6,哭着哭着，忍着忍着，累了反而很好入睡！！ 治愈的功效大家可以听听看，感受一下！！ 深呼吸，真的什么都放得下，心有多大，世界就有多大！！[呲牙][呲牙][呲牙],0,网易云没有男鹅,10170564
514,2014,7,6,哭着哭着，忍着忍着，就累了，反而很好入睡！！ 不知道当年有多少人被这首歌治愈过？！  深呼吸，老娘说不在乎就不在乎！！ 心有多大，世界就有多大！！！！[可爱][可爱][可爱][可爱],2,网易云没有男鹅,10170564
515,2014,6,16,每个不好入眠的深夜或清晨，最能抚慰内心的歌，这么多年也只有燕姿能做到,82,榴二莲,7679815
