index,year,month,day,content,likecount,nickname,user_id
1,2019,11,24,冲鸭,0,美的没天理,472249253
2,2019,11,18,U P 2 U,0,识刀客,623315109
3,2019,11,3,胡侦探传说之夏日酒吧[呲牙],0,V6一生推forever,349372450
4,2019,10,8,我的磁带没有这首歌,0,LaraJean,109941853
5,2019,10,7,我记得当时买这个专辑的磁带没有这首[大笑],0,yuna00800,334275067
6,2019,10,5,真爱粉,0,叠加态,133026520
7,2019,9,14,太好听了！,0,AnyiDee,1787306591
8,2019,9,10,真好听[色][色][色],0,也不是猪只打呼,355734135
9,2019,8,11,以前这一首和《作战》，我真的听好多次，太欢快太可爱了我姿！,2,cy909191,254876722
10,2019,8,10,好听,0,反叛的银时,570490151
11,2019,8,9,优秀,0,甜齁齁,491342026
12,2019,8,3,我的网名，别人不懂我的态度,2,Kepler蔚蓝的海蓝色,46929889
13,2019,8,2,真的最后亿遍,0,小胜ww,535934914
14,2019,7,31,燕姿冲鸭！！,0,Kepler__r,413257278
15,2019,7,30,燕姿式摇滚,1,盗PortgasDAce,120876629
16,2019,7,20,我当初是怎么听到这首歌的……,0,快送我出家,302527318
17,2019,7,20,听的孙燕姿的第一首歌,0,雨雪雅筑,299379248
18,2019,7,16,这么好听的歌，不应该这么少的评论,1,你有药吗我有病,453738812
19,2019,7,13,俺已经复习1087遍了惹,0,o呆毛,407968
20,2019,7,13,请复习130遍惹,0,Christina-Aguilera,76483469
21,2019,7,13,姐姐俺记错了惹 是另一首么有。。。。。,0,o呆毛,407968
22,2019,7,13,p呢，我买的专辑有哒[撇嘴],0,Christina-Aguilera,76483469
23,2019,7,13,哈哈哈哈,0,Christina-Aguilera,76483469
24,2019,7,8,是不是很无聊啊[奸笑],1,一皇甫暮云一,384113640
25,2019,7,7,hhhh你也是用听歌识曲查出来的?,1,匈坂真由理,430294506
26,2019,7,7,666夏日酒吧,1,一皇甫暮云一,384113640
27,2019,7,3,胡侦探,1,匈坂真由理,430294506
28,2019,7,2,以前的盗版磁带我都舍不得买，没钱啊[皱眉][皱眉],1,木兰鸡仔-Joe,488896302
29,2019,7,2,盗版磁带里有[多多捂脸],1,冷杉已经被注册,285270275
30,2019,7,1,第三首,0,kendy的风筝,362892899
31,2019,6,30,我竟然没听过[大哭]码,0,RainbowAfterTheRain,59825347
32,2019,6,28,这首大陆版好像没引进吧,1,o呆毛,407968
33,2019,6,25,主题曲听过，mv没看过,1,木兰鸡仔-Joe,488896302
34,2019,6,25,那你听过麦当劳主题曲吗？还有看电视孙许蔡版本的,1,s1ck1000,1471605268
35,2019,6,25,雅芳,0,s1ck1000,1471605268
36,2019,6,25,开始测试左右耳机,0,狂野的拉佐格尔大人,49367215
37,2019,6,15,这是一首广告歌曲，Up2U彩妆广告，那时萧亚轩也做了这个广告的代言，印象深刻,6,你们爱的大飞,259678257
38,2019,6,15,说，为什么这么爱看广告,1,你们爱的大飞,259678257
39,2019,6,13,好听的声音好听的旋律,0,1sukie,474229791
40,2019,5,25,燕姿的歌我只有英文的不会，因为我英语太差了[流泪],1,经纬180729,1536664663
41,2019,5,25,来复习一下我姿的广告歌[大哭],2,经纬180729,1536664663
42,2019,5,22,当年的入坑歌曲 是个广告主题曲[多多大哭],3,AA小波波,571353318
43,2019,5,22,喜欢燕姿的快歌,0,Davie504,57455489
44,2019,5,1,燕姿的入坑曲，暴露年纪了。,2,Iris被注册了,93219592
45,2019,4,22,哈哈哈哈我太年轻啦 虽然很早就听过这首 但现在才知道是广告歌,0,fortpoi,124239758
46,2019,4,17,小时候可喜欢了，欢快的节奏,0,尤里_多尔戈鲁基,61490366
47,2019,4,15,我没听过[哀伤],1,木兰鸡仔-Joe,488896302
48,2019,4,11,买的正版的，真的没到，好像是美卡的吧，我都忘了,0,五月某日,127184252
49,2019,4,11,买的盗版带？我的卡带有,0,tmero,52289735
50,2019,4,11,当快乐的拉拉勒？认真的吗,1,tmero,52289735
51,2019,4,7,这首歌我居然没听？！我是喜欢了燕姿17年的假粉！,0,木兰鸡仔-Joe,488896302
52,2019,4,2,好喜欢,0,云云云云流,1334766690
53,2019,3,23,突然就很想听,0,捉迷藏去,57721402
54,2019,3,10,前奏秒杀我，我还以为耳机坏了[惶恐],0,光絵,94243137
55,2019,3,7,冷门啊！,0,春暖楚楚,1496265514
56,2019,3,5,感觉姿妈每首歌我都能跟着嗨,0,叫化活该,294211599
57,2019,3,1,当年我买的卡带没这歌，好像内地版没有收录进去,0,五月某日,127184252
58,2019,2,23,这个唇膏真的香爆了,0,羊羊羊点,74493277
59,2019,2,11,确实找不到。。不知道为什么,1,森海一只鱼,119354431
60,2019,2,10,其实就是up to u，很好啊,0,s1ck1000,1471605268
61,2019,2,10,这歌很早了，其他歌都会这首应该落不掉的,0,s1ck1000,1471605268
62,2019,2,10,麦当劳everytime a good time燕姿版本找不到啊。还有许美静蔡健雅燕姿版本看电视,0,s1ck1000,1471605268
63,2019,2,10,麦当劳的那首怎么找不到,1,s1ck1000,1471605268
64,2019,2,8,Up2U，由你做主，雅芳自定义彩妆系列。我就是阿瑟斯，阿瑟斯服装。真真切切，付出的爱永不变，麦当劳欢聚欢笑每一刻。运动美时美克。统一冰红茶，年轻无极限。停不了的乐事。仙境传说，找孙燕姿加血回蓝！,9,森海一只鱼,119354431
65,2019,2,7,那个，那一句的翻译应该是快乐的阿拉蕾吧？,1,第一票房青衣的hugefan,68169426
66,2019,1,30,啊～啊～Up2u～～～,1,Ed1son--,279253821
67,2019,1,23,那时候买的贴纸里属这款彩妆广告的最好看。😊,2,酱爆腰花,3324113
68,2019,1,13,嗯，燕姿冷门歌曲前三[吐舌],3,江湖神影,307721592
69,2019,1,13,每一首歌我都会[可爱],2,ZY-7,17531038
70,2019,1,12,好像这是燕姿歌里，唯一一首不会的🤣,1,天越亮,108082590
71,2019,1,11,雅芳，彩妆，当然孙燕姿代言,0,oxoloveoxo,419928057
72,2019,1,7,我记错了，是 就是这样 的mv,0,彼得潘与狼,261245021
73,2019,1,7,你能分享吗，我找不到,0,Joyce的橙子,1665584207
74,2018,11,22,mv非常青春美好,1,彼得潘与狼,261245021
75,2018,10,25,[亲亲][亲亲][亲亲],0,有橘生淮南,432411313
76,2018,10,7,桃红色的你,0,礼拜三去马孔多看雨,70156357
77,2018,9,21,又一次听见，燕姿,0,妈妈说名字长了才能记得住,64811754
78,2018,9,19,打卡打卡,0,不借温柔,451526010
79,2018,9,17,由我决定,1,帐号已注销,31832280
80,2018,9,13,好好听,0,晴天一阵风,320422673
81,2018,9,8,不是广告歌的话可能又是大火的歌 旋律超好听,2,九老师,95772372
82,2018,9,5,有点可爱,2,笑靥姿吟,100440737
83,2018,8,22,循着胡侦探来的,2,正义0鱼少侠,109279541
84,2018,8,18,名字太奇特吧可能是,1,旧昔扰梦,260855652
85,2018,8,17,雅芳  化妆品,0,臼乐,431672710
86,2018,8,5,啦啦啦啦啦啦燕姿每天陪我写论文给我打鸡血,2,笑笑不乖-,405913089
87,2018,8,4,[星星],0,林34,400839327
88,2018,8,3,大雅芳是撒,1,跳舞的梵谷yanzi,318974517
89,2018,8,2,🎧,0,_诗芊,81037679
90,2018,7,30,打卡[爱心],0,有橘生淮南,432411313
91,2018,7,30,下雨了,0,过往云烟视而不见,305289320
92,2018,7,30,up 2U,0,过往云烟视而不见,305289320
93,2018,7,28,听了听十多年前喜欢的歌 感觉又年轻了十岁[大哭],2,账号已注销这人可NB了,422641137
94,2018,7,27,系列彩妆,0,zuma卡纳,113301767
95,2018,7,27,Up 2u,0,zuma卡纳,113301767
96,2018,7,23,生日快乐🎈,0,dorianamot,362553349
97,2018,7,23,这首歌平均这么少？不科学,1,臭臭哥布林,127163118
98,2018,7,22,[可爱],0,想去吹太平洋的风,431966292
99,2018,7,20,再来刷个评论哟,0,妮妮-sunny,123933216
100,2018,7,12,哈哈，没想到你会回我,0,吉祥170513,485090620
101,2018,7,11,哪里都有狗粉丝..,0,燕姿我的爱,358373433
102,2018,7,3,好听！,0,O_oHULLO,343829645
103,2018,7,3,听这首歌 就是想听不太熟悉的音乐 熟悉的声音。就觉得挺好,1,爱生活爱燕姿,560609259
104,2018,6,19,我觉得这首歌是神曲啊？从头到尾都没有差，怎么会人少呢。,3,小野汉子v,122726723
105,2018,6,13,[大哭]天啊第一次听,0,喘了也累了,539823778
106,2018,6,6,[大哭]平民天后,0,Ro1030,90652954
107,2018,6,5,结果只是很平价的雅芳,0,吉祥170513,485090620
108,2018,6,1,天呐 六年了 我第一次听这首歌 我是个伪粉吧[呆],1,把酒言话,116902125
109,2018,6,1,六一儿童节快乐！,0,衠綧,374862702
110,2018,5,22,广告歌,0,辉仔Huiman,92679814
111,2018,5,18,为什么没有视频,0,torinto,100155359
112,2018,5,14,冷门歌曲 我很喜欢但是,1,迪dididididi,61166269
113,2018,5,10,正在写论文的我[大哭][大哭][大哭],0,呀蜥蜴,1327943756
114,2018,5,3,啊啊啊啊啊。。999算我一个。居然还有没满的。,0,G318狗一丁,435289202
115,2018,4,19,❤燕姿唱的都好听❤,1,-----Stefanie,454876432
116,2018,4,17,up to you这个词组就是听这听学会的。。还记得后来有次英语完形填空就要填这个词组，秒填,9,红色的小刺猬,583494746
117,2018,4,14,写论文累了  hhh,0,燕姿173,80579864
118,2018,4,14,哈哈哈哈哈哈哈,0,刘林凯,135873777
119,2018,4,14,嘟嘟嘟,0,毛毛虫0912,323067104
120,2018,4,5,好听,1,我是雷大人,389832226
121,2018,3,28,捡宝!,1,甜包子不加糖,254606378
122,2018,3,28,234[可爱],1,H_66,55731158
123,2018,3,27,还想听麦当劳之歌[呆],1,Jonny1120,31156342
124,2018,3,19,❤️好听❤️,1,余生饮尽盏中余温,500710985
125,2018,3,19,好听♥️,3,全球顶级音乐现场,409898621
126,2018,3,17,抓住我这一秒手里的机会,2,33轉的LP,630862795
127,2018,3,14,找一个方向追一个梦想听一听心中呐喊,3,33轉的LP,630862795
128,2018,3,7,这首歌评论这么少,1,yuchenyang,61643550
129,2018,3,7,听老粉推荐来的，捡到宝了这首歌[亲亲],1,有橘生淮南,432411313
130,2018,3,1,打卡,0,过往云烟视而不见,305289320
131,2018,3,1,开学前写作业打卡,1,过往云烟视而不见,305289320
132,2018,2,28,up to me,0,ivanSF,274177500
133,2018,2,25,1:38,0,H_Stef,309880055
134,2018,2,25,从第一首到现在[亲亲],0,H_Stef,309880055
135,2018,2,17,评论咋这少呀,0,妮妮-sunny,123933216
136,2018,1,26,恭喜燕姿有二胎啦[亲亲][大笑],6,跳舞的反骨,33249451
137,2018,1,10,优批二优[大哭][大哭][大哭],3,粉色莓小兔,546796809
138,2018,1,9,前奏能判断你耳机是不是戴反了[大哭],2,Lution_,79140672
139,2018,1,6,很欢快,0,向日葵的天空138,1332989081
140,2018,1,2,我以为是萧亚轩的up2u[大哭][大哭],0,大妍和小娇,287133332
141,2017,12,30,当年初中的我还买不起化妆品，只觉得肯定很高级，毕竟请了当红炸子姿演唱歌曲哈哈哈哈,5,Ro1030,90652954
142,2017,12,20,打屎你 这下没法好好听了😂,0,天空上的旋木,72991027
143,2017,12,18,每首都好听，每次听都不觉得是老歌！,0,SullivanSong,358957002
144,2017,12,13,UP2U 是当年雅芳出的针对少女的彩妆，价格和美宝莲差不多，我上中学时买过唇彩眼影，代言人请过萧亚轩和燕姿，小火过一阵子，上了大学后，这个牌子越来越不行了，后来就消失了,8,小默默pandashan,91151214
145,2017,12,5,每首歌都听过,1,我的爱1011,623429998
146,2017,12,5,能听到这首歌的都是铁粉- 0-[可爱],3,丿YC丶程灬,60459418
147,2017,12,3,哈哈哈哈哈哈哈,0,H-S_Sun,296312220
148,2017,11,23,那时的孙燕姿，活力但又有一点慵懒，就是那种恰到好处的感觉，让人听起来舒服到不行。,4,-浅_浅-,84329125
149,2017,11,20,好听！,0,男鹿和雄,126220420
150,2017,11,15,小学六年级的时候和班上五个女生一起用这个歌跳过舞(ღ˘⌣˘ღ)记得这首曲子是彩妆广告的歌 哈哈 暴露年龄,2,赖赖Fly,58842829
151,2017,11,13,好欢快，喜欢！,0,爱德华的Erye,132712235
152,2017,11,7,以前喜欢的,2,快送我出家,302527318
153,2017,11,3,五泼二五,2,ii青青,358436129
154,2017,11,2,记得当年有这个牌子的化妆品的呀,1,lichiiiii,272619642
155,2017,11,1,十岁的记忆，家里老旧的黑白电视，就这首歌，这段旋律，爱你,1,般若梵唱,9904388
156,2017,10,29,调皮的耳机,0,叶不缺,302776356
157,2017,10,29,完全ok,1,贝影犹存,264592075
158,2017,10,25,可爱的声线,0,SngEeTzeSng,104396853
159,2017,10,23,不要这样,1,宅囧胖,132983041
160,2017,10,22,HHHH，也太可爱了吧,0,fluent战士求收敛,61644046
161,2017,10,22,当年特别喜欢这个广告,0,welkinaboveme,256559868
162,2017,10,20,这个梗笑死我了,0,闪亮星主持教育,599832173
163,2017,9,29,握手，我们还是老乡,0,夕颜May,442465991
164,2017,9,29,逃亡也是威姿汽车的广告曲,2,风云无霜,101464143
165,2017,9,18,骂人呢[大哭],0,控场,40913104
166,2017,9,13,当年这个歌还没有听多久，这个广告就换成萧亚轩了，然后就不喜欢萧亚轩了[吐舌][吐舌][吐舌],0,兰若寺的僧人,378858511
167,2017,9,13,12岁开始听燕姿，今年29,0,兰若寺的僧人,378858511
168,2017,9,4,方便面。。。。康师傅的不够看啊。特别是新品种。豚骨面什么的,1,坤rt,392041685
169,2017,8,30,老铁[强],2,开始_开始懂了,514994291
170,2017,8,29,年轻无极限也是呢，统一冰红茶的，至今我都不喝康师傅冰红茶[亲],1,keystroke,99220196
171,2017,8,25,不是唯一哦，超快感，年轻无极限也是广告歌,0,跳舞的yanzi,287088787
172,2017,8,20,燕姿唯一一首广告歌曲。2002年的听到[色],0,开始_开始懂了,514994291
173,2017,8,15,那人不回复我[吐舌],1,夕颜May,442465991
174,2017,8,15,两位咋样了[憨笑][憨笑],0,Fiy汗,313502181
175,2017,8,15,哈哈哈哈哈哈哈我以为是阿婆涂油 原来是优批贰优啊哈哈哈哈哈哈哈,0,帐号已注销,281032288
176,2017,8,10,[呆]没毛病,0,璐小乙,46382647
177,2017,7,30,这首歌好萌呀～,2,安安早安午安晚安,264435021
178,2017,7,26,[吐舌],0,wokansheihewoyiyang,113113844
179,2017,7,25,听一听心中呐喊,0,Kepler-_-,300077987
180,2017,7,22,找到没？每一首我都会，我是女孩。原来你在这里，我最喜欢的歌下面等我[色][色],4,夕颜May,442465991
181,2017,7,21,翻燕姿的歌总有惊喜,1,甜甜辣辣就是我,475642194
182,2017,7,7,打卡,1,孤单---个人的狂欢,263901035
183,2017,7,1,想起了初中,2,错生不错过,422192437
184,2017,6,16,好听极了,0,小王爷克卜勒,263888906
185,2017,6,15,祝福[憨笑],0,早到的末班车,8824619
186,2017,6,15,[男孩][男孩],0,单恋仔,59263510
187,2017,6,15,bl？,0,早到的末班车,8824619
188,2017,6,3,坐在经理的车里，在送我回家路上，放的正是这首歌，我猜这一定是他未婚妻喜欢的吧，我也喜欢，我们听得很开心，但我开心得有点难过，嘘，说不出口的秘密就随着音乐消散在风中吧。我不是人，我是饥渴禽兽，我有罪[痛苦][痛苦][痛苦],4,单恋仔,59263510
189,2017,6,3,💓,1,黑暗行星古兰斯菲亚,495929451
190,2017,5,30,这歌竟然没有999[惊恐][惊恐],1,从小爱读书,246116592
191,2017,5,29,手动踩爪印，端午燕姿专辑一日游[奸笑],1,凌晨三点不睡觉的雨果,120801740
192,2017,5,25,日常打卡,1,跳舞的克卜勒,122786310
193,2017,5,25,14岁听孙燕姿的歌，今年30岁。只找一位会唱孙燕姿所有歌的女孩！不然我就单着。必须一定！,9,G318狗一丁,435289202
194,2017,5,22,那时专辑里每一首歌都会仔细听,3,桃之22,326540470
195,2017,5,19,lalalala,1,starrylee,29431936
196,2017,5,10,刚开了会员下这首歌……,2,岸边的泡沫啤酒,51870819
197,2017,5,8,广告歌都这么好听[惊恐],4,一字张,35290723
198,2017,5,5,现在还记得那个手势，当年怎么就没入了化妆的坑…估计是太丑了没心思化妆[痛苦],1,未知未至,34466180
199,2017,5,1,好听,1,2016猫猫呀,434837481
200,2017,5,1,超级玛丽,2,帐号已注销,105025263
201,2017,4,28,喜欢燕姿十几年了，时光啊，希望我也能搭上梦幻王国的最后的机位，变得更勇敢，更优秀。我燕姿的歌很治愈，哈哈,1,朵啦小小,276233498
202,2017,4,27,早知道那时就应该学习化妆,2,茶叶蛋和孩子们,61143745
203,2017,4,16,当快乐的拉拉!!!,3,haiwen宝贝,383331865
204,2017,4,9,爱你,1,00粒粒橙00,359728641
205,2017,4,6,那一年的专辑  我才12岁…,2,小泽玛丽李,132471957
206,2017,4,5,有燕姿的地方就有我,1,气氛来了就要醉,308485041
207,2017,3,25,我姿也是代言狂魔啊,1,飞跃东南海,409885845
208,2017,3,15,好听好听好听惹,1,柒星雪,85911992
209,2017,2,22,好听,1,风中拾遗,283224068
210,2017,2,22,Yan-zi.,1,孤独小孩o,273175427
211,2017,2,15,不需要模仿别人盖好的堡垒，去搭配，你来做主。,1,iiipupo,18200174
212,2017,2,15,这个真的很好听,1,跳舞的反骨,33249451
213,2017,2,11,这主歌的转音太好听了！！,1,过往云烟视而不见,305289320
214,2017,2,10,up2u,1,风中拾遗,283224068
215,2017,2,8,uptoyou,1,going_up_stef,372536854
216,2017,2,7,粗鄙,1,诺坎普拉玛西亚,83009512
217,2017,2,7,up to you好萌啊,1,诺坎普拉玛西亚,83009512
218,2017,1,31,评论竟然这么少,1,唐树贺,68898045
219,2017,1,23,开头耳机福利[呆],0,无限大94,72774904
220,2017,1,23,当年学校运动会播歌的时候 小姑娘很清脆的说出：下面是初二3班某某的一首“优批贰优”,216,Xu-Da,57180974
221,2017,1,19,大爱我姿,0,纠结近距离,123828456
222,2017,1,13,听了一下午孙燕姿 都没有难听的歌,0,kakusugar,118333264
223,2017,1,11,"谁玩过胡侦探游戏？配乐就是这个
",0,朵弥云雀,58413367
224,2017,1,8,这个代言后来被鸭姐抢走了。。。,1,MEOLTON,326496812
225,2017,1,8,Yan-zi,0,孤独小孩o,273175427
226,2017,1,7,up to up  to up tooooooo,0,DanCingVanGogh,263043497
227,2017,1,6,孙燕姿是我永远的偶像😳,2,小小小迪迪迪,392804825
228,2016,12,19,当快乐的拉拉呢,0,流浪荧火虫,60507743
229,2016,12,17,代言代言代言！最后被换了吧？？,0,-有姿有菋-,129649056
230,2016,12,11,换一个鬼子。。吓得我,2,是苏三君啊,103739595
231,2016,12,4,这首听着是真舒服啊，停不下来,0,逆光FACE,88730935
232,2016,11,30,前奏给我听的爽歪歪,0,bronzer123,346599653
233,2016,11,30,up2you 你来决定,0,包包发发呆,330557939
234,2016,11,30,我也是！我哥也是资深燕姿饭…小时候和他一块听…直到现在才感觉听懂了这些歌,3,包包发发呆,330557939
235,2016,11,29,😊,0,贰顆菠蘿油,312796344
236,2016,11,29,😝,0,贰顆菠蘿油,312796344
237,2016,11,27,我还以为是为你而勃🌚呸呸呸,0,你的咸茶,134657520
238,2016,11,21,被化妆逼婚[大笑],0,峮下之晨,586831
239,2016,11,21,十来年前的歌,0,斗牛旅客,106922873
240,2016,11,20,妈的多少年没听到这熟悉的旋律了,0,Ivan__Chan,110501303
241,2016,11,19,锤子敲敲，凉了。,0,天狼刃,278161657
242,2016,11,19,元气满满哦 燕姿么么哒[亲亲],2,闪泥啦啦啦,88079495
243,2016,11,18,up2u,0,Lution_,79140672
244,2016,11,17,只爱孙燕姿,0,whocaress,249375423
245,2016,11,3,知道这歌的，绝逼都是燕姿的铁粉真爱，我还清楚的记得这首歌曲mv，燕姿抹着红扑扑的腮红，屏幕上还冒着气泡泡[跳舞][跳舞],6,o冲少o,303467065
246,2016,10,22,记得小学听的第一首她的歌，很欢快。没想到是我姿的歌,1,般若梵唱,9904388
247,2016,10,10,我是多少条评论呀,0,瑞策,270880734
248,2016,10,9,up2u,0,海绵1874,298588296
249,2016,10,9,翻了一下 竟然没有从跟宇宙结婚来的么～,2,sunagao_,79305514
250,2016,10,4,我哥从2000年就是姿迷，每天放她专辑的歌，我非常讨厌。可是这几年我老是听她的歌听得入迷，而且感觉感觉燕姿唱歌真的很棒啊。。孙燕姿果然厉害。up2u那时候好像是手机广告歌还是什么的，挺好听的，前几天坐的士还听到，瞬间感觉物是人非啊。[大哭],3,木水鸟,249333031
251,2016,10,2,都是青春的记忆啊,0,邵小孩同学,112518631
252,2016,9,29,😚mua~,0,贰顆菠蘿油,312796344
253,2016,9,29,我来帮大家如愿。101！永远支持燕姿！[亲亲],1,R-jttt,320975686
254,2016,9,24,"第一百条评论，我那时还不知道up to you是什么意思呢，初中的一节英语课，学了up to,是到达的意思，我想起了这首歌，自行把歌名翻译成了“到达你”😂，现在才知道是“你来做主”的意思。",4,Zoey-will-be-fine,93250629
255,2016,9,24,"第九十九条评论，以前家里没有网，但可以听手机上的收音机。我还记得那是FM106.6，播了这首歌。我的脑海里就只有up to you,up to you, up to you~",2,Zoey-will-be-fine,93250629
256,2016,9,21,孙燕姿这么牛，尤其是前几张专辑，但评论数都这么少啊,0,caojw95906,63041971
257,2016,9,20,it's up to you .你来决定的意思,2,诺坎普拉玛西亚,83009512
258,2016,9,18,[亲亲][色][憨笑],0,蔚微fiona,108594698
259,2016,9,18,[亲亲][亲亲],2,蔚微fiona,108594698
260,2016,9,18,[色][色],1,蔚微fiona,108594698
261,2016,9,18,[吐舌][吐舌][吐舌][吐舌][吐舌][吐舌],0,蔚微fiona,108594698
262,2016,9,18,[亲亲][亲亲][亲亲][亲亲][亲亲][亲亲],0,蔚微fiona,108594698
263,2016,9,18,[色][色][色][色],1,蔚微fiona,108594698
264,2016,9,16,很好的一首歌！！！！,0,瑞策,270880734
265,2016,9,15,好听就好，何必在意评论少[色],0,Hi天铖,73794505
266,2016,9,13,自听过这首歌之后超经常使用 UP2U！！你想吃什么？-UP2U!  你想去哪玩？-UP2U! 你想怎么样？ -UP2U！！！,1,Briankaka,309222127
267,2016,9,12,[流感],0,Christina-Aguilera,76483469
268,2016,9,4,要多美你来做主 up2U,0,Angel--Demon,117359389
269,2016,8,25,那时一个初一的小女孩跑去买了一套雅芳的UP2U！里面是些啥我都忘了！哈哈哈哈哈,5,养猪夫人,35010119
270,2016,8,23,至今不过百不能忍,4,看我可爱咩,65911192
271,2016,8,14,84,1,Leeuz,86744306
272,2016,7,13,这首歌是我当年用随身听放磁带听的,2,帐号已注销,3616642
273,2016,7,11,最爱燕姿,0,稀土OIIIIIIO,45794878
274,2016,7,11,粪曲都这么好听,0,忘不掉的明天r,101795664
275,2016,7,10,我是王海峰我喜欢孙燕姿,0,爱姿海,126397948
276,2016,7,10,哈哈,0,四点甲壳虫,80091286
277,2016,7,3,看雅芳都那么顺眼,0,南极极帅,2970468
278,2016,6,30,我是王海峰我喜欢孙燕姿,1,爱姿海,126397948
279,2016,6,28,前奏么么哒,0,睡觉吃饭逗飞飞,102707438
280,2016,6,25,up to you由你决定,1,榆不缺,61039020
281,2016,6,23,一直沒搞明白這首歌名字啥意思,0,小蝦米奇奇,130686480
282,2016,6,12,好听,0,别再奋力逞强,122065677
283,2016,6,12,签到[可爱],0,求一切顺利的王多多,272099714
284,2016,6,7,好听,0,Nnnnnnononn,115189651
285,2016,5,29,当年资源太好，广告歌都这么好听[亲亲],2,柒星雪,85911992
286,2016,5,28,此刻心情一般,0,裸奔的艳遇,111778036
287,2016,5,22,21:19,0,林守乐,55243746
288,2016,5,17,孙燕姿最棒啦,0,yamapfans,263677295
289,2016,5,17,我真的好想把评论顶上去,0,yamapfans,263677295
290,2016,5,17,[憨笑][憨笑][憨笑][憨笑][憨笑],1,yamapfans,263677295
291,2016,5,17,[亲亲][亲亲][亲亲][亲亲][亲亲][亲亲],1,yamapfans,263677295
292,2016,5,17,[亲][亲][亲][亲],1,yamapfans,263677295
293,2016,5,17,[色][色][色][色][色][色],1,yamapfans,263677295
294,2016,5,17,[大笑][大笑][大笑][大笑],1,yamapfans,263677295
295,2016,5,14,我姿的声音真好听[憨笑],0,孙燕姿的锁骨,17714009
296,2016,5,10,评论数不科学,0,-mmm-_,134181266
297,2016,5,6,我姿那个时候还是个小姑娘啊,0,喵喵崽丶嘤嘤怪,271310070
298,2016,4,28,这么好听的歌评论竟然这么少，这不科学[哀伤],0,宝旭儿1991,86805885
299,2016,4,26,耳机坏掉了。[哀伤][哀伤],0,hi橘子味的桔子,57967086
300,2016,4,22,虽然up2u化妆品烂到家，但不得不说从燕姿到elva，它的广告曲都很好听[大哭],2,红帽咂,119710723
301,2016,4,21,我记得萧亚轩也有一首up2u,0,a我们都是小行星,126569551
302,2016,4,15,[可爱],0,孙燕姿的锁骨,17714009
303,2016,4,12,我现在还记得那个广告，各种五颜六色的蝴蝶飞过变成bulingbuling的眼影 [开心][开心]反正我姿美如画,0,大欣zei,252776880
304,2016,4,7,当时觉得这两首广告歌是这张专辑最好听的，可惜好像大家都在听橄榄球,0,oopsopus,102547415
305,2016,4,7,我也用磁带啊，现在不是能用软件听了嘛_(눈_ 눈」∠)_,0,蛇蛇蛇皮走位,135555095
306,2016,4,7,不是没人听 因为听这首歌的那个年代 都用磁带,0,雨陨,31875806
307,2016,4,7,[呲牙],1,爱姿海,126397948
308,2016,4,7,嘿[可爱],0,可皮老李,56646970
309,2016,4,6,同城姿迷诶,0,爱姿海,126397948
310,2016,4,6,43楼，这首歌评论竟然这么少，难道孙燕姿真的没多少人听么,0,蛇蛇蛇皮走位,135555095
311,2016,3,30,以前好喜欢这一首和绿光 听了心情好好,0,不吃叉烧包,73570008
312,2016,3,14,评论数不该是这个样子的！！！！！,0,xf帆,91895203
313,2016,3,13,2013年从广播电台听了这首歌，就爱上，一直在找，输入“”up to you孙燕姿”，找不到，很失望，居然3年后能在这里听到，太惊喜了，原来歌名是Up2u。,2,Zoey-will-be-fine,93250629
314,2016,3,4,但放纵一定是失败的祸首。,5,AmanoAki,44216242
315,2016,2,22,好听,0,卷积赫敏,77600286
316,2016,2,21,右耳朵好痒,0,o0-listener-0o,131095397
317,2016,2,18,超级喜欢这首歌的！,0,春风似水,42453993
318,2016,1,31,从这首歌认识她 那时候还分不清她和gigi leung,0,kakusugar,118333264
319,2016,1,17,本来就是up 2 u！,0,MR俊杰007,9018418
320,2015,12,7,嘟嘟嘟嘟的魔性…,1,帐号已注销,78462297
321,2015,11,19,～～！,0,举个西木,60673274
322,2015,11,17,评论好少，好歌啊,0,伶歌子,72561866
323,2015,11,16,换一个规则 变一个色彩 一眨眼另一个世界 要多美 你来做主 UP 2U 找一个方向 追一个梦想 听一听心中呐喊 去搭配 你来做主 UP 2U,1,jinvvv,9445775
324,2015,10,22,没人发现这个版本和刚出来的那版的音符不同吗？？？,0,克莱因之蓝,1175485
325,2015,10,21,我是看歌名 上了你 进来听的[流感]别打我[流泪],54,郑梓斌,44713672
326,2015,9,28,磁带的年代,2,Jeremy-Anifacc,7302920
327,2015,9,6,广告歌都那么好听 任性,6,湖人死忠,7776579
328,2015,9,4,[呲牙],0,傻子-笨蛋,1331490
329,2015,7,18,我只给老婆买雅芳,2,syeye,2374500
330,2015,7,6,元气满满的早上,0,卷积赫敏,77600286
331,2015,7,6,哈  居然看到这首歌，好久不见，以前很喜欢前面的动漫感音乐,0,那个思那个哲,61346177
332,2015,7,3,？,0,湖人死忠,7776579
333,2015,6,21,评论这么少，不科学[呆],1,Aquarium_Y,35199871
334,2015,5,27,晚安[呲牙]么么哒！,1,帐号已注销,11890878
335,2015,5,21,刚出道没多久的时候啊 好稚嫩好怀念,2,可皮老李,56646970
336,2015,5,5,那天下课 在公交车上听到广播里的这首歌~心情瞬间变好~,2,帐号已注销,7934215
337,2015,5,3,记得那会买过一盘什么景点广告歌的合集CD ，里面的歌都超级好听，没有哪首是很令人厌烦的广告，首首都是爱,2,illumi花,422558
338,2015,4,6,@陈粒 ,0,以诺--,2145721
339,2015,4,6,是 大雅芳？我怎么一直以为是up2u 这个品牌啊。。。[可爱][可爱][可爱][可爱]是我记错了呀,0,铅笔小玲,33969357
340,2015,4,1,自此之后，我的世界没有你T_T，我绝不打扰≥﹏≤,1,长亭缱绻,19515209
341,2015,3,13,好听,1,湖人死忠,7776579
342,2015,3,1,每次听燕姿的歌都有特别特别的感觉.既熟悉又颤动！年轻时期回忆的我，全在喜欢音乐作品里…记得是一个他拍的唇膏广告歌！,82,半曰仙,19528463
343,2015,2,5,当一个快乐的拉拉？？？？？,2,洛圣都改车王21,49580049
344,2014,12,15,love it!,2,fancytony,39060410
345,2014,7,8,当年燕姿给大雅芳唱的主题曲，现在还好么。。,120,孙燕美,542076
346,2013,11,17,@蟹蟹蟹   明明就很好听好么,1,P_oker,3316949
