index,year,month,day,content,likecount,nickname,user_id
1,2019,11,19,广师大外国语学院院歌,1,梁浩鹰,539970767
2,2019,11,16,这是初中英语老师教我们的班歌，已经过去十一年了,0,虚空飘荡,409920790
3,2019,11,8,"初中晚修全班学过中文版
燕姿的英文发音和中文咬字一样，好舒服啊",1,谢小P谢小P,36145223
4,2019,10,26,好好听~,0,当夏日微凉,592810705
5,2019,10,19,明年一起看孙燕姿的组团 🥳 ,8,-当时我就不乐意了,321718842
6,2019,10,15,这首歌的作曲者是李迪文老师，哈哈JJ要和他合作啦。,0,阿珩Olivia,261838307
7,2019,10,8,欢迎来到吃货俱乐部新加坡特辑,0,Katherine-321,95069556
8,2019,10,6,考得好差,0,音乐家Amy,593243039
9,2019,10,2,也是我初中的班歌,0,的露SSS,322088084
10,2019,9,26,[爱心][爱心][爱心]早上听燕姿，心情就很好[亲亲],1,霉头霉脑云散月现自在飞花slay,42294326
11,2019,9,24,来听听学校院歌,0,jimi小船,476909369
12,2019,9,22,听到第一句就确认是孙燕姿的声音，看看，是她吧！[吐舌],0,许你一汪时间的空灵,130936872
13,2019,9,14,少年时，每次听到这首歌，内心总有一种希望的暖流，直到现在还记得当时的感觉。,0,Heeenk,9433780
14,2019,9,10,x-fun[憨笑],1,小井要努力,80948271
15,2019,9,2,真的好听啊 非常有力量,0,智商怎么了,1366104282
16,2019,8,29,回复别人那有说明啊…,0,罗秀秀emmm,1348132952
17,2019,8,29,…dei啊…,0,罗秀秀emmm,1348132952
18,2019,8,29,是广师大外国语学院院歌啦,0,Winnieyyyy,400221548
19,2019,8,27,曾经的班歌,0,amanto,37308449
20,2019,8,23,JJ上次直播连线燕姿合唱了这首歌～,6,_不加糖有点甜,128108088
21,2019,8,20,听到你和JJ的合唱了,1,哈哈哈哈一一一,396431272
22,2019,8,18,前几天去游学的时候在国庆庆典上又听到了这歌,0,hachi-8Y,537290959
23,2019,8,17,还是汉语的好听,0,翻不完DE夏天,478491823
24,2019,8,16,这么好听的歌居然错过了这么久[多多捂脸],0,我不是奥特曼我只是小怪兽,123587508
25,2019,8,12,呜呜呜呜燕姿女神！笑起来好暖好有力量😭从直播过来好听到哭,5,查拉图斯特拉如是说-,546059768
26,2019,8,12,虎扑顶顶顶,2,给我道歉_,483636508
27,2019,8,11,好听,0,贵柜柜,108713551
28,2019,8,10,直播过来的，居然没听过燕姿这首歌[大哭][大哭],2,Red一Bean,46457823
29,2019,8,10,虎扑从jj和燕姿合麦视频过来的，good song~~~,6,爱音乐者kai,1467550082
30,2019,8,10,"从JJ直播间过来的欧   好听吹爆[亲亲]
爱坡花和坡草❤️",4,MF星海,390307594
31,2019,8,10,对，不过是外国语学院的,0,罗秀秀emmm,1348132952
32,2019,8,10,期待两位神仙合作,0,lesucre--,272534319
33,2019,8,10,应该会有一堆从直播间过来的吧，哈哈哈哈,7,大喵说多谢啊,295671049
34,2019,8,9,期待坡花坡草的新合作呀！！！老林作曲 燕姿填词 神仙组合❤,2,林导师的小迷妹,404761165
35,2019,8,9,他说来的哈哈哈哈哈哈哈哈哈哈哈哈哈哈,1,我很鱼块,125768521
36,2019,8,9,期待他说！！,3,所以呢H,441753912
37,2019,8,9,好好听，期待合作,1,形释,385077361
38,2019,8,9,舍友三人在SG做交换，今夜发着烟花照。下午老林在ig和姿妈合唱这首歌，庆祝这天。还有他说小时候国庆那天喜欢开着电视一整天，和大家一起看烟花的直播。突然有种时空交错的感觉。,3,andalive_save,301282378
39,2019,8,9,yeah 直播来的,2,故事细腻Lemon,318542597
40,2019,8,9,一回生二回熟,0,冬阳1110,111539793
41,2019,8,9,今天也来听这首，是因为喜欢的一个新加坡男生,3,冬阳1110,111539793
42,2019,8,9,直播来的没错了,3,凉风小鱼,62491524
43,2019,8,9,因为她必须保证自己填满镜头，这样纳小子出来才不会被拍到[大哭],0,NTUfail,71924954
44,2019,8,9,啊啊啊啊啊直播啦 期待合作！,3,-arashi岚_,381391590
45,2019,8,9,哈哈哈哈哈哈直播观光团！！活在别人直播里的孙燕姿女士！！！,7,非也非飞,440312810
46,2019,8,9,这次连jj没那么害羞了，上次在阿妹的live一直躲镜头，但是什么时候能在自己的ig fb开播[大哭],3,Stef_小黃瓜,509976485
47,2019,8,9,哈哈哈哈直播来的,2,戴雅楠想做一条鱼ya,436112854
48,2019,8,9,好听,2,故事细腻_twilight,293319749
49,2019,8,9,蹲一个林俊杰和孙燕姿直播合唱,7,您放屁,56058341
50,2019,8,9,真的吗哈哈,0,_吴子诚,275017518
51,2019,8,5,广师大院歌…[呆],2,罗秀秀emmm,1348132952
52,2019,8,2,燕姿是我的女神,1,加油太阳,1398176371
53,2019,7,31,爱燕姿[爱心],0,Gagascocoon,379177192
54,2019,7,28,牛逼,0,BOWPINK,98334224
55,2019,7,24,当年很想去贵校读MBA，因为很想做燕姿的校友[大笑],0,alanwing,50655441
56,2019,7,22,我们是英语的暑假作业要学唱，翻译歌词，分析句子。问题在于我五音不全[大哭][大哭][大哭]迷茫[大哭][大哭][大哭],2,HAlIvy,645624024
57,2019,7,22,冷门之一 ,0,Spongebobbbk,568815194
58,2019,7,18,同意啊啊，不管开场还是收尾都让人激动到泪目[流泪],0,Sulite_,343351961
59,2019,7,11,中文版还有这首都给人很暖心的正力量,0,Chertime,83946830
60,2019,7,10,20周年巡演请这首歌必须拥有姓名！！！,1,毕花先生,2558997
61,2019,7,10,孙燕姿 我爱你！,0,Spongebobbbk,568815194
62,2019,7,8,牛🐮❌啤酒🍺,0,飞流-三千,1572289778
63,2019,7,5,哈哈哈，没好好学,0,Jay爷,600324080
64,2019,7,5,牛逼,0,Jay爷,600324080
65,2019,7,4,当年我提议下做的班歌。。好怀念,1,丝霄,3102815
66,2019,7,2,英文歌基本都唱不了[多多大哭],0,八九不离食小姐,133898896
67,2019,6,29,坡县都这样,0,s1ck1000,1471605268
68,2019,6,29,一起走到，,1,s1ck1000,1471605268
69,2019,6,29,新加坡南洋理工大学啊，牛x,5,s1ck1000,1471605268
70,2019,6,19,啊！初中听的歌！！,1,刘海碎大石,124348185
71,2019,6,17,牛鼻的人生,0,我不行我不上我就哔哔,274446301
72,2019,6,9,声音太好听了,0,如我-梦中人,1556368224
73,2019,6,9,你有见过国庆歌曲放进自己专辑的吗？孙燕姿独一份[大哭],3,mathroccck,321013777
74,2019,6,9,想不到我也毕业了,0,绝河难断,364348455
75,2019,6,5,歌词错误好多,0,是_时候,555105313
76,2019,5,29,"我剪下一纸灯光，
放它与天空，
于是黑夜都亮了。",1,一定一定要微笑呐,1697911570
77,2019,5,22,2019又是新加坡国庆 又是这首歌的贯穿始终,4,WhaleZzzz,75356476
78,2019,5,21,一如既往的好听,1,枣糕少女宋觉觉,116531378
79,2019,5,3,超喜欢😁,0,丽萝的史迪仔,1720539393
80,2019,5,3,2002年新加坡国庆的歌,0,千里念行客,6801263
81,2019,5,3,还有一个月 冲刺！加油鸭！我一定可以的！冲鸭冲鸭冲鸭！！,0,-失踪-_,1552615892
82,2019,5,1,第一次听就被吸引到了,0,宁静盼远,1617373895
83,2019,4,30,孙燕姿唱英文歌的咬字还蛮喜欢的,2,ImOkay823,50669672
84,2019,4,30,同一张专辑中英文同步发的,0,叶子问,102246014
85,2019,4,27,我说咋一听这么熟  到底是先作中文还是英文的呢一开始的时候,0,你家阿二头,292483869
86,2019,4,19,这首是我当年那个128M的MP3里面最大的一首歌，有9M吧，很纠结删不删，毕竟一首当其他三四首了,4,k19烧香,442199512
87,2019,4,17,happy birthday to me  最爱的Stefanie,1,Spring_露桥闻笛,130021506
88,2019,4,13,燕姿的声音一如既往的好听,2,冰薪q,353130041
89,2019,4,4,好听,0,程大事,260517754
90,2019,3,19,我也是,0,达娃也迪,533806110
91,2019,3,14,"一起走到
",1,回归线以西,312076039
92,2019,3,5,培根,1,ppppppppeq,134171673
93,2019,3,4,第一首入坑的燕姿的歌。当时觉得怎么会这么好听，虽然很小众，但是当时就是用收音机将磁带倒过来翻过去，单曲循环无数次。,3,Sally的藍色大門,369918568
94,2019,3,2,XFUN❗哈哈哈,1,stander-,1323819929
95,2019,2,17,还记得当年是新东方夏令营的班歌......而今已经在国外八年,6,Hwast,37890470
96,2019,1,28,才知道一起走到还有英文版,8,愚昧和偏见,354327993
97,2019,1,18,初二开学的英语课上，班里一位漂亮女生唱了这首歌。之后知道她去了新加坡，再后来就没了联系。,6,jinyeye,125882824
98,2019,1,17,班歌啊,2,Caine_Gu,449175253
99,2019,1,17,我喜欢这张专辑，还有未完成那张,4,华_筝,15247544
100,2019,1,9,[多多大笑][多多大笑][多多大笑],1,魔法少女Clytze,570886595
101,2019,1,3,中文版 一起走到,1,一杯百万理由,61370118
102,2019,1,3,谢谢当年给我做签培的Stefanie,1,未完成的诗篇,29776573
103,2018,12,31,不知是哪位同志,1,雪原过飞鸿,1704857929
104,2018,12,31,班歌啊,1,雪原过飞鸿,1704857929
105,2018,12,23,Xfun~~,1,安殇,69413175
106,2018,12,22,一起走到？,1,动特不瑞克,402354669
107,2018,12,15,棒！,0,卧龙哥哥,365876816
108,2018,12,6,💙,0,少年楠仔,38253579
109,2018,11,30,真棒[强],2,YIOU_MUSIC,583829231
110,2018,11,30,11级表示也是这首歌,2,Caesaren-,347556553
111,2018,11,21,棠湖中学高2009级级歌,2,暗桥寻雪,39698159
112,2018,11,21,可是题还不会做，哭泣,5,云_安安,1395846467
113,2018,11,21,永远要记得，被命运打趴下的时候，我们还是要爬起来，拍拍身上的土，说:“来，咱们三局两胜。”,6,云_安安,1395846467
114,2018,11,18,第一次听这首歌是表姐说她们学校广播站每天放这个,0,ZY-7,17531038
115,2018,11,18,武汉中学02届高三九班班歌（没几人会唱。。。）,1,campo720,1322519772
116,2018,11,5,看过MV的都知道 这个拍的很官方啊,1,DLiu征,1547698107
117,2018,11,1,权利陪伴我们成长这句翻译也是错得离谱!,4,Islandofcyril,48634536
118,2018,10,21,高中英语老师给放过，印象深刻[可爱],2,上帝不抽烟_,16841924
119,2018,10,14,好听,0,蔷薇菌,404227352
120,2018,10,11,果然，燕姿的歌一首都没让人失望过……,2,小玻璃瓶子QAQ,1302334633
121,2018,10,11,我只是无脑从上面一路刷下来的这首歌……,2,小玻璃瓶子QAQ,1302334633
122,2018,9,16,老师讲唱的路过,1,豆原一成给我冲冲,547802865
123,2018,9,14,燕姿的老歌，很有正能量，希望一切都好,0,珈曳,637769065
124,2018,9,9,Xfun发现的,3,LohJ_,102159229
125,2018,9,9,"华师一人的共同回忆！那个夏天！热情似火。如今要找工作了，希望拿到满意的offer,fighting!",5,江城浪子123,354248531
126,2018,9,4,考研倒计时109天，1.01的109次方。加油加油加油，量变和质变的临界点很重要[哀伤],5,舞法仙女不会唔,421654846
127,2018,9,1,留学过去的吗,0,shyushinyo,320855621
128,2018,8,30,xfun,2,高啸坤,1375040842
129,2018,8,28,xfun，新加坡特辑主题曲，从高二追到大三，现在重温一遍，真的好看,4,绍青很聪明,437159499
130,2018,8,26,翻译错了we will start again ANEW(anew是副词)不是a new ......,3,是_时候,555105313
131,2018,8,26,喜欢这首啊啊啊,1,是_时候,555105313
132,2018,8,24,想起04年高中暑假在培训班宿舍和一群小伙伴 ,0,这世界没有April,258143594
133,2018,8,21,把所有有华师一的评论都赞了一遍，已经工作两年了，那个暑假在家里学习这首英文歌的场景依旧历历在目,3,climp,644347531
134,2018,8,21,10年入校的学的是这首歌,1,climp,644347531
135,2018,8,9,评论怎么这么少[禁止],0,Cherry_1989,325467912
136,2018,8,6,"曾经那个她的QQ空间的背景音乐，听见过去的歌总会想当时为啥不珍惜。
不过我会吸取教训，珍惜，爱护现在相濡以沫的妻子",4,孤鹜o0,52550791
137,2018,8,5,hand in hand,0,林34,400839327
138,2018,8,3,第一次别人推荐的比较难忘的歌,0,冰雨湖,310468838
139,2018,8,3,羡慕羡慕,2,跳舞的梵谷yanzi,318974517
140,2018,8,3,🎧,0,_诗芊,81037679
141,2018,8,2,嗯，学习唱这首歌，虽然好像也没有考察什么，总之记住了一首好听的歌就是了。,1,超chao大鸡腿,45715178
142,2018,7,31,比一起走到歌词更棒,1,浮躁的异想世界,572631665
143,2018,7,30,好听就是了，姿姿无可替代啊,1,郑旭1983,623072266
144,2018,7,27,华师一附中高一暑假入学时知道的这首歌，作为英语作业要求会唱[大哭][大哭][大哭]转眼毕业都已经5年了，仍然历历在目[大哭][大哭][大哭],11,-素月明河-,1362067157
145,2018,7,25,好听,0,姚大白,268625
146,2018,7,23,如果不把它搞过，我这辈子都会后悔的！如果不尝试，不曾追求，我的生命是没有色彩的，我的人生也是不完整的。,0,牛抗,429347477
147,2018,7,20,我要学这首英文歌,0,Paddy2,80378003
148,2018,7,17,哈哈哈哈哈哈哈,2,那个米饭,8910787
149,2018,7,11,学校合唱比赛，我们班前半英文版，后半中文版。声音一下就大了！估计把评委吓着了！[大哭][大哭],3,Corfu-,274788490
150,2018,7,10,这个版本也超好听啊[爱心],0,oh叶新鲜,102382275
151,2018,7,6,嗯嗯，一起加油,0,Bl0204lY,325890743
152,2018,7,5,听说要入籍，pr不够[大哭]不过拿到pr入籍就是一步的事了,0,charles_leong,274739543
153,2018,7,5,拿pr啦，加油,0,Bl0204lY,325890743
154,2018,7,4,15年就用过了？我是在18年列表的新加坡4新山的结尾听到的[大哭][大哭][大哭],1,5cm的彼端,396046581
155,2018,7,1,我说旋律这么熟悉,1,Nickle丶丶,537398257
156,2018,6,28,真希望能参加一次NDP啊，可惜不会有机会的,2,charles_leong,274739543
157,2018,6,25,当年念成都外国语学校 有一年毕业季散伙表演高年级一个班在操场练习合唱这首 回去就找到这首歌把歌词抄下来帖在宿舍床下柜上了[大哭]..然后知道歌手叫孙燕姿,1,小剑龙,106543292
158,2018,6,25,作业是唱这首歌吗？,2,汉口大雀雀,15177046
159,2018,6,19,xf,1,跑偏的提莫,103842147
160,2018,6,9,#孙燕姿出道18周年#,1,天越亮夜越黑,369782654
161,2018,6,5,同样从大学开始追到工作，个人觉得是国内最好的美食旅游节目,0,Lsy_yue,248824706
162,2018,6,4,我喜欢,0,letthemgo,1300433466
163,2018,5,29,新加坡专辑,0,REYNG,109255299
164,2018,5,20,我还以为就我是因为x fun吃货俱乐部来听这首歌的 看到这么多跟我一样的原因来的 感觉亲切啊 看这期节目的时候有两三年了吧,2,_我是温度计,481761422
165,2018,5,16,作为老乡，为你感到骄傲,1,忙碌与远方,366317571
166,2018,5,8,姿妈[亲],1,云_安安,1395846467
167,2018,5,3,啦啦啦,0,毛毛虫0912,323067104
168,2018,4,29,一起走到,0,letthemgo,1300433466
169,2018,4,29,xfun来打卡,0,serenitycll1708,134106918
170,2018,4,27,大家好我是杰森[色],0,美利坚驻苏州布政司,3177390
171,2018,4,27,"重温xfun新加坡特辑的BGM真的很有feel, 不知不觉看了五年啦，从刚读大学到毕业工作，这五年安利了身边越来越多的人看这个节目，从国外版到国内版，xfun可以说是我的青春啦[爱心]",6,QuadrupleChan,408901559
172,2018,4,21,[Xfun吃货俱乐部 背景音乐]五年了 真的很多感触 希望越来越好,4,JasonZoye,261986905
173,2018,4,21,we will get there,0,贰拗,3214154
174,2018,4,19, 陪我走过16个年头的歌星。我爱她！,2,Christina_Queen,365845644
175,2018,4,19,滴滴～XFUN,0,SungYure,22026134
176,2018,4,18,一起走到的英文版？,5,nidemingzi你的名字,586048443
177,2018,4,17,XFUN吃货俱乐部！！！,1,黯淡的世界,91705038
178,2018,4,15,xfun 吃货俱乐部 刚刚完结的新加坡。,2,MIXFM大乐,321151
179,2018,4,14,滴 xfun卡,5,沅江扛把子,84551659
180,2018,4,14,滴滴～xfun卡～,5,少年小黄,276893749
181,2018,4,14,xfun也5年了～[爱心],6,蹦蹦蹦2,124364630
182,2018,4,14,哈哈哈哈这么多xfun卡～[亲亲],4,蹦蹦蹦2,124364630
183,2018,4,14,Xfun卡[呲牙],3,甜甜Jessica,489474140
184,2018,4,13,基本全看了 我也追了好多年啦,3,催眠李1710,543310304
185,2018,4,13,哈哈国内版还是可以的  国际版的你可以从最开始开始看 还是挺有意思的  从jason一个人跟摄像师傅到孙夏越来越多人  还是挺好看挺有爱的,2,所以他是小丑我是大爷,362005352
186,2018,4,13,哈哈 最近也在看国内版。希望来西安。不知道能不能碰到,0,催眠李1710,543310304
187,2018,4,12,高一晚会班里唱的这首歌～,0,鬼畜的考拉,393719062
188,2018,4,12,我也是  从高中开始看看到大学现在都大三了  一直看没断过  还专门追过他们去过的饭店哈哈哈哈哈,0,所以他是小丑我是大爷,362005352
189,2018,4,12,哈哈 我刚也看看刚看完xfun 才知道这首歌的。一直追随xfun [星星][星星][星星][星星][星星],3,催眠李1710,543310304
190,2018,4,12,哇评论这么少,0,是一万,411682261
191,2018,4,11,滴，xfun滴滴,6,sidneygao,2092523
192,2018,4,11,滴～xfun卡,5,踏浪的蜗牛,563176723
193,2018,4,6,tieba kandaode bangwodianxiazan,1,Yu_zhang丶,133068143
194,2018,3,27,我的英语啊,1,33轉的LP,630862795
195,2018,3,23,因为xfun而认识了世界，从饮食知道世界多么精彩，感谢孙燕姿也感谢xfun，你们陪我过了好多年快乐的日子，让我难忘的经历。,6,所以他是小丑我是大爷,362005352
196,2018,3,21,居然最近才知道这个节目,0,TeWED,107730827
197,2018,3,18,[爱心]燕姿唱的都好听[爱心],3,-----Stefanie,454876432
198,2018,2,24,今年八月要去新国立读研了。因为孙燕姿一直想去新加坡读书。真好，实现了。,9,gogoNUS,74053729
199,2018,2,13,西南大学附中的只有我一个嘛[大哭]临风楼起床音乐有毒,3,用户416814089,416814089
200,2018,2,11,一起走过！,1,翻车的果子狸,271298911
201,2018,1,28,英文版本好听一点,1,王金1711,632842409
202,2018,1,25,11:40,0,林守乐,55243746
203,2018,1,20,打卡,0,小怪和BOSS,382491614
204,2018,1,18,翻译真的醉了[呆]对照发行的中文版看比较好,0,珊瑚不是礁,1345040595
205,2018,1,15,yz，高一学的，很怀念那段时间啊，也不算无忧无虑，但至少比现在轻松[哀伤],0,叮当嘟噜当,101605797
206,2018,1,15,there's  still   a  long  long  way   to   go,1,Scorpion394,309535112
207,2018,1,14,哈哈，我看到了xFun吃货俱乐部的粉丝了,2,打小不爱吃饭_,331909603
208,2018,1,9,您是考研考到新加坡还是？,0,曾经的你blade,319148653
209,2018,1,9,西安人？,0,曾经的你blade,319148653
210,2018,1,8,高一的时候学的这首歌，想念高一的初恋，想念教这首歌的老师,2,凯凯凯kai呀,1333574374
211,2017,12,27,300 不存在的,0,_Molloy,432101482
212,2017,12,21,[爱心],0,孙燕姿的手,100429699
213,2017,12,21,超级喜欢这首歌 无论是中文还是英文 后天考研所有的筒子们 加油!!! We will get there.,0,洧川以南,298278804
214,2017,12,14,对哒！！！！！超后悔！！！,0,Candyelfffff,120145529
215,2017,12,13,听了好多年还是学不会 英语差啊,0,湖人死忠,7776579
216,2017,12,8,1711班的学生来此打卡   班主任要求唱这首歌,1,Domyeyes,630586581
217,2017,12,4,专门找BGM找到这的，哈哈哈,1,lafetee,411356069
218,2017,11,30,[憨笑],1,Kepler-3,378301025
219,2017,11,29,评论区果然好多华一校友🤣🤣,2,昼夜轮,131172326
220,2017,11,28,打卡 早安,0,孙燕姿的小迷妹啊,327977684
221,2017,11,28,哇，居然没有999,1,小怪和BOSS,382491614
222,2017,11,26,考研加油！坚持到最后！相信自己！,3,Mi喵小姐,314755331
223,2017,11,23,we will get there,0,__藏_,252422095
224,2017,11,22,看来知道燕姿英文版的这首歌的人不多[呲牙],1,赤云轻风,553811015
225,2017,11,19,明明是一首积极的歌曲  却被我听的那么伤感  想起一句台词大概意思是:终于千辛万苦来到了这里  本来以为是两个人的    。。谢谢曾经,0,盒子里的鱼,69381446
226,2017,11,11,[爱心],0,活着只求好玩,266447964
227,2017,11,7,对的,0,Candyelfffff,120145529
228,2017,11,7,14年？,0,爪冢梦作男,42632124
229,2017,11,5,好爱,0,_吴子诚,275017518
230,2017,11,4,记得初中时这首歌经常拿来作为合唱曲，励志啊,0,ccchensss,384144707
231,2017,11,4,歌词的翻译也真是够呛[撇嘴],0,一叶灵火,50481190
232,2017,11,1,马上毕业了，想起自己大一竟然因为大物课错过了你的演唱会，那貌似是离你最近的一次,3,Candyelfffff,120145529
233,2017,10,30,当年我多爱孙燕姿啊，高中毕业的升学宴讲话，还唱过这首来着😁一晃十来年，已经开始听肖邦了😌,1,白蘑菇遛弯儿打盹儿,35969659
234,2017,10,28,我们一天本着脸的班主任有一天突然说，要把这歌打印出来贴在后面,1,孔千,300963125
235,2017,10,25,是啊[可爱][可爱][可爱],1,星华月影,448547094
236,2017,10,25,这么巧的嘛[鬼脸],0,卡其宝泥,330453229
237,2017,10,24,我们是一个学校吗，我们昨天也是专四动员大会放的也是这首歌哎[憨笑],1,星华月影,448547094
238,2017,10,24,这首歌还是我高中时候听的呢，转眼这么长时间了[呆][呆][亲][亲],1,傻子-笨蛋,1331490
239,2017,10,23,专四动员大会上在播这首歌,2,卡其宝泥,330453229
240,2017,10,22,挺好听的,1,莫名遇见,125838300
241,2017,10,21,一起走过,1,仙林小牛奶,99657967
242,2017,10,20,初中时候第一次听这首歌！当时是我最爱的歌！十几年过去了……,2,盈盈yingying939404,486404952
243,2017,10,12,不错,1,-----者,115918895
244,2017,10,12,xfun俱乐部忠实粉,4,ChunKit_Kong,113264227
245,2017,10,9,第一次在新加坡听，真的好听,1,用户302464136,302464136
246,2017,10,6,xfun,1,MIXFM大乐,321151
247,2017,9,30,开学以来第一次打卡[星星],2,我独南行Z,133815629
248,2017,9,23,当时姐姐mp3上的歌，通过这首歌喜欢上了燕姿[可爱],1,Solkatt_Mysa,268371455
249,2017,9,18,初中英语老师推荐的，一直都有听,1,轻盈栀子香,545773918
250,2017,9,10,很久前看xfun吃货俱乐部新加坡特辑听到就爱上了[大笑],4,歌神在浴室觉醒,348981953
251,2017,9,8,听小郑翻弹过来的么,1,lemon__Ya,313601669
252,2017,9,3,进化了啊哈哈,2,KitKat__,41723861
253,2017,9,2,终于找到 了,1,大米饭酱,64911007
254,2017,8,24,等等，不是华一的吗，那就不清楚了,2,离中,61851480
255,2017,8,24,真的吗,0,恩嗯摁蒽唔佛,550118125
256,2017,8,24,好巧,0,恩嗯摁蒽唔佛,550118125
257,2017,8,24,也是也是,0,恩嗯摁蒽唔佛,550118125
258,2017,8,24,我也是啊,0,恩嗯摁蒽唔佛,550118125
259,2017,8,23,[憨笑],1,孙燕姿的锁骨,17714009
260,2017,8,21,看xfun 吃货俱乐部，听到像燕姿的声音。果断搜了,0,何何哈哈哈哈哈,548066866
261,2017,8,21,"Believing in trust' it must be possible to overcome anything.
心中永远笃信终能征服任何艰难险阻",2,送一轮明月给她,514998235
262,2017,8,20,初中比赛曲目😂😂,0,努力ROY,453774901
263,2017,8,19,人好少,1,绝对空前a,472063851
264,2017,8,18,初中升高中，入学前必学暑假作业，华师一～,4,HXD3D-1893,448498460
265,2017,8,16,高中班歌是中文版，大学班歌是英文版[大哭][大哭],7,qingdaojunzuo,76319100
266,2017,8,16,bx二中,1,嘿渣拉,401463616
267,2017,8,11,是的,1,南凌子,109443454
268,2017,8,11,哇，校友,2,南凌子,109443454
269,2017,8,10,当年可是必学曲目当初升高作业布置的，也许是为了强调学校的某种精神吧,3,超chao大鸡腿,45715178
270,2017,8,9,是滴,1,Hero梦幻,508398937
271,2017,8,7,啊哈！又找到一个校友,2,Hero梦幻,508398937
272,2017,8,7,哇，你也是bx的啊,0,Hero梦幻,508398937
273,2017,8,7,开学的作业就是学会这首歌        太无语了[汗][汗][汗][汗],1,Hero梦幻,508398937
274,2017,8,7,这们好听的歌 居然这几个评论[汗][汗][汗],0,stefanielinli,381772956
275,2017,8,6,假期作业要学唱这首歌,0,darkest-light,510952922
276,2017,8,4,14:42,1,林守乐,55243746
277,2017,8,4,为啥要学这首歌 （这么好）,1,林守乐,55243746
278,2017,8,2,❤初中大合唱的歌，转眼都大学了❤❤❤❤❤❤好爱,2,希丸子,395113146
279,2017,8,1,怀念2002年世界杯的暑假，好快已经15年了,2,酱油引导淫民,37076029
280,2017,7,31,私人FM[爱心],0,Diamond别来无恙1006,333709679
281,2017,7,31,好多班歌喔[可爱],1,孙燕姿的锁骨,17714009
282,2017,7,26,喜欢,0,小嘎超级chill,122965603
283,2017,7,24,我们记得的日子，不就是秉持信念聚在一起么？,0,shiyims,409552909
284,2017,7,23,好听啊,0,fythere,87983870
285,2017,7,23,南洋理工！[强],2,KitKat__,41723861
286,2017,7,18,在微博上看到新加坡国庆燕姿唱这首歌，live稳得不可思议，那种坚定的眼神，太帅了,2,Islandofcyril,48634536
287,2017,7,17,我喜欢这个作词陪我姿的声音,0,叫我小翁就好,68707654
288,2017,7,16,[爱心],0,嗯文文呀,118133891
289,2017,7,14,"翻译略矫情~",0,埋伏的警醒,329529310
290,2017,7,13,爱姿,1,姿意燕为,263726012
291,2017,7,10,诶巧的呦,0,是这个海绵,261891221
292,2017,7,9,2010莫斯科世乒赛新加坡女队夺冠，乒乓王国用的就是这首当节目主题曲。,2,雷欧sama的移动城堡,411110808
293,2017,7,7,同二中,1,LIZE--,350425604
294,2017,7,5,这首歌总是让我想起很久以前的高中，每天早起上学，每天都希望遇见暗恋的女同学。日子很平淡又很充实。孙燕姿的声音，真的好温柔,4,一张烧饼一路痴迷,287393789
295,2017,7,3,是！！！校友！！忘羡！！！啊啊啊啊啊啊！！汪叽啊啊啊啊啊！鸡冻,1,是这个海绵,261891221
296,2017,7,3,同城!你上二中是吗,1,江止浊,363499030
297,2017,7,1,同！,2,是这个海绵,261891221
298,2017,7,1,我们学校入校必学曲目,3,江止浊,363499030
299,2017,6,26,一起走到,0,计时人生,258834281
300,2017,6,23,这是一起走到的曲吧，楼上班歌那几位，羡慕你们！,1,Mundaney,40198814
301,2017,6,21,哈哈哈 北海淀外国语8班,1,thenshe,2873200
302,2017,6,21,郑州外国语14班？,2,晨麦麦,508237204
303,2017,6,20,那张纸上的作业老师不会检查的。17级。,0,离中,61851480
304,2017,6,20,羡慕你能走过燕姿的路,0,玛格烈特__,32903226
305,2017,6,19,Xfun过来的，第五年了，加油！,0,EllenLG,135252619
306,2017,6,17,咱都是洛阳的，但不在新安,0,叠加态,133026520
307,2017,6,17,一看就是华师一校友233333,0,湖中森,86312535
308,2017,6,17,校友吗？ XAYG,0,Wubba-Lubba-Dub_Dub,304509954
309,2017,6,17,确实！,1,叠加态,133026520
310,2017,6,15,我高中的班歌，今天看夏至未至，忽然发现当年的班主任好像闻人老师。,1,thenshe,2873200
311,2017,6,14,不要忘记自己的初衷噢！,1,蜜橘柠檬,3068191
312,2017,6,9,这首歌在新加坡的地位差不多相当于国内的《明天会更好》，是各单位组织歌唱比赛里最常选的歌之一,10,壹知花,270497976
313,2017,6,9,17周年快乐，我们17陪你走过,1,张乐川723,12325962
314,2017,6,8,当年高中艺术节上唱过。。。,0,昧见姬,252483770
315,2017,5,31,"谁特么要让我选最爱我姿哪首歌我就弄死谁，这不是明显让我大脑短路找茬吗，啊，敢问我就敢弄死你！！！
",2,凌晨三点不睡觉的雨果,120801740
316,2017,5,31,"手动踩爪印，端午燕姿专辑一日游
",0,凌晨三点不睡觉的雨果,120801740
317,2017,5,29,来来复复的单曲循环 大四毕业更浓稠。孙燕姿的歌总是有这样的力量吧 代入心境-端午的末尾,2,Jiyingchen,70670481
318,2017,5,24,[爱心],0,Sun_V_,121326119
319,2017,5,16,有品味的学校,1,清凉油A,255667395
320,2017,5,16,这个前奏是我们当年初中英语模拟考的听力开篇。。满满的回忆,4,CharisSawSaw,290436111
321,2017,5,15,TO get there,0,DanCingVanGogh,263043497
322,2017,5,15,together,0,DanCingVanGogh,263043497
323,2017,5,15,那份报纸我还保留着呐！！就在手边,1,于21,71990147
324,2017,5,13,we will get there,1,冷羊羊_,63281378
325,2017,5,11,高考前一天晚上紧张睡不着，听这首歌听到半夜，15年了，好像在昨天…,0,昵称不能太有个性不然容易网红,936722
326,2017,5,10,伴随整个高三,0,spaceyxu,443871393
327,2017,5,10,当年学的第一首英文歌，暗恋的男生喜欢燕姿，我就傻傻听了燕姿所有歌，想引起他的注意，就想等他来问我一句，你也喜欢燕姿啊！有时候会怀念当年会怦然心动的自己，青春真好。,4,梦里浅夏青春,432159976
328,2017,5,4,那么少人？？！！,0,Wiiils,113196909
329,2017,5,2,对啊！为什么只有170条？,0,RAINBOWandCOFFEE,91051796
330,2017,4,29,如果有勇气站在一起，我们至少可以试一试，然而现在只能守望你的背影,1,星爵的磁带,408740787
331,2017,4,25,高中英语听力试音放的歌，好怀念啊,3,Wubba-Lubba-Dub_Dub,304509954
332,2017,4,25,高一英语课英语老师让我们课上学着唱的，现在一晃都高三了，特意搜了这首歌怀念一下,0,叮当嘟噜当,101605797
333,2017,4,16,当初入校要求学这首歌 其实开学也没有检查 大家也都把这作业当了一个笑话 然而高三成人礼走成人门时这首歌的前奏刚响起全场就沸腾了（妈个鸡又要哭了）,6,站到空调后面去,96270701
334,2017,4,16,厚德 博雅 笃学 敏行[奸笑],5,站到空调后面去,96270701
335,2017,4,5,一起走到,2,与鹅结婚的猫头鹰,102577326
336,2017,3,30,被你拉回了2012年[大笑],1,请问现在几点了,117314489
337,2017,3,18,这个评论数不科学！！！！,1,AlanLeeLi,394635005
338,2017,3,13,南洋理工大学！[大笑],1,LONGCINE,100922734
339,2017,3,10,一起走到……,0,海绵1874,298588296
340,2017,3,4,小学英语老师Miss OuYang我们唱过这首英文歌。现在Miss 都变成 Mrs了吧,3,JanStevens,134194445
341,2017,2,23,是呐，我也是从英语报纸上听来的。,0,看风景的懒人,50304395
342,2017,2,2,可惜我们不能走到最后,2,fionafung187,375372444
343,2017,2,1,哈哈哈，我也是看的时候听到才注意搜了,0,我很帅不要靠近我,18469190
344,2017,2,1,燕姿是新加坡国宝~,5,Season-or-Nemo,100424826
345,2017,1,19, 深深的话 浅浅地说 we will get there. ,0,荀沅,309138192
346,2017,1,15,评论这么少，不正常,0,Solkatt_Mysa,268371455
347,2017,1,14,天啊，读白也好好听[色][色][色]出个读文字不唱歌的专吧！我要买！,1,帐号已注销,98513658
348,2017,1,11,一起走过！,0,默然子,78128635
349,2017,1,11,时格一年 通过自己的记忆 搜索各个音乐平台 还是靠自己的记忆找到这首歌,0,嘿丶老船长,248388026
350,2017,1,7,hhh you have me sympathy ,1,未完成Lsy,12457810
351,2017,1,6,新加坡特辑,1,旺旺小小梅,87359722
352,2016,12,17,But listening to this now brings back lots of fond memories for me somehow[大哭],1,帐号已注销,353021908
353,2016,12,17,Ugh I was forced to learn this song years ago for national day celebration...[痛苦]I listened to this for so long I grew sick of the tune.,0,帐号已注销,353021908
354,2016,11,27,燕姿，姿迷永远陪着你不脱粉，好与坏我们都一起走过,1,张乐川723,12325962
355,2016,11,26,英文版，中文版[大笑],0,徐丨若木,246749232
356,2016,11,26,吃货俱乐部,1,是園媛啦,271314556
357,2016,11,25,应该有句歌词是 world full of hope,0,Ryan是只猫,330536794
358,2016,11,23,北大DV六天的爱情，十年了。想起大学时候的自己好2B   23333[大哭],2,腾讯TIM,249234625
359,2016,11,21,南洋理工大学，非常厉害。,5,天才麻将少年富坚义博,40616164
360,2016,11,21,[亲亲],1,鄒爸比,85768778
361,2016,11,20,成熙中级班的班歌，四年大学中印象最深刻的一段时光……,0,薄荷奶绿猫,56694626
362,2016,11,14,一起走到英文版[大笑],0,我只会乱乱唱,272309134
363,2016,11,13,我是先听一起走到再听这首，还以为是自己耳朵听错了,0,啊肚子好饿啊,248242625
364,2016,11,1,当年靠着这首歌英语才艺展示第一名。忘记什么鬼考试了还要英语口语考试加才艺展示（歌曲朗诵任选）[亲亲],0,DICI小气鬼,252271359
365,2016,11,1,我爱你💓,1,帐号已注销,82181418
366,2016,10,23,和一起走到同调啊,0,鸡肋不是,81816871
367,2016,10,21,感觉可以拿来做奥运会主题曲,2,Ryan是只猫,330536794
368,2016,10,16,xfun吃货俱乐部新加坡特辑～,0,ZhaoXuanCheryl,62547152
369,2016,10,13,我已无法分辨什么是冷门什么是热门 每一首歌都是一个回忆片段 都是我的青春宝藏,4,花椒吖好麻,9592890
370,2016,10,9,爱姿,0,姿意燕为,263726012
371,2016,10,8,爱姿,0,姿意燕为,263726012
372,2016,10,7,爱姿,1,姿意燕为,263726012
373,2016,9,18,12年时的暑假作业，唱了好久，就喜欢上了Stefanie Sun,1,Novelaaa,309570293
374,2016,9,8,听歌，想起你，想起空档教室中的我们三个。是的，我们回不去了。他结婚了，我结婚了，你呢？他结婚的前一天晚上，你打给我的电话，是想说些什么呢？和我吼“我是你哥”只能让我苦笑，又能怎样呢？你说过的“打断骨头连着筋”的亲情呢？就是曾经的相互伤害么？可我依然怀念啊。只是我们都做不到了。,2,如墨清晨,7625720
375,2016,9,1,why don't we try？？？come on,0,木华清,95706565
376,2016,8,31,我也是高中  七年前  英语报纸上有这首歌  一整个夏天 晚自习之前班上都会先放这首歌再听听力 ,2,夏前诉,127285387
377,2016,8,18,遗憾,1,lively_,84932223
378,2016,8,10,好热的天,2,帐号已注销,3616642
379,2016,8,1,高二班歌,1,After1story_,282160880
380,2016,7,31,满满的回忆,1,kyle402,275674067
381,2016,7,31,慧慧。,1,北瓜头Fizz,45119770
382,2016,7,22,[亲亲],2,帐号已注销,3616642
383,2016,7,22,我姿没歌不好听,3,7leave,41611268
384,2016,7,17,简直就是新加坡精神！,2,阿狸最爱牛皮唐,3115486
385,2016,7,8,EA的会歌？[呆][呆],1,你家大思姐,74195401
386,2016,6,18,很好听🌹,1,MyBackisTurnedOnYou,60278770
387,2016,6,18,仔细再品歌词，简直新加坡精神啊,1,菲总,10293312
388,2016,6,18,满满高中的回忆！,2,一心一译翻译室,81330474
389,2016,6,17,有梦想,1,姿我,76551471
390,2016,6,12,第一次听到这首歌是14年前的高中[大哭],4,熊熊烈菠萝,52434555
391,2016,6,9,[大笑],1,云上与天,114325737
392,2016,6,9,不敢听,1,_congmian,133579213
393,2016,6,7,[爱心],1,孙燕姿的锁骨,17714009
394,2016,6,7,高三加油,1,evemoon,30946617
395,2016,5,27,在bedok secondary 天天唱。,1,宋子吟,9232657
396,2016,5,26,初中回忆,0,木华清,95706565
397,2016,5,23,03年，我在你同学录最爱的歌曲里写的就是这首。只同班一年，你读文，我读理。毕业后我留在省内读不入流的二本，你远去大连，一直喜欢你，但从来没有表白过，你太优秀，而我年轻时骨子里是低到尘埃的自卑，今年我还独自去你老家的楼下看了看。如今你已为人妻，我也是个父亲了，愿我们都好,5,泛黄的橙子皮,54588202
398,2016,5,22,22:29,0,林守乐,55243746
399,2016,5,22,燕姿早期的英文歌，也很赞哦。,2,南汐be-with-music,79763815
400,2016,5,21,"哇 还有英文版我孤陋寡闻了
",1,SilverLB,31727949
401,2016,5,16,看书的时候还是别听歌,1,喵喵崽丶嘤嘤怪,271310070
402,2016,5,15,[吐舌],0,65418,519706
403,2016,5,9,心情好了许多,0,米尔利安,132587849
404,2016,4,24,高一英语报纸的歌曲，夜晚老师讲报纸然后放了这首歌,1,拾年0-0,83614697
405,2016,4,16,好听,0,冰菊物语lbh,48413337
406,2016,4,14,更喜欢听英文版[吐舌],0,孙燕姿的锁骨,17714009
407,2016,4,14,FM推荐的，一看歌名心想我姿什么时候唱过这首歌怎么没听过！赶紧点进来，听着前奏，咦，这首歌原来叫这个名吗？再一听，喔原来是英文版本~~~,0,菲儿灰灰,62222598
408,2016,4,14,13年高考，那时的女朋友怕我晚上在寝室复习无聊，就把她的MP3给我听。还记得每天下了晚自习，寝室熄灯以后照着小台灯听着这首歌复习理综，虽然没看进去什么，但是感觉过的无比充实，一上大学就和她分手了，很遗憾。只能说我这几年一直没忘记你，希望你过的幸福快乐！罗小静,2,Swaggy-Science,74262549
409,2016,4,10,当年谁给邓肯的MV配的这首歌…,0,Walkinng,35449229
410,2016,4,6,有那么几年MP3里存满了姿妈的歌，多年过去一切都变了，歌还是那么好听,1,cwq1,69665931
411,2016,4,3,有姿迷说有一段时间很爱听这首歌，我想说的是，我一直很爱好么[亲亲],0,大米饭酱,64911007
412,2016,3,31,一起走到,0,雨陨,31875806
413,2016,3,25,我来顶呢首！！！！充满正能量的歌！！点解我我中意既歌都系甘小众！！,0,叉烧飞,48133181
414,2016,3,16,"In the end, hand in hand, we will get there.",0,R-Miracle,18469753
415,2016,3,13,初中的歌,0,鲸小七七七,107515439
416,2016,3,13,[可爱][可爱]谢谢,0,风景de卜卜星,705026
417,2016,3,12,那你真是太幸福了,0,iamyoungURnot,136070617
418,2016,3,11,"建议  别听CD版了   听些翻唱  现场之类的
",0,十字街头29,84520410
419,2016,3,8,这个词写的各种错误，我大网易怎么整的这是？,0,LITE2013,391253
420,2016,3,5,竟然听到这首歌 好遥远的记忆 ,0,蚀血V5,5732372
421,2016,3,3,"英语报纸英语报纸有木有！！！（暴露年龄……
",2,Uki努力地说道,14309211
422,2016,2,25,有多少孩子是华师一的入学作业才知道这首歌的？不知道现在还是不是,70,超chao大鸡腿,45715178
423,2016,2,24,突然翻到这首歌 久到想不起来怎么我会唱？？[惶恐],0,lan-08,106134809
424,2016,2,24,突然听到这首歌 久到想不起来怎么我会唱？？,0,lan-08,106134809
425,2016,2,15,[吐舌],0,甜一分苦九分ya,50669579
426,2016,2,14,十几年前最喜欢的一张专辑，现在听来还是那么的亲切,1,firecatly,105939103
427,2016,2,8,赞,0,ylrs,78308704
428,2016,2,5,[爱心],0,了不起的老人家,37782426
429,2016,2,4,有英文版了？[呲牙][呲牙][呲牙][呲牙],0,冷羊羊_,63281378
430,2016,2,1,[憨笑][憨笑]好听啦,0,readonlyFile,96915879
431,2016,1,30,[哀伤],0,冷羊羊_,63281378
432,2016,1,25,一起走到。。。,0,爱芒果de小石头,80587361
433,2016,1,24,吃货俱乐部在此,0,第六代锅巴菜,63724529
434,2016,1,24,充满着回忆的一首歌,0,Rick_ling,33686020
435,2016,1,20,江农经管第七届英语角 不知道有没有角角来这里听这首歌 再多的复杂情绪听到这首歌还是很开心[爱心],0,uknoWin_凉,49391503
436,2016,1,19,那天晚上面试完在宿舍等结果，听着这首歌，老师发短信告诉我录取了明天来开会，就这样听着燕姿的歌被燕姿的母校录取，奇妙。一转眼来新加坡6年了。we will get there,524,风景de卜卜星,705026
437,2016,1,13,如果你真的是孙燕美的话，你应该建议你二姐来网易云音乐看看，这里这么多的姿迷。,0,海外小仙人,65586509
438,2016,1,12,🇸🇬🇸🇬🇸🇬🇸🇬🇸🇬,2,孙燕美,542076
439,2016,1,9,小学文化表示可以有翻译嘛@云音乐小秘书 ,0,聆听lws,41837552
440,2016,1,9,比起中文版，更喜欢英文版,0,stefanie孙燕姿,33052332
441,2016,1,9,神奇[开心],0,Andreatvker,88808037
442,2016,1,2,[色],0,黑暗骑士-TDKR,37793064
443,2015,12,23,被xfun吃货俱乐部带过来的…还是最喜欢那会儿的节目！新加坡！,2,MetroMind,35403845
444,2015,12,4,敲好听,0,孙燕姿的锁骨,17714009
445,2015,9,28,把自己角色扮演好，全力以赴每一秒，早，以前有段时间好喜欢这首歌~,7,背了个影,26852587
446,2015,9,27,xfun吃货俱乐部,2,__对岸的婚礼__,52439285
447,2015,9,21,We wont get there,0,Chanukah,3905725
448,2015,9,17,i will get there,0,张乐川723,12325962
449,2015,9,15,最近听什么心情都不好[哀伤][哀伤][哀伤],0,milk珂,16731802
450,2015,9,14,45,0,Dandelion_clock,37700409
451,2015,9,8,[流泪]我的初三时光,0,傻子-笨蛋,1331490
452,2015,8,19,好听，励志！喜欢这首的节奏,0,猴面包树树,36497132
453,2015,8,10,好听好听！,0,被发丝缠绕的姑娘,7628741
454,2015,8,9,今天新加坡国庆盛典又听这首,107,WalesWave,3655553
455,2015,8,7,yanziyanzi.,0,帐号已注销,44991129
456,2015,7,31,这里是XFun吃货俱乐部- -,195,Crosner,51799509
457,2015,7,26,Singapore50,8,chloe723,63076219
458,2015,7,22,就是这首歌,0,半夏糖浆,37525925
459,2015,7,16,英文版更带感,2,usong,126617
460,2015,7,6,中文版  一起走过,0,那个思那个哲,61346177
461,2015,7,5,[呲牙],0,打卡环游网易云,29965618
462,2015,7,1,高中时候的歌,0,zita1101,14703118
463,2015,6,28,同张专辑的另一首《一起走到》就是它的中文版，一样的曲子，一样的歌词,0,fluent战士求收敛,61644046
464,2015,6,27,[跳舞],0,lolalimm,1038122
465,2015,6,19,我大爱燕姿,0,大米饭酱,64911007
466,2015,6,19,We remember the days' We sat out together with faith? Remember the times' so fine' When we thought that nothing could stand in our way? Then,0,ian小和尚,17443144
467,2015,6,8,xfun观光团,2,heigegegeger,62173681
468,2015,5,30,第一次听，虽然唱的是英文，感觉是中文的调。哼的音风格一贯。,0,liangyifu,37781029
469,2015,5,26,这是英语听力练习册上的歌,0,丨疯狂的芒果丨,70950061
470,2015,5,26,这首歌很暴露年龄，但确实很好听,1,malaxiu,25436790
471,2015,5,23,啊啊啊啊啊华师一人的回忆啊！又想起了那个激动的夏天！！！,43,超超超爸爸,68970701
472,2015,5,21,We will get there ,0,春夏秋冬笑,51470366
473,2015,5,17,英文版,0,Kellicay,449067
474,2015,5,13,Deep in my heart I just know'right from the start we will grow;Look where we are';we've come so far and there's still a long long way to go!,2,kunlunprince,67619428
475,2015,5,9,说明听的人少 不好吗,4,湖人死忠,7776579
476,2015,5,7,#给我一枚勋章#,0,牙刷无忌,10358165
477,2015,5,6,新加坡国庆节独唱,1,Thumos_Hsiao,7862583
478,2015,4,27,为什么评论这么少！[怒],0,九片棱角_,19807524
479,2015,3,28,hope we will get there！,0,CT2O,55619059
480,2015,3,13,一起走到[憨笑],0,湖人死忠,7776579
481,2015,2,27,华师一吗,60,叽花儿,11793366
482,2015,2,27,we will get there,0,熊熊烈菠萝,52434555
483,2015,2,26,简直无语……  曲库大神你要不要这么智能… 会读心术吗……晓得我明天办签证……。,2,框框看起来很好吃,199379
484,2015,1,29,You stalker！ ,0,红花继暮,6655720
485,2015,1,26,这首歌的中文版和英文版我都很喜欢，好听，鼓舞人心！！！[可爱][可爱][可爱][可爱][可爱][可爱],2,Hk_chen,45175827
486,2015,1,13,初中时候最爱的歌曲，一晃十多年了[大哭],8,乐乐奇,10884783
487,2014,11,25,there's still a long long way to go,0,快放开,31517382
488,2014,8,28,记得高中有一段时间竟然最喜欢这首歌.. 我是多么的纯呀,1,zupei,7818326
489,2014,7,24,啊啊啊想听现场是不是只有去坡上循环一天好听哭。。又一次验证了我是伪姿迷[呆],1,孙燕姿的锁骨,17714009
490,2014,7,24,啊啊啊想听现场是不是只有去坡上。。。,0,孙燕姿的锁骨,17714009
491,2014,5,21,兄弟姐妹 一起走向未来吧。,1,minthirteen,7353336
492,2014,4,10,暑假作业要学这首,2,账号已注销,14097114
493,2013,11,15,#岁月如歌#路漫漫其修远兮，加油加油。晚安。,0,菇子王,3876089
