index,year,month,day,content,likecount,nickname,user_id
1,2019,11,14,你是个人才,1,平平如故,1922035444
2,2019,11,11,最喜欢的歌手叫姿，最爱的人也叫姿,2,吳吳吳吳吳曉X,353776535
3,2019,11,10,Dorian mode 调式的代表。,0,Lostinharmonica,1485695970
4,2019,11,7,仿佛回到初中的某一个晚上，步步高上播放的橄榄树…,0,用户6168773320,1741013832
5,2019,11,1,唱的我都想去流浪,1,Selina硕,1821627430
6,2019,10,30,孙燕姿这音色 ，好纯净。840———999,0,只有听听音乐才能维持得了生活,75948347
7,2019,10,24,高中时期的循环播放啊！[多多大哭][多多大哭][多多大哭],0,承酱_,131540299
8,2019,10,23,从四年级的《撒哈拉沙漠》开始到接触，高一第一学期看完所有作品。我打算在今年的十大歌手唱这首歌。,1,半只诶,552891248
9,2019,10,19,孙燕姿唱得很不错，喜欢这首歌的编曲,0,南倚竹林小桥,416330431
10,2019,10,19,好棒的编曲,1,南倚竹林小桥,416330431
11,2019,10,13,最喜欢的一版改编。曾经反复循环，永远喜欢,2,穷途兽,339132480
12,2019,10,5,最近在看三毛的传记,0,燕山王妃,646292702
13,2019,10,5,年少不懂陈懋平，稍识其中不忍听,2,燕山王妃,646292702
14,2019,10,5,苍凉寂寥,0,叠加态,133026520
15,2019,10,5,我服了,0,StefanieSuno,412651095
16,2019,9,24,害，我明天面试也打算唱这个,0,衣瑾瑾,1431521766
17,2019,9,18,第一次听的时候还是05年了。,0,熊若澜,104981074
18,2019,9,18,这版结尾的“流浪”真的是百听不厌,1,水壶也有人叫啊,81478525
19,2019,9,18,流浪,0,水壶也有人叫啊,81478525
20,2019,9,17,买这磁带带的时候我还读初中。。。,0,那些对白丶,420328318
21,2019,9,16,孙燕姿 唱的好干净,2,只有听听音乐才能维持得了生活,75948347
22,2019,9,8,我太喜欢这首歌了，,0,世界最宝贝的宝贝儿,1295715777
23,2019,9,1,燕姿啊~,2,_不加糖有点甜,128108088
24,2019,8,21,很经典的歌曲，非常好听，总是不经意的哼几句，为什么流浪，流浪远方，流浪。。。,1,奔跑的老树叶,1683652695
25,2019,8,20,去面试？,0,颜王_stay,1596138132
26,2019,8,17,你是魔鬼吗[多多捂脸],0,诗人与枪ii,1878440629
27,2019,8,15,刚看完撒哈拉的故事,3,复知何所知,1427625948
28,2019,8,13,我觉得孙的版本是刚开始流浪   齐的版本是已经颠沛流离许久了,3,無念無象,302301185
29,2019,8,13,孤寂反是成仁，深爱陈平 ，Iike you,1,管尺,1381734012
30,2019,8,9,好喜欢,1,马德里不可思议的Tanya,400549587
31,2019,8,8,不敢当，不敢当,0,识刀客,623315109
32,2019,8,8,@haha不开心，你真是评论届的一个清流,0,如我君子,1289647936
33,2019,8,7,"想象一下 为了梦中的小毛驴，小毛驴
还是橄榄树好听一点为了梦中的橄榄树 橄榄树",3,如我君子,1289647936
34,2019,8,7,"其实原来写的是小毛驴 。。。
后来有人说小毛驴不好听
因为西班牙到处都有大片的橄榄树
所以就改成橄榄树了",2,如我君子,1289647936
35,2019,8,7,"也许这就是有些人听这首歌感觉到致郁的原因吧。
三毛一生可以说传奇，也可以说坎坷，三毛自幼身体欠佳，而且孤僻，所以她的心思格外的细腻，这种细腻在经历一些负面事件之后会无限扩大哀伤。三毛本身就是个故事，她曾经踏遍大漠、阅尽人间，在故事里道尽了她的人生。她有对滚滚红尘的爱和痴，有蚀骨的",3,如我君子,1289647936
36,2019,8,7,橄榄树的歌词是由著名作家三毛所写，歌词写于1973年。而三毛于1972与一德裔男子相恋，结婚前夕，未婚夫心脏病突发猝死。这件事情对三毛的打击无疑是巨大的，所以歌词里面溢满了悲情的美丽。,5,如我君子,1289647936
37,2019,8,7,"不要问我从哪里来

我的故乡在远方为什么流浪

流浪远方 流浪

为了天空飞翔的小鸟

为了山间清流的小溪

为了宽阔的草原 流浪远方 流浪还有

还有 为了梦中的橄榄树 橄榄树

不要问我从哪里来我的故乡在远方

为什么流浪为什么 流浪远方

为了我梦中的橄榄树",1,如我君子,1289647936
38,2019,8,7,"橄榄树生命力极强，能够适应各种不同的生存环境，象征顽强的拼搏精神。

橄榄树是坚强和生命的象征，代表着永远！",5,识刀客,623315109
39,2019,8,7,再补充一点,0,识刀客,623315109
40,2019,8,7,好了，橄榄树的科普科普完了，谢谢大家。,2,识刀客,623315109
41,2019,8,7,要统一喷药时间，包括周围的作物和杂草;在新梢每叶平均6～8只虫时，交替用25%阿克泰4～6g+绿色功夫20～30ml兑水50～60kg或70%艾美乐8000倍液或吡虫啉1500～2000倍液喷施，每10～15d喷1次，连续防治2～3次。对卷叶蛾、皮细蛾、枯叶蛾可用90%敌百虫、50%杀螟松、80%敌敌畏1000倍液喷杀。,0,识刀客,623315109
42,2019,8,7,"虫害
橄榄虫害主要有橄榄星室木虱、皮细蛾、卷叶蛾等。橄榄星室木虱一般年发生7～9代，以成虫在叶背越冬，产卵于嫩芽，为害嫩叶及芽。",0,识刀客,623315109
43,2019,8,7,主要防治方法是及时防治橄榄星室木虱、蚜虫;合理修剪，通风采光，及时剪除病枝。,0,识刀客,623315109
44,2019,8,7,防治办法:不偏施氮肥;冬季清园;萌芽前后喷施0.6～1.0%波尔多液或50%甲基托布津1000倍。煤烟病主要系橄榄星室木虱、蚜虫分泌物引起，发病初呈褐色霉斑，随后扩大成绒状黑色霉层，呈煤烟状。,0,识刀客,623315109
45,2019,8,7,"病虫害防治
病害
橄榄病害主要有炭疽病、煤烟病、流胶病等。炭疽病主要为害叶及果实。叶病斑呈半圆形或不规则形，病健交界明显;幼果受害呈暗绿色油浸状，易脱落;成熟果初呈浅褐色水浸状，后呈暗褐色。由真菌引起，在高温多湿高氮肥的情况下易发生此病。",0,识刀客,623315109
46,2019,8,7,"涝害洪水或连续降雨、暴雨易造成涝害，应建立果园的排水系统。忌低洼积水地种植。
花果管理
对生长旺盛但结果少或不结果的橄榄树可采用环割、断根、化学调控等措施促花。",0,识刀客,623315109
47,2019,8,7,"树体保护
冻害橄榄喜温怕寒，防止橄榄寒冻的最有效办法是选择适宜种植地点。加强肥水管理，采用烟熏、覆盖、涂白、稻草包干、抗冻灵、灌水、高接等措施有一定的防御效果。旱害预防方法主要有套种绿肥、铺草覆盖、中耕培土。",0,识刀客,623315109
48,2019,8,7,低位嫁接多用腹接法。,1,识刀客,623315109
49,2019,8,7,目前橄榄嫁接换种主要分高位嫁接和低位嫁接两种类型。高位嫁接主要针对大树，一般树龄在7年以上，根据嫁接部位的不同，又分为主干高接、主枝高接，侧枝高接三种。一般嫁接枝条的直径大于3cm的用嵌接法，小于3cm的用腹接法。低位嫁接主要针对幼龄树，于定植2～3年的幼树或经1～2年生长的营养袋苗。,0,识刀客,623315109
50,2019,8,7,"嫁接换种
俗话说:“桃三、李四、橄榄七”，意指实生橄榄树种后至少要7年才能结果。",0,识刀客,623315109
51,2019,8,7,"结果树修剪
结果树一般在采果后进行修剪，将徒长枝和直立枝短截;剪除病弱枝、衰老枝、过密枝、内膛枝和重叠枝等，必要时还应在树顶开天窗，以增大树冠内部的通透性。",0,识刀客,623315109
52,2019,8,7,橄榄种植后经过3年的培育，形成了主枝、副主枝、大侧枝的三级骨干分枝结构，树型基本形成。,0,识刀客,623315109
53,2019,8,7,定干培育1年抽3次梢后，于秋梢停止生长时进行摘心，以阻止晚秋梢或冬梢的抽生，促进当年生枝条成熟健壮，提高抗寒能力;第2年春梢萌动后，在主枝上留2～3个配置较好的芽，其余全部抹除，秋季再摘心，形成副主枝;第3年春梢生长时，再在副主枝上留2～3个芽，培育成大侧枝。,0,识刀客,623315109
54,2019,8,7,"树体管理
整形修剪
幼龄树整形
幼龄树在栽后第2年春梢萌发前，在离地面1m处截干，选留角度错开分布均匀的3个芽培育主枝，其余芽抹除，新梢长到40～50cm时可采取人工拉枝，以拉大分枝的角度。",0,识刀客,623315109
55,2019,8,7,"水分管理
果园要建贮水池，果园及四周要开排水沟。雨季要及时排水，遇高温干旱天气要及时灌水。冬季适当控水。",0,识刀客,623315109
56,2019,8,7,"龄树以氮为主，配合磷钾;以少量多次为主;以速效肥为主，配合农家肥。
施肥方法有环状施肥、条沟施肥、放射沟施肥、全园施肥、根外追肥5种。最好选择在无风湿润的天气，晴天应在上午10点前或下午4点后进行。",0,识刀客,623315109
57,2019,8,7,"合理施肥
橄榄是深根性果树，肥料要渗透到较深的土层后才能被根吸收，这个过程需要一定时间，比小型果树要长，所以橄榄施肥比物侯期要早15d以上。施肥量和施肥期主要是根据树龄、树势、生产量、结果量、土壤肥力等状况来定。",0,识刀客,623315109
58,2019,8,7,经3～4年甚至6～7年培育、径粗4～5cm的大苗在立夏前后种植。栽植时，把主根垂直放入穴中，侧、须根按其自然方向展开，填入细表土，层层踏实，再盖上3～5cm厚的细土或杂草，浇足定根水。,0,识刀客,623315109
59,2019,8,7,"定植
定植时间有3～4月的春植和10月中下旬的秋植两种。栽培密度5～6m×5～6m，667m植15～25株，平地稀些、丘陵密些，矮化的橄榄可适当密些。定植方法有大苗和营养袋小苗定植两种。",0,识刀客,623315109
60,2019,8,7,丘陵果园坡度较缓的开等高梯台，台宽3～5m，坡度不超过5°，坡面内斜，内开深20～30cm，宽30～40cm的排水沟。坡度较大地形复杂的挖鱼鳞坑或爆破开穴。其他的同平地果园。,0,识刀客,623315109
61,2019,8,7,"栽培要点
建园
橄榄是长寿果树，经济寿命达几十甚至上百年，合理建园为橄榄早产、丰产、稳产打下良好的基础。平地果园定植前2个月挖1m大穴，填入稻草50kg、有机肥50kg、石灰1.5kg、过磷酸钙0.5kg及表土，堆土隆起墩高约0.5m，待穴土沉实后再定植。",0,识刀客,623315109
62,2019,8,7,种仁可食，亦可榨油，油用于制肥皂或作润滑油．据《岭表录异》：树脂和糖， “谓之橄榄糖，用灌船损，干后牢于胶漆，着水益干坚”。又据《群芳谱》：树脂“热之，甚清烈，谓之榄香。”,0,识刀客,623315109
63,2019,8,7,"主要价值
为很好的防风树种及行道树。木材可造船，作枕木。制家具、农具及建筑用材等。果可生食或渍制；药用治喉头炎、咳血、烦渴、肠炎腹泻。核供雕刻，兼药用，治鱼骨鲠喉有效。",0,识刀客,623315109
64,2019,8,7,果卵圆形至纺锤形，横切面近圆形，长2.5-3.5厘米，无毛，成熟时黄绿色；外果皮厚，干时有皱纹；果核渐尖，横切面圆形至六角形，在钝的肋角和核盖之间有浅沟槽，核盖有稍凸起的中肋，外面浅波状；核盖厚1.5-2（-3）毫米。种子1-2，不育室稍退化。花期4-5月，果10-12月成熟。,0,识刀客,623315109
65,2019,8,7,花疏被绒毛至无毛，雄花长5.5-8毫米，雌花长约7毫米；花萼长2.5-3毫米，在雄花上具3浅齿，在雌花上近截平；雄蕊6，无毛，花丝合生1/2以上（在雌花中几全长合生）；花盘在雄花中球形至圆柱形，高1-1.5毫米，微6裂，中央有穴或无，上部有少许刚毛,0,识刀客,623315109
66,2019,8,7,花序腋生，微被绒毛至无毛；雄花序为聚伞圆锥花序，长15-30厘米，多花；雌花序为总状，长3-6厘米，具花12朵以下。,0,识刀客,623315109
67,2019,8,7,"形态特征
乔木，高10-25（-35）米，胸径可达150厘米。小枝粗5-6毫米，幼部被黄棕色绒毛，很快变无毛；髓部周围有柱状维管束，稀在中央亦有若干维管束。有托叶，仅芽时存在，着生于近叶柄基部的枝干上。",0,识刀客,623315109
68,2019,8,7,全世界橄榄树的栽培品种有500余种。花期为4-5月，果熟期10-12月。喜光树种，有一定耐寒性；原产欧洲南部地中海沿岸地区。我国广泛引种，栽植在长江流域以南至广东、广西等15个省区，以湖北、四川、云南、贵州及陕西等省为最多。果可榨油，供食用，也可制蜜饯。,0,识刀客,623315109
69,2019,8,7,橄榄树，中文正确名为油橄榄，拉丁学名Olea europaea L.俗名齐墩果 ，木犀科，木樨榄属亚热带常绿乔木，耐旱，耐寒，是生长能力很强的长寿树种。木犀榄（植物分类学报）油橄榄（俗称），齐墩果（酉阳杂俎）。,0,识刀客,623315109
70,2019,8,7,最近在看《温柔的夜》，看着看着突然想起这首歌，十年前在中学时代第一次听的版本就是孙燕姿的《橄榄树》，第一本三毛的书也是中学时代看得《撒哈拉的故事》。就突然好想她。,2,一个小行家,318853470
71,2019,8,6,感觉这首歌声音很美，如果不是翻唱，不知道燕姿这种歌也能唱的如此动听,0,沫沫Bao,541275220
72,2019,8,4,什么审美,0,差几步成诗,124183437
73,2019,8,4,这首歌姿姿的声线好可爱啊！！！！好可爱！！！！！！！,0,漂浮群岛et_moi,101098936
74,2019,8,4,经历了撒哈拉沙漠的沧桑，看过了滚滚红尘，只是为了梦中的橄榄树[多多大笑],0,大白9999,349061244
75,2019,7,31,这个版本好好听！,0,加油太阳,1398176371
76,2019,7,23,生日快乐,0,丨丶落,274003967
77,2019,7,22,这个版本给人一股风尘仆仆的感觉,2,RevolverHKD,1509538174
78,2019,7,22,虽然很喜欢三毛，但还是不是很敢去看她的书和听她写的歌，太恸了，听完会很难平静,1,努力的你会得到全世界的祝福,609072943
79,2019,7,22,三毛,0,努力的你会得到全世界的祝福,609072943
80,2019,7,20,成功入选！谢谢你哟~[可爱],0,十二水喝硫酸铝钾,634211821
81,2019,7,19,加油，面试成功没,1,飞翔的20号罗宾侠,3077131
82,2019,7,19,以前相信材料，信息，能源是未来三大支柱产业，去学了材料,0,飞翔的20号罗宾侠,3077131
83,2019,7,17,听的燕姿的第一首歌，从此爱上她,0,逼自己睡着,1706742759
84,2019,7,13,好！,0,南慕惜,1797355054
85,2019,7,13,每个人心里都有一颗橄榄树，为此可以踏遍万水千山。,3,OopsKKx,499280526
86,2019,7,7,最最喜欢孙燕姿这首歌,2,赤道美人,555301831
87,2019,7,5,明天面试也唱这首，祝我自己好运[可爱],1,十二水喝硫酸铝钾,634211821
88,2019,7,5,最喜欢燕姿的版本，那时候燕姿还是个姑娘。我也还是一个拿着厚厚的磁带随声听听歌的小小少年[可爱],2,自以为势,3169245
89,2019,7,3,“如果流浪只是为了看天空飞翔的小鸟和大草原，那就不必去流浪也罢。”,0,和平街高尔方,118045396
90,2019,6,24,编曲好棒啊，竟然突然想听孙燕姿,0,麦田上空的乌鸦,252002253
91,2019,6,19,正在看三毛的撒哈拉的故事，她一个大家闺秀真是比男性还勇敢，无畏，向往新鲜[强],1,可以给我一杯冰阔落吗,422706110
92,2019,6,15,打卡,1,阳光灿烂的日子___,450814785
93,2019,6,8,流浪  片刻好沉 沉下来不说话,2,lv0906,1450872579
94,2019,6,4,嘻嘻还真是迷弟眼里不揉沙子呢,3,人人都爱大强强,136737970
95,2019,6,3,领克,0,你要如何原谅时间遗失的过程,100315182
96,2019,6,3,我认为只有孙燕姿唱的好听  感觉齐豫好听去她那好吧  ,1,白驹过隙的永恒,468767644
97,2019,6,1,这个歌真的就齐豫唱好听啊,5,人人都爱大强强,136737970
98,2019,5,23,评论+1,1,噙泪潇湘下,284317578
99,2019,5,22,飞机已经提速了，时间也有一些了，可是还是那么远，要是没有那么多挂念，流浪过来该多好，流浪过来等待我的是什么呢？一瞬间的低落，流浪过来的打算和准备一下又化为泡影，仍然是来日方长，总会有更多的感动，开心就好还是理性一点呢？✌,5,牵牵念念间,283704502
100,2019,5,17,流浪十八年，已找到梦中的橄榄树，我的希望、我的力量、我的痛苦、我的快乐，余生的光，夫复何求！,4,永远守护我的小女孩,1720693651
101,2019,5,17,网易的评论，爱看的一片天地,2,清晓170911,529360901
102,2019,5,16,你我记忆中…白色橄榄树,0,齐卯,532753230
103,2019,5,15,梁永斌，聽得到夏日色彩，我的黑膠時代。。。,0,龐漢榮,108341388
104,2019,5,3,打破777僵局,0,风烟残尽L,486931021
105,2019,5,1,从不依靠从不寻找，只是流浪，一味地流浪，不知道哪天会忽然看见一棵好像在哪儿见过的橄榄树。,3,诶呦是你啊,1495751511
106,2019,5,1,不知道说什么，就说个打卡吧,0,阳光灿烂的日子___,450814785
107,2019,4,27,只有三位数评论，云音乐官方不觉得羞愧吗？,3,北辰慢慢跑,290696671
108,2019,4,24,好喜欢这个版本的橄榄树,2,RAQUELy,391176580
109,2019,4,20,"最好听的翻唱，还有hey,Judy ",2,ylowen524,620262948
110,2019,4,11,三毛燕姿都很喜欢的人,3,RRoshambo,493940391
111,2019,4,10,请洗涤灵魂吧,0,导演别开枪,275460044
112,2019,3,29,这个版本很奇妙啊。。。这个版本的编曲听起来就像流浪途中的种种呓语，那种亦真亦幻带给人的不知所措，搭配孙燕姿的部分气声带动，感觉心境就很。。。迷茫？,5,眠花,11547331
113,2019,3,27,秒,0,Marry-me-Juliet,341175763
114,2019,3,27,他,0,Marry-me-Juliet,341175763
115,2019,3,27,好,0,Marry-me-Juliet,341175763
116,2019,3,22,[多多大哭][多多大哭][多多大哭],0,跳跃de片儿川,104364829
117,2019,3,21,身在流浪，心也在流浪……,1,混世魔女d,1632498890
118,2019,3,18,真的喜欢死了那个时候的孙燕姿，2000-2007，韶华易逝，天籁不再。,1,RichardColumbiaUniversity,246229682
119,2019,3,15,燕姿的真假声转换真的神,1,人际泡沫-,516126174
120,2019,3,14,《愚人的国度》哇，这歌好好听；《橄榄树》...此音只应天上有，人间哪得几回闻；自此，姿声的陪伴一晃就是八年[憨笑],1,大黄鸭嘴兽,336723139
121,2019,3,10,希望齐豫姐姐总决赛和燕姿合作,5,kaikepler,36815460
122,2019,3,7,这首歌评论居然999+都不到，我不服啊～,1,shixiu-zz,369549607
123,2019,3,7,齐豫的是心的流浪,1,球球鱼,250121353
124,2019,3,5,这雨季不再来,2,极美欢庆,351351231
125,2019,3,3,我的妈呀超好听,0,仙草奶盖真好吃,1306290955
126,2019,3,3,没人评论吗,0,仙草奶盖真好吃,1306290955
127,2019,3,2,陈平,0,睡不醒的仙女W,528110927
128,2019,2,27,从教科书而来,0,037黄水战列艇,641872097
129,2019,2,26,在成为别人的橄榄树之前，要成为自己的橄榄树。,3,蝉鸣的小贝壳,63026807
130,2019,2,25,孙爸爸很喜欢这首,1,s1ck1000,1471605268
131,2019,2,22,燕姿最棒。唱出了自己的味道。,1,blueberrypie,41491137
132,2019,2,22,三毛想你了,1,把所有心事寄予西风,1489043477
133,2019,2,22,三毛你还好吗,0,把所有心事寄予西风,1489043477
134,2019,2,19,流浪到半人马座,1,双马尾狂魔,77722992
135,2019,2,19,流浪是一种无奈的状态，内心孤独、漂泊，暂时达不到内心的目标。电影《肖申克的救赎》里，主角就在监狱里流浪，他的梦想是那片遗忘时间的海滩。以前很小时候我就听这歌，当时不知道为什么歌曲会流浪，现在知道人生中都有太多的无奈，越是完美主义者越是如此，我有点理解词作者三毛了。,4,念旧de枫,2512343
136,2019,2,18,没过...,0,ANiuFuckkk,316069573
137,2019,2,17,流浪只是因为不知道要去哪,1,钢镚老是掉_,647110799
138,2019,2,16,三毛荷西,0,Hai灵魂,452816840
139,2019,2,16,可惜我又在搬玻璃了,1,L悦星,480183134
140,2019,2,16,有缘，你唱的怎么样,1,飞翔的20号罗宾侠,3077131
141,2019,2,16,没有梗，只是简历里写了特长唱歌,3,飞翔的20号罗宾侠,3077131
142,2019,2,16,面试的南玻集团[呲牙][呲牙][呲牙],0,飞翔的20号罗宾侠,3077131
143,2019,2,16,NO，玻璃太重了，没搬几块就去做软件行业去了,0,飞翔的20号罗宾侠,3077131
144,2019,2,16,转战IT行业了,1,飞翔的20号罗宾侠,3077131
145,2019,2,16,流浪,0,虎山爬,324039522
146,2019,2,14,我面试也唱的这个...,0,ANiuFuckkk,316069573
147,2019,2,12,是不是叫三毛的同学都喜欢流浪呢？,2,柠檬味的微风,1436775139
148,2019,2,10,这个版本好听,1,抹茶红豆冬,65598494
149,2019,2,9,突然听到了这首老歌，感觉生命可以这么广阔,2,DoNnadona,321506185
150,2019,2,7,撒哈拉是三毛的,2,茶花姑娘要走了,625438694
151,2019,2,4,流浪,0,哥玛哥玛,533325548
152,2019,1,30,设计尸路过,0,Ming05,50301718
153,2019,1,28,第一听的时候还是小学二年级,0,熊若澜,104981074
154,2019,1,25,为什么流浪，为什么流浪，流浪远方，在这寒冷的冬季！,0,粗饭,14265474
155,2019,1,25,孙燕姿可是实力派,1,逆光181227,1716231811
156,2019,1,24,什么梗,4,永远爱贾隆平,423398340
157,2019,1,23,翻作很成功,1,lifeisdivine,1715286576
158,2019,1,14,原唱翻唱都是多么好听！,2,Rex_524,396610779
159,2019,1,14,版权真是一个让人又爱又恨的东西，5102年就体现出来了,0,滑世尘嚣,1548888066
160,2019,1,12,你讲反了吧[大哭],21,与鹅结婚的猫头鹰,102577326
161,2019,1,12,为啥,1,starrylee,29431936
162,2019,1,11,"橄榄树快说，我到哪里去找橄榄。
",1,余与徐,472872414
163,2019,1,11,搬玻璃很挣钱，应该挣了不少钱了吧。,6,你笑魇如花如期归来,396614907
164,2019,1,5,第一次就是燕姿的歌,1,安静地听首歌吧,345990556
165,2019,1,4,好久没有听这首歌了,0,你姿我姿,466537747
166,2019,1,3,现在怎么样了,6,L悦星,480183134
167,2019,1,2,希望2019 燕姿和 姿迷都开开心心， 如愿以偿。 ,4,孙燕姿的小迷妹啊,327977684
168,2018,12,19,打破723,0,米拉波小乔,103031735
169,2018,12,18,这是我听过最好听的版本[爱心],3,大吉大利宝宝,545189629
170,2018,12,8,今是三毛逝世25周年。我们不得而知，这个迷样充满灵性、情感极致丰沛细腻的女子，25年前为什么与世绝别。总之她来过，并且深深切切、不留余地地活过。她在无数人心里埋下一颗叫“流浪”的种子。如果流浪的情怀是某种派系，她就是鼻祖。愿天国也有撒哈拉，有她至爱的大胡子荷西。,3,长得像一个吹风机的猪佩奇,249352172
171,2018,12,8,"0p
/",0,只道寻常6558,1503836744
172,2018,12,6,孙燕姿也唱的很有感觉[憨笑],2,寸心lemon,370631740
173,2018,12,1,为什么要去搬玻璃呢？,2,卐丶黑龍,357584786
174,2018,11,23,719！我现在就在江海楼719（我的寝室号） 开心[大笑],1,渝啊渝啊渝啊渝,292622540
175,2018,11,23,经典歌曲,2,琪琪想静静,135586699
176,2018,11,22,想妈妈了，明天早起打个电话,1,bellussica,112423229
177,2018,11,20,尊重,0,烟波凝雨,534689273
178,2018,11,19,流浪好酷,0,seracohw,247828469
179,2018,11,17,三毛在孤寂中迈动着流浪的脚步，每一步都是离别的辛酸，却又每一步都充满了对美好的憧憬。,2,moliSweet,294452584
180,2018,11,16,"明天歌手大赛要唱的歌
伴奏还挺难跟的🤔",0,烧烤和火锅,453704293
181,2018,11,16,声乐生，元旦节目,1,黎夢蕭,557803345
182,2018,11,3,不要问我从哪里来,0,DearSlimSally,84998036
183,2018,11,2,秒回高中时期👈,0,一无所有的杰西,438659294
184,2018,10,27,看完你的评论我竟鼻子眼睛一酸，因为今早刚看完三毛传。,2,油闹Uknow,410054306
185,2018,10,22,没有999？,2,卖药的老板,497341837
186,2018,10,18,没有999+(ノ๑`ȏ´๑)ノ︵⌨,2,luzhengui,275810017
187,2018,10,15,为了梦中的橄榄树,1,朝夕82,510097968
188,2018,10,7,昨晚一个人加班的我听到收音机里放这首歌，觉得好有感触,0,开局一条鲲装备全靠吞,63569678
189,2018,10,7,同一首歌上 不知道有多少人唱过 我那时候根本不能理解这首歌的意境  幼稚得觉得被他们唱得好俗气  再听得时候 尽是感动,0,礼拜三去马孔多看雨,70156357
190,2018,10,5,"如果有来生，
要做一棵树，
站成永恒，
没有悲欢的姿势。
一半在土里安详，
一半在风里飞扬，
一半洒落阴凉，
一半沐浴阳光，
非常沉默非常骄傲，
从不依靠 从不寻找。
——三毛《说给自己听》",5,7_Pluto,612293323
191,2018,10,4,我要去流浪 我要去看我心中的远方,1,永久的亡命之徒,508463263
192,2018,9,29,评论略少啊，我当年是听了这首歌才知道燕姿的。。。,0,掐白梅,390208883
193,2018,9,28,落了个白茫茫一片大地真干净,1,Cestbonmmm,263731296
194,2018,9,26,我有时候会觉得这才是三毛想听到的声音,4,柒星雪,85911992
195,2018,9,22,三毛说撒哈拉沙漠，是她前世的乡愁，她看了照片，就去了撒哈拉。是啊，这里埋葬了她的爱人，她的记忆，还有她一世的快乐……三毛，我喜欢她的热烈，执着，真性情，但愿你在天堂好好的。,3,誉妍儿,1429360677
196,2018,9,22,唱的很美,0,喜欢喝这个,116171219
197,2018,9,22,喜欢,0,关内侯1802,1373454603
198,2018,9,20,完美,0,毛毛虫0912,323067104
199,2018,9,18,当兵的时候读了三毛全集   始终找不到橄榄树  最后当我分手之后才明白    原来橄榄树就是三毛最后的话    真性情是你    如你如我如她   此生三毛足矣   好爱好恨,8,饿怒患者,337447755
200,2018,9,16,我在现场。,2,H-S_Sun,296312220
201,2018,9,15,入曲的音乐听起来就是流浪的感觉，一下子想抱一抱三毛[流泪],3,水墨青街,78737772
202,2018,9,15,最喜欢的三毛，最喜欢的燕姿,3,小俄罗斯的兵,339129218
203,2018,9,8,哭,0,麻麻芮,102769305
204,2018,9,4,好空灵,3,yonho,17948209
205,2018,9,2,非常喜欢三毛,3,把所有心事寄予西风,1489043477
206,2018,9,1,噗，一年多前留下的评论……其实现在每每被点赞或回复，是略尴尬的哈哈。现在看来大概是，少年不知愁滋味，为赋新词强说愁的感觉吧。回头再看，嗨，都是些啥事儿啊……祝大家回首从容,5,Ophita,74897611
207,2018,9,1,和我现在一样[可爱],0,旧昔扰梦,260855652
208,2018,8,28,[大哭],0,JessicaWu007,412273484
209,2018,8,28,优秀,1,JessicaWu007,412273484
210,2018,8,28,赞赞赞！ ,0,JessicaWu007,412273484
211,2018,8,23,最喜欢的版本，对了，说一哈MV有解释燕姿翻唱的原因及情怀,0,我不行我不上我就哔哔,274446301
212,2018,8,23,简简单单～喜欢燕姿,1,留楠叔,1455950167
213,2018,8,23,以前年幼无知，听不懂的歌，现在听，都听到心里去了,2,茶是,617039568
214,2018,8,18,重新编曲之后就像是为燕姿量身定做的了_(:з)∠)_,0,枫汕-Air,310852527
215,2018,8,10,流浪遠方 流浪,1,毛棱驚啊bb,256229076
216,2018,8,8,孙燕姿的声音中倾注了空灵之感，配乐也是有回归自然的意境，太美了！,2,魔术帽里的大白兔,1527124179
217,2018,8,8,温柔也被唱成歌，你感受到了吗？,1,魔术帽里的大白兔,1527124179
218,2018,8,5,太好听,0,1220hxy,322288365
219,2018,8,3,还哈哈哈哈哈,0,FrankAbagnale先生,359297580
220,2018,8,2,🎧,0,_诗芊,81037679
221,2018,7,31,❤,0,1220hxy,322288365
222,2018,7,29,我的故乡在远方,1,滄浪之水_1998,386773456
223,2018,7,27,流浪 拾荒,0,祎个筱柠檬,494904627
224,2018,7,22,姿迷报道，天籁之音,1,金龙180709,1514766829
225,2018,7,17,你成功地勾起了一千多位给点赞的过路人之好奇心。,0,Warp_-,261359202
226,2018,7,17,这么好吧歌评论这么少吗？,0,握不住的沙i就散了它,494929105
227,2018,7,16,我有时候会觉得这才是三毛想听到的声音,2,停在北极的鱼,93290434
228,2018,7,8,厉害,0,倦了却不能算了,384607420
229,2018,7,6,[爱心],1,iiiiiiiiyang,570757485
230,2018,7,4,我把橄榄树听成甘肃了[惊恐],5,妄想丶又怎样,91731243
231,2018,7,2,说明你唱的很干净,6,追梦星辰ys,1454113013
232,2018,7,1,第666条评论,3,Stephen-7,100339473
233,2018,6,29,你如果认识从前的我，也许你会原谅现在的我。,2,侯海桥,590740901
234,2018,6,29,我好像在飞，飞到故乡。,0,Rhinoceroo,355144534
235,2018,6,27,你感觉,0,四季夜色,414985661
236,2018,6,27,[大哭][大哭][大哭],0,那年那个潇洒少年,1404147504
237,2018,6,26,这首歌，孙燕姿开口就让我想跪了,0,齐雨侯,133533011
238,2018,6,23,外婆喜欢听,1,三十九度望舒,599751099
239,2018,6,23,去玻璃厂工作,1,飞翔的20号罗宾侠,3077131
240,2018,6,23,说的晚了，我都去华为了,1,飞翔的20号罗宾侠,3077131
241,2018,6,23,她影响我！是我信仰，我的后盾！希望在天国一方，你会很好的,1,aataozi,339212536
242,2018,6,23,还不如来我的工地，只要和水泥，一天三餐还加一包金白沙。。。,0,尗又尗又,102646929
243,2018,6,17,这首歌是你给我唱过的，刚才做了一个完全关于你的梦，梦里听了这首歌。有那么点难过，真的不容易忘掉。,1,杨杨-C,467145630
244,2018,6,15,永远爱三毛,4,把所有心事寄予西风,1489043477
245,2018,6,15,永远支持三毛,3,把所有心事寄予西风,1489043477
246,2018,6,12,我姿的声音真的很多变，这首声音好清亮幽远。,2,钥匙tt,102355058
247,2018,6,11,还可以哈,0,黑暗不过黎明前,9873806
248,2018,6,11,留郎圆房,0,_小馬先生_,361610092
249,2018,6,11,清澈明亮的嗓音,4,有何不妨,565241818
250,2018,6,11,哟头像不错嘛,1,重金属乐队贾宝玉,383846110
251,2018,6,7,歌手最爱燕姿，作家最爱三毛，爱那片撒哈拉,7,跳舞的梵谷yanzi,318974517
252,2018,6,7,爱燕姿,3,跳舞的梵谷yanzi,318974517
253,2018,6,2,搬玻璃是什么意思,0,玲珑0909,1357335356
254,2018,6,1,[亲亲],0,Ezail-,95434600
255,2018,6,1,"三毛和荷西的爱情[爱心]
埋下去的是你 也是我    死去的是我们。",2,Summer流光_,1322474230
256,2018,5,30,我很少听歌，这首歌虽然传唱度很高，但是我其实并不熟。有一次偶然听到，感觉歌词很一般，但是直到听到“为了梦中的橄榄树”这一句，感觉一切都不一样了,0,我是玖龙,491098267
257,2018,5,30,怎么好听的歌，感觉听过的人却很少。,0,午夜的行人,262007928
258,2018,5,29,没想到燕姿唱这首歌这么好听[流泪],1,药竂,135919718
259,2018,5,25,晚安[爱心],0,麦芽Myo,329302704
260,2018,5,25,我姿的声音真的没话说，歌里总是有那么几个发音把你揪心的不要不要的，总是倒回去听哈哈哈,2,锦三三,359825868
261,2018,5,24,女神,0,梵谷不跳舞,132774418
262,2018,5,23,三毛，永远怀念她。,0,F白茶清欢,328594521
263,2018,5,22,我姿太棒了,0,纠结近距离,123828456
264,2018,5,22,男金庸，女琼瑶，不男不女看三毛。。。。。。,0,中国古拳法掌门,478222696
265,2018,5,22,落地尘埃,0,Jrong98,446397822
266,2018,5,19,有那么一个艺术家一样的他，画的画美，唱歌的声音好听，琴弹的好……只是他的未来里没有我，后半生，无爱,0,Jocelyn182423,452597747
267,2018,5,10,看了《永远的红尘追梦人 三毛传》来听橄榄树,0,Tan恆,125718517
268,2018,5,8,希望能找到自己的橄榄树,0,Lvailove,134153225
269,2018,5,7,超爱。超爱。超爱,0,细语_喃呢,86385363
270,2018,5,1,流浪太久，已无处可停下。,6,littleWandL,116828305
271,2018,4,25,流浪是向远方还是归途？,0,落尘尘落,329792844
272,2018,4,24,全新认识孙燕姿,3,芝士小妹---,318281208
273,2018,4,23,这是我最爱的版本。,4,思考中的酱油,73537155
274,2018,4,23,感觉燕姿向往自由的性格和这首歌很契合。,0,钥匙tt,102355058
275,2018,4,23,哈哈，演戏方面就客串过孙观音，笑死,0,钥匙tt,102355058
276,2018,4,23,这个不叫《如果有来生》啊？[惊恐][惊恐],0,寻梦环游1804,1412412014
277,2018,4,22,喜欢燕姿唱的,1,33轉的LP,630862795
278,2018,4,19,好听 风轻轻地吹一样好听,0,诗湘浸,313286350
279,2018,4,18,为什么流浪？流浪的人在外想念你，亲爱的妈妈。妈妈呀妈妈呀我想你。,0,立志投奔鹅厂游戏事业的嵩鼠一枚,358654089
280,2018,4,17,好难听的版本！,0,城东老王,70989991
281,2018,4,16,白茶清欢无别事 我在等风也等你.,1,本应许你欢喜的L,1346995437
282,2018,4,16,高中时最爱孙燕姿！实力派！,0,画画画S,1431126257
283,2018,4,14,学校起床铃,1,打野酷爱浪,550717040
284,2018,4,14,耳朵怀孕,0,毛毛虫0912,323067104
285,2018,4,14,(⊙o⊙)哇,1,毛毛虫0912,323067104
286,2018,4,13,心灵开始流浪,1,13_TaylorSwift,532271390
287,2018,4,12,这是我最喜欢的版本，没有之一，这种空灵的韵味，让人沉溺，仿佛年少的梦有了翅膀，向着远方飞翔,2,阿蠢你好,622926621
288,2018,4,11,好听好听好听,0,月球背面打怪兽,590663319
289,2018,4,11,好多年没听到了,0,小仙女A帆帆,1403795814
290,2018,4,10,何年何月999+,1,你这调皮的柒小七,507641274
291,2018,4,4,孙燕姿低沉？！一丝Q死密？,1,Flyingatnight,116428656
292,2018,4,4,emmm b站来的,0,不是余春娇啊,247349683
293,2018,4,2,流浪远方，远方…,0,Alexa_bulevar,93622691
294,2018,4,2,好听,1,拿铁-不加糖,40571212
295,2018,4,2,燕姿的声音充满了坚定,3,比一点多很多点,344085429
296,2018,3,31,再听，感觉好空灵,3,CC十七,103394661
297,2018,3,31,好听,1,瘦尽灯花又一宵1998,323009693
298,2018,3,26,今天她生日祝她天堂没有痛苦！看百度是怀疑自己子宫内膜癌！做了手术第二天就走了,1,宝贝容容锦容宝贝,6429220
299,2018,3,26,三毛❤️,1,双子_faye,626804992
300,2018,3,22,齐豫唱的是流浪前的盛歌、孙燕姿唱的是流浪后的挽歌。,5,endbaina,424573988
301,2018,3,19,600[可爱],1,米拉波小乔,103031735
302,2018,3,16,三毛 陪我度过了高中最无聊的那些日子，带我走遍了万水千山,5,哒哒eleven,567809025
303,2018,3,15,加油，只要你敢不懦弱，凭什么我们要错过,2,很好很好一切很好,474307093
304,2018,3,14,这首歌太有画面感，想起小学在操场跑步了[口罩],1,里诺艾A,286114933
305,2018,3,13,"如果你给我的，和你给别人的是一样的，那我就不要了。
――三毛",3,去见未来的自己,124850191
306,2018,3,13,唯一劝不动的人，还是自己，不要再傻了，还是会傻下去，呵呵，这一分钟说服了自己，下一秒钟，又开始傻笑,1,很好很好一切很好,474307093
307,2018,3,12,她也可以唱这么空灵的感觉，她的声音真的可塑性太高了,6,抬头望到北斗星,9829701
308,2018,3,10,极美,0,小小烁,80544605
309,2018,3,5,谁都想成为那个三毛，但谁都不是她,4,沁子byw,594899662
310,2018,3,3,橄榄球,1,未完成19991230,503310441
311,2018,3,3,梦中的,1,未完成19991230,503310441
312,2018,3,3,还有,1,未完成19991230,503310441
313,2018,3,3,带我走,2,stef流年,1367583538
314,2018,3,1,橄榄树,0,溪南乔,426290414
315,2018,3,1,怎样的流浪？,0,stef流年,1367583538
316,2018,2,25,哈哈,0,未完成19991230,503310441
317,2018,2,25,橄榄树,0,keeeepl,632983739
318,2018,2,25,为什么流浪，流浪远方，流浪……,1,步非十烟花,127556119
319,2018,2,25,[憨笑]你可真棒,0,H_Stef,309880055
320,2018,2,24,喊她啊,0,未完成19991230,503310441
321,2018,2,24,好听啊,0,未完成19991230,503310441
322,2018,2,23,已经渐渐习惯了一个人的旅行，依旧一个人看着三毛的书，再听着这么空灵的一首歌，刚好唱出了我想要的感觉，眼泪不觉滴落。,4,NONSTOP_Kerwin,361358984
323,2018,2,21,爱姿病，药石无医[爱心],1,_________--_________,291595171
324,2018,2,20,三毛喔！心若没有栖息的地方，到哪里都是流浪~,4,LMoneys,402175160
325,2018,2,20,不知道唱的好不好但是燕姿一开口我就浑身鸡皮疙瘩。她的声音真的真的特别特别。,3,11LBJ23,366093804
326,2018,2,19,我记得有个叫白若溪的女歌手，边弹边唱的,0,Nailcey,130092460
327,2018,2,19,看了《撒哈拉不哭泣:三毛传》来听橄榄树,1,坤白格,348046606
328,2018,2,19,"荷西：你是不是一定要嫁个有钱人。
三毛：如果我不爱他，他是百万富翁我也不嫁，如果我爱他，他是千万富翁我也嫁。
荷西：说来说去你还是要嫁有钱人。
三毛：也有例外的时候。
荷西：如果跟我呢？
三毛：那只要吃得饱的钱也算了。
荷西：你吃得多吗？
三毛：不多，不多，以后还可以少",8,坤白格,348046606
329,2018,2,17,哪一集,0,狗焕不是狗,98639982
330,2018,2,16,三毛你说你没有好好年轻过，只能选择认真地老去。可你是真的有认真地年轻没有好好老去,3,名叫三毛,449344295
331,2018,2,16,三毛啊，三毛啊,0,名叫三毛,449344295
332,2018,2,13,谢谢[憨笑],0,和那个男孩0616,481137471
333,2018,2,10,恭喜你 啊,0,珍珠奶茶两分甜,529150662
334,2018,2,10,刚好过线[憨笑],0,和那个男孩0616,481137471
335,2018,2,9,真正喜欢上这首歌的人都是有文化的人吧,1,坐看云起时vvv,352846962
336,2018,2,7,从爱情公寓来的举手,1,Jacksonanan,532332737
337,2018,2,5,800个赞👍,0,飞翔的20号罗宾侠,3077131
338,2018,2,5,怎么听的人这么少，竟然没有999+？不够喜欢三毛？,2,张国荣的小晴天儿,343362642
339,2018,2,4,"如果有来生，
要做一棵树，
站成永恒，
没有悲欢的姿势。
一半在土里安详，
一半在风里飞扬，
一半洒落阴凉，
一半沐浴阳光，
非常沉默非常骄傲，
从不依靠 从不寻找。
——三毛《说给自己听》",179,绾起伊人青丝,510548100
340,2018,2,3,这首歌没有999+？,2,愿取陌生人为名,549396301
341,2018,2,2,艺考成功了没,0,珍珠奶茶两分甜,529150662
342,2018,1,31,想你,1,coolbananas,79594889
343,2018,1,30,说反了,0,骨子里的真,100475331
344,2018,1,28,先要生存下去，才能舒展自己，把阴暗面抖出来。,1,第77页,53814993
345,2018,1,28,此三毛非彼三毛[大哭],0,嘿你在呀,344196835
346,2018,1,26,三毛流浪记还是说荷西他老婆？,0,你让我反感,253377849
347,2018,1,20,唱法不一样而已,0,pushTom,120202375
348,2018,1,19,一直知道三毛她，但我却从未听过她的故事，没看过她写的书，第一次这么渴望知道一个人的故事，一个人的言语。我想看看你，我想看看你的样子，我想听听你说话的声音，我第一次这么希望看见你。,2,hanbbo,250003567
349,2018,1,17,愿我们都能找到属于自己心间的田野,3,L1inYZ,117220417
350,2018,1,17,三毛女士,1,本姑娘喜欢本姑娘,302079208
351,2018,1,16,三毛我最喜欢的作家,3,名叫三毛,449344295
352,2018,1,16,我从未来过，因为你从不在意,4,人不风流_,347862305
353,2018,1,14,[哀伤]曾经听到这首歌的时候，觉得创造出它的人必定是有故事的人，后来才知道是三毛作的词。,0,擊篽,417390809
354,2018,1,14,人好少,2,-积极five,294449407
355,2018,1,13,齐豫的适合平时听，孙燕姿的适合半夜,1,洛水天依-华风夏韵,409175158
356,2018,1,12,每天想一次是不够的,1,选快乐,308316808
357,2018,1,11,每想你一次，天空飘落一粒沙，从此形成了沙哈拉,2,长长生j,502746786
358,2018,1,11,这首歌承载我太多的情绪，我想好好整理下情绪写个回忆的故事。,2,浪迹流连,348838837
359,2018,1,9,艺考面试打算唱这首歌，祝我成功,5,和那个男孩0616,481137471
360,2018,1,5,我去看看，我特么的现在穿的就是黑色毛衣 [皱眉],0,藤井树小生,6381843
361,2018,1,5,是呀 ，mv拍得像鬼片，不过还蛮有意境，三毛本来也是神神叨叨的人，还蛮符合这首歌的,0,4225401,104284841
362,2018,1,5,我去，你也有我这种感觉吗[惊恐],0,藤井树小生,6381843
363,2018,1,5,你去看mv更瘆的慌，燕姿穿一件黑衣，还有一群黑衣人在山上走,0,4225401,104284841
364,2018,1,5,只有孙燕姿可以唱出三毛的风格,6,盼闫,136670604
365,2018,1,5,心，若没有栖息的地方，到哪里都是流浪...,5,熙华的小企鹅,296643201
366,2018,1,5,2018.1.04 不曾忘记,1,罗啊屁,512413521
367,2018,1,5,梦中能梦到橄榄树啊橄榄树,1,這个大頭詪Rock,110953077
368,2018,1,4,26年 和我一样大,2,他醒,41566014
369,2018,1,4,这首歌，我从小就听我老爸唱过，尤其记得他每到“不要问我从哪里来，我的故乡在远方”这句时，声音就提高很多。我小的时候不理解，长大后听我老爸说，他曾经也是流浪的人，到过很多地方，直到遇到我老妈才停止这流浪。,4,郭远恒,343173825
370,2018,1,4,“不要问我从哪里来。”,1,苏更生M,95035681
371,2018,1,4,"2018.01.04
二十七年了
不曾遗忘过",5,消化怪,296633382
372,2018,1,4,流浪的人啊心要在哪里安定~,1,织贩,599963225
373,2018,1,4,我的三毛[爱心],0,无端发笑,430325578
374,2018,1,4,[强],1,墨一陌,5680305
375,2018,1,4,流浪,1,孙燕姿kepler_,74997392
376,2018,1,4,🐾,1,糖也不甜,63197180
377,2018,1,4,三毛,1,爱如禅你如佛,105570945
378,2018,1,4,[爱心],0,Horacee,128567910
379,2018,1,4,流浪,0,lndooo,468498038
380,2018,1,4,亲爱的三毛 想念你,1,As__U,327546364
381,2018,1,4,纪念,1,未知介质,417689525
382,2018,1,4,橄榄树，大学中最喜欢的一首歌，成天幻想去流浪[大哭],1,耗子陪猫,400079403
383,2018,1,4,你可知我为自己取名Echo     念,2,游戏机不打碟,401093555
384,2018,1,4,编曲有点诡异和瘆人，可不乏好听  ,0,藤井树小生,6381843
385,2018,1,4,流浪…流浪……,0,__南墙,396354202
386,2018,1,4,风格比较现代的感觉，不是想象中的感觉,0,对称的平行线,345686865
387,2018,1,4,来这的都是三毛迷,7,Echo你是我不及的梦1703,437314997
388,2018,1,4,撒哈拉的故事,0,Echo你是我不及的梦1703,437314997
389,2018,1,4,纪念三毛,1,Masha1158,513634911
390,2018,1,4,2018.1.4,0,硬汉X-man,96826710
391,2018,1,4,2018 1月4日 因为今天是三毛的逝世日 来听了这首歌,2,一直前进努力奋斗,315426867
392,2018,1,4,"今天是你的祭日。
愿你在那边有小鸟，有小溪，有草原，也有橄榄树。",3,CastorPolydeuces,339796014
393,2018,1,1,第500评,0,浮躁的异想世界,572631665
394,2017,12,30,为了999+,0,马缇雅,61442367
395,2017,12,29, 永远的三毛,1,楞伽山人boom,478911488
396,2017,12,28,好听！！！！！！！,0,FrankAbagnale先生,359297580
397,2017,12,26,听过好多版本  但是就是喜欢燕姿的,3,来我们讲道理,127818840
398,2017,12,22,[大哭][大哭][大哭][大哭],2,可惜我不是你的水瓶座,1660092
399,2017,12,22,评论492哈哈哈    继续私藏,1,Christ1n,375103494
400,2017,12,21,最爱的三毛 最爱的燕姿 身为三毛迷和姿迷的我 是多么幸福,2,YIOU_MUSIC,583829231
401,2017,12,20,孙燕姿的这版，给我的感觉，一望无际的高山上 一位少女眺望远方 风轻抚她的发 她一边回忆过去一边唱着这首歌 歌唱完了 潇洒的离开,3,坏孩子甜酱,39183277
402,2017,12,10,前奏好好听,2,小醒C,470971980
403,2017,12,9,当年的燕姿声音还不够苍茫，木兰情的时候就好多了,1,zayu丁,92235925
404,2017,12,9,不要,1,我是人民币啊,409032968
405,2017,12,8,这么好的歌竟然没几个评论,1,Lionel_Xiao,484014615
406,2017,12,8,不如就这样了,1,快快啊_,87626243
407,2017,12,4,橄榄树,0,雾月林,313461178
408,2017,12,4,喜欢的姿妈唱喜欢的三毛的歌哈哈哈  错过了这么久,0,三毛别浪,297192583
409,2017,12,3,别灰心姑娘，只要心向光明，一切都会慢慢好起来,2,123乐兔兔,470531423
410,2017,11,26,不浪漫不成活,1,普罗科菲耶妇,133096931
411,2017,11,24,我爸唯一一首在ktv唱的歌,3,是郭枪枪呀,453338114
412,2017,11,24,[爱心],1,你知道的我最钟意的人是你,401489992
413,2017,11,24,一直不敢听孙燕姿的歌，只因为她的声音跟我高中时代喜欢的一个妹子声音很像，既然无缘那就祝福她能找到自己的幸福好了,4,风暴语,74733349
414,2017,11,23,什么是诗性？这就是诗性。,1,邵北雁,97291690
415,2017,11,20,昨晚睡前的歌。然后，一晚上的梦，都是迷迷糊糊的撒哈拉场景。就是三毛写的“上面插上一丛怒放的野地荆棘，那感觉有一种强烈痛苦的诗意”，还有各种厚重的颜色和图案。有种，飘飘荡荡跌跌撞撞的混混沌沌的感觉，梦里可不就是这样么，飘啊飘啊的。,2,TTTsaRRR,90307565
416,2017,11,19,没有999？,0,毕竟Naive,33677655
417,2017,11,19,看了康熙才知道这首歌在台湾以前也是禁歌。。。[汗],2,可惜我不是你的水瓶座,1660092
418,2017,11,19,有点想听王菲的呢，都是洒脱的女子,1,一棵流苏树,55610331
419,2017,11,18,啥意思,0,在你心上开花,104868672
420,2017,11,18,我只是想为999+贡献一份力量,0,来波儿摇滚,357345391
421,2017,11,17,好听,0,飘到地球外去,260656884
422,2017,11,16,我也想听🌞,0,今晚几点睡QT,118970274
423,2017,11,15,我qq最早最早叫这个名字~[可爱],0,馥1207,255242115
424,2017,11,14,背景音乐有点乱呐,0,书子慕,96102961
425,2017,11,13,流浪中的人,0,疯_jf,262379467
426,2017,11,13,燕姿唱的好听 但不如原版感动。可能艺术家和歌手还是有区别吧,2,夏麦summer,358155648
427,2017,11,11,原来我爸经常哼的就是这首歌，另一首是纤夫的爱[口罩],1,七北__,328819816
428,2017,11,11,唉唉唉,0,罗曼去他吗的诺克威尔,296352666
429,2017,11,9,看了三毛的书，很想来听听这首歌。,1,三杠n,394877620
430,2017,11,4,她的一生,0,红番茄小猪头,274494849
431,2017,11,4,孙燕姿  跳舞的梵谷,2,歌吻鲧,368917990
432,2017,11,4,三毛……,1,怎麼會這樣_HH,439143580
433,2017,11,3,小学的时候好像在某个地方听到这首歌，后来高中时突然想到了这个，出去上网吧疯狂找终于找到了，齐豫版本无限循环，后来知道了这个，开始爱上了这个。,0,叫我-树先生,112572505
434,2017,11,3,你去看mv，也是很惊悚的鬼片效果，尤其是燕姿穿着黑衣跟一群黑衣人在山上走,1,4225401,104284841
435,2017,11,1,今天文学鉴赏课讲的是三毛，课刚开始时放的是这首歌，现在已沉浸其中🌱,2,红番茄小猪头,274494849
436,2017,10,24,唱的另一种风格,0,傻子-笨蛋,1331490
437,2017,10,21,若有来生 我愿做一棵树,0,PRISM-13,336036356
438,2017,10,20,这么好听的歌评论这么少，总有一种窃喜，太过美好的东西并不很愿意分享给别人的[可爱][可爱],2,木失格,132684435
439,2017,10,15,荷西？,2,FOURxA,539611757
440,2017,10,15,你还有大网易音乐爸爸,2,乐意12-25,380476558
441,2017,10,13,个人认为还是朱逢博的最好听，依次是赵鹏，齐豫等。,0,ksfwh,304494563
442,2017,10,13,远方,1,clarit,318491001
443,2017,10,13,我想问一下，前奏的乐器是什么,0,尼伯龙根55,535661527
444,2017,10,9,你可以去听听韩红版本的，风格意境两者不同,1,黑色cabtllcc,58367182
445,2017,10,6,不要问我从哪里来,1,水瓶子__,373989271
446,2017,10,6,每次听这个 脑海里全是三毛跑在撒哈拉沙漠,6,jellywant,300281539
447,2017,10,5,这首歌的编曲很是诡异，你说这是恐怖片的片尾曲也会有人信，当人鬼同途，一切归于沉寂。,5,xifeng007,366885234
448,2017,10,4,果然这个版本才是我的真爱_(:з」∠)_,2,长白山的春夏秋冬,336875910
449,2017,10,2,经历了撒哈拉沙漠的沧桑，看过了滚滚红尘，只是为了梦中的橄榄树,3,安悦溪0330,567782193
450,2017,10,2,♡,1,yeivinn,327544785
451,2017,9,30,三毛三毛，流浪流浪,1,是大艺啊,117807514
452,2017,9,30,撒哈拉的沙漠花开成海，你是我依靠的橄榄树,3,云上瑶台,303147000
453,2017,9,28,[爱心]闭上双眼，用心去聆听~,2,你知道的我最钟意的人是你,401489992
454,2017,9,27,我只听燕姿版本的橄榄树。,2,Jacky_猫,251295361
455,2017,9,27,流浪,1,寡味鱼2223,516544265
456,2017,9,24, 好听好听,1,______白描,110334368
457,2017,9,23,Echo 为你而来,3,槲亯,507637658
458,2017,9,22,经典,1,西瓜鲸落,72264788
459,2017,9,22,二x青年,0,风云无霜,101464143
460,2017,9,22,燕姿的唱功我是服的,1,天空vz,256167033
461,2017,9,21,美姿姿,0,孙燕姿哟,476147851
462,2017,9,18,[流感],0,她说她没醉-却又摇摇晃晃掉眼泪,315994090
463,2017,9,18,声音太薄了，不是很好听,1,黑色cabtllcc,58367182
464,2017,9,17,心疼三毛……,2,FLAVOURAZA,120614963
465,2017,9,16,一种离家的孤寂感,2,屡教不改灬,332038768
466,2017,9,15,为什么没有999＋,0,肆念清,300354388
467,2017,9,15,三毛，love you.    为了梦中的橄榄树     流浪远方     故乡     从哪里来   ,0,FBElan,286718816
468,2017,9,10,这封面。。,0,张三李四路人甲,323102665
469,2017,9,9,差点意思,0,Butbutbutme,41054869
470,2017,9,8,心好痛,0,Kepler-卢较瘦,289465354
471,2017,9,8,孙燕姿的声音一点都不低沉。。她的声音一直都很有灵气,2,養文專業戶,288477491
472,2017,9,6,逼死原唱系列,1,虚空如雪,583256999
473,2017,9,6,加油,0,不傻_不白,514487583
474,2017,9,5,等待妈妈回来的孩子，别等了，她走了，不是她不要你了，她真的走的不情不愿，不舍不甘，她也有太多的话没来得及跟你说，对你有无尽的挂念，别想她了，她希望你能好好活下去，希望你幸福，不远的未来你们终会团聚。这段话送给自己和没有母亲的孩子，加油，社会很残忍，学会心疼自己…[蛋糕],1,大头菜o,348015758
475,2017,9,3,同问,0,乔霁_,125067700
476,2017,9,3,以前其实偏爱齐豫版的，觉得唱出了时代感和空灵感，可能那时候的流浪，在我眼里是浪漫的，现在，听到孙燕姿的声音，总是会忍不住颤抖，是一种心疼的颤抖，想起三毛在梦里花落知多少里写到的荷西死后的心境，我想流浪是苦的吧，而这首正是唱出了流浪的哀惋挣扎，因为那是没有荷西的流浪啊。,3,乔霁_,125067700
477,2017,9,1,还有世说新语,0,想不出昵称于是就叫这个名,421753396
478,2017,9,1,以前听燕姿的歌不喜欢这首现在觉得意外的好听,0,想不出昵称于是就叫这个名,421753396
479,2017,8,31,echo说这首歌里歌词是有改的，为了小鸟、小溪、为了草原是不必流浪的。,0,无无明无无明尽,284067634
480,2017,8,27,[呲牙],1,GillianCCCBIGBANG,428113180
481,2017,8,26,你在说啥？？,0,zl60583,271169535
482,2017,8,26,今年的11月6号就要考小学的教师资格证，希望自己能通过！,1,随老师,499760220
483,2017,8,23,好听,0,多O克,129028441
484,2017,8,22,唯一一首没有999+的歌，为啥？,1,吴阿凉,245982502
485,2017,8,21,在远方,0,bu知bu觉不明所以,256397973
486,2017,8,20,顶上去啊,1,JayMinM,107782687
487,2017,8,19,为啥？,0,熊猫东666,428151543
488,2017,8,18,真的是厉害,1,monsterle,43210931
489,2017,8,17,Echo. 流浪的你，在远处闪闪亮。期盼有一天，我也在途中。感受你歌里的橄榄树，你书里的撒哈拉。,2,一只猪zhu,430570992
490,2017,8,15,😏😏,0,别再奋力逞强,122065677
491,2017,8,15,不科学,0,Socoolcoolllll,485681195
492,2017,8,14,流浪远方,0,journeyfancy,22093583
493,2017,8,14,搬玻璃是什么鬼,0,刚巴嘚_,437905014
494,2017,8,12,买了这张cd，记得这首歌前面写了她和爸爸、还有姐姐的小事情，觉得好温馨,0,小白的账号,477192648
495,2017,8,11,流浪远方。,0,归人与过客,248548109
496,2017,8,10,喜欢,1,帐号已注销,303984480
497,2017,8,9,适合流浪他乡的浪子,0,永远相远,529718351
498,2017,8,8,燕姿小时候的摇篮曲,1,流沙暧昧,507365538
499,2017,8,7,[呲牙],1,和不知道先生,361535132
500,2017,8,7,哈哈哈哈，是,0,别再奋力逞强,122065677
501,2017,8,7,因为绿光喜欢的第一个女歌手,1,雾没什么,3357365
502,2017,8,6,听着她的歌长大的吗[钟情],0,和不知道先生,361535132
503,2017,8,6,后来粉上燕姿才知道，原来我很小就听过她的歌[大笑],0,别再奋力逞强,122065677
504,2017,8,6,原来我从小学的时候开始听得都是这一版本,0,别再奋力逞强,122065677
505,2017,8,6,燕姿是一位很有自己风格的歌手。,2,---北冥有鱼---,432507529
506,2017,8,5,据说这歌之前在湾湾刚出来被禁过，说是故乡意指‘大陆’，有亲共之嫌[大笑],0,A酱-Amphetamine,267854773
507,2017,8,5,好,0,鹏鹏鹏鹏King,359274012
508,2017,8,5,坐等一手999。,0,好大的一只鱼鱼鱼,307495582
509,2017,7,30,我为了三毛来听的,0,独饮风萧客,305430939
510,2017,7,27,孙燕姿的声音好空灵，听着舒服,2,福原凉子,308422092
511,2017,7,25,一直就喜欢孙燕姿这种低沉的声音，女神级别,3,眉翎菀箢,449012148
512,2017,7,24,我花钱买的，怎么还是下载不了,0,Leeyoonthink,444050764
513,2017,7,24,为什么要流浪，为什么要橄榄，只因为一个不确定你,0,你是人间的四月天170424,471968244
514,2017,7,23,既无过往，也无归处。,3,梁言秋,395737725
515,2017,7,20,面试玻璃企业的岗位，面试成功之后被要求搬三个月玻璃[呆][呆],0,飞翔的20号罗宾侠,3077131
516,2017,7,19,哈哈，看来你一定是歌声有过人之处，加油，相信自己,0,飞翔的20号罗宾侠,3077131
517,2017,7,19,我也想要有面試可以唱歌的體驗! 不知道會不會因為面試官也喜歡燕姿然後錄用我呢!,0,Jaqueline30,270658719
518,2017,7,19,面试官看我太紧张想缓解下我的紧张，唱歌之后确实好多了,0,飞翔的20号罗宾侠,3077131
519,2017,7,19,。。。面試官也是可以的,0,Jaqueline30,270658719
520,2017,7,19,不为尘世所羁绊 我们都是俗人 活不出精彩人生,1,谁人预计,340155983
521,2017,7,19,一个普通的面试，面试官看我的简历里特长和爱好是唱歌，橄榄树这首歌很适合清唱,0,飞翔的20号罗宾侠,3077131
522,2017,7,18,啥面试要唱燕姿。。,0,Jaqueline30,270658719
523,2017,7,17,好美,0,颯n欧尼,356875183
524,2017,7,13,想念三毛[爱心],0,柚子女青年,262923305
525,2017,7,12,听的一身鸡皮疙瘩！怎么能如此好听？！,0,灵珠爸爸,284771354
526,2017,7,9,[爱心][爱心],0,卑hhh,485019473
527,2017,7,7,我的故乡在远方,0,麦克斯尤,100439449
528,2017,7,5,流浪[鬼脸],0,18196163592,317453262
529,2017,7,4,你们都还好吧？嗯 是的,0,張_贰,42585757
530,2017,7,4,[呆],0,張_贰,42585757
531,2017,7,4,[呆],0,火龙果没有籽,30381025
532,2017,6,28,忽然想起了，来听听,1,竹以西,119588203
533,2017,6,27,正在上班突然哼起来，听听就觉得很好，流浪远方,0,冰雹冰冰冰,86111359
534,2017,6,26,我第一次觉得，最后可能也是自己决定自己的生死。开阔。开阔。,0,Mustang810,85808272
535,2017,6,25,不要问我从哪里来~,0,海蓝时_,399200558
536,2017,6,24,当我问你愿不愿陪我去流浪的时候，我最想做的不是流浪，而是你陪着我。,0,李坏ache,325891246
537,2017,6,23,齐豫唱的不够空灵，这个版本才好听,0,叫我-树先生,112572505
538,2017,6,17,嘤,0,ashesxxu,57541512
539,2017,6,17,我姿真的唱歌好听。,0,你爱我也不容易吧,90080891
540,2017,6,17,喜欢的歌手唱喜欢的作家的作品[爱心][爱心][爱心],1,HollyWong,10143125
541,2017,6,14,非常喜欢这个版本 真假音转换的节点听得相当舒服,0,云端的左耳,97418964
542,2017,6,12,为啥。。。,0,简繁叔叔,284552117
543,2017,6,12,BGM神雕侠侣,0,大音乐玩家,325992559
544,2017,6,11,顶一个,0,丨唐丶,15803373
545,2017,6,10,怎么没有999+,0,月下逐日,53191695
546,2017,6,6,每次听到的时候就能瞬间回到那年初三的光景，爸妈给的钱都拿来去音像店里买卡带了，买回来和姐姐一起听，好想那个时候啊,1,我很酷的样子,9449805
547,2017,6,3,999+,0,你脑洞真大,273778345
548,2017,6,3,💓,1,黑暗行星古兰斯菲亚,495929451
549,2017,6,2,去了趟撒哈拉，回来再听这首歌，感触颇多,6,她她么,422319484
550,2017,5,31,有燕姿的地方就有我,3,气氛来了就要醉,308485041
551,2017,5,31,2005年9月，为了下载这首歌，中午没吃饭，步行3公里去了同学家，只因为同学家有电脑。,1,幸福都是奋斗出来滴,362406104
552,2017,5,29,这么多版橄榄树，还是钟情这版，或者说钟情燕姿，怎样，我就是脑残粉儿😛,3,凌晨三点不睡觉的雨果,120801740
553,2017,5,29,手动踩爪印，端午燕姿专辑一日游[奸笑],3,凌晨三点不睡觉的雨果,120801740
554,2017,5,28,不要问我从哪里来，我想跟你一起嗨,2,吹水公子,84637297
555,2017,5,27,流浪远方,2,拂and晓,328488868
556,2017,5,23,[圈],1,fun04,357376056
557,2017,5,23,喜欢的三毛＋喜欢的燕姿，棒哭[流泪],5,白柏图,288994929
558,2017,5,21,好歌不该是这个评论数😔,3,我张士超在华师大,5664782
559,2017,5,20,为了最初的梦想，加油吧,1,流浪女孩酱潇寰,113733916
560,2017,5,18,荷西[爱心]和曦，三毛的温暖。,2,司墨辞,319163464
561,2017,5,13,听了很多版本，还是孙燕姿的最有流浪远方的味道。,5,柒星雪,85911992
562,2017,5,12,不知现在如何了,0,沐仔老爸,273601346
563,2017,5,10,好听,0,-1scap1-,367437823
564,2017,5,10,笑出声,0,有人喜欢热乎乎,274505033
565,2017,5,9,真好听,0,我在清晨的雨中睁开眼,275015062
566,2017,5,8,姿妈最帅[爱心],0,Fellow,132960485
567,2017,5,8,2013年。我接触到三毛，现在却什么都说不出，我心里写给她的情书太多，现在却是甘愿沉默,4,不笑尘,342170271
568,2017,5,7,很不错啊，怎么就这么几个评论,0,是小荣荣哦,296506228
569,2017,5,5,为了梦中橄榄树,0,仲月,3108430
570,2017,5,4,编曲这左右声道神了,1,人鬼不理,67405027
571,2017,5,3,"这个版本很世界风，和""流浪""恰如其分地契合，最喜欢的翻唱。作为齐豫的歌迷以及王菲的铁杆歌迷，自始至终都觉得《橄榄树》和《天空》最好的翻唱者都是燕姿。",2,大梦一场的董二千先生_,39951687
572,2017,5,2,为什么没有999+,0,傻白甜甜甜甜甜甜甜甜,121537396
573,2017,5,1,喜欢燕姿的演绎，其实我也没听过其他的版本[可爱],2,那年我们曾许下的愿望,275986353
574,2017,4,30,为什么只有300评论？现在的年轻人都不听这么好听的歌？,1,Phil-Knight,259748298
575,2017,4,30,我喜欢这首,0,雨后一朵小蜗牛,308960001
576,2017,4,30, 299,0,我才是强强强,55800971
577,2017,4,23,亲爱的三毛,0,_良木森_,259107533
578,2017,4,21,三毛,0,帐号已注销,281344746
579,2017,4,16,岁月极美，在于它必然的流逝，春花秋月，夏日冬雪。,5,许我陌上花开半夏,103382108
580,2017,4,16,看完一本三毛散文集，想去流浪。其实不难实现，行万里路。,4,陈_小_桂,81880414
581,2017,4,15,骄傲 孤独  却自由,2,色如聚沫1704,451687155
582,2017,4,14,还是我姿唱的好听！！！,0,Luchando_Song,14859825
583,2017,4,10,一个人骑着单身，耳边吹着伯朗大道二十三的微风，一个人，却仅仅眷恋这种流浪…,0,王小sue,300122679
584,2017,4,9,因为三毛来，三毛和燕姿都是我喜欢的女人,6,是你铝大爷,326383249
585,2017,4,6,以前写过一篇关于三毛与荷西的文章，那时是初二，看了她的稻草人手记后，就一直找她的书看，然后写了一篇《三毛与大胡子荷西》，现在都还记得那时是以这首歌做结：不要问我从哪里来，我的故乡在远方。。。。。。,4,月亮家的小船,442332050
586,2017,4,5,有点上火，决定去把那颗智齿拔了，给我加把勇气,2,昔长,322314933
587,2017,4,4,为什么流浪…因为灵魂和身体总有一个要在路上吧[爱心],3,朝朝慕沐,29969574
588,2017,4,3,每次听到前奏，感觉自己要被连根拔起般吹散开。,2,敬生定,332002946
589,2017,4,2,深深切切，不留余地的活过。,0,羞羞Momy,128994169
590,2017,4,1,依然印象深刻，非常感触，仿佛昨天，却时过境迁。不要问我从哪里来……,0,生命的稻草,446072093
591,2017,3,28,才280评论，这不科学,1,孤独苹果皮,322737205
592,2017,3,27,好歌不该只有这么点评论，可是我又希望不要有太多人来打破现在的安静,3,梅利梅利12138,404113999
593,2017,3,26,突然想起 只有怀念曾经的美好,0,饭特鑫,2943501
594,2017,3,26,开口我以为写错了歌手名。。。,0,光絵,94243137
595,2017,3,26,这个翻唱好赞～,1,O_oHULLO,343829645
596,2017,3,24,三毛是我高中时最喜欢的作家，燕姿是高中时最喜欢的歌手。今天翻着听了听中学时听的中文歌，试着回忆那段听歌的日子。好在忘了大半，没有了故事，故事从何说起。不要问我从哪里来，用沉默埋葬了过去。anyway我现在很好。,200,Ophita,74897611
597,2017,3,23,喜欢,0,小雷快跑,318247122
598,2017,3,23,不要问我从哪里来，昵称上就有，我也不会再说是罗普斯金。[奸笑],0,五月未末末,328111843
599,2017,3,22,我喜欢的人也像你一样爱笑，博学，倔强的让人心疼。我两年没见过她了。,0,294阿陈,391039347
600,2017,3,20,好喜欢这个版本,1,田馤甄,76391351
601,2017,3,20,孙燕姿的声音真是好啊,3,用户115991216,115991216
602,2017,3,20,看来我们都是懂三毛的人，懂得，和喜欢去流浪的人！喜欢那个天真烂漫，敢爱敢恨的三毛！,2,小呆呆是我哎,380448758
603,2017,3,19,为了梦中的橄榄树[爱心],0,Fellow,132960485
604,2017,3,19,喜欢燕姿,0,风雨无阻-------,291860995
605,2017,3,19,这首歌很空灵啊，一开始听的就是这个版本，好歌怎么没人听啊,0,小米子9,373931355
606,2017,3,19,因为今天网易推荐了[可爱],1,stef小燕飞飞,263481393
607,2017,3,19,今天怎么感觉疯狂被赞，不科学啊，哪个节目安利这首歌了么？,1,飞翔的20号罗宾侠,3077131
608,2017,3,19,唯一一首清唱自己还稍微满意的歌[可爱][可爱][可爱],1,飞翔的20号罗宾侠,3077131
609,2017,3,19,听了好多年这版了，只在齐豫之下。,0,那桑白荻,359792582
610,2017,3,19,这首歌好多年了,0,韦叉叉,60138986
611,2017,3,19,我次奥好好听,0,红肉西瓜,303172822
612,2017,3,19,孤独是只猫,0,__茶酒伴,433408195
613,2017,3,18,牛逼，但是有点装逼的嫌疑,0,燕京房家,294561581
614,2017,3,18,我爱我爸爸[亲亲],0,徐良良良,109132136
615,2017,3,18,看撒哈拉沙漠吧,0,古天海,310688035
616,2017,3,18,三毛,0,古天海,310688035
617,2017,3,11,嗨呦嗨哟,0,宵夜妹纸,48615735
618,2017,3,10,不要问我从哪里来~,0,海绵1874,298588296
619,2017,2,28,这首 我姿唱的好有感觉（痛哭！,1,林守乐,55243746
620,2017,2,28,哈哈哈哈哈哈哈哈哈哈哈哈哈哈哈哈为啥？？？,0,林守乐,55243746
621,2017,2,27,爱姿,1,姿意燕为,263726012
622,2017,2,25,可以,0,七里时标杆,298478813
623,2017,2,23,讲真，和齐豫版比，还是逊色,0,sombreado_joven,15180237
624,2017,2,10,单曲循环[星星][星星],0,帐号已注销,124859943
625,2017,1,20,不要问我从哪里来 / 我的故乡在远方,1,兜久了mei,275768048
626,2017,1,6,不要问我从哪里，我的故乡在湖南……,0,janktes,17591765
627,2017,1,5,[大笑]喜歡在每一首歌下留言。,0,鄒爸比,85768778
628,2017,1,4,2017.1.4[爱心],0,velvet_1,126909033
629,2017,1,4,三毛 最爱的三毛 迷一样的女子,1,葛若愚,123533571
630,2017,1,1,男有周杰伦，女有孙燕姿！,1,芯雨丶,125185012
631,2016,12,28,韩太多炫技反而不得要领,1,有时小疯狂,272884137
632,2016,12,28,说得好,2,有时小疯狂,272884137
633,2016,12,27,？？？完成蒙蔽,0,林守乐,55243746
634,2016,12,23,听的我鸡皮疙瘩起一身,1,经年快乐,89951791
635,2016,12,17,燕姿说小时候爸爸经常唱这首，让她开启了音乐之路。她和姐姐为了买Walkman录电台的歌走路上学省车费。在梦中，你的橄榄树是什么？（今天才看到这首的MV）,0,Chemsun,43151968
636,2016,12,1,鼻祖我不认同，但是她确实在人们心中扎下流浪的种子,1,南方小游云,257407862
637,2016,11,23,所以，人家说你的歌唱的不错，没有任何问题，但是刚毕业需要磨练，磨练三个月然后转正玻璃工程师[呆][呆][呆],1,飞翔的20号罗宾侠,3077131
638,2016,11,22,所以为什么唱这歌就被安排搬玻璃了[生病],0,孟声,114984875
639,2016,11,21,这是唯一一首歌我的评论被置顶！！！,3,飞翔的20号罗宾侠,3077131
640,2016,11,14,确实一般,0,我听着海浪温柔的呼吸,583087
641,2016,11,14,我会相信，她会和荷西相遇,0,崔李苏玉,91616477
642,2016,10,29,韩红唱出了《敢问路在何方》的感觉....,1,大梦一场的董二千先生_,39951687
643,2016,10,29,众多翻唱版本里最喜欢的一版,3,大梦一场的董二千先生_,39951687
644,2016,10,23,喜欢开头这个编曲！,2,青山寻意,107552004
645,2016,10,20,我知道呀 我说的是 这首歌他爸爸很喜欢[可爱],0,杰弗利_,39354044
646,2016,10,15,在理,0,穿山乙君,292741728
647,2016,10,15,"脑海里都是《风之旅人》的画面
",1,缺氧一下,61336276
648,2016,10,15,这首歌唱的最花哨的 应该是韩红在我歌的表现,0,好好说话哦你,120436184
649,2016,10,14,我从小学时候就开始听到的版本，后面高中才发现是我喜欢的燕姿唱的,0,别再奋力逞强,122065677
650,2016,10,13,姿爸最爱,0,花椒吖好麻,9592890
651,2016,10,10,[亲亲][亲亲][亲亲][色][色][色],0,陆家染柒,334835619
652,2016,9,18,每首都留言，都留言，留言，燕[亲亲],0,方圆已被注册,63103560
653,2016,9,15,当年刚出的时候就觉得是神编曲,1,Edison_rose,118349620
654,2016,9,7,[色][色][色],0,可阳快飞,115746724
655,2016,9,2,好好听,0,玮玮玮玮玮,280631003
656,2016,9,1,[亲亲][亲亲][亲亲],0,可阳快飞,115746724
657,2016,8,30,echo,0,一_叶知秋,121907177
658,2016,8,25,神专,1,Akoi麦挽歌,108180532
659,2016,8,23,有种压抑感  可能是太低的缘故,0,自由是我的灵魂,68824908
660,2016,8,13,认真点说，不是搬砖，本科先去搬玻璃三个月！！,0,飞翔的20号罗宾侠,3077131
661,2016,8,13,为什么流浪,0,梅菜扣肉OvO,73709058
662,2016,8,9,三毛和燕姿两女神的交汇！[爱心][爱心][爱心],0,芬兰的孤岛鲸,115963271
663,2016,8,2,200！,0,BYELullaby_,34261395
664,2016,7,31,火钳刘明,0,SUP大水怪,275644273
665,2016,7,27,我是王海峰我喜欢孙燕姿,1,爱姿海,126397948
666,2016,7,27,边听边写高数！,0,坐饮红楼,30405508
667,2016,7,24,很耐听。,0,帐号已注销,86363723
668,2016,7,23,我的青春！！！燕姿生日快乐[蛋糕][蛋糕][蛋糕],0,-有姿有菋-,129649056
669,2016,7,23,我的青春！燕姿生日快乐[蛋糕][蛋糕][蛋糕],2,-有姿有菋-,129649056
670,2016,7,17,不是搬砖？？,0,望穿秋裤i,117147794
671,2016,7,15,为了梦中的橄榄树,1,我的霸气秒杀全场,126922767
672,2016,7,11,和音100分！,0,柒星雪,85911992
673,2016,7,6,我是王海峰我喜欢孙燕姿,0,爱姿海,126397948
674,2016,7,2,没有过多华丽的修饰 简单清澈 空灵忧伤。燕姿这版演绎完美 ,3,BYELullaby_,34261395
675,2016,6,28,我喜欢,0,夜夜夜c,257368536
676,2016,6,3,你跑错地方了吧,0,绿色肚兜蕾丝边,282260205
677,2016,6,1,稻草人手记,0,The__Summer,121706394
678,2016,6,1,为什么,0,The__Summer,121706394
679,2016,6,1,突然想起我那本《温柔的夜》还没看完[口罩],0,北有高楼灬,283481319
680,2016,5,31,🕸,0,可可酱酱子,39508727
681,2016,5,30,好空灵的声音，有种奇幻的感觉。,1,Versi0n,268831247
682,2016,5,29,就是爱孙燕姿,0,小松鼠军军,134447087
683,2016,5,28,齐豫的歌声带着眷恋,1,有只橙子,54180059
684,2016,5,28,有一种孤独悠远的伤感,2,柒星雪,85911992
685,2016,5,27,好听！,0,不溶的阿莫西林,44879090
686,2016,5,27,这首歌我只认孙燕姿,1,绿色肚兜蕾丝边,282260205
687,2016,5,26,我相信这首歌会有999+的那天,1,喜鹊喝了可乐会变成乌鸦,117892378
688,2016,5,19,燕姿唱的很好呀，为何才一百多条评论，这不符合逻辑,1,杨亿嬅,273788048
689,2016,5,19,费翔的感觉就是想流浪一直未曾走出门,0,沐仔老爸,273601346
690,2016,5,18,中考那年，第一场语文结束了，放的就是这首橄榄树，多年过去了，再也听不出当时的感觉。,3,沐仔老爸,273601346
691,2016,5,17,孙燕姿小时候经常听她爸爸唱，也是她爸最爱的歌，她唱这首歌就是为了她爸吧,0,yamapfans,263677295
692,2016,5,13,齐豫是流浪一生了吧,0,再见往事再见,55954732
693,2016,5,13,相比于齐豫的版本，这首歌具有新时代女性的审美和独立精神[强],5,帐号已注销,122244070
694,2016,4,25,[强][强][强][强][强][强][强],0,查某人的梦,19119162
695,2016,4,25,[亲亲],0,查某人的梦,19119162
696,2016,4,17,永远的三毛,0,Antonio大表哥,116898769
697,2016,4,15,想和他去远方 不管多远都好,2,牛油果真好吃,247081374
698,2016,4,13,一个不让问从哪儿来，一个不让问到哪儿去，孙燕姿和毛阿敏，都有脾气,4,挚爱自己,16453827
699,2016,4,12,为什么流浪？因为我的爱人在远方。,0,Dopamine缺乏症,105497984
700,2016,4,12,春天来到的时候，我会吃掉你@张看_,0,帐号已注销,104270193
701,2016,4,12,稳定而倔强的声音,1,UenoJuri,44156313
702,2016,4,11,燕姿之所以翻唱这首，因为爸爸喜欢这首歌。,3,歌手杨林,130455275
703,2016,4,11,有故事,0,帐号已注销,132971892
704,2016,4,8,三毛,1,求求8297,70993715
705,2016,4,7,初中午饭时候的广播歌曲，早饭时放的是 Yesterday Once More. 当时只觉得这两首歌听起来还不错，现在听脑海里全是在初中校园里从宿舍区走到教学区猛然听到歌曲响起的画面。那些从没刻意的记忆却烂熟于心的歌词。时间真的很神奇，它荡涤去不美好的事情，留下的全是想起来就不能自已的感动。,2,初空月之剑,103933436
706,2016,4,2,会等到他的[憨笑],0,明媚似妖,35597139
707,2016,4,2,大写的羡慕😂毕竟连一个男票都没有,0,田馤甄,76391351
708,2016,4,2,我也是，然后和男票说了她的故事，男票就说，以后我们也去撒哈拉旅行。（男票是法国人）[吐舌],0,明媚似妖,35597139
709,2016,3,31,😄面试玻璃公司的时候，公司的HR看到我写的爱好是唱歌，以后便让我唱一首，唱完就把我录了,3,飞翔的20号罗宾侠,3077131
710,2016,3,31,不懂-_-#,0,飞鱼flyfish,59137752
711,2016,3,30,昨天看了关于三毛的《档案》节目，在听一次她的《橄榄树》,2,田馤甄,76391351
712,2016,3,29,节奏太快，来不及回想,1,那年黄昏下孤单的少年,91474394
713,2016,3,29,这歌和斯卡布罗集市的感觉很像啊,0,402_not_found,87964634
714,2016,3,22,三毛。,0,Cucko-O,112616837
715,2016,3,17,小时候vcd上听过的歌曲，只记得好像有被风吹乱秀发的女人，还有橄榄树镜头，挺凄美,0,生来何必彷徨,91707364
716,2016,3,6,我哥不是燕姿的粉，但他说了，这首个和天黑黑是他最喜欢的。,0,马里奥网易,112327104
717,2016,3,6,为什么流浪远方,1,孙燕姿的锁骨,17714009
718,2016,3,6,能把别人的歌唱成自己的风格，赞,0,围绕错觉,19086948
719,2016,3,5,孙燕姿把老歌唱得fashion了，让年轻人也重拾起了父辈们最爱的歌，这或许是我们和父辈们唯一的共同语言。,6,Cupid-轩,249746004
720,2016,2,25,半年前，唱这首歌面试成功，经历很不成功的半年之后，如今重新出发，今天再去面试，加油，自己。,9,飞翔的20号罗宾侠,3077131
721,2016,2,23,孙燕姿赢在编曲[大哭],4,咕叽哩哇,3335028
722,2016,2,16,[爱心][爱心],0,aiya宁遥,63997490
723,2016,2,11,离开家十多天了好想家，好想我妈，二十多年来第一次在外面过年，才体会到对家的思念,0,遇见stefanie,34739370
724,2016,2,10,唱的不好听,0,芒果怡人,69650085
725,2016,2,6,是的嘿嘿[呲牙][呲牙],0,闪泥啦啦啦,88079495
726,2016,2,6,更喜欢她唱出来的味道,2,100-26,47197022
727,2016,2,6,"旷野昏鸦
日暮小镇
虔诚浪人
远方",1,100-26,47197022
728,2016,2,1,最想听的一首歌，同时也是最不敢听的一首歌！,0,最帅的羊羊,36446657
729,2016,1,10,燕姿的翻唱总有自己独特的味道 不一样的诠释,1,闪泥啦啦啦,88079495
730,2016,1,9,哈哈,0,赛菲罗卜斯,40320345
731,2016,1,9,go farther,0,翰墨风荷,88472267
732,2016,1,8,[可爱]你也六级了啊,0,墨一陌,5680305
733,2016,1,8,九级大神…………,0,赛菲罗卜斯,40320345
734,2016,1,7,[爱心],0,四夕文,15485102
735,2016,1,6,说好唱给你听的！想你了，小王@四夕文 ,0,sm小虫子,39903509
736,2016,1,5,寫的好！看過她的書，一位活出自我，真正灑脫，不拘於世俗的女子。流浪二字最佳詮釋代言人！,0,紐西蘭之櫻,96082877
737,2016,1,4,今是三毛逝世25周年。我们不得而知，这个迷样充满灵性、情感极致丰沛细腻的女子，25年前为什么与世绝别。总之她来过，并且深深切切、不留余地地活过。她在无数人心里埋下一颗叫“流浪”的种子。如果流浪的情怀是某种派系，她就是鼻祖。愿天国也有撒哈拉，有她至爱的大胡子荷西。,1124,墨一陌,5680305
738,2016,1,4,今是三毛逝世25周年。我们不得而知，这个迷样充满灵性、情感极致丰沛细腻的女子，25年前为什么与世绝别。总之她来过，并且深深切切、不留余地地活过。她在无数人心里埋下一颗叫“流浪”的种子。如果流浪的情怀是某种派系，她就是鼻祖。愿天国也有撒哈拉，有她至爱的大胡子荷西。[拜][拜],0,墨一陌,5680305
739,2015,12,30,还是喜欢燕姿这版,1,菠萝地海有鱼,111770418
740,2015,12,24,元芳！你为什么流浪？！,2,Medicine-,35282764
741,2015,12,24,[亲亲][亲亲][亲亲],0,可阳快飞,115746724
742,2015,12,20,+1,0,KILLERQUEEN-q,115063552
743,2015,12,16,一个想念三毛的夜晚,2,无敌星_,110543675
744,2015,11,30,[惊恐][惊恐][惊恐],0,MyBackisTurnedOnYou,60278770
745,2015,11,29,[亲亲],0,桥洞洞主,64569272
746,2015,11,28,读了三毛再来听这首歌的。另有感触,2,我有公主病你宠我啊,97271307
747,2015,11,28,还是留个名吧，虽然不知道说些什么，三毛的词，加上好的曲子，加上燕姿的演唱，好听好听，当然齐豫的版本也很好听,1,海外小仙人,65586509
748,2015,11,28,梦中的橄榄树 依旧美丽的不可方物,0,前奏太美忍不住抖腿,17578495
749,2015,11,26,比韩红版多了一些切近的温柔,1,夜游浅水池,82722726
750,2015,11,23,想听齐豫的，但是听不了,0,-就这样,63975981
751,2015,11,22,路在脚下～～～,0,风声猎猎,3131941
752,2015,11,20,不要问我从哪里来，我是一来自北方的狼,0,小晞流水哗啦啦,42464896
753,2015,11,18,这张专辑的宣传期就被电视里这首歌的片段吸引，至今都爱这首,0,飞洒的胡,50679936
754,2015,11,5,经历了撒哈拉沙漠的沧桑，看过了滚滚红尘，只是为了梦中的橄榄树,265,如果你跟我说_你要离开,68248462
755,2015,11,1,@云音乐小秘书 希望这歌词可以加上词作者。,1,GWingS_,85839440
756,2015,10,26,我是第100条评论，我可以的[吐舌],2,那就随便了,14078204
757,2015,10,24,声音美,0,thfydbhs,99749356
758,2015,10,22,嗯嗯，话虽如此，但看到有点生气也没办法[晕],0,看我可爱咩,65911192
759,2015,10,4,很早很早很早以前就听到过这首歌。然而一直不知道它的歌名，现在终于找到了[亲亲],0,calm-summer-breeze,63836273
760,2015,10,3,离家的孩子,0,夜色朦胧的酒,5681500
761,2015,10,3,不要要求一个艺术家唱你想听的，画你想看的，设计你想要的，这是常识！ 高了说，美学中对二度甚至多度创作的可能性给予广泛支持，低了说，人家爱怎么唱都是有理由的，音乐这东西，此时不爱，未来某天突然沉溺的作品，简直数不胜数，奉劝主观臆断者，不要轻易论断，只会暴露你的自大和低劣！,625,ponyzhou,45871728
762,2015,9,27,"最爱这个版本，好像其它版本并没有听过。。。
",0,结菜,57780277
763,2015,9,25,不一样,0,AeroAllegro,92188486
764,2015,9,22,你也是diao,0,看我可爱咩,65911192
765,2015,9,22,我中学也听她的歌呀啊哈哈,1,当代废橘,34046752
766,2015,9,22,在我姿这里咋也能见到你[流感],0,新昵称还没想好,67339684
767,2015,9,16,对于这首歌不解释,1,support燕姿,74672497
768,2015,9,11,开口就像听到了三毛,1,白发川,58702331
769,2015,9,1,三毛作词，李太祥作曲，相对于齐豫版本的，我更喜欢这个版本。,1,帐号已注销,17755418
770,2015,8,31,“我的故乡在远方”————这一句的调和西游记主题曲最后一句一样,0,凌晨四点的裸山鸡,44251116
771,2015,8,31,晚安的曲,0,RealityLily,66253533
772,2015,8,29,哈哈[呲牙],0,黑暗不过黎明前,9873806
773,2015,8,28,好喜欢这个版本啊[亲亲][亲亲],0,帐号已注销,2826611
774,2015,8,28,呵呵，这是美拍很火的一个用户的名字[可爱],1,看我可爱咩,65911192
775,2015,8,28,像极了小丑！,0,Shawn_Lei,34901216
776,2015,8,28,最后说一句，我回你从来没想过要改变你想法，只不过是给路人看的，为了路人不受你评论影响，可能这种影响为零，就这么跟你说吧，有关孙燕姿的争论我还真没输过，天后那么多粉难道是盖的？作为粉丝我能做的是让这种负面评论能少则少，你要是觉得不想讲，可以删掉评论，我也删，毕竟不想她的歌有太多争吵,2,看我可爱咩,65911192
777,2015,8,28,还有你讲不过扯什么价值观也是醉了，如果你要是觉得凤姐漂亮的话那我也不好说什么了，孙燕姿的橄榄树连齐豫都说是她很向往的一个版本，何况还有蛮多人喜欢(要是没人喜欢我才不敢跟你论)结果有人跑来说一句一般，不是素质低是什么？这种评价就是负面的，人长得丑，你就当他面说他丑？素质在哪？,3,看我可爱咩,65911192
778,2015,8,28,呵呵，你自己举榴莲的例子，还说我钻牛角尖？明明是你在“偷换概念”不好吗!!何为爱屋及乌，孙燕姿作为一个歌手，我是因为喜欢她的歌才喜欢她这个人的，当初听橄榄树我顶多算个路人粉，但觉得好听到爆，后来因为她唱的歌都很好听很合胃口才喜欢她，说的跟我是因为她这个人才喜欢这首歌似的,2,看我可爱咩,65911192
779,2015,8,28,1.任何歌手都有“一般”的歌，包括我所谓的的“偶像”！只能说你是爱屋及乌。2.我所谓的“偶像”就是唱歌风格适合我的歌手，只要不涉及我跟家人，你怎么骂是你的事3.“说我偶像”、“反击”，和钻“榴莲”这个牛角尖，让我意识到我们可能没有共同语言和价值观，所以没有继续讨论的必要了。别回了。祝好,0,Shawn_Lei,34901216
780,2015,8,27,不知道你举榴莲有什么意思，吃榴莲能跟说别人偶像唱歌一般比？我个人就喜欢吃榴莲，而且觉得一点也不臭，身边也没几个觉得臭的，喜欢吃的倒是不少，所以很多东西以讹传讹，没吃之前我也以为是臭的，所以我作为孙燕姿粉丝看到别人说她歌一般反击一下难道有错？你说话很轻松的样子，说的又不是你家偶像,2,看我可爱咩,65911192
781,2015,8,26,让你知道当鼓点出来的时候你是多么的孤独,0,BR大狗,77443178
782,2015,8,25,新闻说齐豫老师准备在慈善演唱会邀请燕姿一起合唱《橄榄树》，好期待惹[呆],1,帐号已注销,37833626
783,2015,8,25,为什么流浪…元芳[奸笑],1,神兽草踏马,1309013
784,2015,8,24,所以你看见人家有盾牌就急了么[呆]？法规规定某些歌“就是好听”吗？周董饶舌不说，青花瓷、菊花台等还算“好听”把？但我父辈以上就很多人觉得“一般”；东方红、小芳、热情的沙漠、甜蜜蜜…那个年代的人普遍觉得“好听”吧？但现在肯定不少人说“一般”，所以音乐还真是挺主观的（当然不是绝对主观）,0,Shawn_Lei,34901216
785,2015,8,24,真是搞笑，老是拿音乐是主观之类的话当挡箭牌，有的歌就是很好听，就算不喜欢也不至于“很”一般吧！如果我说看过你喜欢的歌的列表然后说你品味低，你的歌都很一般，你会高兴？如果你的回答是不会，那总之一句话，喜欢这首歌的人多了去了，你不喜欢？oka!但别BB!,0,看我可爱咩,65911192
786,2015,8,23,音乐艺术是主观的，你觉得好听，就容不得别人说不好听了吗？,0,Shawn_Lei,34901216
787,2015,7,30,面试的时候唱了这首歌，被录取去搬玻璃。。。,1420,飞翔的20号罗宾侠,3077131
788,2015,7,28,居然听出天黑黑的感觉，一样的感伤,0,Oceanside_,61207195
789,2015,7,22,原来燕姿唱过橄榄树啊，今天无意中在度娘看见，果断来下了。原以为在澳门演唱会上第一次唱呢,0,凌听心空雨,2258032
790,2015,7,20,最感动的一版。。。大一听了好久,7,当代废橘,34046752
791,2015,7,12,不要问我从哪里来，为什么流浪，流浪远方　流浪，为了天空飞翔的小鸟，为了山间清流的小溪，流浪远方　流浪，还有　还有，为了梦中的橄榄树　橄榄树，不要问我从哪里来，我的故乡在远方。,1,音乐跑步机,55636041
792,2015,7,12,澳门演唱会终于听燕姿现场唱了橄榄树，献给她的父亲。,295,猫的薛定谔0611,48879241
793,2015,7,10,·,0,往太阳的方向生长,7325312
794,2015,7,3,[大笑],0,为诺贝尔奖出发先算漂亮,59836222
795,2015,7,2,原以为燕姿较低沉的声音唱不出空灵的流浪之感，但听了之后，我发现我错了，燕姿唱得真的特好！,354,黑暗不过黎明前,9873806
796,2015,6,28,另一种味道……,0,袋添葱deserts,67521596
797,2015,6,25,天空唱的太棒,0,念到迷路,9721866
798,2015,6,25,不好听,0,念到迷路,9721866
799,2015,6,24,[爱心],0,乎楽,74188618
800,2015,6,21,感觉是齐豫的版本是未开始流浪。。孙燕姿的版本已经在流浪的途中了,428,有只橙子,54180059
801,2015,6,20,遠方~,0,劉清水水水水水,57773254
802,2015,6,20,好喜欢这首,0,向来孤独i,71921635
803,2015,6,17,每次听泪水都快要涌出眼眶，游子的伤…[流泪][流泪][流泪],0,最帅的羊羊,36446657
804,2015,6,15,初中每晚都用CD机听音乐入睡，但每次到这首歌都被吓尿,0,真嗣都惊呆了,2928684
805,2015,6,14,"很美，谢谢
",0,ASURVIVOR,30277195
806,2015,6,7,福州,0,傅滇,70999854
807,2015,6,5,边听边想着撒哈拉,0,咩咩Chelsea,58613095
808,2015,6,4,孙燕姿的歌都要听听,0,天好哦,34705440
809,2015,6,4,听这首歌，就像听着三毛的心情。,1,阿森Carpediem,33855372
810,2015,6,2,好棒。我爸爸的最爱,0,力的宏,34361818
811,2015,5,22,橄榄树独爱燕姿这一版,2,___Kepler,68777827
812,2015,5,17,其实这首歌很考验唱功,0,我们不如这样,19450805
813,2015,5,5,真的好听,1,-言初,16498579
814,2015,4,23,@木木执着 ,0,哥德巴赫听巴赫,32552986
815,2015,4,22,：）,0,Ziute,63694798
816,2015,3,22,橄榄可是我们这边的特产哈!,1,BarcelonaLionelMessi,45640134
817,2015,3,20,应该去老姆登，围着火塘喝着烤茶写一首诗。,1,米昭昭,48157128
818,2015,2,28,最爱这个版本的,0,阿司匹林花,38131865
819,2015,2,16,歌曲来自第三方是什么意思,0,赤土马,1058346
820,2015,2,13,赞,0,散若烟云,35996981
821,2015,2,13,每条都看到你,0,散若烟云,35996981
822,2015,2,13,真的吗,0,散若烟云,35996981
823,2015,2,13,[呆]看个人吧,0,散若烟云,35996981
824,2015,2,13,觉得挺好的啊,0,散若烟云,35996981
825,2015,2,13,三毛写的词,2,散若烟云,35996981
826,2015,2,7,明明是三毛写的,0,大沙弥,52887213
827,2015,1,27, 好清澈的声音。,217,另一个尹天,16756448
828,2015,1,24,唱出了燕姿自己的味道,0,了不起的老人家,37782426
829,2015,1,23,不错,0,爱你们了,51118178
830,2015,1,23,你好,0,爱你们了,51118178
831,2015,1,22,[亲亲],0,该用户没有昵称已被占用丶,51095394
832,2015,1,21,不要问我从哪里来，我的故乡在远方。,0,小天同学312,28792841
833,2015,1,21,不喜欢，原来歌曲的空灵之感全无,3,丁丁爱吃虾,284249
834,2015,1,21,燕姿是我很喜欢达人歌手，但说实话燕姿这首唱的很一般。,1,大狼狗拿砖头,11112704
835,2015,1,21,流浪…vagrants,0,毛毛lsm,49188356
836,2015,1,21,经典,1,Rayitsray,19224605
837,2015,1,21,一直喜欢,0,DASH达希,7454411
838,2015,1,21,我姿这张翻唱专辑真是首首经典啊,2,Black丶Cherry,14624296
839,2015,1,21,nice[流泪][流泪][流泪][流泪],0,朝阳群众代表MisiteLi1,46561177
840,2015,1,21,[爱心]燕姿,0,Zealer__,10556526
841,2015,1,21,超好听～,0,哦耶哦,3651118
842,2015,1,21, 好听cry,0,你的摆摆姐姐,47561951
843,2015,1,20,跟姐姐偷偷攒钱买收音机。,0,nase,6322518
844,2015,1,20,很喜欢,0,被屏蔽的陈某人,48115463
845,2014,8,1,明显的姿式标签,1,孙燕美,542076
846,2013,12,7,赞,1,石榴王子,2929655
