index,year,month,day,content,likecount,nickname,user_id
1,2019,11,28,我可太喜欢孙燕姿了,1,蛋炒饭要放葱,113512737
2,2019,11,27,该说的该做的    好好把握,0,Scorpion394,309535112
3,2019,11,27,爱姿病冲鸭[爱心][爱心][爱心][爱心][爱心][爱心],0,盐太咸1,1396044220
4,2019,11,26,没办法那就想办法，哲理啊,0,Y淘淘,283975376
5,2019,11,22,999+！！！冲鸭,0,Sivan_Chen,328794482
6,2019,11,22,999+ 做贡献,0,墨雪姑娘,136167521
7,2019,11,20,有时候 你会想说 你在为什么辛苦,0,forriverr-,267867306
8,2019,11,17,音色为王,0,坏兔子_,451109516
9,2019,11,16,难得一见2019.11.16，18：14,0,无忧的凨,1337917522
10,2019,11,16,才发现这首好歌，等下要去考试了，听这么好听的歌，再蹭一下超越漂亮姐姐的锦鲤，一定能过。（保佑保佑）[拜][拜],0,BRONCN,345701296
11,2019,11,15,我也想求个姐妹唱唱这首歌[多多大哭],0,智商被拿去卖萌,371807748
12,2019,11,15,瞬间感受快乐榔头[惶恐][惶恐]把头伸过来我给你加个BUFF[大哭],0,爱柠檬的小狸子,487666123
13,2019,11,15,不知道后面是否有人会翻唱，好喜欢这种拽拽的feel,1,得意尽欢吗,1995833702
14,2019,11,13,前奏的“说了吧 做了吧 没办法那就想办法”好勾魂,1,苑子潯的小号,1548957065
15,2019,11,13,这首歌真不冷，作为每张专辑都需要的一首快歌，直来直往是超过了奔在我心中的位置的。,1,逃亡的kepler,104111830
16,2019,11,12,太喜欢这种干脆,2,一闪一闪SUN,78150830
17,2019,11,9,很好听,1,重口味小清新rky,297883619
18,2019,11,8,这首歌没有999＋也太假了吧,1,EDG_Clearlove10,489173588
19,2019,11,4,太喜欢这首歌了。,1,识刀客,623315109
20,2019,11,2,"听歌果然不能看评论数量,前面几首都是2k+,一首一首听下来,这首不到1k的简直对我味",1,showlay-,322942569
21,2019,11,1,为啥是956 还没有到999,1,guojiann,117781006
22,2019,10,31,刷个999,1,XQ0823,489797899
23,2019,10,31,并不冷门呀，明年会唱吗,1,XQ0823,489797899
24,2019,10,30,就是这么洒脱,1,珈曳,637769065
25,2019,10,21,今天突然随机到,1,少年刘贺之烦恼,72066549
26,2019,10,21,十八年了还是独爱这一首，那么多年也没见哪个妹子能在KTV唱出这首歌的气质,1,Antonioabas,45678652
27,2019,10,21,小学疯狂爱这首，今天一听又爱了,0,Aaaaon19,1328958449
28,2019,10,19,难得一见，2019.19,0,白雨柰花,368598999
29,2019,10,17,我爱燕姿一切冷门歌曲！,0,互联网石原里美,435471851
30,2019,10,17,第一次听。,0,bronzer123,346599653
31,2019,10,16,幸运的人别说废话~,0,也不是猪只打呼,355734135
32,2019,10,16,快999+,0,也不是猪只打呼,355734135
33,2019,10,16,真好听啊啊啊啊啊,0,也不是猪只打呼,355734135
34,2019,10,13,我也是，第一次认识孙燕姿就是听这首歌,0,viva张,39626578
35,2019,10,11,2020年到了,0,滚筒洗衣机0624,494539451
36,2019,10,9,这首歌里面有我的名字发音~~,0,Kiwi网易云,1389954843
37,2019,10,8,幸运的人别说废话,0,成晟晟,106394715
38,2019,10,7,难得一见！珍惜它！,0,玛德琳Unbreakable,483164493
39,2019,10,4,喜欢,0,Miss杨芬芳,408558691
40,2019,10,4,不火？这当年大街小巷火成怂了,0,桑丘yy,84034768
41,2019,10,2,难得一见，那咱就想办法😂,0,RaySooong,1979566620
42,2019,9,28,最爱孙燕姿,1,跳舞的梵谷yanzi,318974517
43,2019,9,28,唉燕姿,1,跳舞的梵谷yanzi,318974517
44,2019,9,28,刷到999啊,1,跳舞的梵谷yanzi,318974517
45,2019,9,26,咕咕,0,小狗258,264260918
46,2019,9,25,现在听旋律真的好棒啊……,0,hey-gogo,318644926
47,2019,9,24,我超爱这首,1,新基磁瓦,83098070
48,2019,9,20,最喜欢的唱腔,0,Sparrrrk,270935914
49,2019,9,14,前奏说了吧做了吧那就想办法真的像走在乡间小路上一只绝美的女鬼在面前一样哈哈哈还有点神仙在召唤的感觉,1,苑子潯的小号,1548957065
50,2019,9,13,风格好酷,1,识刀客,623315109
51,2019,9,13,容易听上头的歌,0,Kepler小姿,342372326
52,2019,9,13,爱你,0,Kepler小姿,342372326
53,2019,9,13,小姿中秋快乐。,0,Kepler小姿,342372326
54,2019,9,11,停了这么多遍才听明白这是首情歌[可爱][可爱],0,咕叽咕叽zuishuai,388653482
55,2019,9,11,为什么这么好听的歌不火,0,咕叽咕叽zuishuai,388653482
56,2019,9,8,单曲循环,0,萌达未生,584032981
57,2019,9,8,i了,0,萌达未生,584032981
58,2019,9,7,好熟悉啊，感觉好多以前听过的歌居然都是燕姿的[多多比耶],0,不好我高三了,1340821924
59,2019,9,7,好喜欢这首,0,SANJIU9,281870167
60,2019,9,6,爱了爱了 爱燕姿,1,cestbon721,246527261
61,2019,9,5,洗脑神曲,0,Owlgogo,499953602
62,2019,9,4,这是我听的孙燕姿的第一首歌,0,爱吃咸菜的菇凉,73438800
63,2019,9,3,太好听了 吧～,0,不寻找周杰伦,31585332
64,2019,8,29,[大笑]快乐当头,1,淡_然_无_极,406821860
65,2019,8,29,还是好好听哦,0,TroubleIamin-,439379203
66,2019,8,23,唱气氛融洽那句的时候，超级爱！！,1,我说叫我祭司就好,293894206
67,2019,8,22,这首一出来就爱上了,0,铁人雪乖,1537559235
68,2019,8,22,这种神仙歌最有味道[多多耍酷],0,用户632204784,632204784
69,2019,8,21,"以前玩cs必听,现在一听这首歌前奏感觉就要开战了",0,音乐悦悦乐,294050760
70,2019,8,21,好飒的歌,0,墜落橘子,86574431
71,2019,8,19,哇塞  喜欢喜欢！！！,0,潜水大鲸鱼,476471883
72,2019,8,17,明年演唱会！我一定一定要去！,4,最酷网友小陳,78053999
73,2019,8,17,晚安,0,Kepler小姿,342372326
74,2019,8,16,好听,0,哥玛哥玛,533325548
75,2019,8,16,爱你,0,Kepler小姿,342372326
76,2019,8,16,晚安,0,Kepler小姿,342372326
77,2019,8,14,很上头,1,1646--,1391137970
78,2019,8,13,上头了,0,Kepler小姿,342372326
79,2019,8,13,爱了爱了,0,Kepler小姿,342372326
80,2019,8,13,声音 利落干脆,1,Kepler小姿,342372326
81,2019,8,13,听不腻,1,Kepler小姿,342372326
82,2019,8,13,冲呀,0,Kepler小姿,342372326
83,2019,8,13,晚上好呀,0,Kepler小姿,342372326
84,2019,8,10,这种神曲竟然没到999 我不服！,1,达达小天才,107147955
85,2019,8,9,下午好,1,Kepler小姿,342372326
86,2019,8,9,燕姬 晚安,0,Kepler小姿,342372326
87,2019,8,9,晚安。第900个 是我,0,Kepler小姿,342372326
88,2019,8,8,最爱的一首快歌了，在当年超有感觉的，现在仍旧好听到永远！,0,喜多先生,413359641
89,2019,8,8,神曲,0,Kepler小姿,342372326
90,2019,8,8,喜欢这风格。,0,Kepler小姿,342372326
91,2019,8,8,懒姿姿的 姿迷  不能懒！,0,Kepler小姿,342372326
92,2019,8,8,下午好,0,Kepler小姿,342372326
93,2019,8,8,隔好多年听到这首名字都没记住的歌 好棒 下次KTV预约了！,0,jiujiujiupiupiupiu,280110561
94,2019,8,7,好听好听！！！,0,未来影剧院,44331992
95,2019,8,7,一不小心睡过头，难得一见爱过头。,0,onearthome,1322819440
96,2019,8,7,晚安,0,Kepler小姿,342372326
97,2019,8,2,居然只有这么少的评论。。。超喜欢的一首早期快歌，飒,0,欠扁的黑加菲,62192184
98,2019,8,2,你真的很努力,0,骑士1989,75521112
99,2019,7,29,上头了,2,Kepler小姿,342372326
100,2019,7,29,这么酷帅的歌怎么能是冷门，小时候单曲循环，每一首都不够,3,衣服宁,395370960
101,2019,7,29,燕姬 2020不见不散,0,Kepler小姿,342372326
102,2019,7,29,2020见！,1,Kepler小姿,342372326
103,2019,7,29,睡不着诶,0,Kepler小姿,342372326
104,2019,7,29,晚安啦！早日搞到999+,0,Kepler小姿,342372326
105,2019,7,29,燕姿 这种拽拽的歌 我好爱,0,Kepler小姿,342372326
106,2019,7,29,画面感是 十三姐,0,Kepler小姿,342372326
107,2019,7,29,无法自拔,0,Kepler小姿,342372326
108,2019,7,29,沉迷燕姿,0,Kepler小姿,342372326
109,2019,7,29,上头了,0,Kepler小姿,342372326
110,2019,7,29,好有感觉！,0,Kepler小姿,342372326
111,2019,7,29,打卡,0,Kepler小姿,342372326
112,2019,7,29,太爱了！,0,Kepler小姿,342372326
113,2019,7,29,这歌必须999+ ！,0,Kepler小姿,342372326
114,2019,7,29,这种 洒脱又酷的风格 真帅啊,0,Kepler小姿,342372326
115,2019,7,29,一张一张飞过的日历！,0,Kepler小姿,342372326
116,2019,7,29,晚安,0,Kepler小姿,342372326
117,2019,7,28,超爱！,0,Kepler小姿,342372326
118,2019,7,28,这首没有999+ 好清奇！,0,Kepler小姿,342372326
119,2019,7,28,每天日推一首我姿,0,lm_stef,258724583
120,2019,7,27,这歌我好爱。,0,Kepler小姿,342372326
121,2019,7,27,孙燕姿 好帅一女的[外星],0,Kepler小姿,342372326
122,2019,7,27,好喜欢这首。,0,Kepler小姿,342372326
123,2019,7,26,啊啊啊好喜欢燕姿唱这类歌,1,我亦好歌亦好酒W,397277568
124,2019,7,26,为我的青春年华的喜爱歌手增评论 现在依然是唯一,0,Sammy-李曼,630006963
125,2019,7,25,没办法那就想办法~,0,7things_,1318437548
126,2019,7,25,这首是不是燕姿最帅的歌，超级喜欢啊,1,霉头霉脑云散月现自在飞花slay,42294326
127,2019,7,24,这首歌没有999+不科学！！！,1,尼尼拉,102189022
128,2019,7,24,加首懂事，siesie[多多可怜],0,Mr刘-wx,9153286
129,2019,7,23,冲上999,0,圆圆扁,348166010
130,2019,7,23,听这些会鼻子酸，思绪会回到从前……如果一切从头来过会是怎样，但不管怎样，都有燕姿的歌陪我！,2,谬音小陟,51741970
131,2019,7,23,上头了怎么办哈哈哈哈哈哈哈！！老粉翻出了陈年的宝藏！嗨起来！,0,Durrat,61051105
132,2019,7,23,好帅！,0,Durrat,61051105
133,2019,7,22,"上班打卡,真的就睡过头了.[亲亲]",1,叶晓听雷,438892481
134,2019,7,21,"难得一见
说了吧
做了吧
just do it！",1,miao猫七,353699379
135,2019,7,20,为我姿增加评论,0,_不加糖有点甜,128108088
136,2019,7,20,加油,0,_不加糖有点甜,128108088
137,2019,7,20,这么好听的歌竟然没到999~,0,_不加糖有点甜,128108088
138,2019,7,19,燕姿 我们2020见,0,偏执鲸鱼Q,475145754
139,2019,7,18,这歌必须999+,0,吉塔哥哥-,255420744
140,2019,7,16,难得一见,0,太太太想爱你,343674851
141,2019,7,16,20年了，20年了。,1,dpandahan,454226289
142,2019,7,15,打卡,0,Kkmiami,455050359
143,2019,7,14,太霸气了,0,刚刚senen,1379020765
144,2019,7,14,好听,0,Davie504,57455489
145,2019,7,14,233  现在听起来竟然有点羞耻play,1,放飞自我ccc,121226867
146,2019,7,13,嗯,0,梨花满地1806,1494003023
147,2019,7,13,都没人听了吗？相信我，开了演唱会评论一定会变多,2,识刀客,623315109
148,2019,7,8,难得一见，😳,0,喜欢听歌的九月,563787684
149,2019,7,8,几年前一个电闪雷鸣的南宁演唱会……嗨爆了 哈哈,0,文艺青年超乎想象名字长了不起啊,66177026
150,2019,7,6,燕姿的歌真的太好听了 每一首都想要单曲循环,1,半夏与月,407581617
151,2019,7,5,明年见,0,xiaosong,408969
152,2019,7,4,醒了吧,0,一碗饭多,105923186
153,2019,7,2,啊啊啊,1,跳舞的梵谷yanzi,318974517
154,2019,7,2,大家请刷起来,1,跳舞的梵谷yanzi,318974517
155,2019,7,1,听孙燕姿的第一首歌,0,港岛妹夫8341,380606423
156,2019,6,30,讨厌拖泥带水  犹豫不决  来个痛快啊,1,郭小锅505,315683284
157,2019,6,30,打卡,0,Chertime,83946830
158,2019,6,30,"错过我
又后悔
又难过
该说的
不过是那句好好把握",0,Stefanie71,410964408
159,2019,6,30,2020预定,4,往生smile,254481718
160,2019,6,29,难得一见，大爱燕姿。,0,_Original_Sin,58331209
161,2019,6,28,《奔》《超快感》《绿光》《leave me alone》《零缺点》《懒得去管》《作战》《随堂测验》《逃亡》《无限大》《空口言》《第一天》《超人类》《天越亮，夜越黑》听完这些你会发现一个不一样的孙燕姿。,0,爱发疯的猴,250414252
162,2019,6,28,永远听不腻的难得一见！,0,孤帆远江湖,28294002
163,2019,6,27,听这歌感觉自己十三姐上身，后面的小弟跟上,3,钥匙tt,102355058
164,2019,6,25,这首歌是当年买的cd，第二面第一首好像,2,s1ck1000,1471605268
165,2019,6,23,这只歌真的是我的初心了～毕竟以前真金白银买的专辑啊……真的这首不算那张专辑的主打曲，但是以前燕姿每首歌都好听啊,1,玩熊的大拿,367089007
166,2019,6,20,哇，这是十多年前的歌？太平好了啊啊啊！曲子感觉很惊艳，孙燕姿开口跪啊，有一种舍我其谁的霸气,2,梨落1224,1321618816
167,2019,6,20,就那种欲破不破的音 爱死了,1,Sparrrrk,270935914
168,2019,6,20,听着这首歌走在路上觉得自己酷到天边了🙈,4,米德伍德,315107476
169,2019,6,19,这首歌真的真的赞,0,老子有的是机会,487241262
170,2019,6,19,砍传奇烧猪用的起天天,0,母猪上大树,513179766
171,2019,6,19,"我先听的这首,在是直来直往,懂事,开始懂了,在是绿光",0,母猪上大树,513179766
172,2019,6,17,814打卡,0,0606-不知,1872697887
173,2019,6,17,燕姿的快歌也是相当的棒！,2,另一张脸2019,1551171818
174,2019,6,16,随机听到孙燕姿早期作品、文盲式听歌，我就只能说好听好听好听啊,0,哦珍妮花比尔斯,137203265
175,2019,6,13,不科学的评论数啊，给我冲鸭，999！！！,0,第六感人物,411421571
176,2019,6,13,不过就是那句好好把握,0,回头迷失当刻,449740775
177,2019,6,13,其实我觉得用“洒脱”这词更适合,8,用户122802739,122802739
178,2019,6,12,环绕音,0,馨慧钟,302402876
179,2019,6,10,专辑质量是真的高！,1,philip-phi,101147746
180,2019,6,10,什么尾音？,0,philip-phi,101147746
181,2019,6,9,我也超喜欢她的尾音！！,1,Sparrrrk,270935914
182,2019,6,4,舞曲，轻电。,0,yangreo,130094832
183,2019,6,4,她的尾音怎么发出来的。,2,Mel123456,129635454
184,2019,6,3,999+,0,青蛙也吃西红柿,360254282
185,2019,5,31,从克卜勒演唱会过来的 嘻嘻～,0,_不加糖有点甜,128108088
186,2019,5,24,这风格，喜欢,1,爱笨笨1707,541538599
187,2019,5,22,2020预定,2,孙燕姿kepler_,74997392
188,2019,5,19,没办法就该想办法,0,明天晴天--,37329385
189,2019,5,15,小柏老师有点shuai不是吗,2,简抽,128094765
190,2019,5,14,幸运的人别说废话,1,在三万英尺的高山以追逐野兽为乐,369636845
191,2019,5,10,妈耶这歌听了想去蹦迪,1,谭松韵的现男友,443307635
192,2019,5,8,孙燕姿这种风格的歌听着都挺爽的,5,ImOkay823,50669672
193,2019,5,5,这个专辑放在现在也会火的,0,嗨呀请输入昵称,64324471
194,2019,5,1,期待2020演唱会,2,咕叽咕叽WOTM,364196459
195,2019,5,1,渐渐长大，没有喜欢的男歌手了，但是喜欢的女歌手却一直是孙燕姿🙃,1,HYOUNG-,36261825
196,2019,4,28,难得一坚[多多无语]我爱燕姿，2020年一定要看你的演唱会！！,2,難得一堅,645761304
197,2019,4,25,我一看见没到999也震惊了！！,0,满叮当,3459324
198,2019,4,23,不敢相信这首歌没有999＋！多么淋漓尽致畅快的感觉呀[幽灵],4,麦伢妹,33916591
199,2019,4,23,幸运的人别说废话,1,Calvin-lin,109028559
200,2019,4,22,偶尔听听燕姿早期的歌真的很好听,2,-丁丁張,261652775
201,2019,4,22,越听越嗨，嗨起来姐妹们！,1,May_fisher,1672347857
202,2019,4,20,我来给燕姿999,1,Eric0422zhang,354322064
203,2019,4,17,这种风格适合蔡健雅,0,我知道鱼香肉丝的做法,356254214
204,2019,4,9,999+,0,o我要的幸福_,356665399
205,2019,4,9,助力999+,0,yyq小火山,503221273
206,2019,4,6,999+警告,0,May_fisher,1672347857
207,2019,4,4,真的很好听啊，为什么不火,0,依赖变成了喜欢,257865707
208,2019,3,31,哈哈哈哈哈哈，太好笑了，我自己一个人在家笑出了声,1,自饰者180816,1557408903
209,2019,3,24,非常非常酷！当年的华语乐坛,0,君宝兔,261175084
210,2019,3,23,神曲之一,0,judelc,99703579
211,2019,3,21,把都市年轻女生心态诠释最好的女歌手~这首简直就是歌手与歌气质结合最好的示范。现在怎么没有燕姿这类型的啦,2,苍目莲一,15350973
212,2019,3,19,算了吧算了吧,0,丛优,276378433
213,2019,3,19,燕姿有很多激励人心的歌,0,Islandofcyril,48634536
214,2019,3,17,好嗨哟！,0,E-南弋,274759459
215,2019,3,16,我在唱吧唱过这首歌   打败百分之百的人哈哈哈哈哈   因为很少有人唱这首歌,3,孙燕姿铁粉粉粉,1286010242
216,2019,3,16,真Cool,1,孙燕姿铁粉粉粉,1286010242
217,2019,3,15,我以后一定会去燕姿演唱会的,2,JQCISME,375051283
218,2019,3,12,敢爱敢恨,0,hikim_cham,323630305
219,2019,3,10,享受年轻,0,hikim_cham,323630305
220,2019,3,9,捞一首冷门歌,1,keplerql,271621075
221,2019,3,9,转眼离第一次听这首歌已过二十年[多多大哭],0,请不要缺席我的以后i,559054339
222,2019,3,6,燕姿的真爱粉应该都特别痴情,2,你骚我也骚,1784270022
223,2019,3,5,轻松,0,小懒男121,607826579
224,2019,3,4,我不是标准的燕姿迷，可是没想到我口味独特，喜欢这首她的歌，点开一看还是冷门热曲，04年总听这首歌，后来忘得一干二净，昨天在收音机里听到，又想不起名字了，找遍了她的专辑也没找到这首歌，后来回听收音机，听歌识曲才找到这里。哈哈。喜欢这个收获感,5,善于86,307324632
225,2019,3,1,前两年好多歌都没有的,0,至将冬凛冬将至,106239419
226,2019,3,1,"每次听见前奏的低喃，都想到我促促不安的发现自己喜欢男生，并且很想承认自己是同性的时候。
现在已经没有那么浓烈的感情去宣誓自己的性向，一个人也挺好。
难得一个人也挺好的。",3,逃亡的kepler,104111830
227,2019,3,1,好喜欢早期这种酷酷的嗓音 太舒服了,1,Deathisnothend,37370882
228,2019,2,26,谁要我，速度快，动作快！来自30岁大的真情告白,1,宅囧胖,132983041
229,2019,2,26,满满的青春回忆，初中军训主题曲,0,宅囧胖,132983041
230,2019,2,26,这首歌质量我觉得不次于绿光…居然没人评论…明明这么嗨的一首,1,兔子不靠谱,69106921
231,2019,2,25,好酷,0,guat,1664227325
232,2019,2,23,当年那么经典的一首歌，感觉站在听的人好巧评论也少,0,__Stanly_,479110891
233,2019,2,23,这一定是缘分吧,0,zhoutao_lover,325354013
234,2019,2,23,编曲超前一个时代,1,深圳蕭敬騰,6781442
235,2019,2,22,好听，舒服😌,0,嘿IsMe,447375753
236,2019,2,17,而今迈步从头越，重整行装再出发，2019.2.17～,2,雁渡寒潭920,353428572
237,2019,2,16,这首有种魔力啊,0,Daloik,447095142
238,2019,2,15,听写过歌词，没法完全听下来的歌之一,0,TicChung,18167585
239,2019,2,13,762。。。燕姿的歌是我的青春！燃烧吧！我的青春小宇宙！,1,鬱悶de神经病,132222819
240,2019,2,10,年轻的燕姿唱这种类型的歌的声音真的特别特别特别好听，比如leave me alone，自然，累赘，难得一见。,2,转身是空,111727561
241,2019,2,10,又是评论数量和歌曲质量严重不符的一首[奸笑],0,laurel水月,440388992
242,2019,2,7,冷门留爪,0,lRapunzel,117902050
243,2019,1,30,通化的,0,坏兔子_,451109516
244,2019,1,27,快乐当头,0,Leo悦乐,1412191170
245,2019,1,27,2019.1.27特此回头再听一次青春，感谢孙燕姿，感谢自己,1,Nembutal,285968582
246,2019,1,24,我姿燃燃燃,0,静静听-首歌,619430089
247,2019,1,18,这首评论怎么这么少！！！！！！！,0,Sno哈哈opy,476529281
248,2019,1,16,前面几句好仙啊,1,大吉大利宝宝,545189629
249,2019,1,8,干干脆脆年轻，拖泥带水的老了,0,roza201386,482994490
250,2019,1,5,跟我一模一样...我也是最喜欢这俩,0,放些应景的歌,56426957
251,2019,1,5,基本没张专辑都有好吧,1,HYOUNG-,36261825
252,2019,1,5,我姿的冷门歌曲[大哭],0,HYOUNG-,36261825
253,2019,1,2,有孙燕姿的地方就有我！,1,real姿影,330074638
254,2018,12,28,孙燕姿是唯一一个我用速度来建歌单的人。有超快，快，慢三类[大哭][大哭],3,阳光彩虹小白马-滴滴答,128689433
255,2018,12,28,最喜欢这首歌和直来直往。最最最喜欢这个！！！！,3,阳光彩虹小白马-滴滴答,128689433
256,2018,12,27,燃燃燃,0,isCaiyy,56536375
257,2018,12,26,上课一直从下午两点连上到现在，还不下课！我不管，我只想听嗨歌 cool,1,吉野迈子0,544139861
258,2018,12,25,真好听,0,微yzy01289,64779974
259,2018,12,18,买的燕姿第一张卡带里面的歌 当时听起好有感觉[可爱],0,麦恩丽哟,1581876907
260,2018,12,18,明明每张专辑都有几首快歌的,0,彼得潘与狼,261245021
261,2018,12,14,燃爆了,0,天生双鱼,1371970271
262,2018,12,12,我的妈，这歌有毒，可以循环好久,1,赫里尔德,410343541
263,2018,12,9,曾经和一个女孩待在一起，特别快乐，没有一丝恋人的瓜葛，如今难得一见，不是这首歌和她有什么关联，只是想把心事藏在孙燕姿的歌里。,1,力合力上力拓,1393297899
264,2018,12,5,燕姿女神太棒啦,0,江南OAQ,81664145
265,2018,12,5,爱了吧，醒了吧，没办法就该想办法，,0,乐的篇章,260912124
266,2018,12,2,编曲超级棒,0,冷艳红领巾,78112644
267,2018,11,30,小时候听的歌,0,0805嘻嘻,33289554
268,2018,11,30,726[大笑],0,乔和Joi,246440006
269,2018,11,29,能温柔，活泼又惹人爱。真好❤,1,啊嘎哇,1582993090
270,2018,11,27,《遇见》《听见》《难得一见》《在，也不见》《半句再见》,4,Jnzlove,109868488
271,2018,11,27,难得一见 半句再见 在，也不见,1,Marea-,451039315
272,2018,11,26,游走于我姿各种冷门之中～～～～,5,小谣爷,96193057
273,2018,11,26,前两次听没太大感觉，但是一直呆在我的歌单，结果越听越喜欢，什么时候才能999啊[大笑],0,H2020,378561634
274,2018,11,25,听这个歌的人是不是都在回忆曾经的自己，曾经的场景。。,0,霜之淡,549654231
275,2018,11,18,我当时在网吧打星际，bgm也是这个,0,我的故事-你的歌,477979749
276,2018,11,15,那时候初中逃去网吧跟同学打星际 我一定要放这首 哈哈。暴露年龄了[吐舌]主要我星际打的贼烂，回不去的那时候的日子，现在也只能偶尔想想了！,1,cheer-chen,37090320
277,2018,11,15,演唱会上听燃炸,0,blue缘,15148219
278,2018,11,10,好想听现场啊！,0,今天改个什么名呢,131889355
279,2018,11,2,燕姿不再唱快歌了，哎！[大笑],2,马儿喝醉酒,1660353048
280,2018,10,23,大概在02年的时候听到的，第一次听到这歌就被惊到了！,0,识无边处天,490098449
281,2018,10,22,转个弯请问你要去哪里？,0,going_up_stef,372536854
282,2018,10,21,喜欢,0,你多杠啊,267881245
283,2018,10,19,听的第一首孙燕姿的歌就是这首，一下被镇住，又去找第一张专辑，当时还是初一，快二十年了,1,心灵成长顾问,417101892
284,2018,10,14,这首歌旋律最中意。,2,我想我是村上春树,296022500
285,2018,10,13,[爱心],0,Miss杨芬芳,408558691
286,2018,10,10,nice,0,奇怪7966,515762696
287,2018,10,1,爱你我说一次，挽留你我做一次，失败了，OK，拜拜,6,懒吧唧散,247244829
288,2018,9,24,[开心],0,你的丶头号粉丝,287098884
289,2018,9,22,燕姿的快歌听完是真的畅快 淋漓尽致的酷,3,星岛的妳,48746821
290,2018,9,21,我顶[大笑],0,幕域,28530922
291,2018,9,17,表弟喜欢的歌手，书包上面挂着燕姿的卡片，外婆以为表弟早恋，非让表弟把卡片送给姐姐～ 哈哈哈,0,世界尽头与冷酷仙境2012,87448197
292,2018,9,15,燕姿这种拽拽的歌，超帅。,2,跳舞的克卜勒,122786310
293,2018,9,15,还想浪费？趁现在,1,韦伟文,446287214
294,2018,9,12,演唱会这首超帅,2,彼得潘与狼,261245021
295,2018,9,10,好听啊,0,windbreaker风衣,1482000199
296,2018,9,4,气势不得了啊[亲亲],0,O_oHULLO,343829645
297,2018,8,30,"通化
",0,坏兔子_,451109516
298,2018,8,29,抚顺的？,0,下一步可林,117223128
299,2018,8,27,这么经典居然没有999!？,0,沉溪峻,37560902
300,2018,8,23,你说得对。。。毕业那年去的。。。记错了毕业时间[口罩],0,就是爱GALA,111903219
301,2018,8,23,这一刻，这个地点，突然想起这个旋律，心情很好[开心],0,帐号已注销,99274130
302,2018,8,20,一下子，这专辑都出了十八年了！,0,莫以明,3602674
303,2018,8,19,这张专辑最好听的歌，当然了和别的平和的歌配合起来听才带劲。,1,阿边在海参崴,70589101
304,2018,8,19,哈哈哈 没准还没遇到呢,1,feifeii13,309479010
305,2018,8,18,居然现在的孩子都不爱燕姿了么?听的人好少,0,dingdinger,262648308
306,2018,8,18,捕获西红柿[大哭],1,stef流年,1367583538
307,2018,8,18,你记错了hhhh青岛场是2015年6.13[大哭][大哭],1,stef流年,1367583538
308,2018,8,17,    这首歌不该放这张专辑 ,0,Eve-bd,116382408
309,2018,8,11,那么难得才能遇到的你，我到底该怎么处理我们现在的关系？！,2,蠢蠢de野猫君,10282903
310,2018,8,11,非常好听啊啊啊啊[大笑][大笑][大笑],1,windbreaker风衣,1482000199
311,2018,8,11,每次想骂人就单循我姿这首歌儿 听着太爽了 跟唱更泄愤[生气],3,PhoenixPhil,280254051
312,2018,8,10,《半句再见》,0,润小泽Ronny,1326160889
313,2018,8,10,发现你也在刷燕姿的老歌。 ，,1,抠脚刀男骚,345308381
314,2018,8,9,居然没有999+，这么棒的歌,0,毛翔宇,291098833
315,2018,8,4,难得一见～,1,林34,400839327
316,2018,8,3,啊哈哈哈对 想把她的歌单都刷完,1,_诗芊,81037679
317,2018,8,3,发现你也在刷燕姿的老歌。 ，,2,跳舞的梵谷yanzi,318974517
318,2018,8,3,好酷,1,跳舞的梵谷yanzi,318974517
319,2018,8,2,浪漫的人要被处罚,0,_诗芊,81037679
320,2018,7,31,这么 经典好听的歌，如此少人知道~实在是广大歌迷的损失~,3,心向逺方,38749741
321,2018,7,31,印象中大学室友都喜欢她，总在宿舍放她的歌，然后唯独这首，他们说考试前一定不可以听，因为歌词说的是考试题“难得一见，错了吧！错了吧！”[大哭][大哭]毕业这么多年了不知道他们过得怎么样了,3,破天小宝,1332092177
322,2018,7,31,姿妈生了一个小公主了，人山人海，幸运的女神要多发新歌，等你的演唱会[爱心][爱心],0,木月-时光如斯,345838347
323,2018,7,30,也没有遇到我，青岛场我也在[可爱],0,水映夜,80533496
324,2018,7,29,那是因为我没坐你周围[大哭],1,教育界抖腿主任,253079682
325,2018,7,29,哈哈哈,0,DAOI木,433330044
326,2018,7,27,2014青岛场，这首歌响起的时候周围只有我会唱。。。真爱粉，而且是很老的真爱粉[大哭],3,就是爱GALA,111903219
327,2018,7,26,这个没有999不科学。。。。,0,佧斯特梅的雨季,436775624
328,2018,7,23,生日快乐,0,燕姿我好想你,403139403
329,2018,7,23,生日快乐,0,林守乐,55243746
330,2018,7,23,哈哈哈哈,0,林守乐,55243746
331,2018,7,23,1000+,0,萤烛之火岂敢与日月争辉,553464117
332,2018,7,23,评论好少啊,0,萤烛之火岂敢与日月争辉,553464117
333,2018,7,23,"2001年，初一。在音乐课的时候放了《leave me alone》和这首《难得一见》。结束后，同桌女学霸跟我说，你这都放的什么歌啊？
麻痹
我真的是日了狗了。",5,小张国荣,52742777
334,2018,7,15,不过就是那句好好把握,2,feifeii13,309479010
335,2018,7,14,为999+1,1,westboor,251521686
336,2018,7,14,我好舍不得你,1,Erika_Linder,305117600
337,2018,7,14,我很想告诉你 我最喜欢你了,0,Erika_Linder,305117600
338,2018,7,13,她在意你的晚安,1,EminemCollection,513590986
339,2018,7,5,cool爆炸这首歌，潇洒的要死,1,connie3282,1370418348
340,2018,7,5,"动作快，
决定快，
难得决定",0,我才是强强强,55800971
341,2018,6,23,太难得 太难得 太难得 太难得,0,jeffchuwei,1828323
342,2018,6,19,每次听燕姿的歌都充满了回忆，原来时间都过去这么久了啊……“浪费的人要被处罚”，我大概已经被处罚千千万万遍。,1,邓捷捷_,117390011
343,2018,6,11,遇见，难得一见，听见，半句再见，再也不见,3,stefanieLLLOVEEE,1300578087
344,2018,6,9,初一时 电视上看到这个歌 貌似是演唱会的版本 觉得燕姿真靓,3,不动则不恸,73351209
345,2018,6,6,当时高考之前在家装病请假吃特大份麻辣拌放的就是这首歌。,2,坏兔子_,451109516
346,2018,6,6,孙燕姿永远是我偶像。,2,TibetteIsReal,473846069
347,2018,6,6,尚好的青春。,1,TibetteIsReal,473846069
348,2018,6,3,[呆][呆][呆]姿导姿演,0,麦麦以南,123563914
349,2018,6,3,你好,0,_诗芊,81037679
350,2018,6,3,大家好,0,麦麦以南,123563914
351,2018,6,3,半句再见，难得一见，在也不见！,0,跳舞的yanzi,287088787
352,2018,6,1,又淘到一首好歌 棒~！,0,大天狗v,425124720
353,2018,5,29,为你点赞,0,YIOU_MUSIC,583829231
354,2018,5,27,我爱孙燕姿！,3,赟光,454310581
355,2018,5,25,燕姿是失去杰伦后 还留着网易的唯一理由,4,英格拉姆s,344450592
356,2018,5,25,超快感喔,1,英格拉姆s,344450592
357,2018,5,25,难得一见 说了吧 做了吧,1,英格拉姆s,344450592
358,2018,5,24,是的 美好的时代,0,子之选天,1391150898
359,2018,5,23,突然发现张韶涵出欧若拉专辑时候也是二十二...蔡依林好像也是二十二出的说爱你....一个神奇的年龄,0,迷茫的小黄鸭,443366085
360,2018,5,21,终于找到一首还没到999+，记得燕姿2015年青岛演唱会唱过这个，[大笑],0,Sayeah-,455501011
361,2018,5,15,燕姿呀,0,blurblurblurhey,17347178
362,2018,5,13,好喜欢这个前奏[大笑],0,重回2008,454631015
363,2018,5,13,后续出的再多歌都比不过这一首。,0,JL草履虫,54508692
364,2018,5,10,当初看演唱会唱到这首歌的时候我都快哭了[惶恐],1,此地西北有高楼,305286192
365,2018,5,10,没办法就该想办法,0,二十三点五十九分-,265517358
366,2018,5,9,环绕音，啊啊,0,桃子Captain丶,295962727
367,2018,4,29,难得一见的孙燕姿,0,33轉的LP,630862795
368,2018,4,29,燕姿冷门超好听曲子系列之一,5,Yyxee,356691921
369,2018,4,27,超好听的,0,没有名字你说咋办,249191042
370,2018,4,26,ok,0,ftujdb,58827934
371,2018,4,25,难得一见难得一见,0,逆光FACE,88730935
372,2018,4,25,听了这首歌这么多次，第一次打开评论区，才发现这首歌是多么冷门，前年常州演唱会简直太嗨，老粉一脸满足,1,亲爱的你大事不妙嘻嘻,369909027
373,2018,4,22,从来没有一个二十二岁的女生，像她一样唱歌，二十年后亦复如是！,3,子之选天,1391150898
374,2018,4,22,难得一见 再见，在也不见 半句再见,1,24hhh,32568729
375,2018,4,22,爱听姿妈[大笑],1,ali_inn,551815280
376,2018,4,21,哇！！！就这么点评论网易云姿迷们燥起来啊！,2,悬可安溥,124133944
377,2018,4,18,清爽干净清新倔强甜美气质,3,抱狗大人,1427724880
378,2018,4,14,当年爆炸，电视天天放。不过太多年了，而且那个时候也没网络啊，不然这歌的评论估计会吓死人…,5,小四的酱油,493214532
379,2018,4,10,当初很喜欢她，可是这些年后唯一怀念的这有这首歌开头的“那就是麻烦”,0,書非花,38732426
380,2018,4,10,我姿生完娃快出来,0,毛毛虫0912,323067104
381,2018,4,10,难得一见,0,毛毛虫0912,323067104
382,2018,4,9,十几年前校园喇叭里突然想起这首歌 当时觉得真好听,0,---林深---,477371558
383,2018,4,8,有种特别的味道,0,我有一只花栗鼠,385000422
384,2018,4,5,当年在家拿着录音机放在阳台上 对着小区 把声音开到最大 就放的这首 大下午的 整栋楼都听得到 被我妈一顿骂,4,王不对称,254940840
385,2018,4,2,想念演唱会！,0,小宇宙97,347298613
386,2018,4,1,燕姿啊啊啊，什么时候才能再来开演唱会啊！[流泪][流泪][流泪][流泪],2,雀雀欧妈,322431679
387,2018,3,29,第一次听燕姿的歌就是这首，以前电视上的点歌台老放，觉得发现了新大陆，居然有这么特别的声音！！！一直粉到现在,0,艳子姑娘,1235020
388,2018,3,29,这首歌在当年可是火到爆炸 网易没有999+不代表它不火呀,2,KaleidoscopeQwQ,68020411
389,2018,3,27,百年难见孙燕姿[跳舞],0,遇姿人,541269428
390,2018,3,27,[爱心],0,遇姿人,541269428
391,2018,3,23,跟着扭动起来,1,倾乐声,120197077
392,2018,3,23,好听,0,默先生_Zzz,133403595
393,2018,3,23,也不能这么说 当年没这些好歌不可能有这么好的基础 不可能迅速蹿红 不可能三年七张,1,訾央伪装小漠漠,247480354
394,2018,3,19,这歌没火不应该呀！很喜欢这首歌！还记得第一次听到这歌还是在网吧，还特意问了下歌名！,0,巴黎圣母院敲钟人,117639800
395,2018,3,18,酱更好，都是我的[发怒][吐舌][吐舌],0,比一点多很多点,344085429
396,2018,3,16,歌是好歌 为啥没火,1,后悔没减肥,34563973
397,2018,3,16,难得一见说了吧做了吧,1,英格拉姆s,344450592
398,2018,3,16,晚安,1,英格拉姆s,344450592
399,2018,3,16,洒脱,0,英格拉姆s,344450592
400,2018,3,15,我姿真帅[色],0,H_Stef,309880055
401,2018,3,15,真的好听,1,小王爷克卜勒,263888906
402,2018,3,9,难得一见首首好听的专辑,0,Lombokii,53374793
403,2018,3,9,燕姿酷爱,0,33轉的LP,630862795
404,2018,3,8,打call。太酷了,1,小小愿望就快实现了他在笑,124506618
405,2018,3,6,幸运的人别说废话[亲],2,33轉的LP,630862795
406,2018,3,4,"错过我
你最好最后永远永远别后悔",0,云衡Winnie_,485359751
407,2018,3,3,哈哈哈，超霸气，超帅气,0,小小烁,80544605
408,2018,3,3,start演唱会时的哽咽，燕姿梦想实现是发自内心的激动,0,stef流年,1367583538
409,2018,3,2,小时候不喜欢这些歌 现在听觉得燕姿那时候好酷啊,0,訾央伪装小漠漠,247480354
410,2018,2,26,难得一见孙燕姿,3,stef流年,1367583538
411,2018,2,25,cool,0,Stefanie_kf,260396530
412,2018,2,24,真好,1,未完成19991230,503310441
413,2018,2,24,年轻,1,未完成19991230,503310441
414,2018,2,24,很酷,1,未完成19991230,503310441
415,2018,2,22,刷999,1,跳舞的梵谷yanzi,318974517
416,2018,2,22,为什么没过999,2,跳舞的梵谷yanzi,318974517
417,2018,2,22,孙燕姿真是  难得一见  但我要  没办法 想办法,1,跳舞的梵谷yanzi,318974517
418,2018,2,19,《难得一见》跟《直来直往》一个风格，想起我以前喜欢孙燕姿的歌就是这两首，但都比较冷门。,3,-Aeidn,97242507
419,2018,2,19,克卜勒演唱会时听到这首，她的声音的确已经不在年轻，但依然动听,2,going_up_stef,372536854
420,2018,2,16,这首好听,1,皮卡井,76478444
421,2018,2,15,喜欢，，，说不清的感觉,0,小张1802,1359105496
422,2018,2,14,都没人来听吗？[流感],0,英格拉姆s,344450592
423,2018,2,11,活力四射的燕姿,0,英格拉姆s,344450592
424,2018,2,6,很好听的歌呀,0,王金1711,632842409
425,2018,2,6,真的吊打现在某些年轻歌手,1,旻綠,317674840
426,2018,2,6,居然没有999真的不科学啊，想起来初中听这张专辑，热热的夏天，教室里人挤人的热浪，自习室里偷偷的一遍遍听，一遍又一遍倒带。,1,佛曰不可为哈,125589148
427,2018,2,3,也许吧，她身高一米七五，比我高半个头[大哭][大哭],0,渣渣云音乐,252458708
428,2018,2,1,难道一听的好歌,0,王金1711,632842409
429,2018,1,31,感觉吃了一锅麻辣烫,1,陪你到世界的终点33,322440127
430,2018,1,28,超有感觉的,0,王金1711,632842409
431,2018,1,28,燕姿实力太强了，什么风格都能唱得很好听,2,王金1711,632842409
432,2018,1,27,年轻啊……不想长大，想永远做个被偏袒的小朋友。,0,抚平眉中川,444235171
433,2018,1,25,第一次听这首歌觉得好好听，很有感觉，后来知道是我姿唱的觉得太霸气了，我姿真的唱什么风格都好听，都能hold 住呀，而且每首歌都很孙燕姿，其他人唱不出那感觉,2,王金1711,632842409
434,2018,1,24,[大哭]我看到了，最～可爱的自己。你才00后，还年轻,0,晚婚晚育少生优生,255806791
435,2018,1,22,我什么都不懂 我只会安静地听很多很多不同种类的歌 但却都不想听懂 只想在很多歌里 找到曾经的自己 最最最最最最最最最最可爱的自己,0,抚平眉中川,444235171
436,2018,1,22,来找当初的感觉,0,戏精队长,29292799
437,2018,1,21,对，这感觉这句话是仅次于“黑夜给了我黑色的眼睛，我却用它寻找光明”[奸笑],0,晚婚晚育少生优生,255806791
438,2018,1,20,居然没有999,0,-澍辞-,427704425
439,2018,1,20,是这段话吗你不愿意种花你说：“我不愿看见它一点点凋落”是的为了避免结束您避免了一切开始,0,抚平眉中川,444235171
440,2018,1,18,哈哈哈哈哈，挖到宝了,1,july丹儿,31281226
441,2018,1,18,太难得～,0,Lution_,79140672
442,2018,1,17,怎么感觉抢了拍子哇~~,0,见你兮兮,103386454
443,2018,1,16,50s的地方，以前用磁带📼听老以为卡带了 [大哭][大哭][大哭],2,卡丘王,3493658
444,2018,1,16,这首歌的MV是一个小现场，有个歌迷拿着一个特别可爱的燕姿卡通形象~,0,五仁月饼你为神马不去死呢,3057501
445,2018,1,16,演唱会很嗨,0,梵谷不跳舞,132774418
446,2018,1,15,你就在此地不要走动....,0,tobe7,63042100
447,2018,1,14,你可能想多了,2,坐着我的摩托车wenny,123631217
448,2018,1,13,黄小琥好像也唱过,0,rosetomato,509388314
449,2018,1,11,很霸道啊！[可爱]喜欢！,0,Apollin,328308024
450,2018,1,9,小时候听的第一首孙燕姿的歌，这么好听一定要999+,2,大佬喵er,424849563
451,2018,1,9,真的是难得一见的冷门好歌,3,JIANGZHIYI,65783454
452,2018,1,8,02年就开始听她了，绿光，天黑黑,1,一个不留啊,581048138
453,2018,1,6,难得一见的好歌手，孙燕姿！,2,向日葵的天空138,1332989081
454,2018,1,5,今天真是，循环三十遍[流泪][流泪],0,赫里尔德,410343541
455,2018,1,5,不行[流泪][流泪][流泪]听上瘾,0,赫里尔德,410343541
456,2018,1,5,突然好想好想听这首[呆][呆],0,赫里尔德,410343541
457,2018,1,3,这首歌这么好听，必须999,0,狂暴猪贡丸,299985129
458,2018,1,2,我也是看了2014演唱会,0,周拜克,113198690
459,2018,1,1,啊……？,0,抚平眉中川,444235171
460,2017,12,31,希望多点这种风格的歌，好听,1,H小流氓,297607033
461,2017,12,30,一听这首歌就有种吃麻辣拌的感觉[大哭],1,坏兔子_,451109516
462,2017,12,26,棒,0,Neuvy,376313104
463,2017,12,24,昨晚在苏果听到了这首歌[呲牙],0,铁柱磨成针,46510006
464,2017,12,22,浪费的人要被处罚,0,麦丽素0723,544048498
465,2017,12,17,幸运的人别说废话，心情不好听这首,0,爱姿爱己,76360947
466,2017,12,15,评论太少，不科学！看来这首歌小众了,0,痴痴呆呆颠颠狂,528147542
467,2017,12,15,我高中最爱，,0,痴痴呆呆颠颠狂,528147542
468,2017,12,14,难得一见,0,毛毛虫0912,323067104
469,2017,12,12,高中时有一个聊的比较好的女生，一次班级活动，体育课代表的她被起哄去唱歌，她上去之前看了看我，然后唱了这首《难得一见》，当时我就觉得好听，现在看看歌词，顿时觉得当时我特么就一傻子。[流泪],1,渣渣云音乐,252458708
470,2017,12,11,这是第522条评论,0,匪露-yt0,273806236
471,2017,12,11,真不忍心打破521[大哭]但是这首歌没有999＋简直太让人意外,0,不改啦啦啦,328215285
472,2017,12,11,这是第521条评论,0,AIlennolan,467487362
473,2017,12,10,这歌没999说明80后都老了。。。[呆],2,苹果哈哈123,113734592
474,2017,12,9,很有质感的一首啊！编曲敲棒,0,陳葰峯,334988095
475,2017,12,9,她的尾音真是销魂,1,zayu丁,92235925
476,2017,12,8,最新评论,1,古月人情,564581243
477,2017,12,6,这句话只是自欺欺人，我早就想开始了，只是他不愿意。如果真的有家回，谁愿做个摆渡人。,0,抚平眉中川,444235171
478,2017,12,6,(⚭-⚭ ),0,蜘蛛巢小径,3432666
479,2017,12,6,难得一见，幸亏我动作快决定快，不然你就不知道跑哪里去了，嘿嘿[吐舌],1,燕姿173,80579864
480,2017,12,5,神作,0,GodShen2,249141698
481,2017,12,3,气氛尴尬,3,面面方,75764248
482,2017,12,1,难得一见的少评价,0,天天向善7881,299992992
483,2017,11,29,就是大爱,0,如此好求,92512586
484,2017,11,29,哇终于找到一首我比较中意的，她这么吊的声音怎么能一直唱情歌呢。。。。。。,0,老何恍然大悟并一拍大腿说道,49796266
485,2017,11,29,常州加1,0,风情万种syr,127066832
486,2017,11,28,[爱心],0,小黑爱姿,39894943
487,2017,11,27,作曲的人一定写过伍佰的歌[鬼脸],0,Chenh_h,129429543
488,2017,11,26,我第一次听这首歌是在燕姿14年广州演唱会的现场 每次听前奏都想起那天舞台上屌屌的燕姿 还有那天19岁生日的第一次看演唱会的我,2,lytaro,491576589
489,2017,11,25,"你不愿意种花
你说：“我不愿看见它一点点凋落”
是的
为了避免结束
您避免了一切开始",0,aowinky,114854869
490,2017,11,24,干脆利落！爱不爱！,0,橘滋小姐,113494785
491,2017,11,23,这首是燕姿耍帅系列头号作品,0,aleczuo,249045308
492,2017,11,22,这么好听的音乐，居然没有破999,1,宇生七月,404249954
493,2017,11,21,当年的电视音乐节目 播放的这首是演唱会的MV 很有活力,1,猫先生333,124319836
494,2017,11,21,开头那段好像rihanna的rude boy。。。,0,Wlaschiha,122354507
495,2017,11,15,现在其实液还很多，只是国内的少了,0,花匠w,627891657
496,2017,11,15,哈哈，你以前喜欢的歌手有点多啊[大哭],0,伊巴斯典,42166429
497,2017,11,15,"没到500，可能是大家只是再听歌，没评论吧
",0,花匠w,627891657
498,2017,11,15,渐渐长大，喜欢的男歌手由潘玮柏变成了陈奕迅，但是喜欢的女歌手从梁静茹、孙燕姿、梁咏琪、郑秀文固定成孙燕姿,0,花匠w,627891657
499,2017,11,15,听听燕姿早期的歌，给我青春和能量！！,0,花匠w,627891657
500,2017,11,15,(´▽｀)ノ♪,0,榆亚暗沙,61418246
501,2017,11,14,500+  好吧,0,please-嗯-,249415967
502,2017,11,14,为什么后期松柏兄弟好少出线了啊。,1,codyccc,40831959
503,2017,11,13,+1,1,westboor,251521686
504,2017,11,12,好想谈恋爱呀 可是我怕分手,2,抚平眉中川,444235171
505,2017,11,12,好听,4,多特蒙德的秋刀鱼,373277789
506,2017,11,11,想起了第一次听的绿光[大笑][大笑],1,格桑遇海风,480348571
507,2017,11,11,幸运的人太难得,1,活着只求好玩,266447964
508,2017,11,10,+1,2,渐冷情怀,291130218
509,2017,11,10,难得 一见,1,黑暗行星古兰斯菲亚,495929451
510,2017,11,9,风衣,1,林深时见鹿晗,125413239
511,2017,11,7,我擦，还没500，耳朵都瞎吗？,3,7JLee,246044317
512,2017,11,6,还没到999+[大哭]，顶一个,1,BaptisteZhang,430071446
513,2017,11,5,好听啊,1,Southern_South,264719636
514,2017,11,2,以前每次玩cs都听这首歌,1,奔跑的橘子在唱歌,298215721
515,2017,10,31,这么好听一首歌居然不是999+,3,这个还能被占用我就服,121171783
516,2017,10,29,燕姿的嗓音很适合这么唱 很直爽 很利落 而且现场感很棒,3,东东夜奔,321394485
517,2017,10,29,我一听直来直往就是奇迹mo传3的感觉,1,_James__,49116004
518,2017,10,28,十多年了……好久不见,1,醉舞残阳86,280286077
519,2017,10,27,曾经网吧还都是聊qq的年代，循环播放这首歌，还有周围挥之不去的烟味，现在一听就有一种坐到网吧的感觉[大哭],3,一页起风,285019237
520,2017,10,25,09:47,0,林守乐,55243746
521,2017,10,25,超爱！,0,帐号已注销,75980429
522,2017,10,25,终于看到一首没上999的了。。。,0,蔚蓝-月光,411426757
523,2017,10,23,好帅,0,宅囧胖,132983041
524,2017,10,23,羡慕你们,0,宅囧胖,132983041
525,2017,10,23,初次遇见燕姿就是这一首，短发的燕姿瞬间让我沦陷,0,萝桔Seirios,109429052
526,2017,10,23,小时候就喜欢燕姿的歌曲，等真的自己长大了有了小孩后发现，这bass真爽，原来一个人喜欢的音乐风格在小时候就会有体现，而现在我也是弹bass的了。,2,必须来收集,348990025
527,2017,10,23,那个MV超级喜欢，是个演唱会的剪辑吧，特别活泼！有件粉色的衣服好好看！,0,fluent战士求收敛,61644046
528,2017,10,16,太喜欢这首了！,0,豌豆先森与喵小姐,370347249
529,2017,10,12,02年高三那年浙江卫视6台每天下午5、6点循环播放mv，暴露年龄了,1,克苏恩恩恩,587531
530,2017,10,8,妈呀，秒杀我。小鹿又乱撞了。,1,简抽,128094765
531,2017,10,8,太喜欢这个编曲，太喜欢了[惊恐],1,简抽,128094765
532,2017,10,7,评论贼少,0,早睡早起按時吃飯好好生活,61018190
533,2017,9,27,以前还用诺基亚的时候手机里面歌不多，但是有这一首，换了好几个手机了，今天突然想起这首歌!只怪孙燕姿好歌太多了，这么好听的歌都记不住!,0,飘WY,366221821
534,2017,9,21,運動進行曲。,0,鄒爸比,85768778
535,2017,9,20,难得的一首好歌[可爱],0,风云无霜,101464143
536,2017,9,20,家里的广播听到 其实 不是很多人 想和你碰面,0,sesamecoco,54050537
537,2017,9,20,真的有这种感觉，原来总觉得燕姿的这么多歌这么好听怎么评论这么少，现在越来越喜欢这种感觉了，就是这个宝贝只有我们知道，可是同时也希望更多的人能发现燕姿的美，好纠结啊,0,Wow_HAYA,9832804
538,2017,9,19,酷,0,ba钟意,501823907
539,2017,9,19,没办法那就想办法,0,木子王可-,268353457
540,2017,9,17,以前非常喜欢的一首歌，设置成了女朋友彩铃，这样每次打电话都能听到，5年过去了歌依然那么好听，只是两人都结婚了，她的宝宝也快要出生了，没了才知道啥叫没了。,0,future岩,12511270
541,2017,9,14,这首歌真难唱,0,忘不掉的明天r,101795664
542,2017,9,12,最喜欢的我姿的歌[色]棒呆~~,0,1st寶,485780583
543,2017,9,12,有时候孤单的需要另一个~同类~,0,1st寶,485780583
544,2017,9,11,    这么好听的歌      幸好还没暴露    哈哈哈哈[吐舌],0,叫遗憾,113215003
545,2017,9,2,这首歌有点像同时期包小柏给王心凌制作的《beauty》，一看作曲人，果然[奸笑],0,七花君,14221794
546,2017,8,19,直直走遇见我,0,木子王可-,268353457
547,2017,8,19,我的爱MV电影版的开头有说 你过得好吗 ，。。,1,过往云烟视而不见,305289320
548,2017,8,19,我的爱,0,过往云烟视而不见,305289320
549,2017,8,14,上次坐出租车，我和司机都没话题，场面好卵尴尬。结果我就用手机放我姿的歌，然后那司机好卵激动，和我说他高中时买燕子的光盘，没钱就买盗版的。我也和他聊了好久的燕姿，太爽了，感觉遇到同类的那种爽，不知道你们有没有体会过？,2,爱姿病患者却仍姿迷不悟,534742072
550,2017,8,10,这首歌，帅帅的。,0,跳舞的克卜勒,122786310
551,2017,8,5,好听啊！,0,史努比猹,74803643
552,2017,8,1,错过我，又后悔又难过,2,XX_WOOBOY,114091938
553,2017,8,1,[可爱]#孙孙孙燕姿# ,0,姿式漩涡,360339310
554,2017,7,30,15年了，燕姿,0,丁草莓,124322193
555,2017,7,26,我才不喜欢孙燕姿，一个偷走我青春的人[口罩],0,甜甜辣辣就是我,475642194
556,2017,7,25,[爱心],0,永远有多远灬,346081467
557,2017,7,25,寻找孙燕姿很早期一首冷门歌，不是专辑里的，MV中貌似是燕姿坐着在独唱，第一句好像是“我过得好吗。。。”歌名极有可能是两个字，翻遍了网易云音乐没找到,0,xiaolin050000,434588632
558,2017,7,25,[爱心],0,有一只小蜜蜂,383989994
559,2017,7,23,"『难得一见』,欠她一场演唱会...下次什么时候来长沙开演唱会...",1,愛在惜緣前328,90660152
560,2017,7,23,燕姿生日快乐！,0,愛在惜緣前328,90660152
561,2017,7,23,燕姿生日快乐,0,世上竟有如此出尘绝艳的女子,114314450
562,2017,7,23,燕姿生日快乐[憨笑],0,甜甜辣辣就是我,475642194
563,2017,7,22,入的一手好霆锋,0,锦衣小卒,438402795
564,2017,7,22,滴滴,0,半座城池丶,500055772
565,2017,7,17,幸运的人别说废话[可爱],0,心中的三叶,540954017
566,2017,7,16,如果不是燕姿，我的手机都不会有听歌软件。,2,孙燕姿你是光芒果,77464742
567,2017,7,15,[狗]人山人海 幸运的人 太难得,0,呢喃的小虎牙,271819175
568,2017,7,13,这首歌竟然这么少人？可是整张专辑我最喜欢的歌啊！,2,luvminghui,286324244
569,2017,7,9,@slkicon ,0,倩倩的宇宙暂停营业,130967231
570,2017,7,9,爱姿,0,姿意燕为,263726012
571,2017,7,8,个人最喜欢的曲目，有没有人一样的？求赞,0,沈毕胜,31723973
572,2017,7,8,六年级12岁生日扒上用带线话筒vcd光碟给小伙伴唱这首 觉得自己简直酷毙了[呲牙][呲牙],0,_MAHEPAL,44249731
573,2017,7,5,[色],0,可阳快飞,115746724
574,2017,7,5,天了噜，真是难得一见的,0,有声交叠,76873142
575,2017,7,2,当时沉溺慢歌，没能体会到，明天轻莱我要跟你资一起跳神奇[18],0,Le_mot-phoebus,302515560
576,2017,6,29,浪费的人要被处罚😄,0,鄒爸比,85768778
577,2017,6,26,我以前一直以为是首小黄歌 说了吧做了吧！ >_<,0,毛音绕梁,40470101
578,2017,6,23,爱姿,0,姿意燕为,263726012
579,2017,6,20,该说的该做的，不过就是那句好好把握😳😳😳,0,E-V-Z,86643853
580,2017,6,20,[憨笑]《半句再见》,0,姿式漩涡,360339310
581,2017,6,20,爱姿,0,姿意燕为,263726012
582,2017,6,14,日常打卡，有燕姿的地方就有我,2,跳舞的克卜勒,122786310
583,2017,6,13,一个综艺偶然听到的，没想到是燕姿的,0,Tony_Split,252829783
584,2017,6,7,[爱心],0,徐丨若木,246749232
585,2017,6,7,喜欢燕姿6年了，今天高考加油！沾沾福气hhh,0,转益多师是汝师,137500811
586,2017,6,3,第一次听还是上小学的时候，那是正好在电视上看的live版，感觉很棒就去买了一版磁带听[大笑],0,星海松涛,42769530
587,2017,6,2,停在这里茫茫然不知所措。是自己太不勇敢了吧，没办法就该想办法。,0,陶屿云,41572242
588,2017,5,29,从燕姿的第一张专辑开始听，除了觉得歌好听，另一个感觉就是燕姿的短发好好看，也想剪个短发~,0,继续听歌吧,45556994
589,2017,5,29,rock😚😘,0,凌晨三点不睡觉的雨果,120801740
590,2017,5,29,😏😏😏,0,凌晨三点不睡觉的雨果,120801740
591,2017,5,29,手动踩爪印，端午燕姿专辑一日游[奸笑],0,凌晨三点不睡觉的雨果,120801740
592,2017,5,29,爱姿,0,姿意燕为,263726012
593,2017,5,29,爱姿,0,姿意燕为,263726012
594,2017,5,28,爱姿,0,姿意燕为,263726012
595,2017,5,28,谁要我动作快决定快,2,追风少年依旧,85096665
596,2017,5,27,爱姿,0,姿意燕为,263726012
597,2017,5,22,开场好嗨,0,梵谷不跳舞,132774418
598,2017,5,17,浪费的人要被处罚,0,孙燕姿best,46251605
599,2017,5,17,幸运的人别说废话 啊啊啊啊啊啊啊啊~,0,孙燕姿best,46251605
600,2017,5,16,难得一见，最近都是商演。。。。。等你的演唱会，老大,0,善鄯,247709392
601,2017,5,15,难得一见燕姿唱这样的歌欸,0,像我这样的小菠萝,79466036
602,2017,5,15,气氛融洽。,0,琥珀丶熙,107050800
603,2017,5,14,突然想起这首歌 天哪 大概十年没听过了吧,0,Rizpah,118043607
604,2017,5,14,高中时听的第一首孙燕姿的歌就是这个,0,MoonOne,36124431
605,2017,5,14,还有半句再见，遇见,1,嘿man__,263473301
606,2017,5,13,爱姿,0,姿意燕为,263726012
607,2017,5,12,爱姿,0,姿意燕为,263726012
608,2017,5,12,燕姿,0,一地故里,118066649
609,2017,5,12,你却是难得一见。,0,一地故里,118066649
610,2017,5,11,好燃[大笑]好喜欢[亲亲],0,Katrina是土环星上的白日梦想家,252923574
611,2017,5,11,半句再见,0,咬咬先生噢,330954474
612,2017,5,9,永远谢霆锋,1,亡命海盗,31970319
613,2017,5,8,想听新歌,0,半句再见u,402185148
614,2017,5,7,等新歌,1,一只小爷爷,332937582
615,2017,5,7,头四张专辑是正版磁带，以后是CD,0,bartlofty,715444
616,2017,5,6,从孙燕姿出道的第一盘专辑追起，一首歌都没有落下过,1,guangying62,31280971
617,2017,5,5,这是一颗遗珠,2,背了个影啊,281458310
618,2017,5,5,我还记得2014年的那个夏天，武汉新华体育场，听到燕姿开口我脑袋一片空白～还记得，当初陪我一起看燕姿的女孩儿情已逝，记忆永远不会消退。,0,酸菜味儿的小鱼干儿,479850178
619,2017,5,2,演唱会的时候这首超燃啊,0,jhlaurence,61475842
620,2017,5,1,第一次听到这首歌大概是小学六年级，也是认识燕姿的第一首歌，今年 28,0,Return,135784
621,2017,4,30,专辑当年，一首这个，一首相信,0,xiong336699,48037188
622,2017,4,30,听见，遇见，难得一见，半句再见，再也不见,1,zengzimin,380809583
623,2017,4,27,[大哭]清歌单，但到燕姿的一首都不舍删…,1,星期一天气晴丶,260397632
624,2017,4,21,一闪一闪亮晶晶，满天都是小眼睛,0,夕颜May,442465991
625,2017,4,13,怎么办 喜欢孙燕姿的每一首歌,0,鱼雨子酱,50983533
626,2017,4,13,我第一次听这首歌的时候 是用磁带听的  时间过的太快了[惶恐],0,有希望的男人1,111604902
627,2017,4,12,好听,0,半句再见u,402185148
628,2017,4,12,回忆,0,半句再见u,402185148
629,2017,4,12,嗯,0,半句再见u,402185148
630,2017,4,4,居然没999,0,斥候的玩具火车,365907103
631,2017,4,4,大半夜笑的吐血[大哭][大哭][大哭],0,未算無壹物,73219754
632,2017,3,31,"我要的幸福 这砖也很厉害的
",0,我是丑王,127718208
633,2017,3,30,前奏美cry,1,SUGAR-HIGH,32357998
634,2017,3,30,前奏真是辽阔的赶脚,0,绮怀安安,69739321
635,2017,3,30,今年发新专辑不？@孙燕姿,0,绮怀安安,69739321
636,2017,3,30,克卜勒现场有唱，真是棒！,0,绮怀安安,69739321
637,2017,3,27,高考72,0,褦襶女,372449850
638,2017,3,27,難,0,褦襶女,372449850
639,2017,3,27,难得来,0,周周周大仙,48975876
640,2017,3,25,我姿,0,我有努力和这个世界变熟,394296679
641,2017,3,23,爱姿,0,姿意燕为,263726012
642,2017,3,23,难得一见，喜欢燕姿[亲亲][亲亲][亲亲],0,春天之恋,258758924
643,2017,3,21,女神,0,wokansheihewoyiyang,113113844
644,2017,3,20,[幽灵],0,luuuxu,2671213
645,2017,3,15,哈哈哈哈！还真的是！,0,会唱歌的大夫,18201855
646,2017,3,13,在歌房吼燕姿的歌多棒,0,伶歌子,72561866
647,2017,3,6,[爱心],0,徐丨若木,246749232
648,2017,3,4,笑死我了,0,東東同學o,61675781
649,2017,3,2,凭胸而论，燕姿的歌都蛮好听的。,4,林守乐,55243746
650,2017,3,2,20:59,0,林守乐,55243746
651,2017,3,2,Yan-zi.,0,孤独小孩o,273175427
652,2017,2,24,trip-hop，funky，做流行音乐不简单，比民谣强,1,兔巴巴利亚,320109445
653,2017,2,21,睡过头！嗨过头！想过头！,0,把酒言话,116902125
654,2017,2,12,这首歌的态度好酷,1,夏天的夏____,116216042
655,2017,2,5,我今天第一次听这歌，那么喜欢燕姿有点惭愧，好在一听就知道是她，赶紧摇一摇，收藏了起来，真的，一听就爱上,1,WANGARUI,129884156
656,2017,2,5,这首歌很洗脑阿，演唱会回来抖腿了一礼拜,0,hallo骄傲,33604162
657,2017,2,4,老大好,0,屋昂王123,271976017
658,2017,2,3,难得一见,0,going_up_stef,372536854
659,2017,2,2,2017年1月30日星期一，官婷对我说不想再坚持下去了。愿你下一个喜欢的男孩不再像我，我也不会再亲手种花。,3,怀俄明的乔克,45991813
660,2017,2,2,幸运的人别说废话,0,Season-or-Nemo,100424826
661,2017,2,2,这爆发力啊,1,诺坎普拉玛西亚,83009512
662,2017,2,2,十六年前的暑假第一次听到，那真是个阳光明媚的夏季。,0,epsilony,6848708
663,2017,1,21,诡异的旋律  歌词爆炸,1,林大乖人,68572199
664,2017,1,15,老早就喜欢这首歌，算起来上次听这首歌得是三四年前了,0,帐号已注销,98513658
665,2017,1,14,你，有毒啊，已经被你同化了，不能直视那句歌词了[惊恐][流泪],0,呵呵哒uio,313660867
666,2017,1,12,爱姿,3,姿意燕为,263726012
667,2017,1,7,好喜欢她的快歌,0,永远有多远灬,346081467
668,2017,1,6,这首歌很多人觉得冷门 可最早喜欢燕姿的绝对印象深刻 DVD光碟带线的话筒使劲模仿着唱 可她的歌真的好难唱[大哭][大哭],2,_MAHEPAL,44249731
669,2017,1,4,很感谢那个让我喜欢上燕姿的男孩，男孩也许会渐渐走远，但爱燕姿会越来越深😊。难得一见  刻骨铭心！,0,白岛夏,315437945
670,2017,1,4,稀饭,0,梵谷不跳舞,132774418
671,2017,1,4,很棒的旋律,0,gblivepeeple,131094352
672,2017,1,4,不是999？？？[惊恐],1,咩啊咔,304362209
673,2017,1,3,泰兰德...,0,leftside,78001110
674,2017,1,1,男有周杰伦，女有孙燕姿！,0,芯雨丶,125185012
675,2017,1,1,爱姿,1,姿意燕为,263726012
676,2016,12,31,一直在等着下一场演唱会,1,欲盖弥彰ove,254470139
677,2016,12,29,当年看他演唱会，电视上的这个录像，超喜欢,0,黄金狮子___岁月无声,383426471
678,2016,12,28,爱姿的理由原来是这种！,0,Pigrabbit_,285320489
679,2016,12,28,爱姿,1,姿意燕为,263726012
680,2016,12,25,"

转个弯请问你要去那里

错过我

又后悔

又难过",0,姿式漩涡,360339310
681,2016,12,25,喜欢[亲亲],1,半个橙子___,115757489
682,2016,12,24,这张专辑听到这首歌的时候惊艳的不得了！,1,Mel123456,129635454
683,2016,12,24,"燃～
💥～",0,小豆瓣儿_,37086195
684,2016,12,22,我姿,0,務必善良-_,132205974
685,2016,12,17,喜欢燕姿这种风格[色],1,说不定明天她就会来了,44140341
686,2016,12,16,怎么没999+,0,灯火阑珊888,73278437
687,2016,12,14,真的是不知道哪里来得这么有力量的声音,1,王大大锅同学,91813388
688,2016,12,11,[呆]我在想跨年要不要去深圳，看老大的表演[亲亲],0,姿式漩涡,360339310
689,2016,12,10,好听，喜欢燕姿[亲亲][爱心],0,春天之恋,258758924
690,2016,12,10,幸运的人别说废话→_→,1,帐号已注销,321898483
691,2016,12,8,小学五六年级的时候 妈妈同事女儿带我听的 入门燕姿曲[憨笑],0,Echo可可可可可,351823068
692,2016,12,7,爱姿,1,姿意燕为,263726012
693,2016,12,5,爱姿,1,姿意燕为,263726012
694,2016,12,4,第一次听就喜欢上了，小身板，大能量[亲亲],0,李大大和李果果,303458585
695,2016,12,2,哈哈哈哈，好好笑,0,用户277715628,277715628
696,2016,11,28,爱姿,1,姿意燕为,263726012
697,2016,11,27,那么瘦，唱歌那么有力量[亲],1,幽默的不得志姑娘,344456338
698,2016,11,26,！！！,0,用户9579867,9579867
699,2016,11,26,爱姿,1,姿意燕为,263726012
700,2016,11,24,爱姿,1,姿意燕为,263726012
701,2016,11,23,😊南非的人要被惩罚  姿妈，能告诉我为什么吗。😊,1,鄒爸比,85768778
702,2016,11,21,滿滿的回憶啊～,0,冷仙凝,9338367
703,2016,11,18,第一次听见就是难得一见，从此便是15年,0,fafalafa,105058102
704,2016,11,16,超好听[爱心],0,双鱼座爱燕姿,130390823
705,2016,11,15,军训的时候天天这首歌,0,宅囧胖,132983041
706,2016,11,12,[亲亲]#手机铃声# 每次听到这首歌都以为谁打电话来,0,姿式漩涡,360339310
707,2016,11,11,哎妈好怀念！,0,你比烟花好看,61518983
708,2016,11,11,爱姿,1,姿意燕为,263726012
709,2016,11,10,爱姿,1,姿意燕为,263726012
710,2016,11,8,爱姿,3,姿意燕为,263726012
711,2016,11,4,很久以前听过，但以前不知歌名。最近又重新听到，靠着记住那句“人山人海”然后百度出歌名。好听！越听越有味道！,0,马骝头QQ,299676723
712,2016,11,4,这么好的歌，评论这么少，不应该啊！,0,信者徒悲,306832811
713,2016,10,31,女神,0,忘不掉的明天r,101795664
714,2016,10,30,超级喜欢！帅性干脆[亲亲],0,Jolenehappyy,272707051
715,2016,10,28,睡不着,0,文库本儿,61807217
716,2016,10,28,越听越有味道,1,12679abc,279488548
717,2016,10,27,爱姿,1,姿意燕为,263726012
718,2016,10,26,演唱会上发现的好歌！,0,熙熙熙熙熙熙熙熙熙熙熙熙熙儿,125763050
719,2016,10,24,调好高啊,1,开兰博的小玉儿,246487196
720,2016,10,24,电台里刚刚听到 搜歌词人山人海搜到手 必须♥️,1,蓁蓁如我,120672119
721,2016,10,23,我喜欢她是因为这首歌哈哈 不是其他，然而不是很火的一首,0,DDsay,103607862
722,2016,10,23,最喜欢在KTV唱这首，因为好听又好唱。,0,不再扎马尾,33412870
723,2016,10,21,为什么这么少评论？,0,SaltHL,261890979
724,2016,10,20,太难得,0,Lution_,79140672
725,2016,10,18,难得一见。,0,_Messi-10,123103140
726,2016,10,17,第一次听14，现在马上三十了,3,毛比腿粗,35884031
727,2016,10,16,爱姿病绝症患者…求点赞安慰！,1,雷不了人了,345356748
728,2016,10,13,我已无法分辨什么是冷门什么是热门 每一首歌都是一个回忆片段 都是我的青春宝藏,0,花椒吖好麻,9592890
729,2016,10,12,说了吧错了吧,0,海绵1874,298588296
730,2016,10,10,一直觉得这首很神，为毛没火？,0,看不见的拥抱叫微风,97738376
731,2016,10,9,听歌就是要这种感觉,0,袖手--旁观,344408952
732,2016,10,8,其实我不想再要有人来评论了，自私一点好,2,wander1r,91373723
733,2016,10,1,[亲亲][亲亲][亲亲],0,野小玄,44137665
734,2016,10,1,"当年这首歌电视里放的很多,MV是一个演唱会版本,然后迷上了",1,billlllllllllly,6717304
735,2016,9,29,在演唱会上听就爱上了！,0,syz-97,133294291
736,2016,9,27,那首歌超燃啊，一下就引爆全场了,0,自然醒丶自然乐,48396195
737,2016,9,22,燕姿这种风格的歌好适合她啊，洒脱，利落,0,我只会乱乱唱,272309134
738,2016,9,18,重温背后的故事   好想你  燕姿,0,时光小偷拿走眼泪,135124975
739,2016,9,14,相见恨晚，这么好听！！,0,大炮Lee,326674084
740,2016,9,12,"燕姿天生的rock girl啊 
",2,猪猪盗飞车,117928688
741,2016,9,11,爱姿,1,姿意燕为,263726012
742,2016,9,11,太难得,0,Lution_,79140672
743,2016,9,10,爱姿,1,姿意燕为,263726012
744,2016,9,8,这首歌刚出来的时候我还在读小学，每次去网吧都会听这首歌，单曲循环！所以每次听到这首歌的时候，满满都是回忆：红警，星际，暗黑……还有玩的第一款网游《网络三国》，比石器时代还早~,1,BLANK_Ling,90850801
745,2016,9,8,十多年前在某点歌电视频道听到这首，是演唱会的MV，但是还不知道她是谁，被她的气场惊到了。一两年后，同桌的一本盗版磁带借给我在步步高复读机里A面B面反复听，从此便踏上了姿迷的不归路,1,嘿嘿不计后果,329653470
746,2016,8,24,以前听歌总有一个坏习惯：评论数太少的歌大多都是不怎么好听的。万幸听到这首歌的时候没有迅速切歌[爱心],2,青的春,110683089
747,2016,8,24,我貌似知道你谁[汗]，你微信头像和这个一样咯～～～之前备注也是一样的夏天[撇嘴],0,Ewiin,62829634
748,2016,8,24,intro超级带感…,1,Joges,12382704
749,2016,8,16,嗨过头 睡过头 ,0,ELEVENERT,67562382
750,2016,8,14,评论不是999+，没理由啊！,0,退思Amen,74485804
751,2016,8,10,睡过头[呲牙],0,举个西木,60673274
752,2016,8,8,来人啊,0,GodShen2,249141698
753,2016,8,8,[惊恐][惶恐],1,159577,86210117
754,2016,8,3,💙,0,Del_Mar,16649702
755,2016,7,29,开头很夏天,0,静爷啊喂,129041907
756,2016,7,28,常州那场难得一见和leave me alone现场太震撼了[憨笑],0,Ewiin,62829634
757,2016,7,28,昨晚跑步和女生跑步时候，本想这首比较嗨的歌，我刚放了前奏，女生扑到我怀里，说放这首歌干嘛，快换（旁边是块墓地）！！！,3,Ewiin,62829634
758,2016,7,28,是啊，年轻啊，冲动啊，干脆啊，鲜活的生命啊,1,小二李子,100586044
759,2016,7,26,"记不得第一次是在哪里听的  只记得有一次<我爱记歌词>上唱了这首  觉得:"" 哇塞,好好听哦.""",2,Champagne-Wines,114344953
760,2016,7,23,我的青春！燕姿生日快乐[蛋糕][蛋糕][蛋糕],2,-有姿有菋-,129649056
761,2016,7,21,浙江台当年轮番播放这首歌的MV。,2,爱在斯德哥尔摩Stockholm,51485651
762,2016,7,19,隔了好多年再来听,0,乖沉_,54000642
763,2016,7,15,不要说了[流泪][流泪][流泪],1,是螺纹呀,59982102
764,2016,7,13,神专[强],0,费洛蒙felomen,297523384
765,2016,7,8,洒脱,0,small不是四毛,79384405
766,2016,7,4,这么少 不科学,1,Xue友,271983487
767,2016,7,4,记得在高中的音乐考试两个女同学一起清唱了这首歌，记得那次高潮部分的分音唱得完美无瑕,4,Chikahi,33456775
768,2016,6,29,握手~,0,伊巴斯典,42166429
769,2016,6,29,这三位，在华语乐坛，举足重轻。不过，最爱是燕姿。,3,愚人的国度V,90406979
770,2016,6,29,丫的又不科学了…这少评论,1,愚人的国度V,90406979
771,2016,6,29,半句再见[大哭],1,Lution_,79140672
772,2016,6,28,我姿说：谁要我，动作快决定快！   我决定要！,0,华丽转身龙百威,123105511
773,2016,6,27,好嗨啊 年轻的孙燕姿,1,开兰博的小玉儿,246487196
774,2016,6,26,218,0,洛腾图,74386338
775,2016,6,24,我也跟着嗨了,0,LILI哆啦咪,264616105
776,2016,6,22,现场听完好喜欢,0,FannySong,74028050
777,2016,6,20,19:00,0,林守乐,55243746
778,2016,6,9,在等待她演唱会的时间里这首歌,0,于帅楠,250764305
779,2016,6,7,"15岁时玩cs必听的歌,想起那个激情四射的年纪",4,牧笛之声,133430963
780,2016,6,2,没什么，就是哼了一天停不下来,0,辛巴在吃草,78659096
781,2016,6,1,好久没听到这首歌了，当年的大爱,0,zhaowei031121,91893145
782,2016,5,31,歌就不评论了，太好听了！封面上的照片这发型，真是太帅了！,0,嘟嘟大爷,40725770
783,2016,5,29,回家,2,当代歌坛,126763195
784,2016,5,21,"难得一见
睡了吧做了吧（雾）
没办法那就想办法
气氛融洽
浪费的人要被处罚

--

好好一首歌被我听成了约sm[生病]",3,hyon,30148119
785,2016,5,20,虽然是老歌 现在听来跟当年一样``````,0,微笑的迪妮莎No47,93260014
786,2016,5,18,[呲牙][呲牙],0,伊巴斯典,42166429
787,2016,5,18,巧了，虽然依旧很喜欢周杰伦，可在我心目中已然比不上陈奕迅，孙燕姿却依旧是无可替代,0,数九天-,67452986
788,2016,5,15,最喜欢燕姿唱这种调调的歌了！！,0,咯咕滴哒滋儿哇,40546960
789,2016,5,15,最近突然觉得这首歌好听到爆炸[吐舌],1,EdwardHXu,59967209
790,2016,5,12,毕业之前 还能再看一次孙燕姿演唱会的话 就幸福爆了[拜]🏻[拜]🏻[拜]🏻,2,话梅_amei,69670636
791,2016,5,11,[呲牙],0,65418,519706
792,2016,5,11,从来没有喜欢过周杰伦，一直喜欢陈奕迅[憨笑],0,夏日轻云,97869929
793,2016,5,11,[色][色],0,哪吒不哭,252648391
794,2016,5,4,上学时候前两张专基本都会 14年了 真没勇气唱,1,帐号已注销,70388827
795,2016,4,30,现在依然记得14年9月武汉场的那晚，橘色短发的燕姿，绚烂的灯光，燃爆全场的“难得一见”，美妙的体验！,0,自然醒丶自然乐,48396195
796,2016,4,24,嘻嘻,0,你才是呆逼桑-,43172453
797,2016,4,23,[亲亲],0,若风阿,70091588
798,2016,4,23,听燕姿的第一首歌进而开始喜欢买了一张风筝的磁带，那时候刚上初中，这么多年过去了，最爱的男歌手无疑是eason陈，而心中永远无法抹去的记忆与情怀名为孙燕姿。,0,蓝色-枫叶,117686513
799,2016,4,19,[可爱],0,你才是呆逼桑-,43172453
800,2016,4,19,[大笑],0,chaovivi,105111607
801,2016,4,17,别烦我噢[憨笑],0,你才是呆逼桑-,43172453
802,2016,4,17,见你好多次了,0,喜欢既还是好,263881622
803,2016,4,16,打卡,1,你这只猪问题很大啊,123431801
804,2016,4,15,好听,0,世上竟有如此出尘绝艳的女子,114314450
805,2016,4,12,我姿年轻时威武,2,石楠的荒原,92607144
806,2016,4,12,你真是先知先觉[呆],0,孙燕姿的嘴,53748727
807,2016,4,12,有几句老感觉像田震 我跳戏了别打我,1,一朵幺,135056702
808,2016,4,7,很惊艳的歌啊！,0,mathgun,42302997
809,2016,4,6,克卜乐演唱会第一首[奸笑][奸笑][奸笑],0,田-呀,111933784
810,2016,4,6,每次都被开头吸引,0,Joges,12382704
811,2016,4,6,我要在网易云找男朋友 今年6月大学毕业 没人理我就再发嘻嘻 霸占燕姿所有歌曲 因为喜欢燕姿的人都是善良的人哈哈,1,你才是呆逼桑-,43172453
812,2016,4,2,2003年听燕姿的第一首歌定情歌曲，很多人说天黑黑出名的时候我就觉得哈哈我发现了新大陆这首必须真爱[爱心],0,Reeeeeeeesa__,117796690
813,2016,3,29,[亲亲],0,可阳快飞,115746724
814,2016,3,26,没办法就该想办法。,0,刘八执,116998931
815,2016,3,25,想办法[惊恐],0,十字街头29,84520410
816,2016,3,24,风格很特别,0,ssssteff,102967184
817,2016,3,23,这歌其实蛮好听的 但凡问个人都说没听过,0,神奇女侠R,112765474
818,2016,3,18,不用睡了？(๑• . •๑)[惊恐][流泪][大哭 wuli 姿,0,石楠的荒原,92607144
819,2016,3,17,哼 就不 =凸=,0,全幼儿园最可爱的托马斯,94330989
820,2016,3,17,你死开[奸笑][奸笑],0,易树豆豆,107506655
821,2016,3,15,坐等999,1,如果你也容不下我,126375272
822,2016,3,15,评论！,0,北仑怎么走_,127300209
823,2016,3,15,不明白这首歌为啥情侣这么少！,0,北仑怎么走_,127300209
824,2016,3,14,第一次听这首歌，前奏一出来总觉得马上就要唱“有一个姑娘”了，不造为什么[惶恐],1,microtherm,42168858
825,2016,3,12,喜欢！！！,0,竹林深处169179,72567767
826,2016,3,12,有没有一个歌手的声音一听到心里就会很踏实,1,账号还是注销吧,17481219
827,2016,3,12,给我姿留评,0,账号还是注销吧,17481219
828,2016,3,11,哈哈哈哈 。。孙燕姿这样的歌都好好听。。。。啦啦啦啦啦啦了动起来,0,deshelvy,39146177
829,2016,3,11,和女朋友从高中走过大学，毕业时没有走下去分手了，她说她要回到家乡后来我知道她没走，直到有一次我在以前一起经常逛的商场遇到了她，我问她过的好吗，她终于没忍住眼泪,1,慵懒的时光狗,112724545
830,2016,3,11,[色][色]好畅快淋漓,2,白沙热,70390878
831,2016,3,11,我姿,0,少女自重阿,44116082
832,2016,3,11,點到專輯里，左上角封面右下角有個i，點開，下方有點保存封面图,1,我和我一起唱歌,45373127
833,2016,3,11,小时候点歌台经常看到这歌的MV啊,0,诗像风旗歌如轻叹,88421338
834,2016,3,11,怎么收藏封面,0,鱼在藻荇,111957122
835,2016,3,10,耳机不行吧？细节挺多的，副歌部分有男声和声。,1,酒后表演藝術家呀,7499513
836,2016,3,10,第一盘卡带～zZ...,0,orion_solo,76953959
837,2016,3,10,酷,0,果核与宇宙,79167431
838,2016,3,10,这歌是录制的不好还是怎么的？听上去干干的，只有女声，且女声表现的也不好，伴奏音乐不丰富。我没评论燕姿啊，纯从听感上讨论。,0,克莱赫王,88707226
839,2016,3,10,好想扑倒我姿😷,1,全幼儿园最可爱的托马斯,94330989
840,2016,3,10,演唱会版本的才是最爱。,0,大龄伪文艺女青年,14091328
841,2016,3,10,"难得一见
说了吧
做了吧
没办法那就想办法
浪费的人要被惩罚……
幸运的人别说废话",0,一抹时光1016,122532409
842,2016,3,9,说了吧，做了吧,0,E-V-Z,86643853
843,2016,3,9,幸运的人别说废话,0,如果你也容不下我,126375272
844,2016,3,9,开头就很好听,0,Oceanside_,61207195
845,2016,2,29,今天的日子也是难得一见！🤗,0,Steftian,96247194
846,2016,2,29,今天也是难得一见！,0,Steftian,96247194
847,2016,2,28,这是一个新的发现，跟新大陆似得,0,淡如云烟就是我,118787390
848,2016,2,28,最近上课老是哼~,0,哦珍妮花比尔斯,137203265
849,2016,2,21,新发现,0,一只小飞侠吖,193713
850,2016,2,8,这前奏必[爱心],0,天籁超酷,40749948
851,2016,2,4,还记得，我爱记歌词，挑战声纹分，超级领唱程程挑战此歌，副歌部分声纹几乎完全一致[惊恐],0,三生石上梨花开,47281828
852,2016,1,30,昨天听了一次，刚刚忽然莫名其妙哼了出来，然后又找回来下载了[奸笑],0,香瓜与冬瓜,59584865
853,2016,1,29,这歌在讲什么？,0,翡蓝西,35890853
854,2016,1,27,干干脆脆的感觉,0,我是螃蟹小太,47377208
855,2016,1,25,说喇叭 三喇叭,0,-Lamb-,3145696
856,2016,1,24,不想这首歌火 我自己听就好了[爱心],0,沈南国-,112857699
857,2016,1,15,为嘛这首歌评论不过千，说不过去啊,0,tanic,18681397
858,2016,1,12,好想听你演唱会啊…,0,icarus19,85637584
859,2016,1,11,还记得某个女生唱歌的神态,0,隐藏的失落,410988
860,2016,1,8,没有999+不科学呀,1,Calvin-lin,109028559
861,2016,1,7,早期金曲。大爱。,0,我只是觉得名字是否可以取很长,63425489
862,2015,12,27,献给十多年前的自己,0,宽城小胖鱼,111477932
863,2015,12,25,好听,0,冰冻酒,83388695
864,2015,12,22,我姿又任性了，哈哈。,0,chris153709,108684847
865,2015,12,16,122,0,未完成s,52426699
866,2015,12,15,感觉好特别,0,穿透屋顶,113120997
867,2015,12,9,单曲循环中。。。。,0,冬一刻,58996733
868,2015,12,7,《我要的幸福》15周年，还是爱死这洒脱不羁的声音！,0,shortstay,42876245
869,2015,12,6,听到这首歌好怀念,0,凯尔特阿乐,109982651
870,2015,11,30,自己唱了一遍，惨不忍听[流泪],0,潜水的船1101,19329725
871,2015,11,21,我们的青葱岁月,0,驴在路上,1411968
872,2015,11,19,孙燕姿最摇滚的歌,0,以注销,11357709
873,2015,11,19,唱腔好像小太妹 当初喜欢她不是因为她清纯  刚出道的前几张 走哪的感觉都是拽拽的,1,悍人,30706687
874,2015,11,19,111很科学,0,HCQ666,42852790
875,2015,11,16,前奏有些诡异,0,消失的盛夏,54553630
876,2015,11,16,很好,0,忘不掉的明天r,101795664
877,2015,11,15,难得一见,0,举个西木,60673274
878,2015,11,12,难得一见,0,甜一分苦九分ya,50669579
879,2015,11,8,小时候喜欢的都是这种霸气四射的曲风,1,匹诺小天,6857497
880,2015,11,6,再见，《难得一见》《在，也不见》我在等燕姿的新歌。[幽灵],70,不嘘你,9858208
881,2015,11,5,对，和自然编到一起,0,口水哥啊,84140487
882,2015,11,5,干脆、霸气,1,口水哥啊,84140487
883,2015,11,3,高亢明亮洒脱自然的爆发力，不是那些选秀歌手斧凿能比的,2,阳光落成一面湖,52167480
884,2015,10,31,幸运的人别讲废话,0,Dun_One,70230588
885,2015,10,31,福州场的开场曲(๑•̀ㅂ•́)و✧,0,Second-T,85731451
886,2015,10,31,100,0,Dun_One,70230588
887,2015,10,29,十五年前的专辑为什么每首歌都这么好听[憨笑][憨笑][憨笑][憨笑],0,进口小哥哥呀,40064993
888,2015,10,28,潇洒霸气,0,昕彻,32536012
889,2015,10,27,十来年过去了还是对燕姿这首硬气霸道干净利落的唱腔没有抵抗力,0,岩浆煮雪,3883889
890,2015,10,23,爱过,0,有耳_非闻,33014510
891,2015,10,22,对这种风格的歌毫无抵抗力啊[憨笑],0,失眠的苏菲,48369143
892,2015,10,22,大学时候最爱的一首歌,0,言知非,52342222
893,2015,10,10,干干脆脆 不拖泥带水,0,Jumper2046,54728734
894,2015,9,23,前奏唱得可怕。。。,0,戏精队长,29292799
895,2015,9,23,"[爱心]+1[爱心]+2[爱心]+3[爱心]+4[爱心]+5[爱心]+无限...
",2,戏精队长,29292799
896,2015,9,14,好听,0,毛比腿粗,35884031
897,2015,9,6,感觉燕姿的声音好亮啊[大笑],0,不发JACS不改ID,56929627
898,2015,8,31,🌙🌙没办法那就想办法,2,喵阿苗,77892724
899,2015,8,29,嗨歌,0,闪泥啦啦啦,88079495
900,2015,8,29,爱了吧 醒了吧 做了吧 帅,0,列克星敦幽灵,33560058
901,2015,8,28,很久以前就喜欢的歌,0,人吃是为了活着,81357882
902,2015,8,24,这么好的歌居然这么点评论，这不科学,0,KTV听霸,61373766
903,2015,8,22,不要死猪乱走，我的听力[大哭],2,帐号已注销,35979446
904,2015,8,21,99+,0,烂滚滚滚龙,407006
905,2015,8,21,[惊恐][大哭][大哭][大哭],0,宇宙天后淋淋之花,36917123
906,2015,8,21,前奏好像子弹列车,0,橘子皮19,78352854
907,2015,8,19,哇欧 棒,0,Lyboo,6805455
908,2015,8,18,喜欢这样的,0,YZKEPLER,42348015
909,2015,8,16,燕姿其实也有很多冷门歌曲。  有机会一定要看一下现场啊喂！！！！,0,青城山下陈绮贞,11684436
910,2015,8,14,第一次听这个歌是演唱会上和自然连在一起唱的好像。,0,somnambulism,55056019
911,2015,8,11,爱了吧做了吧[撇嘴],0,三三知道了,8684451
912,2015,8,7,燕姿，每一首歌，不同的感觉，不同的背景，不同的表达内容，她都能唱出来。对，她用唱的技巧，用嗓音就能让你体会到她的歌想表达什么。叫我怎么不爱你。,1,水晶山-,53833883
913,2015,8,6,6.13,0,LoveAngelee,82888209
914,2015,8,6,yanziyanzi.,0,帐号已注销,44991129
915,2015,8,2,[色][色][色]凑个数    喜欢燕姿的快歌,0,南方森林一团滚动炽热的花火,83636695
916,2015,8,1,99都没到,0,胡皆可,9134654
917,2015,7,31,难得一见,0,我的名字不特别,51897012
918,2015,7,30,00年左右听的吧，也是那时候第一次知道燕姿，那时候还小学，现在都快30的大叔了，他喵的,0,你罗不羞,36105505
919,2015,7,27,怎么评论这么少！不科学！,0,大病初愈还靠吃药维持理智,76705486
920,2015,7,14,澳门站这首歌的现场版好赞~,0,qyuky,537078
921,2015,7,12,…很无语,0,邊境SHAWN,9665067
922,2015,7,7,签到,0,该姓名已占用换个试试,36151483
923,2015,7,6,60,0,该姓名已占用换个试试,36151483
924,2015,7,6,59,0,该姓名已占用换个试试,36151483
925,2015,7,3,泰兰德。。泰兰德。。 伊利丹 = =,0,我是Aaron,38205922
926,2015,6,29,就是喜欢孙燕姿这样酷酷的样子，霸气得让人百听不厌的喜欢,0,路人彦小二,76285353
927,2015,6,27,签到,0,该姓名已占用换个试试,36151483
928,2015,6,20,看完孙燕姿青岛演唱会来的,1,findsenky,14224221
929,2015,6,20,神曲，欲罢不能,1,fluent战士求收敛,61644046
930,2015,6,18,难得一见！,0,一麻一麦,41198193
931,2015,6,17,浮生苦短，嗨着过,0,沙哑地唱着歌,64774483
932,2015,6,14,青岛站第二首[可爱],1,我们不如这样,19450805
933,2015,6,13,评论肿么这么少，神曲啊！,0,Swa-llow,39796309
934,2015,6,11,现场听完后一直在哼这首歌,0,FannySong,74028050
935,2015,6,1,在下一直是男周女孙,0,飞去流浪,48095440
936,2015,5,28,单曲循环过无数遍的歌,1,卖萌萌的小火柴,12355519
937,2015,5,23,渐渐长大，喜欢的男歌手由周杰伦变成了陈奕迅，但是喜欢的女歌手却一直是孙燕姿。,256,伊巴斯典,42166429
938,2015,5,18,归程[口罩],0,汐幕,35522848
939,2015,5,17,刚从克卜勒回来[可爱]被这首15年前的老歌洗脑 赶紧回来点红心,0,羊咩咩喂,50148750
940,2015,5,10,幸运的人别说废话,0,delpierojuv,68258059
941,2015,5,9,快乐当头，好好把握。,0,南门海棠,25160465
942,2015,5,8,难得一见,0,不再扎马尾,33412870
943,2015,5,7,过你自己生活 不欠别人的,0,哒喱不坏,45729011
944,2015,5,5,好听。好好听。,0,憨人等等等,34873591
945,2015,5,1,现场版不能更赞[大笑][大笑],0,Stefanie__sun,41549275
946,2015,5,1,～,1,帐号已注销,11890878
947,2015,4,29,该说的该做的 不过就是那句好好把握,0,华大斌,34521045
948,2015,4,28,好听，演唱会的版本更好听，节奏更强。,2,逆光而行1,64314192
949,2015,4,25,看歌单发现没听过这首！听了几遍赶快睡觉了！晚安！,0,Durian起床噜,39093826
950,2015,4,24,好好听～～～,0,凌儿的天涯海角,29394416
951,2015,4,11,刚从常州演唱会过来，现场版简直棒呆,49,单曲循环患者,9913822
952,2015,3,31,是啊，我也去看了，没想到现场版的这首歌这么劲爆~,2,好想吃西瓜,32400929
953,2015,3,28,？,0,散若烟云,35996981
954,2015,3,24,现在丧得要听一百首这样的歌才能缓过来，累。,1,向一北,1478915
955,2015,3,22,[大笑],3,散若烟云,35996981
956,2015,3,19,好听。。,0,寻找四叶草Oo,47587184
957,2015,3,18,一直很喜欢孙燕姿干干脆脆的唱歌风格,161,MR俊杰007,9018418
958,2015,3,11,演唱会第一次听，没想到是那么久的歌了！惭愧啊！,40,木头晨,57869920
959,2015,3,8,演唱会这首的时候忽然泪崩 当时干干脆脆的年轻 现在拖泥带水的老了 太喜欢,330,洒木幸Something,50889313
960,2015,2,26,难得一见  说了吧  做了 吧,0,熊熊烈菠萝,52434555
961,2015,2,25,老大我爱你[亲亲][爱心][爱心],2,将往观乎四荒Zhang,41213820
962,2015,2,21,[幽灵][幽灵][幽灵][幽灵][幽灵][幽灵],0,我们走在大路上,18266617
963,2015,2,19,包小柏的作曲？,0,江湖人称龙哥哥,3912575
964,2015,2,16,燕姿克卜勒演唱会上的必唱曲目。,109,自然醒丶自然乐,48396195
965,2015,2,14,帅帅的样子[大哭],8,背了个影,26852587
966,2015,2,3,演唱会的重新编曲挺好，去掉了一些拖沓,0,太阳鱼XD,2137627
967,2015,2,2,这么激情的歌，为什么评论这么少,1,选择喜欢的就好,1686657
968,2015,1,18,这种风格最适合她，霸气,196,兰不愁,682434
969,2015,1,13,评论区气氛融洽,1,田喜碧,46917099
970,2015,1,7,超好听为什么才那么少评论！,0,Mariooo先生,44427251
971,2014,12,29,根本停不下来[呆],0,shiningmusic,3015570
972,2014,12,28,【难得一见  浪费的人要被处罚  人山人海  幸运的人别说废话】,0,所有人问摩西,30074422
973,2014,12,20,最爱燕姿,0,止于喧嚣2011,34591715
974,2014,11,9,很喜欢滴一首歌,1,不再扎马尾,33412870
975,2014,7,25,😠看来今天是要循环这首了，这到底是怎么随机选出来的。 难得一见，说了吧，做了吧，没办法那就想办法。,2,古德不白,604700
976,2014,5,19,好快就要到演唱会了哈 要见偶像啦 [亲亲][亲亲][亲亲],1,董嘉硕stef,8068674
977,2014,5,10,在4.27号燕姿广州演唱会上重新听到久违的这个歌。,1,碧影惊鸿,3585848
978,2014,3,2,该说的该做的不过就是那句好好把握,1,陈包子,1268115
979,2014,3,1,神曲。,1,Mynameis小龍,523144
