index,year,month,day,content,likecount,nickname,user_id
1,2019,11,22,55555好喜欢她那股觉得大家都爱她的傲娇劲哟,0,墜落橘子,86574431
2,2019,11,14,听得真开心啊哈哈[多多大笑],0,爱你花花爱丽丝,432691219
3,2019,10,27,我爱孙燕姿,0,孙燕姿的粉丝,36733053
4,2019,8,21,live有独特的魅力,0,哦珍妮花比尔斯,137203265
5,2019,7,24,这个变奏版比录音棚版更有feel啊，这才是超快感！,2,_Kamu1,61743774
6,2019,6,30,好厉害！,0,抹茶蜜糖仔,9700164
7,2019,4,29,真的好听跪了！！,0,睡裤小姐打开任督二脉,80279231
8,2019,4,3,哈哈哈,0,NovaXyz,122018966
9,2019,2,6,多嗨鸭,1,旑暮,1491593398
10,2019,1,31,够了吧，算了吧,1,feifeii13,309479010
11,2019,1,4,想你啊我的姿媽。,2,鄒爸比,85768778
12,2018,12,17,这个版本……！！！好听到跪下,4,的的雯,1592694037
13,2018,11,9,为什么就这么点评论,1,Wenlongs,333077813
14,2018,9,8,happy,0,毛毛虫0912,323067104
15,2018,9,4,真的不会累吗🤣🤣🤣,2,蟹斯基,104678981
16,2018,8,31,一样的夏天的感觉,2,-有姿有菋-,129649056
17,2018,8,4,🎧,0,_诗芊,81037679
18,2018,5,28,好想听现场[色][色],0,小大小大x,318398757
19,2018,5,14,变奏版不一样的感觉,0,毛毛虫0912,323067104
20,2018,4,26,哈 每次都能看到你啊,0,苏苏苏苏苏苏苏禾呀,331479824
21,2018,4,22,这一版更加轻松，满满的夏天感觉,0,夏小莫,869908
22,2018,4,10,当年孙燕姿，萧亚轩，侯湘婷，同时出道发专辑。而今只有yanzi还在不忘初心，为她的坚持加油，为我们不变的喜欢点赞。！,1,别来无恙613,50027072
23,2018,4,3,好。,3,极美欢庆,351351231
24,2018,4,2,还有的比这个还冷,0,跳舞的克卜勒,122786310
25,2018,4,2,确实是啊,0,訾央伪装小漠漠,247480354
26,2018,3,31,这版本超好听呀[爱心],2,大力plus,54291801
27,2018,3,29,声音有点man[惊恐],0,战略忽悠局1234,110386687
28,2018,1,31,这现场肯定超有趣。节奏,1,十三哥z,290982236
29,2018,1,31,哈哈哈high到爆,1,十三哥z,290982236
30,2018,1,23,超快感,0,桃太郎了了,590041986
31,2017,12,4,"啊哈，啊哈啊哈，突然懵逼
",1,花谢雨不开,263646139
32,2017,11,21,个人最喜欢这版,3,waiob,292737608
33,2017,11,20,燕姿真的是超可爱啊[亲亲][亲亲],2,双子_faye,626804992
34,2017,11,1,哈哈哈加速啦,1,少越少越,104295388
35,2017,10,20,变奏好好玩,1,lancelotee,71321835
36,2017,10,6,粉丝录得也好！有得听就行,2,黑白金银灰,273069876
37,2017,9,12,超级好听的变奏版,1,易姿宣,263522389
38,2017,8,24,Hhhhh,0,GrandmaLion,56455831
39,2017,8,24,这首变奏的超有感觉,0,AmazingCookie,399436867
40,2017,8,23,[撇嘴]你再快一點，我跟不上，等等我。,2,鄒爸比,85768778
41,2017,8,23,我想你啊，姿媽。,2,鄒爸比,85768778
42,2017,8,18,哈！哈！,0,TNIsy,63130748
43,2017,7,27,哈哈！,0,ttttorres-,275233363
44,2017,7,16,很酷哦,1,Tachikaze,128230798
45,2017,7,12,这个改编可以！,0,听雨说1994,89996501
46,2017,7,8,燕姿！！！！,0,跳舞的反骨,33249451
47,2017,7,7,听过这个的应该是真爱了吧,3,soda-stef-stk,385924623
48,2017,7,6,哈哈哈，这个版本带感~,1,大烟枪_,34474688
49,2017,6,21,哈哈哈，喜欢😍,0,么凹毛,305482164
50,2017,6,20,如果音质能好一些,1,TestPro,34211381
51,2017,6,14,[亲亲]跟我一起來  《超～快感》。,4,鄒爸比,85768778
52,2017,6,7,变奏变得很魔性！朕喜欢！,2,-有姿有菋-,129649056
53,2017,6,4,[爱心],0,永远有多远灬,346081467
54,2017,5,24,第一次听这个现场是前年，不喜欢，结果现在这么迷[大笑],1,别再奋力逞强,122065677
55,2017,5,7,这么嗨,0,永远有多远灬,346081467
56,2017,5,3,九首歌也不错诶,0,木头晨,57869920
57,2017,4,17,"这么好听，让评论过999吧
",2,菲奥娜丶,280742615
58,2017,4,17,当年的超快感已不是现在的了[色],1,菲奥娜丶,280742615
59,2017,3,25,爱死燕姿！！！,0,一只醒来酱,48084751
60,2017,3,10,[汗]为什么又是心情不好。,1,鄒爸比,85768778
61,2017,3,5,好玩,0,帐号已注销,124859943
62,2017,2,21,姿姐真的好可爱。[色],2,悟空0118,45766926
63,2016,11,30,接下来，今天我要带来十首歌哎，九首哈哈哈哈，要不要这么可爱,7,壹姿小鬼,263761310
64,2016,11,28,变奏的好变态[大哭],2,小in酱,79814537
65,2016,11,10,厉害了我姿，吓得我抖起腿,4,啊肚子好饿啊,248242625
66,2016,10,15,其实带来十首歌更好[吐舌],2,天涯木桩,318254408
67,2016,10,15,哈、哈,0,反向参照系,79355981
68,2016,9,23,俏皮😊,1,鄒爸比,85768778
69,2016,9,18,垦丁的变奏版都很好听[色],2,无法坦诚个鬼,118513000
70,2016,9,18,想你的重庆！,3,无法坦诚个鬼,118513000
71,2016,8,9,哈！哈！,2,苏三伞,111844957
72,2016,8,9,w(ﾟДﾟ)w,1,苏三伞,111844957
73,2016,8,6,哈,0,你叫我我也不答应,62900892
74,2016,7,28,(๑• . •๑)……,0,依然若思念83,91579325
75,2016,7,19,期待着下次你的演唱会继续和你嗨哈哈,0,Zhaosingsing,130769006
76,2016,7,19,醉了ƪ(‾_‾)ʃ,0,也是董秋迪,120619526
77,2016,7,7,同城是什么鬼[惊恐],0,semrsi,34723077
78,2016,7,4,制作歌词的233333,0,闪泥啦啦啦,88079495
79,2016,6,30,诶 九首歌,0,朕知道了呵呵,3356923
80,2016,6,27,俏皮的你姿 变奏live好带感[色][色],1,闪泥啦啦啦,88079495
81,2016,6,25,"九首歌我听成100首歌
",0,Super姿,131509535
82,2016,6,25,[大笑],0,小哥太子晖,265197250
83,2016,6,25,诶九首歌[大哭],1,GREY__,5865150
84,2016,6,19,好欢快 哈哈,0,study中whoops,48435532
85,2016,4,6,为了歌词我出分了,2,youk_me,30113076
86,2016,3,19,晚安#每日一歌#,1,蔺狗蛋,33865880
87,2016,2,18,[憨笑],1,蓝石头55,56061551
88,2016,1,28,[哀伤]  为毛觉得这不是官方录制LIVE版，而是歌迷在台下录得fans版,74,66爵,843280
89,2016,1,25,第一次为燕姿做歌词 护士赶紧审核呀[呲牙]@曲库小护士 ,4,生而有命_,39691799
90,2016,1,24,啊啊啊啊啊啊啊啊啊啊被这个女人迷倒无法自拔,1,世纪浩劫浪漫纳税是杀死爱神的箭,99106723
91,2016,1,21,舌头不要了么[大哭][大哭][大哭],2,阿政三岁呀,122671103
92,2016,1,19,最好听版本,2,是MQ996,72519416
93,2016,1,16,这首歌让我听了就在微微的笑，是燕姿的活泼与俏皮打动了我，太棒了，听到嘴角就会翘起[可爱],1,灰奕i,81250000
94,2016,1,9,音质有点差啊网易爸爸,3,吃完又饿了,43114042
95,2016,1,4,为了现场气氛、我姿也是蛮拼的,5,小小panda,117324867
96,2015,12,26,为什么答案…不出DVD,1,花椒吖好麻,9592890
97,2015,12,23,[爱心][爱心],1,生而有命_,39691799
98,2015,12,22,这变奏我也是醉了[大哭]我怕我姿咬舌头了[大哭][大哭],3,soulandboom,61333927
99,2015,12,16,把速度都加倍！嘿！,1,presio,61105395
100,2015,12,15,来,2,口水哥啊,84140487
101,2015,10,26,变奏魔性……,1,绿沉绘深,53398360
102,2015,10,20,[大笑][可爱],1,chencp,66896148
103,2015,10,17,哈哈哈和和哈哈哈哈哈哈 我喜欢这个变奏版,4,macfarren,16916983
104,2015,9,27,[呲牙],1,TTian湉,48705052
105,2015,9,13,燕姿燕姿[爱心],2,用户41965267,41965267
106,2015,9,5,燕姿[大笑],2,Ewiin,62829634
107,2015,9,5,前排,1,氢气型番茄,82743369
108,2015,9,4,[亲亲][亲亲],1,YZKEPLER,42348015
109,2015,8,28,第二,2,王小野子,45050196
110,2015,8,27,竟然没有人评论!不科学!,3,优化大师,18999697
