index,year,month,day,content,likecount,nickname,user_id
1,2019,11,27,大概率没有 有的话高兴晕过去[多多大笑],0,1646--,1391137970
2,2019,11,25,不知道燕姿演唱会会不会唱这首。,0,孤帆远江湖,28294002
3,2019,11,20,太喜欢这首了,0,忽然相当超人类,74264960
4,2019,11,7,这是整张专辑中最不喜欢的一首,0,潘妮洛蒲,329266709
5,2019,11,4,好喜欢,0,-澍辞-,427704425
6,2019,11,2,是时候整专里最喜欢的,1,谁把高大胖这个名字用了,112993473
7,2019,10,30,跟我感觉一样。《快疯了》才是“疯狂”的最佳表达，《梵谷》...嗯，作为粉丝还是要喜欢的嘛（捂脸,0,向往北方的日子和乐子,75903833
8,2019,10,27,得劲儿。,0,也不是猪只打呼,355734135
9,2019,10,27,边听边快落。,0,也不是猪只打呼,355734135
10,2019,10,24,这么好听的歌，天呐,0,冰芒远辰,82401089
11,2019,10,22,我丧了就来听一听，舒服一哈,0,节操思密达很怕热,31525458
12,2019,10,16,多有态度的一首歌，这么丧的情绪竟然可以听了后拥有斗志！,0,帝王小蟹,131738604
13,2019,10,14,快疯了！,0,LeeFis,419602323
14,2019,10,14,请别和我说话！,0,LeeFis,419602323
15,2019,10,11,请别跟我说话我想再坐一会,0,不遑多让o_O,1944277967
16,2019,10,3,我的心一碰就破碎了,0,姑苏客st,79800447
17,2019,10,2,是我。,0,单只蛋壳,116230831
18,2019,10,2,真的很好聽⋯⋯,0,Katherine_1029,120980571
19,2019,9,24,这个mv最帅,0,vfvbbccxvg,1570192506
20,2019,9,23,我也快疯了,0,苑子潯的小号,1548957065
21,2019,9,20,回到爱开始的地方，怎奈有始无终。,0,问号425,404015675
22,2019,9,18,她的声音能hold住一切风格的伴奏，是克制的感情表达，和什么都搭,0,想活在秋天,134708566
23,2019,9,17,这也是为什么我爱死这个女人[可爱],0,王王和两只太阳,1487523224
24,2019,9,17,"作曲：Ah Bot
作词：Ah Bot/冷玩妹
编曲：Kenn C

已经添加修改，请小伙伴们重新刷新歌词",0,作词_作曲_编曲_MV导演天下第一,546057330
25,2019,9,15,强烈推荐mv，竟然现在才发现这个宝藏，看来燕姿的歌真是一首都不能落下，给我太多惊喜，这种不断寻到宝的心情让我死死爱上这个女人。,2,木心山石,1403121485
26,2019,9,12,你靠近我的时候，有没有理解我的感受,0,羊小懒,45237899
27,2019,9,12,你说爱我的时候 有没有将我的疯狂包括 (你没有说爱我),0,账号还是注销吧,17481219
28,2019,8,31,这张专辑最爱两首之一，居然那么少评论[大哭][大哭],1,雨声渐响,324087641
29,2019,8,30,这首歌还是我初中的时候电视播放说孙燕姿发了新专辑 主持人介绍的时候我一个一个拿笔记下来的 真的这么多年了不仅听不腻还越听越爽[强],1,酒岛次雪,329408535
30,2019,8,30,这么酷的曲风 怎么这么少评论呀[大哭],0,StefX,300674075
31,2019,8,29,我透这也太好听了[流泪][流泪][流泪]俺又发现宝贝辽！！！,1,也不是猪只打呼,355734135
32,2019,8,28,曲子不错哦,0,半生才遇见yu,1429413780
33,2019,8,28,很酷的歌,0,XQ0823,489797899
34,2019,8,27,评论数有毒吧前几天我评完之后是521现在还多了几条变成520？？？,0,1646--,1391137970
35,2019,8,26,我现在还超喜欢 就是那种不需要动脑子随时想唱就唱🌚,0,海洋过森林,325742808
36,2019,8,26,我几年前第一次听radio就很喜欢[大哭]，那时还不太了解燕姿，就很震惊，居然还唱电音[流泪],2,霉头霉脑云散月现自在飞花slay,42294326
37,2019,8,26,每首都喜欢，我快疯掉了[流泪][流泪][流泪][流泪],2,霉头霉脑云散月现自在飞花slay,42294326
38,2019,8,26,很好听啊！！516？？？,0,许单挑,259352999
39,2019,8,25,这首歌很有燕姿的power,1,onceleo,30675713
40,2019,8,25,为什么越听 眼泪越是止不住咧,0,小谣爷,96193057
41,2019,8,24,来了来了我又来了 心情不好了 丧了 爆炸了,1,小谣爷,96193057
42,2019,8,22,最近在看小欢喜 突然很理解乔英子了,1,hydrogenhi,1597587086
43,2019,8,21,在KTV唱这首歌心理压力很大，过于丧，怕旁人觉得我太暗黑[大哭],0,Juno180920,1533283405
44,2019,8,16,评论怎么这么少。这首歌 很酷 有没有,0,HanHan先生,469118193
45,2019,8,13,心情不好 又来打卡,0,1646--,1391137970
46,2019,8,9,节奏好酷！！！！爱了！！！！,0,漂浮群岛et_moi,101098936
47,2019,8,8,才517？科学么,0,冰淇林黛玉,596307522
48,2019,8,8,签到,0,宇宙某流浪行星,336622789
49,2019,8,4,永远,0,经纬180729,1536664663
50,2019,8,4,短短几句，唱出了我的心声。PS：最近在谈离婚,1,T-luc,2550837
51,2019,8,3,评论数不合理,0,wwhhaann,132093813
52,2019,7,25,这首歌太棒了,0,1646--,1391137970
53,2019,7,24,是时候神专，都很喜欢,1,霉头霉脑云散月现自在飞花slay,42294326
54,2019,7,24,评论数不科学,0,carp77,418117269
55,2019,7,23,肤浅又高贵的说一句好听,0,大碗醜人,628260250
56,2019,7,21,[多多无语],0,唐某不沾刘女,347702944
57,2019,7,18,心情又不好了，又过来了,1,识刀客,623315109
58,2019,7,15,这首的mv烟熏妆好酷的,0,ImOkay823,50669672
59,2019,7,14,心情不好听这首歌格外爽,0,识刀客,623315109
60,2019,7,7,玩完跑跑卡丁车，我快疯了，哈哈哈，听你姿压压惊,0,笨鸡蛋-,114167150
61,2019,7,7,这首真的超级爽,0,daguo的可爱,293358164
62,2019,7,5,哈哈哈哈这首歌才这么点评论哈哈哈哈哈。 目标院校我来了！一定要上了你,0,修弥-,421035598
63,2019,6,30,我觉得我这时候的评论能上热评。,3,留梦果,1813483616
64,2019,6,30,我快疯掉了,0,007号柠檬,61657048
65,2019,6,27,我是觉得我现在要疯了…理智与情感之间纠缠,0,zoyi_chen,1332405155
66,2019,6,26,你说爱我的时候 有没有将我的疯狂包括,2,Stefanie71,410964408
67,2019,6,25,莫名带感,0,是_时候,555105313
68,2019,6,25,2020演唱会见,1,GOREEEE,97763624
69,2019,6,23,我觉得克卜勒＞是时候＞梵谷嘿嘿,0,半座城池丶,500055772
70,2019,6,22,我姿终于参加综艺了,2,HAOKU-,294640947
71,2019,6,20,crazy,1,暮至明,94756999
72,2019,6,19,好,0,Ed1son--,279253821
73,2019,6,17,这么好听的歌!!!,1,井岑,1801448007
74,2019,6,10,私人还是觉得是时候＞梵谷＞克卜勒，期待燕姿的新歌,0,莫说大象,45104334
75,2019,6,4,你说爱我的时候 有没有将我的疯狂包括,1,茶茶茶茶茶CC,289480500
76,2019,6,1,越听越有感觉，咋办,0,愿君依旧笑,559237310
77,2019,6,1,单曲循环会不会疯掉[大笑],0,H小流氓,297607033
78,2019,5,26,999？？,0,大理大理大理大理,58420777
79,2019,5,15,是时候专辑曲风都很棒，很独特[可爱],0,Qcerkay,253235928
80,2019,5,9,这首居然没有999？？？听着超爽的啊！！！,1,夏苓笑笑生,506601038
81,2019,4,30,容易引起不适[大哭],0,经纬180729,1536664663
82,2019,4,27,哈哈哈哈哈我也，时间过得好快😭,0,蜜瓜味的喵,79911564
83,2019,4,26,加油,0,小芋圆加油,115373497
84,2019,4,15,压抑着 在崩溃的边缘。,1,Hyacinth丿-,314399742
85,2019,4,9,爽耶,0,程大事,260517754
86,2019,4,5,初中听的，怎么这专辑发了这么多年，我怎么二十多了。？？？？？,1,GarryKurl,61344073
87,2019,4,2,你说爱我的时候！！！！有没有将我的疯狂包括！！！！！！,1,胡安拉蒙,265354621
88,2019,3,26,已经太久,0,余粥-,562247933
89,2019,3,22,最爱,0,南淡水,343618595
90,2019,3,21,棒耶！,0,哼歌的小胖子,361919006
91,2019,3,16,网易云是不是有bug，怎么退出还有这个声音的??,2,SWEETSEEING,450795293
92,2019,3,9,KTV必点,0,zok762,1673582437
93,2019,3,9,当年最爱听这首打cf 哈哈哈,1,陆依萍打雪姨,27896374
94,2019,3,5,这么好听的歌，竟然这么少的评论,1,立正向前走_,447519244
95,2019,3,3,好酷,2,全黑噢耶,304720287
96,2019,3,3,爱听快疯了，爱听克卜勒，爱听各种别人听不来的冷门金曲，我是疯子，告诉过你了你就不要过来了,1,-淡--淡-,269491278
97,2019,2,28,我今天也真的快疯了,0,丽兰呀,354837176
98,2019,2,27,最后一句不应该是绑紧我吗,0,果冻iou,324633240
99,2019,2,25,爱了[亲亲][亲亲][亲亲],0,Qcerkay,253235928
100,2019,2,24,曾经坚持过的故事不必再提，没有人在意,5,花鹿在隐身,113252149
101,2019,2,18,额，是滴，光谷这的,0,熊小young,63286584
102,2019,2,17,快疯了,0,暮至明,94756999
103,2019,2,16,姿迷吗,0,未完成322,1640324721
104,2019,2,16,武汉的小哥哥,0,未完成322,1640324721
105,2019,2,9,循环,0,Joesgs_,7250871
106,2019,2,4,到这的都是燕姿真爱呀[亲亲],6,跳舞的梵谷yanzi,318974517
107,2019,2,1,这歌的MV超吓人的,0,经纬180729,1536664663
108,2019,1,26,孙燕姿 [钟情],1,去阿拉斯加看_巨棕熊,1457368334
109,2019,1,16,我真的超想和超喜欢孙燕姿的人交朋友的啊。,8,我想打个啊湫,110331701
110,2019,1,16,简直神曲，单曲到停不下来。,3,我想打个啊湫,110331701
111,2019,1,15,星期一,1,羽生博懿,535080241
112,2019,1,14,wocwocwoc，我姿居然还有这么爽的歌，我之前怎么不知道🙃，秒点喜爱好嘛😆，谢谢大大整理的我姿的歌单[鬼脸],0,傻爱1706,500586335
113,2019,1,11,在这里就是好，找到了看到了很多志同道合的人，同样喜欢听燕姿的歌的陌生人你们好，我也是一个燕姿铁到生锈的歌迷哈哈哈哈,2,Joyce的橙子,1665584207
114,2019,1,6,请别跟我说话,1,暮至明,94756999
115,2019,1,4,没有多少评论是因为是时候这张专辑才拿到版权吧，因为一直用网易云，这几首歌快3，4年没听了，现在真好,2,aangsun,103782008
116,2019,1,2,希望2019 燕姿和 姿迷都开开心心， 如愿以偿。 ,3,孙燕姿的小迷妹啊,327977684
117,2018,12,30,快疯了，不知道要持续多久……,0,LYF爱WKY,443076801
118,2018,12,29,武汉，12.29，雪,0,熊小young,63286584
119,2018,12,28,打卡,0,你姿我姿,466537747
120,2018,12,27,太好听了,0,雨还是不停地落下_,100825170
121,2018,12,25,建议搭配MV食用,2,大吉大利宝宝,545189629
122,2018,12,20,不要靠近一步[多多难过],0,马lululu,55810097
123,2018,12,19,武汉，12.19，雨,2,未完成322,1640324721
124,2018,12,18,"刚刚听完radio。
",0,你好我叫凌霄,531200134
125,2018,12,17,酷,0,头突然,106148751
126,2018,12,14,快冷疯了,0,A-KUONG,577837024
127,2018,12,14,武汉，12月14，天气晴,0,亟开水,103233002
128,2018,12,12,快疯了,0,枫叶蓝1801,1352177614
129,2018,12,9,[亲亲],0,子之选天,1391150898
130,2018,12,4,这才是我的抗抑郁神曲，qtmd[可爱],0,马lululu,55810097
131,2018,12,2,我有真心实意的期待起了新专辑,0,訾央伪装小漠漠,247480354
132,2018,11,24,听饿了，,0,孙燕姿的小迷妹啊,327977684
133,2018,11,18,我很喜欢这首歌😁,2,天空上的旋木,72991027
134,2018,11,18,烦躁的时候听这歌很舒服。,0,王菲爱上张国荣,105073219
135,2018,11,18,我知道啦 这首歌不是姿迷一般不可能听过的[奸笑]（其实我王菲哥哥孙燕姿都喜欢哈哈哈哈哈哈哈哈）,1,天空上的旋木,72991027
136,2018,11,18,我是姿迷[多多可怜],0,王菲爱上张国荣,105073219
137,2018,11,17,这个ID 233333,0,天空上的旋木,72991027
138,2018,11,8,这个鼓点也太像水果的 i kissed a girl 了吧 😂,0,金牛座的猪sky,252611988
139,2018,11,2,快疯了,0,svamei,101475353
140,2018,11,1,很好奇Coldplay Sister是个什么样的人,0,此处无风景,54399913
141,2018,10,30,曾经坚持过的故事不必再提，没有人在意,0,stef流年,1367583538
142,2018,10,22,曾经坚持过的故事不必再提，没有人在意,1,stef流年,1367583538
143,2018,10,22,曾经坚持过的故事不必再提，没有人在意,1,going_up_stef,372536854
144,2018,10,17,爱燕姿,0,Chhennm,1298178616
145,2018,10,16,曾经坚持过的故事不必再提，没有人在意,1,stef流年,1367583538
146,2018,10,15,已经太久,0,Islandofcyril,48634536
147,2018,10,6,好歌,0,远离街道的灯,429613915
148,2018,9,27,happy,0,毛毛虫0912,323067104
149,2018,9,17,我也是哈哈,0,CHENYUDAN--,279712105
150,2018,9,13,真好听啊，你说爱我的时候，有没有将我的疯狂包括～连这种冷门歌的歌词，都那么有态度而不是随便写写，梵谷听了快一整年，每天听，再来听这些之前的歌，突然又有了不同的感觉[强][强][爱心],3,梵谷的风衣,298720495
151,2018,9,7,超好听啊,0,yvesmar,83310350
152,2018,9,1,太久了,0,枯灯扫地僧,433386150
153,2018,8,28,辛苦你了[爱心],0,简简单单小生活MFY,610911756
154,2018,8,28,@简简单单小生活MFY 论文看疯了[大哭][大哭][大哭][大哭],0,长亭缱绻,19515209
155,2018,8,23,放纵一下,0,毛毛虫0912,323067104
156,2018,8,23,请别跟我说话,0,毛毛虫0912,323067104
157,2018,8,16,我的心一碰就破碎了,0,星岛的妳,48746821
158,2018,8,16,你靠近我的时候,0,星岛的妳,48746821
159,2018,8,14,开头好像火影忍者,0,小胡桃夹,335337303
160,2018,8,12,孙燕姿和王菲[爱心]真的爱,4,柠檬树薯片,84505812
161,2018,8,11,真的，听了那么多歌腻歪死了，感觉这首歌真的好减压，释放压力好棒！听着就爽！,2,雪卷Zki,359084382
162,2018,8,10,酷酷,0,乔子ya,121738492
163,2018,8,8,晚安(´-ωก`),0,林34,400839327
164,2018,8,6,[亲],0,子之选天,1391150898
165,2018,8,4,ID太酷！,0,_诗芊,81037679
166,2018,8,4,风吹的像音乐 撞击着我的肺,0,_诗芊,81037679
167,2018,7,29,快热疯了,0,在识字的清风,365698221
168,2018,7,27,想打鼓,0,梵谷不跳舞,132774418
169,2018,7,27,听着其实挺爽的,0,梵谷不跳舞,132774418
170,2018,7,26,打卡[大笑],0,王菲爱上张国荣,105073219
171,2018,7,26,MV特别酷！,0,Erika_Linder,305117600
172,2018,7,25,只要孙燕姿唱的 什么都好听,0,Janyuo,286360732
173,2018,7,23,無敵。,0,Alexotik,53781191
174,2018,7,23,坐等这首好歌被发现,1,仄朴,126237576
175,2018,7,23,生日快乐！,2,跳舞的yanzi,287088787
176,2018,7,21,甩开寄托而飞，风吹的像音乐,0,葳蔓,312466865
177,2018,7,20,[大笑],0,子之选天,1391150898
178,2018,7,19,耍起来,2,跳舞的梵谷yanzi,318974517
179,2018,7,19,评论太少了,2,跳舞的梵谷yanzi,318974517
180,2018,7,19,爱燕姿,2,跳舞的梵谷yanzi,318974517
181,2018,7,18,滴，神经卡,0,落开苍白,51975755
182,2018,7,17,1w,2,Stef-木魚,70036533
183,2018,7,17,评论太少了吧！,0,Stef-木魚,70036533
184,2018,7,16,评论没理由这么少,0,TopGear1,267854026
185,2018,7,12,你说爱我的时候 有没有 将我的疯狂 包括？,1,salabetty,74954471
186,2018,7,12,这个鼓点超级带劲啊！为什么评论还不到1000,1,但我看见的只是一颗柠檬树,61965327
187,2018,7,9,快疯了,0,仄朴,126237576
188,2018,7,5,快疯了,0,没那么幸运z,477204429
189,2018,6,29,写的是回避性人格障碍吧,0,mooon_moooon,428555495
190,2018,6,26,[大笑]超爱,0,hinemo416,33153209
191,2018,6,22,好听 真的是很潇洒的歌 只有我姿能唱出这种坦荡,0,阳三好,51429871
192,2018,6,22,你说爱我的时候，有没有将我的疯狂包括❤️❤️❤️,4,十一光年之外,445681286
193,2018,6,21,时间太残忍,0,月牙凄凉,267652130
194,2018,6,21,都是神经病精神分裂的风格，超爱,1,逆光Johnson,352374822
195,2018,6,14,你靠近我的时候 有没有理解过我感受,1,themeditation,101488126
196,2018,6,12,当初觉得这是是时候里唯一不是很喜欢的歌，现在听来，完全没问题,0,we_met_before,122208219
197,2018,6,8,评论这么少？这首歌是2011听的，时过七年又再次听见，那时候认为快疯掉的事情，现在都成为了笑话,2,执念淡奶油,74393395
198,2018,6,8,真的好听 缺不火的歌,0,智涛呀,358604113
199,2018,6,7,典型的好听到爆，无人问津的歌[呲牙],3,王菲爱上张国荣,105073219
200,2018,6,1,请你再抱紧我,1,一生你只能遇见一次鹿鹿,325894777
201,2018,5,30,哈哈哈哈,0,杨大早,273072096
202,2018,5,30,哇 终于能在网易听是时候了  在我看来和梵谷一样都是神专,0,Honeysuckle16,118678171
203,2018,5,30,"你靠近我的时候
所有雷达都在报警[哀伤]",0,nimeio-,120022132
204,2018,5,29,[大笑][大笑][大笑],0,CHENYUDAN--,279712105
205,2018,5,20,歌声很有力量，电吉他🎸太帅了,1,Juicyo,112511048
206,2018,5,19,快疯了,0,空口言_l,246718404
207,2018,5,19,好听！,0,福来1998,635957727
208,2018,5,10,再多点精神病患者的歌,0,zoey_cherry,114116850
209,2018,5,10,很好啊，要表达感情，而不是装酷,2,zoey_cherry,114116850
210,2018,5,5,快要疯了,0,Anlhnnie,1376211709
211,2018,4,27,放纵一下,0,毛毛虫0912,323067104
212,2018,4,25,快疯掉！,0,s_elover,14266912
213,2018,4,24,我也是,0,XF_吸恶魔血,85793930
214,2018,4,24,开局很大气啊,0,毛毛虫0912,323067104
215,2018,4,22,[亲亲],0,跳舞的反骨,33249451
216,2018,4,21,现在的我快疯了,0,lgz_1995,46395067
217,2018,4,20,这个MV里的燕姿超帅,1,枯木-不朽,373801319
218,2018,4,19,吉祥村站。从单位返回学校。11:58。,0,沙坡仲清,250242272
219,2018,4,18,快疯了，我在广州听，你呢,0,Cnvyvy,130316348
220,2018,4,10,特别喜欢这首歌，当你有这种快疯了的心情的时候，这首歌简直绝了！,2,吗噢,408440690
221,2018,4,9,没有一个女孩像她一样唱歌！,3,子之选天,1391150898
222,2018,4,8,爵士吗？,1,Still_JiANg江,561749783
223,2018,4,7,天怎么这么少评论,3,H-S_Sun,296312220
224,2018,4,3,为什么会有蚊子这种东西，大晚上的快疯了,2,H小流氓,297607033
225,2018,4,1,这首歌我这么喜欢，居然没有999,1,勿看你双眼,1388336078
226,2018,3,28,当年超喜欢这首歌 ,1,我萌我先说,78067568
227,2018,3,28,我现在看书看的也快疯了😂😂,1,komorebi_la,87522663
228,2018,3,28,某一段时期就是快疯了的感觉，很喜欢这首[爱心],1,田馥甄我要嫁给你,425311767
229,2018,3,27,下班，南京中大医院,1,抵达啃了一个,46997630
230,2018,3,25,好听的歌总会经过时间的检验[可爱],1,Numb等你,587796502
231,2018,3,24,居然没有999+？,0,傲娇悦悦酱,1337174114
232,2018,3,23,发现宝物,0,GrandmaLion,56455831
233,2018,3,21,燕姿的歌总能勾起种种回忆,0,温油的小7姐姐,92543759
234,2018,3,21,正在学这首,0,_yancatc,93305930
235,2018,3,20,我也是[大哭],1,stef流年,1367583538
236,2018,3,19,又来了，最近超爱,2,毛毛虫0912,323067104
237,2018,3,19,哇撒，发现了一首没过999的,1,卖蚂蚁的小男孩,110083221
238,2018,3,16,孙燕姿牛逼,4,海洋过森林,325742808
239,2018,3,15,玩QQ飛車，發現自己最喜歡聽這首歌了。,0,penny___05,314478454
240,2018,3,15,最近爱这首,2,毛毛虫0912,323067104
241,2018,3,13,贼帅,2,stef流年,1367583538
242,2018,3,13,酷,2,毛毛虫0912,323067104
243,2018,3,13,抖腿,2,毛毛虫0912,323067104
244,2018,3,8,也很喜欢 快疯了！,1,孙燕姿的锁骨,17714009
245,2018,3,8,[爱心][爱心][爱心],1,孙燕姿的锁骨,17714009
246,2018,3,7,好了。没有选择了。背水一战[口罩]。感觉快要凉了[流泪],1,小小愿望就快实现了他在笑,124506618
247,2018,3,6,你看到我了吗？当你看到我时，我已经疯了😵。这些天都是折磨，何去何从，都是选择。,1,小小愿望就快实现了他在笑,124506618
248,2018,3,2,我快疯了,1,毛毛虫0912,323067104
249,2018,3,2,我爱燕姿,2,我绝对是年级第一,252670680
250,2018,3,1,用大音响听超爽，开头重低音咣咣咣,1,一瞬嫣然,584263373
251,2018,2,28,以前没怎么留意这首歌，真是少见的风格。喜欢,5,stef流年,1367583538
252,2018,2,26,少有的风格,0,未完成19991230,503310441
253,2018,2,23,高中天天听燕姿和静茹的专辑,0,流感季节别感冒,67223383
254,2018,2,21,那时就特别中意的一首,0,Islandofcyril,48634536
255,2018,2,16,radio,0,坂口a,289868228
256,2018,2,16,奔 飘着 银泰 天越亮夜越黑,2,坂口a,289868228
257,2018,2,13,归心似箭，明日相见。[呆],1,王菲爱上张国荣,105073219
258,2018,2,10,当时听觉得一般。现在回过头来听。哼哼。燕姿的野心不小啊,6,HONWEIFON,89251491
259,2018,2,8,真的好听,0,AIlennolan,467487362
260,2018,1,27,其实很赞这首歌,2,Rufi0,87729212
261,2018,1,26,"“别再走近一步 你就掉头走吧”
“请你再抱紧我。 ”
我姿真难哄[憨笑]",3,庭中有奇木,20403604
262,2018,1,24,不腻,0,喘了也累了,539823778
263,2018,1,23,越听越爱,0,yanzicst,79056105
264,2018,1,20,还有人说高估呢，who care，就是爱这个女人,3,小小烁,80544605
265,2018,1,19,是时候唯一在听的歌,0,Ianba,263722321
266,2018,1,19,相信我，这首歌和李代沫的《患者》搭配使用，燃到爆炸。,1,Ianba,263722321
267,2018,1,18,为999➕做贡献,1,芥末先森0,470505030
268,2018,1,18,感觉这首放在 跳舞的梵谷 里更合适啊,3,胡郎远,102221229
269,2018,1,17,"在去年的最後一天
我封存的記憶決堤
如洪水氾濫成災
持續浪費
心急如焚卻衹能無動於衷
什麽再抱緊我
什麽歌什麽故事什麽過往
我都不要了
你還在不在",0,不斷推辭,355105141
270,2018,1,14,另一张脸 漩涡 我很愉快 leave me along,1,坂口a,289868228
271,2018,1,14,超帅！,0,字迹微寒,100562566
272,2018,1,14,燕姿每首伤情歌基本都留言999+ 而快歌除了那几首特别大热的 其他留言少到可怜 明明我更爱她的快歌 自在洒脱,3,三刻2016,121186763
273,2018,1,13,日推，太懂我,0,Landung,562248348
274,2018,1,10,明天考公司金融 大晚上的听着这首歌复习  爽,0,马考勒久期,333440013
275,2018,1,9, 快疯了！哈哈哈哈哈！！！！,0,LinDongNing,111590875
276,2018,1,6,[爱心]我姿,1,呀呼-0,633560830
277,2018,1,4,酷,0,ddarkwhite,548737444
278,2018,1,1,18年第一条评论,0,哈其是男神,393667188
279,2017,12,31,为何评论这么少[惊恐],0,暮至明,94756999
280,2017,12,30,这首歌很容易洗脑，且经久不忘。,1,1st寶,485780583
281,2017,12,28,超级爱mv里的烟熏姿[爱心],1,vInCent哇,48926777
282,2017,12,20,[色],0,光阴最是化浮沫,340722855
283,2017,12,19,其实这首歌更应该放在《跳舞的梵谷》里，相反的，《天天年年》可能更适合《是时候》这张专辑的主题。不过当然了，万事都没有如果。,4,yanzironan,18615440
284,2017,12,16,我快疯掉了 因为我理智与疯狂并行,0,第丫头,532176559
285,2017,12,16,真正喜欢《跳舞的梵谷》就一定会喜欢这首！因为我们都选择理智与疯狂并行,7,喜欢胖胖杯的小提莫,421419435
286,2017,12,15,华语乐坛低估了，孙燕姿的地位。,2,帐号已注销,85657110
287,2017,12,15,可是我最喜欢的是这首╮(╯▽╰)╭,1,Deep-Fi,64413485
288,2017,12,15,啦啦,0,L悦星,480183134
289,2017,12,14,我快疯掉了,0,我在这朵云底下等你,365302659
290,2017,12,12,我快疯掉快疯掉快疯掉快疯掉快疯掉快疯掉快疯掉快疯掉快疯掉快疯掉快疯掉快疯掉快疯掉快疯掉快疯掉快疯掉快疯掉快疯掉快疯掉快疯掉快疯掉快疯掉快疯掉快疯掉快疯掉快疯掉快疯掉快疯掉快疯掉快疯掉快疯掉快疯掉快疯掉快疯掉快疯掉快疯掉快疯掉快疯掉快疯掉快疯掉 but you don’t know. You never know. ,1,奥克托卡图,378263048
291,2017,12,12,我快疯掉了,0,Ccchoc,63076208
292,2017,12,9,这是折磨吧,0,Ngan__,107896607
293,2017,12,9,觉得梵谷里的快歌有点短板 缺这样的歌 ,3,訾央伪装小漠漠,247480354
294,2017,12,9,➕,0,霓咪,250256286
295,2017,12,8,放到梵谷里面毫无违和感,98,浮生一梦几度休,135301050
296,2017,12,7,听完6级听力的我点开了这首歌[呆],0,夏风里有凉意,69716408
297,2017,12,6,每次领导开会的时候，都想听这首歌[哀伤],1,错生不错过,422192437
298,2017,11,29,跳舞的梵谷，理智与疯狂并行,3,片叶籽,570938153
299,2017,11,27,这张专，是真滴好听。,4,宁是黄头发的妹妹吗,16337016
300,2017,11,23,“你说爱我的时候 有没有将我的疯狂包括”,3,Demi兆,100086882
301,2017,11,21,[憨笑][可爱][憨笑][可爱],0,赤鸡青年,16795266
302,2017,11,20,怎么会没有999+的评论！大家耳朵都聋了吗！,2,宇宙无敌傻豆豆,100076461
303,2017,11,19,这首歌其实真的超适合放进《跳舞的梵谷》！！,5,熊小young,63286584
304,2017,11,18,姿妈的版权终于回归[大笑][大笑][大笑],2,JZT菠萝滴海,129907975
305,2017,11,16,快崩溃了，坚持，坚持,2,慕潔弦,55172428
306,2017,11,16,🙋‍♂️全部再听一遍,1,伊森92,5788229
307,2017,11,16,[爱心],0,伊森92,5788229
308,2017,11,16,听完《跳舞的梵谷》专辑过来的有没有？[奸笑][大笑][奸笑][大笑][奸笑][大笑],65,LeeSongs,377811770
309,2017,11,15,解禁了那么久还没人啊喂！,0,Janyuo,286360732
310,2017,11,14,我爱这首[亲亲],0,可阳快飞,115746724
311,2017,11,14,超级好听好不好,2,yanzicst,79056105
312,2017,11,13,MV超酷的,0,洛克loker,62603811
313,2017,11,13,很酷的快疯了,0,得布西森林,95937066
314,2017,11,10,真的是神专,2,空降包,42451369
315,2017,11,9,以前还没有网易云啦,0,漫步的渴,11985761
316,2017,11,9,很开心，又找到这首歌了[奸笑][奸笑][奸笑],0,莫明的故事,482453616
317,2017,11,9,跳舞的梵谷忽然想到这首歌,2,小白君喜欢布兰妮,415539636
318,2017,11,8,同城你好，失敬失敬,0,你猜撒,34139363
319,2017,11,7,没什么，打个招呼而已,0,我的爱1011,623429998
320,2017,11,7,是啊，咋了,0,你猜撒,34139363
321,2017,11,7,不错哦[奸笑],0,漫步的渴,11985761
322,2017,11,7,疯了,0,我的爱1011,623429998
323,2017,11,7,赣州的,0,我的爱1011,623429998
324,2017,11,7,@漫步的渴 那么少评论但我很喜欢这首歌哈哈,0,半座城池丶,500055772
325,2017,11,7,Radio很魔性的好吗[憨笑],2,万圣节的老朋友,34075495
326,2017,11,6,越听越带劲,0,四街站神_单纯王,252931856
327,2017,11,6,快疯了，却一直沉默得一言不发。。,0,空谷微雨,260062340
328,2017,11,5,这首歌值得999,0,一颗香槟星,63091746
329,2017,11,4,毕竟跳舞的梵谷是快疯了2.0[奸笑],1,藤子小小,259233057
330,2017,11,3,也是因为梵谷想起了这首歌。这首歌在人生最压抑的日子里陪伴我咬牙撑过来了。果然以毒攻毒最有效。,2,顾众享,122280544
331,2017,11,1,听出了一点歌剧的旋律…这首好棒～～又帅又爽,0,云云羽,46920576
332,2017,10,31,打卡,0,一色梅,286572502
333,2017,10,31,哦哦，好厉害的样子,0,俊燚1372,312988631
334,2017,10,31,正在学程序员,0,尘埃于暗室总会堕地h,259415034
335,2017,10,31,代码是什么,0,俊燚1372,312988631
336,2017,10,31,写代码写的快奔溃的时候打开网易云正在播放的就是这首歌。。。,2,尘埃于暗室总会堕地h,259415034
337,2017,10,30,整张专辑都超爱,0,一色梅,286572502
338,2017,10,30,这么点评论，这可是我去KTV必点的,2,素丸子Kwok,17385100
339,2017,10,30,"曲风cool,mv cool,人更cool",0,清凉油A,255667395
340,2017,10,29,快分了,0,_吴子诚,275017518
341,2017,10,28,很喜欢很喜欢,0,xpen9,282157409
342,2017,10,28,[色],0,想去吹太平洋的风,431966292
343,2017,10,28,抱紧我 就行了,0,ftujdb,58827934
344,2017,10,26,这首歌在KTV唱起来真的很痛快！内心呐喊！,2,泽森BEVIS,72334620
345,2017,10,25,有版权啦,0,高分少年丶,397032372
346,2017,10,25,你确定是欢吗[惊恐],0,fluent战士求收敛,61644046
347,2017,10,25,好。,0,NumbLater,115418975
348,2017,10,24,这个和跳舞的梵谷感觉一样啊,1,MOSBYTTTT,30406903
349,2017,10,23,听了梵谷再来听这首！都很好听！,2,糖醋鱼爱看海,249637187
350,2017,10,22,超级好听！！！！想到初中的时候第一次听到的震惊,0,奶酒弟弟,131892707
351,2017,10,22,其实这首歌写出了孙燕姿忍受各方压力后的心情[奸笑],0,藤子小小,259233057
352,2017,10,22,180度，追。空口言都算欢快的[奸笑],0,藤子小小,259233057
353,2017,10,21,不多听几遍都不会知道有多好听,0,半座城池丶,500055772
354,2017,10,21,加一,0,半座城池丶,500055772
355,2017,10,20,我快疯掉了,0,课北,57415468
356,2017,10,20,Radio明明也很好听[可爱],1,海洋过森林,325742808
357,2017,10,20,好听！,1,海洋过森林,325742808
358,2017,10,20,这是燕姿特意从别的歌手那要的歌，然后亲自参与改编的。看来燕姿的真实小宇宙跟很多人预想的不一样。不过我喜欢，从慢慢来、没有人的方向、另一张脸开始就喜欢[色],4,丐丐龙,61471970
359,2017,10,20,快疯掉了,0,-張小偉-,114450098
360,2017,10,19,"这么少评论……
",0,R_J_W,76583237
361,2017,10,19,极少数的几个黑名单之一[皱眉],0,medsir,70093854
362,2017,10,19,破坏专辑整体感的一首歌😔,0,medsir,70093854
363,2017,10,19,梵谷跟这首同样的诡谲摇滚风，我快要疯了[流感][流泪],0,medsir,70093854
364,2017,10,19,梵谷出来之前来看看,0,金小晶1031,42199645
365,2017,10,19,这首歌事专辑里比较特别的一首，洒脱有个性，开始听可能不觉得怎么样，但是会越来越中毒…,3,城南旧事www,261496755
366,2017,10,18,这歌没 999+我 不服~,0,丹尼尔帕特,56145905
367,2017,10,17,稀饭,0,梵谷不跳舞,132774418
368,2017,10,17,江苏卫视跨年的组曲的开头是这首歌的前奏啊~~~,0,ODVV,52761286
369,2017,10,8,是的，我真的快疯了,0,花老师小课堂开课啦,353426857
370,2017,10,4,[鬼脸],0,想去吹太平洋的风,431966292
371,2017,10,3,每一首歌下面都有单曲循环的[大笑],1,THE__STARRY_NIGHT,267370203
372,2017,10,2,顶到999,1,居然不让写这个名字,248566354
373,2017,9,30,之前是时候这张专不是很喜欢这首…最近突然像被洗脑了一样！循环听几天,0,从小爱读书,246116592
374,2017,9,29,我捂住耳朵,0,赫里尔德,410343541
375,2017,9,29,我快疯掉了,0,赫里尔德,410343541
376,2017,9,29,变成神经病的话 应该是快乐的,0,-Saron,284865115
377,2017,9,29,日常助攻,0,-Saron,284865115
378,2017,9,28,爱姿,0,姿意燕为,263726012
379,2017,9,28,日常打all,0,赫里尔德,410343541
380,2017,9,25,这么好的歌居然没有999不服！！！,0,hlymumuqi,303643537
381,2017,9,23,好不容易争取到了版权[流泪][流泪][流泪]为什么不999呢,0,赫里尔德,410343541
382,2017,9,18,[爱心],0,森屿ANTONE,92961178
383,2017,9,16,好听,0,lancelotee,71321835
384,2017,9,16,居然没人 我不信,0,剥桔子麻烦的人,287648576
385,2017,9,8,躁动起来骚年,0,岁月CD,256198136
386,2017,9,8,为什么会有抑郁症这种东西？,2,岁月CD,256198136
387,2017,9,8,就在我感觉快疯了的时候  脑海里突然想到好久没听到的这首歌 于是立马翻出来听听  然后  感觉我终于正常点了,1,Daisy_Woo,75020439
388,2017,9,2,记得几年前商场里放的全是她的歌，所以记得特别清楚，找了好久又找到了真好[憨笑],0,DiannaJerr,7213468
389,2017,9,2,这一张好像就这首能欢快点,0,浮云游子W,40738241
390,2017,8,25,顶我姿妈,1,岁月CD,256198136
391,2017,8,22,我              快疯掉了,1,27jo,61844080
392,2017,8,21,请别跟我说话,0,Gredn,68389876
393,2017,8,21,你在说爱我的时候，完全靠气氛[晕][晕][晕],0,凹里佛尔,124202785
394,2017,8,18,终于有版权啦！！！！！！！！！,0,喵九郎,125568680
395,2017,8,15,对哦 我都给忘了,0,水蓝的理想,16108938
396,2017,8,14,从一开始不知道燕姿，听了 遇见 后才发现她的歌好多都听过，当同学给我推荐燕姿的歌时，也并没有在意。后来，装满一张歌单的燕姿单曲。,1,神秘靓崽,494953963
397,2017,8,14,快疯了,0,monopolyill,112275843
398,2017,8,12,你们不喜欢这歌挺好，这是是时候那张专辑里我唯一听不腻的歌。,3,Ianba,263722321
399,2017,8,11,刚刚恢复版权哒,0,别再奋力逞强,122065677
400,2017,8,11,有版权了！！！！,1,别再奋力逞强,122065677
401,2017,8,10,[憨笑][憨笑][憨笑],0,遇姿人,541269428
402,2017,8,9,！！！！,0,城南旧事www,261496755
403,2017,8,9,[吐舌][吐舌],0,账号还是注销吧,17481219
404,2017,8,8,哈哈可以听了,0,五星红旗护旗手,38444952
405,2017,8,8,[奸笑][奸笑],0,没九条命的猫77y,32380433
406,2017,8,8,[可爱]哇哇哇 我不要睡了,0,阿Dar,94482447
407,2017,8,1,其实这首很压抑,0,KitKat__,41723861
408,2017,8,1,这首是冷门神曲嘛？评论这么少[奸笑],0,水蓝的理想,16108938
409,2017,8,1,每每听到这首歌都会想起那段时光那个人那个改变人生轨迹的决定……声音开到最大几近疯狂的呐喊……,1,凌风笑JJ,411649667
410,2017,7,31,谁又不曾神经,0,Pwy17,33491863
411,2017,7,30,如此了解抑鬱症患者,0,HIAOGIA-,497354482
412,2017,7,28,你就调头走吧,0,一个任性的我一个离开的你,257394496
413,2017,7,28,感觉这是唯一一首略带负能量的歌,0,朴小柝,128075532
414,2017,7,25,可以用了,0,Google大神,241353
415,2017,7,23,生日快乐！ 燕姿🎂,1,赤那不能多吃,371947942
416,2017,7,23,有种年级成绩排名很靠前的感觉！ 这个年级人数一定会有999+的～ 而我是157名耶～,2,tcccccccccccccccccccc,294356532
417,2017,7,23,生日快乐♡,0,酒诗长安道_,361549515
418,2017,7,22,神专回村，感恩！,2,-爱Stefanie,277601287
419,2017,7,20,炒鸡可爱～,1,Immersion哼,323451727
420,2017,7,19,版权啥时候回来的,0,ssssteff,102967184
421,2017,7,19,😘😘,0,透明______,359274026
422,2017,7,19,高二最喜欢的歌了，为什么评论这么少[呆],0,透明______,359274026
423,2017,7,19,评论太少快刷上去！！！我有强迫症！！姿迷呢？！！！！！！！！,0,陈簌醨子,509419163
424,2017,7,19,只有更努力，才能站在更高的地方看更远的世界，遇见更好的人。,0,陈簌醨子,509419163
425,2017,7,18,不敢相信燕子的评论只有这么少,0,pardon17,69773705
426,2017,7,16,情绪化有什么不对.. 就这样疯一次吧,0,Jaqueline30,270658719
427,2017,7,14,压压惊,0,Hett_designed,17674552
428,2017,7,14,哇 能听了？,0,雪卷儿,99756646
429,2017,7,11,要疯了,1,止于旧日,379479850
430,2017,7,11,我害怕这种不受控感觉,1,止于旧日,379479850
431,2017,7,11,啊啊啊啊疯掉！,0,端木瓜瓜,87150189
432,2017,7,8,已经疯掉了！,1,我是丑王,127718208
433,2017,7,6,爱姿,0,姿意燕为,263726012
434,2017,7,5,💚,0,阿丸52531,256894129
435,2017,7,2,就在今晚，碰见前男友和一妹子走在一起，不过一个月的时间，呵呵,0,和平使者月野兔,488305041
436,2017,7,2,长发+烟熏 超酷,1,和平使者月野兔,488305041
437,2017,7,2,只有我发现这首MV燕姿颠覆自我烟熏妆超酷的吗[惊恐],0,Thea_w,338762508
438,2017,7,2,这前奏，真的快疯了,1,木头的心------,1958368
439,2017,7,1,能评论辣哈哈哈,0,ttttorres-,275233363
440,2017,6,29,最后的一句真的不是“绑紧我”吗[生病],1,但我看见的只是一颗柠檬树,61965327
441,2017,6,28,每一首都喜欢！这张专辑是神专辑！,0,Goodnight旧时光,101625539
442,2017,6,28,打卡,0,用户77622058,77622058
443,2017,6,27,你说爱我的时候，有没有把我的疯狂，包括？,2,XX_WOOBOY,114091938
444,2017,6,22,MV里燕姿很酷呀！听着很泄愤有没有[开心],0,李大大和李果果,303458585
445,2017,6,22,小摇滚,0,黑的不好啊,334467473
446,2017,6,22,[色],0,可阳快飞,115746724
447,2017,6,21,你知道吗，我想你真的已经快疯了,2,无糖菠萝,125737568
448,2017,6,20,我姿妈的歌竟然还有我没听过的[惊恐],0,RainbowAfterTheRain,59825347
449,2017,6,20,第一喜欢这专！,1,小聂要做种花家的好兔子,248265269
450,2017,6,19,每天唱另一张脸都会不自觉地跑调🤷🏻‍♂️你姿的歌真的很独特 很有品味🌝,0,keystroke,99220196
451,2017,6,19,打卡,0,麸濉,290876479
452,2017,6,18,[爱心][爱心],0,成小姿S,84991554
453,2017,6,18,+1[大哭][大哭][大哭],1,Stef小傻,95849389
454,2017,6,17,中间的间歇很像 另一张脸的副歌 有没有老姿迷跟我一样听出来的,1,结菜,57780277
455,2017,6,17,每次考前都听 我～快～疯～掉～了～,0,-arashi岚_,381391590
456,2017,6,17,大家一起躁起來[憨笑]腿抖起來～,1,鄒爸比,85768778
457,2017,6,16,很有感觉的一首歌，节奏不错，棒棒哒....,0,someKPL,361663031
458,2017,6,16,摇滚姿~,0,阳阳哒,48285589
459,2017,6,16,因为之前没有是时候这张专辑的版权，我下载了qq音乐。燕姿的声音依旧，可是qq音乐的评论没有几条，所谓的“弹幕”全是表白某某某和谁家爱豆翻唱燕姿的歌比原唱好云云，而后带节奏一帮人撕逼。如今终于可以回归网易云了，听歌的时候看看评论里的故事，很平静，很温暖，在燕姿的歌里代入自己的故事。,5,NumbLater,115418975
460,2017,6,16,当时的第五主打，当时的我还有很多人一点都不理解为什么要把这首粪曲放进专辑还当主打。然后我后来就一直吃屎了。。。非常非常耐听的一首歌，越来越喜欢的一首歌，可能真的老了吧，不同的年纪会有不同的感受[便便][便便][便便],1,当冬夜只如初见,309328492
461,2017,6,16,大家还记得这首歌mv吗？姿妈的烟熏妆,1,YZKEPLER,42348015
462,2017,6,16,这专真的很喜欢这首歌,1,古由之月,62913048
463,2017,6,16,这首歌唱起来很爽~压抑发泄的感觉~,1,陶子休,104659524
464,2017,6,16,好爱,0,长路缓行,47446938
465,2017,6,16,1969年7月20日，美国宇航员阿姆斯特朗打开登月舱舱门，沿着梯子缓缓走出，随即他在月球表面留下了人类第一个脚印，并说出了那句世人皆知的名言： “太好听了卧槽”。,0,跳舞的克卜勒,122786310
466,2017,6,16,打卡打卡，前排，刷个段子，上线了哈哈哈,0,跳舞的克卜勒,122786310
467,2017,6,16,爽！！！最爱的一张专辑！！！终于拿下版权了 网易云爸爸我爱你！！,2,行者-老陈,352580279
468,2017,6,15,一百,0,燕姿啥时候开演唱会,395002840
469,2017,6,15,赞赞赞,0,TYSolitude,56061597
470,2017,6,15,我从贴吧赶来,0,斗牛旅客,106922873
471,2017,6,15,请你再抱紧我,0,柒星雪,85911992
472,2017,6,15,超酷哒,0,柒星雪,85911992
473,2017,6,15,这首节奏超赞啊啊啊特别是“你靠近我的时候”和“你说爱我的时候”那两句超暧昧,0,Siriusly17,277593220
474,2017,6,15,评论好少，趁机表白一波：燕姿，我爱你,2,kendy的风筝,362892899
475,2017,6,15,网易云活了,1,kendy的风筝,362892899
476,2017,6,15,第一次听 感觉很怪 越听越好听[呲牙],1,9点人,124168580
477,2017,6,15,酷姿[亲亲],0,9点人,124168580
478,2017,6,15,结尾“请你再抱紧我”收的太棒了[爱心][爱心][爱心],1,Champagne-Wines,114344953
479,2017,6,15,请别跟我说话，我想在坐一会[色],2,晓东Davin,7213381
480,2017,6,15,哇,2,DT燕姿,470003673
481,2017,6,15,莫名觉得这首歌很酷,2,孙燕姿的锁骨,17714009
482,2017,6,15,贴吧看到回来了,2,神经七八M,321636583
483,2017,6,15,!!!!!!!有版权了阿！！！！！！！！！,2,乐听乐浪,653573
484,2017,6,15,天哪，回来了[亲亲],0,一叶扁舟_____,98760641
485,2017,6,15,是时候要循环一周了！终于有版权！,3,账号还是注销吧,17481219
486,2015,11,3,只有燕姿唱这么酷，这么压抑的歌曲不会反感[亲亲],126,单曲循环患者,9913822
487,2015,11,2,唯一一首不喜欢的,2,天越黑夜越亮_,37107576
488,2015,10,29,我居然第一次听这首歌,0,你老了也可爱,86874042
489,2015,10,12,三单哎,0,greatkafka,31476946
490,2015,10,8,很喜欢这首，随意有节奏感,1,年轻的老板娘yy,75168468
491,2015,9,16,我喜欢你的宣泄,7,Tim_Huang0216,42792776
492,2015,9,16,[开心],1,Stef-木魚,70036533
493,2015,9,15,表示歌词最后一句是不是绑紧我… 咳咳,2,闪泥啦啦啦,88079495
494,2015,9,15,一开始觉得好黑暗 mv也是 就无感… 多听就习惯了 开始能理解这首歌喝你姿想表达的[爱心],3,闪泥啦啦啦,88079495
495,2015,9,13,阔别多年，挨着听新出的歌！,2,keiraC,40495383
496,2015,9,11,说点什么吧,1,疯歌,1669376
497,2015,9,4,綠光，隨堂測驗，沒時間，Venus，直來直往，神奇，超快感，祝你開心，honey honey，夢不落，奔，咕嘰咕嘰，追，空口言，她的每一張專輯幾乎都有一兩首節奏比較輕快，朗朗上口，瀟灑自在的歌曲，演唱會神曲。,78,KR沈h,90089711
498,2015,9,1,请别跟我说话,2,听出犬哮,52045863
499,2015,9,1,请别很我说话,1,听出犬哮,52045863
500,2015,8,30,我只听心情、感受[开心],2,坐在静湖旁,72759065
501,2015,8,28,咩,1,陽狂_陳小咩,78110883
502,2015,8,12,只是快疯了,1,i四是i,70743424
503,2015,8,12,我也快疯了,2,鸡肋不是,81816871
504,2015,8,10,因为好听 所以来一发,3,远行的节拍,12611935
505,2015,8,7,这首歌很好听，为嘛评论这么少,1,大打哒哒打个大西瓜,78360507
506,2015,7,28,不愿手中提刀。,1,幽灵小姐要加油,52274423
507,2015,7,26,可惜唱这首歌没拿出唱第一天的张力。,0,卖萌萌的小火柴,12355519
508,2015,7,17,我快要疯了,1,举个西木,60673274
509,2015,7,13,喜欢。真的很喜欢这首～,54,要谂点,77379589
510,2015,7,9,你碰到了么 你抓住了么 ,2,Zhaochen_Yin,15796424
511,2015,7,4,帮姿刷评论[大笑][大笑][可爱],0,小海林峰,1802013
512,2015,6,30,推荐看mv烟熏妆燕姿～,1,一位鸭先知,17412670
513,2015,6,30,中间间奏很爽，还有紧跟着的鼓声，完了，又要单曲循环,2,一位鸭先知,17412670
514,2015,6,30,这么好听，居然是第一次听到～,0,一位鸭先知,17412670
515,2015,6,29,我是来给燕姿刷评论的,0,抛物线Ai,75868101
516,2015,6,14,radio 系列,0,allenluv,64370271
517,2015,6,11,嗯嗯,0,awang1997,32114992
518,2015,5,30,爽！,0,Icedew_TM,29977238
519,2015,5,30,燕姿下张专辑出一首不是“快疯了”而是“已经疯了”的重金属吧[呆],2,帐号已注销,37833626
520,2015,5,23,这首很心水啊！唱起来超爽～,71,Stefanie同类,69929292
521,2015,5,21,leave me alone,4,Halo_Stefanie,44758870
522,2015,5,10,我快疯掉了,0,散若烟云,35996981
523,2015,5,8,快吐了,0,荷米斯_,57467940
524,2015,5,8,no zuo no die why I try？,0,sTaNyEr,17447968
525,2015,5,1,爱,0,当地不知名美少女,53050167
526,2015,4,23,一大早上听会有新感受[大笑],2,傻子-笨蛋,1331490
527,2015,4,20,我姿的歌时不时回头听 又会有新感受,101,洛小鹿也,46347197
528,2015,4,17,你有感觉没有，我的心一碰就碎了，请你再抱紧我,0,远离那小象,55022407
529,2015,4,13,评论这么少不科学,1,单曲循环患者,9913822
530,2015,4,3,最近的状态,0,Amaranth幸运A,48174018
531,2015,3,31,我快疯掉了，已经太久，已经残留了疑惑,0,木兰楼听燕姿,2491199
532,2015,3,20,在听这首歌的都快疯了！ ,0,远行的节拍,12611935
533,2015,3,7,你就掉头走吧,0,说放弃要放哪里,9683208
534,2015,2,27,我喜欢,0,Carebe,2444333
535,2015,2,27,请别跟我说话,0,_大冰,3828527
536,2015,2,26,听完radio我马上听这首压压惊[可爱],135,你猜撒,34139363
537,2015,2,9,奈何只有神经病才是抗抑郁的最佳良药💊,254,Pwy17,33491863
538,2015,2,9,曾经以为可以痊愈出院，可惜世事无常。,1,Pwy17,33491863
539,2015,1,24,这首歌很有感觉啊,1,Hk_chen,45175827
540,2015,1,18,摇滚风好听,0,李子渔,44406258
541,2015,1,12,非常喜欢这首。听的时候感觉就是一个字：爽！,0,jinsduck,36100604
542,2015,1,6,我 快 疯 掉 了 。,0,19710115号观众,2781851
543,2015,1,3,[心碎],1,xu_袅残烟,45828380
544,2014,12,3,快疯了就爱听这歌,1,Breakburnend,33413271
545,2014,11,24,我姿这首歌好特别啊。。,2,19710115号观众,2781851
546,2014,10,28,我快疯了,1,散若烟云,35996981
547,2014,10,15,我快疯掉 了,0,西瓜蜂蜜熊,35215066
548,2014,9,3,你说爱我的时候，有没有将我的疯狂包括？,0,王娱乐,2200238
549,2014,7,21,"“你靠近我的时候
有没有理解过我的感受
我快疯掉了已经太久
已经残留了疑惑
你有感觉没有
我的心一碰就破碎了”",0,兴趣一箩筐的小小,30769742
550,2014,4,30,残留的疑惑,0,yuchris22,16070729
551,2014,4,29,快疯了,0,Skinny_J,400912
552,2013,12,30,"你靠近我的时候 有没有理解过我的感受, 你说爱我的时候 有没有将我的疯狂包括, 我快疯掉了 已经太久 已经残留了疑惑, 你有感觉没有 我的心一碰就破碎了.",1,在山的那边有一个大西瓜,6716909
553,2013,12,19,怎么办怎么办,0,热情洋溢的狼蜀黍,3052933
554,2013,8,23,[亲亲][亲亲],2,米顾依达孙,1615884
555,2013,6,17,.........................,4,网易风云决,1560264
