index,year,month,day,content,likecount,nickname,user_id
1,2019,11,28,因为mv喜欢这首歌,0,洛珑宇,117874437
2,2019,11,25,2020演唱会，快点到来！,0,孤帆远江湖,28294002
3,2019,11,24,欢快,0,资溜溜,263964700
4,2019,11,23,心要偶尔硬起来。。。。999[奸笑],0,Gilbert---,63955982
5,2019,11,22,Mv超可爱的，燕姿超美,0,Leolic,45686265
6,2019,11,22,爱一点点，哀一点点[哀伤],0,零缺点-,545352622
7,2019,11,21,这个那么好听，评论这么少,0,跳舞的旋转木马,1727603104
8,2019,11,20,好好享受单纯的思念,0,stef虎牙,86952410
9,2019,11,20,"疯传为燕姿打call,999+刷起来",0,进击的金金,275737120
10,2019,11,19,空口言,0,得意尽欢吗,1995833702
11,2019,11,15,燕姿好漂亮啊啊啊啊啊啊啊,0,_克卜勒-,544439593
12,2019,11,15,初一时拿了接近一周的生活费买了这张专辑，也是我的第一张。,0,EDG_Clearlove10,489173588
13,2019,11,14,爱你怎么变成空口言,0,Krycccccl,273302117
14,2019,11,14,999+助力,0,Krycccccl,273302117
15,2019,11,12,我想看到燕姿所有歌都999+,0,全网通缉老王,276015583
16,2019,11,12,奇了怪了，突然就越看燕姿越喜欢,1,全网通缉老王,276015583
17,2019,11,10,喜欢长发姿！,0,難得一堅,645761304
18,2019,11,8,999+支援,0,苑子潯的小号,1548957065
19,2019,11,8,注销了唉……看了你的主页……要加油啊,0,苑子潯的小号,1548957065
20,2019,11,8,燕姿唱歌真的好好听！！！我永远爱孙燕姿！！！！！永远爱！！！！,0,yueyue段-,135054373
21,2019,11,6,999+,0,ADancingVanGohn,1419781805
22,2019,11,6,当年超级喜欢这首mv！燕姿太可爱了！,0,轩仔是鱼仔啊,576144616
23,2019,10,30,999+,0,_吴子诚,275017518
24,2019,10,29,空降999+支援部队,0,qiuQAJ,505290620
25,2019,10,27,mv可爱到爆炸！！！,0,kepler磕kez,265903318
26,2019,10,26,真的太可爱了这首歌,0,Z-Wzx,1392690750
27,2019,10,25,助力助力9999999,0,StefanieTXX,126966250
28,2019,10,25,居然没999,0,StefanieTXX,126966250
29,2019,10,24,MV里的燕姿过分的可爱！,0,一点点都不静静,17445521
30,2019,10,23,听了这么久怎么还是没到999+啊？,0,归寂中_,636331134
31,2019,10,21,为999助力,0,SANJIU9,281870167
32,2019,10,19,听了好几年的歌，一千了叫我一下，还有一万了，十万了……,0,矛盾-纠结体,477821346
33,2019,10,19,你怎么能发语音？？,0,前程似锦180315,1399533184
34,2019,10,17,恋爱怎么都是空口言,0,Stefanie的小熊,389165231
35,2019,10,17,？这首歌没有1000评论wsl,0,新昵称还没想好,67339684
36,2019,10,16,这居然没999+,0,爱发疯的猴,250414252
37,2019,10,16,给我999+,0,哥本哈根181216,1706860411
38,2019,10,14,我爱燕姿！！！！！,0,彩虹金刚刚刚刚,1401962569
39,2019,10,14,这首好好听,0,彩虹金刚刚刚刚,1401962569
40,2019,10,11,好好享受单纯的思念,0,不遑多让o_O,1944277967
41,2019,10,11,mv好看,0,愿生难遗忘,552464288
42,2019,10,11,好听,0,是我无语,477800337
43,2019,10,10,999助攻,1,ADancingVanGohn,1419781805
44,2019,10,6,该不该去表明自己对男神的心意呢（少男心事）,1,销声匿迹无疾而终,445641861
45,2019,10,5,快点999+,0,也不是猪只打呼,355734135
46,2019,10,5,球球了。,0,也不是猪只打呼,355734135
47,2019,10,5,想念多过拥抱的时间。,0,也不是猪只打呼,355734135
48,2019,10,5,长发姿真是太美了！,0,一点点都不静静,17445521
49,2019,10,4,总是时不时想听燕姿的歌,0,矫情致死,343906193
50,2019,10,3,好欢乐,0,姑苏客st,79800447
51,2019,10,2,给我999+,0,也不是猪只打呼,355734135
52,2019,10,2,俺太喜欢孙燕姿辽。,1,也不是猪只打呼,355734135
53,2019,10,2,害！mv太可爱辽！,0,也不是猪只打呼,355734135
54,2019,9,27,没有我的明天 你又怎会有明天 这一句超赞！,0,苑子潯的小号,1548957065
55,2019,9,22,我爱上这个女人了,0,乔伊崔比亚尼,118914891
56,2019,9,21,偶尔才想起来爱你太真实了,0,病気可能,74483766
57,2019,9,21,头对着吹风机那一刻我死了,2,vfvbbccxvg,1570192506
58,2019,9,17,"作曲：伍家辉
作词：伍家辉
编曲：Kenn C

已经添加修改，请小伙伴们重新刷新歌词",0,作词_作曲_编曲_MV导演天下第一,546057330
59,2019,9,12,魔鬼,0,帽子_总丢,130988840
60,2019,9,11,我找了好久啊！！！！！好久好久以前的快本里面燕姿唱过我就记得歌词里有个海枯石烂一首首歌听过来的！！,1,动了银河,66700708
61,2019,9,8,可爱的燕姿,0,瓷璃,417110794
62,2019,9,7,讨厌噢,0,温柔期限-,264131634
63,2019,9,5,初中听的这张专，这首歌是我最喜欢的了，俏皮欢快，内容又非常洒脱，管你谁谁，下一个更乖，老娘最可爱的洒脱,0,ZHNG刘刘,409513209
64,2019,9,3,我姿最美,0,霉头霉脑云散月现自在飞花slay,42294326
65,2019,9,2,好可爱吖！！！,0,田小姐告诉我说爱要谦卑,486434913
66,2019,8,31,我滴手机铃声,2,没有灵性的阿周,119517518
67,2019,8,31,🐷🐻弟🍊功 我也是,0,hollisleunger,117356092
68,2019,8,31,这首歌和咕叽咕叽当年是我在ktv保留曲目,4,红豆泥包子,58331555
69,2019,8,29,嘿嘿,0,假装是狐狸,35670595
70,2019,8,29,这首歌喜欢的人没有吗！！,1,TroubleIamin-,439379203
71,2019,8,29,怎么才这么点评论！！,1,TroubleIamin-,439379203
72,2019,8,28,今日是孙燕姿专场,1,痞格小绅士,33590219
73,2019,8,28,我的ktv必唱曲，每次都是一边唱一边跳哈哈哈,0,山间安安,503372632
74,2019,8,27,900~,0,Sparrrrk,270935914
75,2019,8,27,这首歌可以让心情变得更好诶！,0,Sparrrrk,270935914
76,2019,8,27,大家快去看mv啊 萌哭了！,0,Sparrrrk,270935914
77,2019,8,27,孙燕姿女士,0,吴克斯Fox,395122843
78,2019,8,26,评论真少，安静的听歌～,0,leezipp,278996947
79,2019,8,25,好久没听了 再听又重新喜欢上了嘻嘻,0,alittlestarrr,479618500
80,2019,8,24,好可爱的歌！！[亲亲],0,小楠咂咂,1567462082
81,2019,8,21,日常称赞我姿，好可爱好可爱好可爱！！！,1,漂浮群岛et_moi,101098936
82,2019,8,19,听这首歌心情就会可爱到爆炸啊啊啊啊啊[晕][吐舌],0,伟晋哒小心肝儿,254090078
83,2019,8,19,心要偶尔硬起来，谁才是你的最爱~,0,山山尔川A,389622655
84,2019,8,18,没有我的明天 你又怎会有明天,0,江流2,124494217
85,2019,8,17,超好听，为什么我才发现[流泪],0,fsx1999,269619838
86,2019,8,16,竟然没有999,0,flyingendless,1563706823
87,2019,8,14,偶尔给我想起来谁才是你的最爱[亲亲],0,自然卷都是坏蛋吧,549854503
88,2019,8,13,喜欢😍,0,嗷大喵---,33924055
89,2019,8,12,对对对 就是这首 mv颜值巅峰,1,网咸鱼,329261266
90,2019,8,11,[多多大笑][多多大笑][多多大笑],0,Stef-木魚,70036533
91,2019,8,11,听过的第一首燕姿的歌，怀念初二的午后,1,tj-cindy,453936788
92,2019,8,10,我太爱这首歌了！,0,臧靖雯,496275634
93,2019,8,10,姿妈没有冷门歌曲,0,长岛开水,247781249
94,2019,8,9,这么可爱的歌，不允许冷门！,0,Monica_04,1754224017
95,2019,8,8,这首歌真的很可爱啊呜呜呜，大家给我听起来啊！！！我不允许有人不爱这首歌！！！,1,漂浮群岛et_moi,101098936
96,2019,8,5,Mv简直太可爱,1,山山尔川A,389622655
97,2019,8,5,音速呀,1,我在南方等你,266017145
98,2019,8,3,不行，太high了惹！！！,1,漂浮群岛et_moi,101098936
99,2019,8,3,超可爱的呀！！！！！！我喜欢孙燕姿一辈子！！！！！！,1,漂浮群岛et_moi,101098936
100,2019,8,2,爱生活爱燕姿,0,借我半盏灯,107982595
101,2019,8,2,好可爱的歌，而且听起来好简单，但是唱起来真的好难啊啊啊啊~,0,7things_,1318437548
102,2019,8,2,真带感,0,Sparrrrk,270935914
103,2019,8,1,可以,0,孙燕姿丶,1813871469
104,2019,7,30,依稀记得那年快本,4,蔭悅_master,1289952233
105,2019,7,28,嗨起来！！！,0,清凉油A,255667395
106,2019,7,25,说真的，觉得这首才是整张专最好听的[大哭],2,尹与柴_,41776449
107,2019,7,25,小学的最爱,0,badladKris,255216989
108,2019,7,24,没事、一人听一次评论一次就好啦、好喜欢二姐这首[亲亲][亲亲][亲亲],0,天使恋之吻,1454898411
109,2019,7,24,空口言的评论数惊呆了,0,孙燕姿什么时候开演唱会,131857521
110,2019,7,24,这么好听的歌这么萌的MV就这个评论数？[惊恐],0,carp77,418117269
111,2019,7,23,这首歌听了心情就会变好,0,起个名字而已,67361501
112,2019,7,21,前奏也太萌了！,0,_不加糖有点甜,128108088
113,2019,7,20,超级可爱,0,StefanieTXX,126966250
114,2019,7,15,其实这首歌超好听,0,起个名字而已,67361501
115,2019,7,12,这首歌好冷门啊，明明很好听,0,苼歌如梦,18234181
116,2019,7,10,2020年要看你的20演唱会。,1,guobr33,365041630
117,2019,7,9,很好听的一首歌,0,xiaosong,408969
118,2019,7,9,这首歌也算是很冷门了，但是我想说，我好喜欢这首歌啊啊啊！尤其是副歌部分，另外为你姿妈在MV里的颜打call，大家为什么一直都忽略她的脸？超级好看，很舒服的长相啊~,3,7things_,1318437548
119,2019,7,7,我有爱姿病[鬼脸],2,是时候燕姿,1427851829
120,2019,7,7,长发燕姿 温柔飘飘,1,L悦星,480183134
121,2019,7,3,小学听的呀,0,段蕊-,390223478
122,2019,7,2,有毒，现在每次听都出戏[大哭],0,密立根的调和油,480816718
123,2019,6,30,想念多过拥抱的时间~,0,片想少女,132759690
124,2019,6,30,可爱！！ớ ₃ờ爱你❤,0,片想少女,132759690
125,2019,6,30,真爱不怕等待,0,007号柠檬,61657048
126,2019,6,30,竟然不是999,0,007号柠檬,61657048
127,2019,6,28,原来大家都觉得这个mv燕姿超美，哈哈,0,我想养只古乐兽,51814719
128,2019,6,24,心要偶尔硬起来,0,bknet,55754406
129,2019,6,24,哈哈哈哈,0,prince-Joshua,117961245
130,2019,6,19,很q萌，在学校突然听见这首歌，喜欢上了,0,用户560989734,560989734
131,2019,6,17,858打卡，多好听的歌呀~,2,0606-不知,1872697887
132,2019,6,14,真的伍家辉写出这么好听的曲子 太牛了,3,navaney,303003911
133,2019,6,12,这歌mv给劲嗷！,0,久久不拜,424595922
134,2019,6,12,没有另一个版本的吗 怎么会不火呀,0,sanshotoi,613280245
135,2019,6,12,太好听了吧,0,sanshotoi,613280245
136,2019,6,8,我就是从那个时候爱上的！,0,美丽宝贝猪,584099587
137,2019,6,7,可爱,0,另-张脸,56020714
138,2019,6,7,好歌不需要999………[大哭]不行，999走起来,1,可以给我一杯冰阔落吗,422706110
139,2019,6,6,空口言三个字发音特别抓耳,0,破产贤,125403236
140,2019,6,5,温柔飘飘,0,L悦星,480183134
141,2019,6,5,长发燕姿太美咯,0,L悦星,480183134
142,2019,6,2,超级可爱,0,泡泡是小太阳,421058825
143,2019,5,30,疯狂抖腿！！！,0,沈艾琦,76393461
144,2019,5,29,喜欢甜甜的女孩子,0,晴天也在,1675043502
145,2019,5,24,还记得当年在大本营唱了这首歌,1,Jovy_o,550537587
146,2019,5,23,999呢？,0,愿君依旧笑,559237310
147,2019,5,22,打卡,0,路痴小绿藻,285535123
148,2019,5,21,喜欢这首✌️,0,哼歌的小胖子,361919006
149,2019,5,20,助力999！超级可爱的燕姿🥰,0,ysyya,1481982894
150,2019,5,20,可爱的唱腔,0,自愈1826,444017122
151,2019,5,20,没有你的明天，我的一切才算完美,0,枣糕少女宋觉觉,116531378
152,2019,5,19,心❤要偶尔硬起来,0,自愈1826,444017122
153,2019,5,19,为上999+,0,--贰零壹柒,474737591
154,2019,5,18,听了五年了？？！居然还没999+，最喜欢的一首歌🥰,0,Peiro珮,115886482
155,2019,5,17,"竟然没 999, 超好听",0,_Vsion,471540353
156,2019,5,15,"最后三句:恋爱怎么都是空口言
分分离离其实没关联
好好享受单纯的思念
好扎心[心碎]",0,迅哥_我是猹,315736978
157,2019,5,12,忍不住，再来看一遍mv🤗,0,愿君依旧笑,559237310
158,2019,5,10,这首歌这么少？,0,小四的酱油,493214532
159,2019,5,9,爱mv 胜于歌，真可爱吖，燕姿,2,愿君依旧笑,559237310
160,2019,4,30,第823条评论,1,白昼954,536240694
161,2019,4,28,孙燕姿,0,孙燕姿我爱你啦,541028460
162,2019,4,27,这么可爱的燕姿为什么都没人来看呢！！！,0,L悦星,480183134
163,2019,4,25,没有我的明天，你又怎会有明天。这么轻描淡写的霸道，除了我姿还有谁[开心],0,Autism-H,50695673
164,2019,4,23,我又凭什么被人主宰[爱心],0,IIIIINIne,48480907
165,2019,4,23,好好享受~,0,汉子心的傻姑娘,131269885
166,2019,4,21,当年在魅力音乐上面听到的，难忘到现在~,1,君当生竹,446991642
167,2019,4,19,超级好听啊啊啊啊啊啊啊啊啊,0,windbreaker风衣,1482000199
168,2019,4,17,这么好的歌还没到10w＋？？！！,0,老文同学,87182295
169,2019,4,15,我是铁娘子,0,Hatherii-,109104754
170,2019,4,13,同系的学长学姐大四毕业那年，送毕那晚去ktv唱了一整晚，第二天宿醉只记得这首，满满的是毕业和告别的味道,0,swan爱蒸汽,591281187
171,2019,4,8,为999+做贡献,1,U_cheryl,641633391
172,2019,4,5,好嗨,0,想那一年的圣诞节,317133313
173,2019,4,5,感觉前奏好像咕叽咕叽,0,苏弃尘,618687357
174,2019,4,5,哈哈哈哈哈哈空ko言,0,阿卟哂,576056043
175,2019,4,4,记得高中那会特别喜欢这首歌，音乐高的那一段都是扯着嗓子唱上去，现在已经工作，回想起过去，还是高中最幸福最天真呐～,0,路飞大人的男人,128306522
176,2019,3,31,啦啦啦,0,starrylee,29431936
177,2019,3,29,"起床必听--孙燕姿《空口言》
开启满满活力的一天！",1,天使恋之吻,1454898411
178,2019,3,29,哭到不行 除了燕姿这首 奶茶的《风和日丽》和妮妮的《回家路上》我也是爱到不行！握爪[爱心],1,天使恋之吻,1454898411
179,2019,3,27,这已经是燕姿很新的歌了。,0,用户388076037,388076037
180,2019,3,24,快乐大本营开场曲[多多捂脸],0,Orangegrey,8930018
181,2019,3,21,超可爱的燕姿,0,伶伶伶呀,532777766
182,2019,3,20,最喜欢😍的类型,0,小懒男121,607826579
183,2019,3,20, mv很好看,0,236000,1435016266
184,2019,3,15,好听,0,wb0762,89239525
185,2019,3,14,真的好好听！！！,0,徘徊_列车,257122156
186,2019,3,12,不是，爱你哪怕比赛没有人给你比赛，观众这边走，爱您哪怕买票看呢。,1,牛肉野菜,119343220
187,2019,3,11,原来这首歌听的人这么少,0,乖一点我就抱你喔,547325373
188,2019,3,10,第一次听到这首歌还是 初中 今天突然想评论了 ,0,意达哟,71599944
189,2019,3,6,这是八年前孙燕姿全新录音室专辑《是时候》在音乐频道Channel V的宣传曲目，MV我看了好多遍，长发燕姿俏皮可爱，美到哭泣。同期，还有戴佩妮《回家路上》和刘若英《风和日丽》。唉，时间一点点偷走了好多东西💛,2,鄧不起N,292828147
190,2019,3,5,超级喜欢,0,矛盾-纠结体,477821346
191,2019,2,27,当年看mtv天籁村对这支mv很有印象 这么好听的歌竟然没有999？！,0,Venus__MA,107973006
192,2019,2,27,MV里的燕姿就是我理想的女生啊！！,0,qlz1995,262297290
193,2019,2,27,长发燕姿太美啦~,0,L悦星,480183134
194,2019,2,26,爱姿永远,0,糯米饭还是天桥那家好吃,78326617
195,2019,2,25,凭什么被人主zhai,0,Luck_cica,269854377
196,2019,2,25,可爱的姿妈,0,Carmanyj,300498261
197,2019,2,21,同城[大笑],0,又酷又帅吴彦祖,270807908
198,2019,2,17,日常表白我老婆,0,扛起孙燕姿就跑,2594529
199,2019,2,17,真爱不怕等待[呲牙],0,小懒男121,607826579
200,2019,2,14,分分离离ti实没关联,0,夜猫-兵临,1344355033
201,2019,2,13,空口言,0,静静听-首歌,619430089
202,2019,2,7,好听～,0,fukase---,481944010
203,2019,2,6,相当可爱了,0,kyrie-7丶,1381595894
204,2019,2,6,哈哈哈哈,0,kyrie-7丶,1381595894
205,2019,2,6,十三姐可帅可美可卖萌,0,kyrie-7丶,1381595894
206,2019,2,6,这首歌MV太萌了,0,kyrie-7丶,1381595894
207,2019,2,6,孙燕姿,0,kyrie-7丶,1381595894
208,2019,2,6,一人撑起评论,0,kyrie-7丶,1381595894
209,2019,2,6,萌化了,0,kyrie-7丶,1381595894
210,2019,2,6,MV太萌了,0,kyrie-7丶,1381595894
211,2019,2,6,评论怎么这么少？,0,kyrie-7丶,1381595894
212,2019,2,6,爱你怎么变成空ko言,0,将来老去,313675538
213,2019,2,3,这首歌很难唱真的,0,要去看老夏,327003159
214,2019,2,1,网易云的人真的也没什么品味了,0,小森林的伍斯特酱汁和酸米酒,277944645
215,2019,1,25,[多多耍酷][多多耍酷][多多耍酷][多多耍酷],1,很暖心的壮汉,415780283
216,2019,1,24,爱,1,Kiki未完成,123885215
217,2019,1,24,看mv像痴汉一样笑了三分半我丢[多多捂脸][多多捂脸][多多捂脸],2,麦给野,508597703
218,2019,1,21,之前新垣结衣一张照片的评论区说发福的孙燕姿,2,彼得潘与狼,261245021
219,2019,1,17,第一次听是在快乐大本营，孙燕姿去打歌~~,4,甜若甜,1638286907
220,2019,1,15,没有999？,0,feiffffelixxxxxlin,336271654
221,2019,1,15,总会想到 梦不落 和 咕叽咕叽,0,viiickeeey,284177617
222,2019,1,13,人好少哦,0,AaiIshAa,368711322
223,2019,1,12,"好听
好听好听",0,windbreaker风衣,1482000199
224,2019,1,11,听这首歌会给人很多开心的能量，mv也是超级萌的姿妈,1,nisho,74942350
225,2019,1,10,好像在QQ音速里听过呀，有没有小伙伴告诉一下～,0,谁用了我的煜焜,346198538
226,2019,1,8,可可爱爱,0,凌晨两点许愿酒精不再腐蚀血液,80429741
227,2019,1,8,希望2019 燕姿和 姿迷都开开心心， 如愿以偿。 ,2,孙燕姿的小迷妹啊,327977684
228,2019,1,5,999助攻,0,谁是清仔O_O,45335889
229,2019,1,5,没有999？？？,0,你枕边的月亮,338851863
230,2019,1,5,特意看了 的确是,2,明月先生,89177039
231,2019,1,5,秀儿,1,可塑的杯具,1394135100
232,2019,1,5,天长地久从来没实现,0,小仙女waw,432313655
233,2019,1,5,为什么谈恋爱的我从来没想过要过一辈子呢,0,铁柱居然被注册了,1500977005
234,2019,1,4,舅扶你,2,Rock_Beard,473492300
235,2019,1,4,曾经有个师傅喜欢孙燕姿。,0,坂上的人都唤我声建军妹妹,1567952090
236,2019,1,4,失恋也可以可爱呀,0,dolores-mond,131996469
237,2019,1,4,这首歌好简单霸道，在一堆苦情歌中听到，感觉心情都变好了～,1,-养怪兽的可可,275519303
238,2019,1,4,服,0,东风古月,440193105
239,2019,1,4,MV超级萌！,0,另-张脸,56020714
240,2019,1,4,2011年4月9日快本，你以一曲欢快的《空口言》，从此走进我的生活。,5,H-S_Sun,296312220
241,2019,1,4,999助攻！,0,加油啊开飞船的大哥哥,1368279288
242,2019,1,4,钻石笑容,1,仍有余力,345391206
243,2018,12,31,以前在电视台看的mv当时就觉得这歌真的很可爱🙈,0,Ddzz杜,266229442
244,2018,12,28,这首歌的mv 燕姿美爆,1,你姿我姿,466537747
245,2018,12,27,一定要去看这首歌的mv！,2,玉璧月华明MY,362046445
246,2018,12,26,超爱燕姿啦！！！,0,L悦星,480183134
247,2018,12,26,为什么没有999,0,L悦星,480183134
248,2018,12,25,评论辣么少[大哭],0,牛闪闪掰,445894212
249,2018,12,22,评论难得没过999,1,blue丶Tide,364196459
250,2018,12,22,可爱,1,另-张脸,56020714
251,2018,12,16,小时候就听到她的《遇见》，也喜欢。忽然觉得这个mv里 和女神新垣结衣有点像啊。,3,妳在他乡还好嗎,39659464
252,2018,12,13,可愛姿,1,星岛的妳,48746821
253,2018,12,12,可不咋地,0,煞笔零号,572503423
254,2018,12,11,网易云故事会开始,1,edccccccccccccccccccccccccccc,50023878
255,2018,12,9,音速关服了，青春真的完了,1,我在南方等你,266017145
256,2018,12,2,[大哭],0,绿豆Yilia,354335958
257,2018,12,1,超喜欢的一首,0,诸诉欢,40182579
258,2018,11,30,看完mv回来给你点赞,0,毛毛很大,290138717
259,2018,11,29,好听,0,顿涅茨克矿工,346791309
260,2018,11,24,这个MV   她吹风机那一刻。 妈耶  苏出少女心~,1,孙燕姿的小迷妹啊,327977684
261,2018,11,24, 这个这个 超喜欢， 越听越可爱。,0,孙燕姿的小迷妹啊,327977684
262,2018,11,20,就算 每天给我重复失去你的那一夜,0,嗨大七-1012,109586126
263,2018,11,4,反正都是空口言,0,阿崔哈,420817460
264,2018,10,25,这首歌搭上twice跳的wondergirls的sohot简直不要太配,0,立清问悦,126227918
265,2018,10,25,爱你怎么变成空ko言，哈哈哈好可爱的口音,1,Lyeenne,297240818
266,2018,10,24,爱你，最后还是变成了空口言,0,我叫野原新之助今年五岁了,39814732
267,2018,10,23,好歌不怕评论少~,0,大火鸡是英雄,414273444
268,2018,10,22,其实，感觉这首歌的歌词还是有点悲伤的,0,going_up_stef,372536854
269,2018,10,17,我只看到有胸[可爱],0,林守乐,55243746
270,2018,10,15,快乐大本营！,0,彼得潘与狼,261245021
271,2018,10,12,爱你哪怕比赛,0,ddarkwhite,548737444
272,2018,10,11,超级Q,0,是章鱼张,400055090
273,2018,10,8,我就是那次大本营入的坑，哈哈哈,1,纳小子真帅,427219096
274,2018,10,6,华语情歌都是伤心痛苦“离开你我很痛苦你不要我我很难过”这样的情绪，很少有这种活泼可爱直抒胸臆的表白歌“我就是爱你我在等你”,4,ShotaLatte,298137819
275,2018,10,6,这首歌竟然人这么少…？刚出专辑的时候对这首歌印象最深,0,ShotaLatte,298137819
276,2018,10,4,180°的mv也超萌,0,CHENYUDAN--,279712105
277,2018,10,4,当时这个mv简直可爱死我了,0,CHENYUDAN--,279712105
278,2018,10,3,评论数不真实[呆],0,TayIight,77789022
279,2018,10,2,Singapore Chinese[流泪],1,Fuzao13,122321266
280,2018,9,28,拉拉？,0,布六,11549081
281,2018,9,25,。。。。。空 ko言。。。,0,乔和Joi,246440006
282,2018,9,21,就不准人家只听歌不评论吗[呆],2,孙霉菲,486142030
283,2018,9,19,当时听这首歌的时候不知道为什么满脑子都在想任意门,1,瑄遥,311322603
284,2018,9,19,这首歌没有999？,0,伶伶伶呀,532777766
285,2018,9,16,伍家辉作曲，燕姿的银泰也是他写的~,0,navaney,303003911
286,2018,9,15,这歌没有999？,0,潘婷许多年,97782504
287,2018,9,14,评论这么少？！[惊恐],0,iamalvinwoo,346832507
288,2018,9,8,mv真的很好看！,0,--梁嗖嗖,45653099
289,2018,9,6,好听啊，我竟然才知道,0,windbreaker风衣,1482000199
290,2018,8,29,节奏超好，美姿超可爱啊啊啊,0,好桃女孩,360521214
291,2018,8,28,没有我的明天 你又怎会有明天,0,是叶蓓呀,131209664
292,2018,8,25,mv看不了,0,我想我只需要一把吉他,131864962
293,2018,8,24,没有我的明天，你又怎会有明天~hh，超萌的MV,0,对瓶子说早安,270853019
294,2018,8,24,第700评,1,浮躁的异想世界,572631665
295,2018,8,21,QQ音速,3,你的霉超疯已上线,370280802
296,2018,8,20,真可爱啊，我5000吨的少女心。啊啊啊,0,180cm一,115012093
297,2018,8,17,噗哈哈哈 当年燕姿带这张新专辑去快乐大本营宣传的时候 登场就唱的这首,2,你的李六六,115387336
298,2018,8,16,天长地久从来没实现,1,星岛的妳,48746821
299,2018,8,15,添砖加瓦999,0,左歌Caelyn,40774970
300,2018,8,10,爱你就像比赛 输了也爱你❤,0,Stefanie孫燕姿yanzi,1524249238
301,2018,8,10,推荐给所有热恋的女孩,0,Stefanie孫燕姿yanzi,1524249238
302,2018,8,10,超棒,0,Stefanie孫燕姿yanzi,1524249238
303,2018,8,10,这可能是狮子座的爱情宣言,2,乾隆十八掌,63687102
304,2018,8,9,爱你怎么变成空口言,0,stef瘾,450322136
305,2018,8,7,没有999？,0,可乐瓶吧,128436488
306,2018,8,7,最爱孙燕姿,1,跳舞的梵谷yanzi,318974517
307,2018,8,7,999，行不,1,跳舞的梵谷yanzi,318974517
308,2018,8,6,[亲],0,子之选天,1391150898
309,2018,8,4,贼喜欢歌名,0,_诗芊,81037679
310,2018,8,4,爱你怎么变成空口言,0,_诗芊,81037679
311,2018,8,4,姿迷无处不在，燕姿不可取代！,0,ideahow,584320361
312,2018,8,4,为什么没，999,1,跳舞的梵谷yanzi,318974517
313,2018,8,1,MV刘明,0,环市东吴彦祖,271124227
314,2018,8,1,爱你哪怕比赛,0,L悦星,480183134
315,2018,7,27,为什么还没有999+！,1,无深己,371115064
316,2018,7,26,姿迷无处不在，燕姿不可取代,2,跳舞的梵谷yanzi,318974517
317,2018,7,26,刷起来,2,跳舞的梵谷yanzi,318974517
318,2018,7,26,为撒没国999,1,跳舞的梵谷yanzi,318974517
319,2018,7,23,卷舌头！,0,__仰泳的鱼,251853956
320,2018,7,23,女神！生日快乐啦,0,跳舞的yanzi,287088787
321,2018,7,19,爱死燕姿啦～MV我姿也是有胸的[大哭][呲牙][呲牙],0,L悦星,480183134
322,2018,7,16,曲很萌，歌超凶,0,光阴最是化浮沫,340722855
323,2018,7,16,冷门神曲,0,VKINIG,1068106
324,2018,7,11,评论+1111111,0,我叫宋学习,310694097
325,2018,7,10,这么好听的一首歌,1,FrankAbagnale先生,359297580
326,2018,7,9,想念多过拥抱的时间,0,许辣辣La,411039211
327,2018,7,8,qq音速来的，好怀念,1,hydejekyll1705,485106660
328,2018,7,6,评论666，我真的不忍心多发一条（667）,0,胡萝卜炒蛋,265685335
329,2018,7,5,评论+1,0,没那么幸运z,477204429
330,2018,7,5,不合理啊，才664评论,0,卡布基诺的眼泪yxc,559617301
331,2018,7,4,"这首歌甜到爆炸
啊啊啊啊[色][色]",1,孤独时代的梵谷,441174270
332,2018,7,4,我来组成99+,1,孤独时代的梵谷,441174270
333,2018,7,2,这首歌无敌好听,0,你姿我姿,466537747
334,2018,6,29,回忆,1,哦珍妮花比尔斯,137203265
335,2018,6,27,这歌很好听呀，知道的人少了[憨笑],1,---biu-biu-biu---biu,88415356
336,2018,6,26,歌词是不是错了喔 不是没有了你的明天嘛,0,BVLI,52862475
337,2018,6,26,[吐舌],0,黑怕之王,126248702
338,2018,6,22, 高中最爱，刚出来的时候信息课上一遍一遍翻来覆去看的看 空口言和 当冬日渐暖 的mv,2,Ccoconut_YIU,248868403
339,2018,6,18,“没有我的明天  你又怎会有明天”,0,蛋黄君是我,307708437
340,2018,6,17,mv mv,1,_JamesLee,92344927
341,2018,6,15,这首姿的声音好可爱,1,FAKINGRID,380794258
342,2018,6,12,可爱(๑• . •๑),0,为何不放既是过往,405181270
343,2018,6,9,初三开始喜欢孙燕姿，现在大三了,2,林叶上,93792893
344,2018,6,8,这么多歌，我只下载这张,1,熬夜脱发零食长痘烟酒早衰,313780184
345,2018,5,30,爱你怎么变成空口言,0,爱斯基摩的风衣,45448312
346,2018,5,28,爱你没有变成空口言，燕姿，爱你[爱心][爱心],0,归寂中_,636331134
347,2018,5,27,我喜欢你，孙燕姿，终于表白了[亲亲],3,矛盾-纠结体,477821346
348,2018,5,27,可爱,0,晴天一阵风,320422673
349,2018,5,27,你最6,0,大天狗v,425124720
350,2018,5,26,辣么好听！！！,0,_一团白,559847684
351,2018,5,24,冷门神曲,0,_一团白,559847684
352,2018,5,21,不敢相信没到999,0,达达小天才,107147955
353,2018,5,19,[鬼脸]是的,0,入睡前留的一盏灯,340559570
354,2018,5,19,(´･_･`)我是周杰伦和蔡依林欸,1,入睡前留的一盏灯,340559570
355,2018,5,18,我也是这几天想起来,0,入睡前留的一盏灯,340559570
356,2018,5,16,这首歌初中超喜欢呐。qwq听的人好少,2,入睡前留的一盏灯,340559570
357,2018,5,16,"这歌超好听，

谁需要你啊
没有你的明天
我的一切才会完美",0,破费一路声,418970941
358,2018,5,11,MV真的超萌啊,0,老谭老王的迷妹,1347469785
359,2018,5,11,燕姿贼可爱,2,老谭老王的迷妹,1347469785
360,2018,5,11,姿姿姿,2,孙燕姿是光芒i,299308703
361,2018,5,9,评论咋这么少？,0,nidemingzi你的名字,586048443
362,2018,5,8,等我嗓子好了，我一定要唱这首[撇嘴],0,nidemingzi你的名字,586048443
363,2018,5,8,爱一点点，唉一天天，胖一天天[大哭],0,不吃夜宵小洋,543159742
364,2018,5,7,MV贼好看[色],0,微浮躁,331966034
365,2018,5,7,助攻这首9999,1,达龙福克斯littlefox,377376278
366,2018,5,4,希望早日999,1,臭屁王哦,620579328
367,2018,5,2,为什么没999，不科学,1,newlifeyyf,1289436060
368,2018,4,25,可爱可爱[开心],0,wwwwwww--_--,383156127
369,2018,4,25,我们UC部缺人，来吗？,1,面条和果子,74231705
370,2018,4,24,故事会都不敢这么编,2,edccccccccccccccccccccccccccc,50023878
371,2018,4,23,这个既然没999,0,这么一个男孩,644200663
372,2018,4,22,真是个氧气少女啊😊,2,有橘生淮南,432411313
373,2018,4,20,快本快本，这是又要去重温的节奏了，刷了好几遍我想和你唱，每次都被感动到哭，快本也是,0,枯木-不朽,373801319
374,2018,4,20,还记得堂姐在这首歌mv出来的时候，第一时间就给我分享了，超级可爱，动图至今都留着呢,0,枯木-不朽,373801319
375,2018,4,20,超喜欢的一首,0,孙燕姿的人,627071379
376,2018,4,19,吹风机吹风机,1,结菜,57780277
377,2018,4,19,专辑最佳,0,-是的,64921782
378,2018,4,19,这么萌的燕姿，评论怎么才这点,1,沙坡仲清,250242272
379,2018,4,16,嗯呐，森气,0,请给我惊喜-,568506489
380,2018,4,16,就是,0,图画簿o,274655199
381,2018,4,13,不是999+，不科学，明明辣么可耐。,2,请给我惊喜-,568506489
382,2018,4,12,没有我的明天，你有怎会有明天,1,横巷无猫,366372061
383,2018,4,9,这么少的评论是我穿越回去了？,1,季浮,17584727
384,2018,4,7,为999助攻,1,潋心fiona,294595885
385,2018,4,7,2011年看快本空口言开始喜欢你。那时才11岁,1,brankay,286551558
386,2018,4,7,mv太可爱了,2,H-S_Sun,296312220
387,2018,4,7,贝贝你听了很久，和翻唱过的歌。我过来哦！[亲亲],0,李清树,421960120
388,2018,4,1,好听到抖腿。,2,陈小手是一把好手,41616264
389,2018,3,31,没有我的明天，你又怎会有明天,0,姿态yzi,620013251
390,2018,3,31,爱一点点，哀一天天,0,姿态yzi,620013251
391,2018,3,29,超爱这首歌好吧,0,我说我是美女蛇你信吗嘿嘿嘿,107546447
392,2018,3,29,爱你哪怕比赛，就算注定失败！,0,连钦亮,106632778
393,2018,3,28,可爱本爱,0,komorebi_la,87522663
394,2018,3,26,这首一定要配合MV服用啊,2,ZY-7,17531038
395,2018,3,25,[呆],0,思念放空的气球,62055304
396,2018,3,19,居然还没有999,0,你年少掌心的话,292899666
397,2018,3,18,看了充氧期，想起空口言,3,going_up_stef,372536854
398,2018,3,18,一转眼这首歌已经7年了 犹记得吹轰机的 boom boom boom~,3,等到放晴那天丶,118022596
399,2018,3,15,萌翻啦[亲亲],1,赟光,454310581
400,2018,3,15,朱琳可好,0,阿小鼎,395255639
401,2018,3,15,爱,1,阿小鼎,395255639
402,2018,3,15,"好听的歌曲
",0,Hett_designed,17674552
403,2018,3,14,嘿嘿嘿,0,stef流年,1367583538
404,2018,3,12,来了[鬼脸][鬼脸],0,达龙福克斯littlefox,377376278
405,2018,3,10,当烦忧被它杀死的时候就是心情up啦,1,薄荷绿指甲剪,275988546
406,2018,3,9,[爱心][爱心][钟情][钟情],1,破费一路声,418970941
407,2018,3,8,七年[爱心],1,孙燕姿的锁骨,17714009
408,2018,3,7,这首歌太迷了,2,车礼绿树,448401844
409,2018,3,7,mv超可爱,1,毛毛虫0912,323067104
410,2018,3,7,怎么跟我一样可爱呢[大笑],0,Sayeah-,455501011
411,2018,3,6,前999！！！！,0,清歌颂酒,121068506
412,2018,3,4,啊可爱,0,蹴击,352172857
413,2018,2,28,七年前快乐大本营[呆],3,stef流年,1367583538
414,2018,2,26,变成,1,未完成19991230,503310441
415,2018,2,26,怎么,1,未完成19991230,503310441
416,2018,2,23,记得当初yanzi去快乐大本营宣传这张专辑的时候唱的就是这首歌，没想到现在这么小众？,2,GlolyTe,562012986
417,2018,2,22,嘟嘟 嘟嘟 嘟嘟 喜欢前奏那个游戏机一样的音效~,3,eslpoder,340473330
418,2018,2,21,mv,1,跳舞的反骨,33249451
419,2018,2,21,被人住宅？[大哭][大哭],1,破费一路声,418970941
420,2018,2,21,好好听,1,破费一路声,418970941
421,2018,2,18,超喜欢这首,1,再灯,305612599
422,2018,2,15,男盆友把这首歌的MV给我看，哄我开心[可爱],1,小海豹seal呐,415148363
423,2018,2,14,"近来把孙燕姿喜欢中更加喜欢的歌收藏在我自己的小歌单中
当听到 
爱你怎么变成空口言 天长地久从来没实现 想念多过拥抱的时间 我的眼泪 一点一点 之后就把这首歌收藏起来了[幽灵]",1,architectureloving,137664426
424,2018,2,14,评论这么少对得起这么可爱的mv吗,2,H-S_Sun,296312220
425,2018,2,11,因为这歌网易云才有版权,0,空瓶xy,119639667
426,2018,2,10,可爱死啦。。。,0,顿号君,94573452
427,2018,1,30,很有个性呀,0,王金1711,632842409
428,2018,1,29,恭喜恭喜,0,胡郎远,102221229
429,2018,1,24,满满的回忆,0,潘婷许多年,97782504
430,2018,1,24,啊呀，半夜听燕姿满满的幸福感,0,糖分6002,375582617
431,2018,1,23,上架不容易,0,yanzicst,79056105
432,2018,1,22,厉害了，我的哥,0,淡笑人生170624,515456702
433,2018,1,22,拥有了燕姿的明天 我的一切才算完美[色],2,姿迷Kepler,62776498
434,2018,1,22,"《充氧期》MV可否与之一萌？
",2,姿迷Kepler,62776498
435,2018,1,20,啥 为啥这首歌人这么少 小学爆喜欢,1,珍奶酱,315156045
436,2018,1,19,爱你哪怕比赛就算注定失败我也要一直陪着你,2,孙燕姿是光芒i,299308703
437,2018,1,19,为啥好少人这首[惊恐][惊恐][惊恐],0,L悦星,480183134
438,2018,1,19,我爱你！！！女神,0,二然君,110861242
439,2018,1,19,初中超级喜欢！！觉得超级元气,0,二然君,110861242
440,2018,1,18,超可爱哈哈哈,0,最喜欢吃肉啦,371150408
441,2018,1,15,没有我的明天，你又怎么会有明天[开心]哈哈哈,0,鸟泥侠,322077525
442,2018,1,14,不是999？！,0,强大的小明,287917064
443,2018,1,14,萌一脸～～liao,0,josherryyu,620433041
444,2018,1,13,😁😁😁😁😁😁真的很不错,0,都暻秀的肚皮,266926985
445,2018,1,13,好听,0,都暻秀的肚皮,266926985
446,2018,1,13,长发的燕姿，温柔飘飘[可爱][可爱],0,L悦星,480183134
447,2018,1,13,mv萌死啦！看不厌[可爱][可爱],0,L悦星,480183134
448,2018,1,8,想念多过拥抱的时间,0,Wenjialin,132888301
449,2018,1,6,好喜欢长发的燕姿,0,大便曌,274705565
450,2018,1,3,mv百看不厌呀，哇哈哈。,0,许我七分暖,447904314
451,2018,1,2,正解,0,CHENYUDAN--,279712105
452,2018,1,2,哈哈哈,0,CHENYUDAN--,279712105
453,2018,1,2,燕姿真的好可爱呀。什么发型都hold住。我女神呀呀！,1,CHENYUDAN--,279712105
454,2018,1,2,[呆]急刹车,0,花间蝶飞舞,106605454
455,2017,12,31,听这首歌真的是要配上MV才完美啊，赞👍,1,H小流氓,297607033
456,2017,12,29,听这首歌的时候一定要配上mv嘛,0,Stefanie_kf,260396530
457,2017,12,28,这首很好听，助力999,0,小岛肚子饿,41313116
458,2017,12,27,当妈妈以前也是少女啦～,1,姿姿不倦hhh,574992335
459,2017,12,25,到哪儿都有编的故事，快成知乎了。,0,雨还是不停地落下_,100825170
460,2017,12,24,超级萌这首歌。,0,Desperado_mn,295317720
461,2017,12,24,孙燕姿很多歌都是 第一次听不喜欢，越听越喜欢,1,HoueiYPR,68304466
462,2017,12,24,冬夜和这首，不过后来就都弃了[流泪],0,胡郎远,102221229
463,2017,12,22,MV把我美到窒息[钟情][钟情],3,玛拉不麻辣丷,532607197
464,2017,12,22,mv真的好好看[色][吐舌][吐舌],2,Stefanie_kf,260396530
465,2017,12,21,哇 居然没有999➕,0,你说你喜欢周杰伦,337828054
466,2017,12,21,爱你哪怕鼻塞,1,Tanya的小迷妹,286414809
467,2017,12,18,[吐舌][撇嘴][牵手][牵手][弱][弱][可爱][憨笑][呲牙][呲牙][呲牙][呲牙][呲牙][呲牙][呲牙][呆][大笑][大笑][大笑][大笑][大笑][大笑][大笑][可爱],0,FrankAbagnale先生,359297580
468,2017,12,17,美美的姿,0,纳纳纳纳纳小子,485985280
469,2017,12,15,好好听！！！现在才反应过来这专辑的歌我都喜欢！超喜欢！,0,Luins-,261547179
470,2017,12,14,第一次听是在初二，过了这么多年还是觉得很好听。,0,不会吃腻的饼干,60881014
471,2017,12,10,明明很好听。,1,我有一个海胆,115590774
472,2017,12,8,为啥感觉这是这张专辑听得最多的歌[汗],1,浮生一梦几度休,135301050
473,2017,12,8,我来做第521条评论，嘻嘻，这首歌的版权终于回来啦[大笑],0,燕姿173,80579864
474,2017,12,7,这句话我读了3遍，看懂了[大哭],1,Aska丶,40240931
475,2017,12,7,"还能

",0,叔叔请你吃波板糖,47388606
476,2017,12,6,哈哈,0,_吴子诚,275017518
477,2017,12,5,小时候听姐姐唱天黑黑，后来逐渐开始听的燕姿。那时不能理解姐姐不吃早餐省下零花钱买燕姿专辑这么奇怪的事，省下的钱不如拿给我买雪糕，再多出的我可以买游戏王卡片啊！为此气了姐姐一整个夏天！[开心],2,面对梦想根本把持不住,327700732
478,2017,12,1,mv超可爱～,1,rinsing爱米粒,246806416
479,2017,11,29,评论这也太少了吧,1,有梦想的人不空大,62767257
480,2017,11,27,佩服陈导是怎么做到让一个让对歌迷撒娇会说“杀了我吧”的人卖萌的[大哭],3,小流氓OLS,619688078
481,2017,11,26,初中第一次听这首歌的时候感觉好烦，妈耶现在感觉好听极了,1,是SQ,345413431
482,2017,11,25,打卡,0,孙燕姿的小迷妹啊,327977684
483,2017,11,20,我高中自己唱这首歌 唱出了rap的感觉……全程念出来,1,蜗蜗小姐姐,370332530
484,2017,11,19,很可爱的一首歌！,0,闻噫,97266462
485,2017,11,18,上快乐大本营时燕姿唱了这首歌[亲亲],3,叶比明,344905933
486,2017,11,16,每首歌都是我和你，想在每首歌下面和你表白，我真的超级超级超级喜欢你[大笑],3,anyuey,545685437
487,2017,11,16,炒鸡喜欢这个mv,0,-钢铁小汤圆,248045653
488,2017,11,15,怎么会才五百多评论！,0,怪兽屿,503609024
489,2017,11,15,买了CD 的我来报道,1,we_met_before,122208219
490,2017,11,14,第一次听的时候，还在看音乐风云榜和金曲时刻，那时候怎么也不会想到，曾经明天都看的节目，也渐渐不再看了,0,VSheathV,429377608
491,2017,11,14,啊啊啊啊[惊恐],0,可阳快飞,115746724
492,2017,11,13,居然才499,0,__休止符,115717750
493,2017,11,13,😘😘😘,0,快乐王小矿,125332377
494,2017,11,9,听到跳舞,0,哈里路丘,373197131
495,2017,11,9,记得以前一个人的时候玩QQ音速的时候跟一个男性朋友一起玩月亮歌，我太菜了而且月亮频道都是大佬我不好意思了想走，然后他就帮我选一首猪都会的空口言,0,亚男小天才,277474746
496,2017,11,8,好听[呲牙],0,谁动了我的面包,66167240
497,2017,11,8,我来补评论啦,0,帐号已注销,61113723
498,2017,11,7,999助力,0,浓情云朵,130297883
499,2017,11,7,这首真的，很好听啊，很可爱啊！,0,浓情云朵,130297883
500,2017,11,7,这首歌超好听为何没999,0,寒拾泉,334582186
501,2017,11,7,哇，这首也是中学时代很爱系列。,2,浓情云朵,130297883
502,2017,11,6,MV里的燕姿又美又萌，太可爱了~~,0,Boyka_a,5739174
503,2017,11,4,希望打开网易云的时候会有消息是被赞的,5,还要吃桃子嗎,517470162
504,2017,11,4,我也是因为这首歌~,0,林和熊,436543463
505,2017,11,3,因为有很长一段时间网易没有这张专辑的版权，，所以评论都很少,1,Stef小傻,95849389
506,2017,11,2,...？我当初就是因为这首歌喜欢上我姿的 可以说是巨可爱了 怎么会只有这么点评论？？,2,三行柳,80269724
507,2017,11,1,开头的调调到底是啥,0,只是循环,137007924
508,2017,10,31,超洗脑的这首歌，无限单曲循环～,0,潋心fiona,294595885
509,2017,10,31,最喜欢空口言，明天的记忆。180度，当冬夜渐暖这几首[奸笑],2,藤子小小,259233057
510,2017,10,30,这张我高三时的专辑，我最喜欢的就是这一首了。和楼下一样，也好奇为啥没有999+啊～,2,尹与柴_,41776449
511,2017,10,30,完全好听，评论这么少不科学,1,一色梅,286572502
512,2017,10,30,小时候看快乐大本营看到的燕姿唱这歌，之后就入坑了d(ŐдŐ๑),4,flytung,325906153
513,2017,10,29,去唱KTV找了很久没找到这首歌，超气，明明MV那么好看,2,贵族之家,248348779
514,2017,10,29,之前是没有版权的,0,我们始终相信,801120
515,2017,10,29,好听,0,我们始终相信,801120
516,2017,10,29,MV萌到没朋友,0,八月长安x,263542124
517,2017,10,28,好听[色],0,cecile___,85911026
518,2017,10,28,败给方言,0,花老师小课堂开课啦,353426857
519,2017,10,28,多么担心这个你也听不懂,0,稻名寺,298450851
520,2017,10,28,完全OK,0,花老师小课堂开课啦,353426857
521,2017,10,28,你抓主意,0,稻名寺,298450851
522,2017,10,28,mv超美,0,想去吹太平洋的风,431966292
523,2017,10,28,话事啥意思？话多？[大哭],0,花老师小课堂开课啦,353426857
524,2017,10,28,迪迦奥特曼,0,突然发现手机里只有一个音乐软件,18545834
525,2017,10,28,[大哭][大哭]你话事,0,稻名寺,298450851
526,2017,10,27,可爱死了[色],0,花老师小课堂开课啦,353426857
527,2017,10,27,可爱吗[大哭]？真的可爱吗？,0,稻名寺,298450851
528,2017,10,25,评论竟然这么少 很欢快的一首歌呀 在ktv唱也很嗨哈哈哈哈,1,喱头萌,92856026
529,2017,10,24,高中时出的这个专辑，最爱的一首,0,Zzzzzzzzx1706,528670768
530,2017,10,23,这首歌的MV好好看~❤,1,三年二班的乔克叔叔,328095614
531,2017,10,22,记得听这首歌的时候每天早上吹头发都要对着吹风机唱这首歌,0,奶酒弟弟,131892707
532,2017,10,21,真爱不怕等待,0,那做梦,339158493
533,2017,10,20,评论这么少:(,1,黄海洋SYZ,90794916
534,2017,10,20,给燕姿打call,0,你眼睛会笑R,76511718
535,2017,10,20,你这号召笑死我了哈哈哈,0,你眼睛会笑R,76511718
536,2017,10,20,是时候这张专辑的歌都不错,0,麻衣雅嘿,129499875
537,2017,10,19,必须999,0,黑色的黑色的黑色,450349236
538,2017,10,18,454了~  助力999+  人人有责  我参与了 你呢？,4,丹尼尔帕特,56145905
539,2017,10,18,是我的,0,hotwind没有小尾巴,265614513
540,2017,10,18,燕姿的快歌慢歌都好听,0,幸运刘小钊,72318451
541,2017,10,17,哦哦哦哦哦哦哦哦哦哦哦哦哦为什么燕姿能这么可爱,0,梅菜扣肉OvO,73709058
542,2017,10,15,耶耶耶耶欢脱！,0,你是无端风波_,132521755
543,2017,10,14,好魔性的一首歌，第一印象并不喜欢，但又一直想回来听[大哭],0,张小雨在看风景,73552455
544,2017,10,14,哈哈哈哈同意,0,hotwind没有小尾巴,265614513
545,2017,10,13,辣么辣么美的燕姿！！！,1,落落04,348070621
546,2017,10,13,爱你哪怕比赛 那句 唱得好像句英文[大哭],2,账号己失踪,249593025
547,2017,10,13,最美燕姿,0,晴天WD,583408789
548,2017,10,13,[亲亲][亲亲][亲亲],0,晴天WD,583408789
549,2017,10,10,这首歌的MV超好看[呆],2,贺sunshy,77577646
550,2017,10,10,明明很好听，怎么评论那么少,0,总是记不住的ID,113093537
551,2017,10,10,想念多过拥抱的时间心疼异地恋,0,兔子大人吖,319476658
552,2017,10,10,居然只有四百多评论,0,兔子大人吖,319476658
553,2017,10,7,想念多过拥抱的时间,0,nifeng910731,270546535
554,2017,10,7,坠砸那儿赶来听www,0,净流_My,84512584
555,2017,10,5,我就是这首歌入坑的！,3,趣多多嫌你胖,130715315
556,2017,10,3,别人住宅 哈哈哈哈哈哈 好可爱的口音,1,THE__STARRY_NIGHT,267370203
557,2017,10,3,我还会看,0,THE__STARRY_NIGHT,267370203
558,2017,10,3,都在刷版权回来了 网易云崛起了,0,THE__STARRY_NIGHT,267370203
559,2017,10,1,这点评论？,0,阿肥89757,17780385
560,2017,9,30,燕子对节奏的把控真的好棒，每个动作都在节奏上，就算是没歌词的地方。总的来说，赏心悦目！,0,欧阳藏藏,117467462
561,2017,9,28,[呲牙]早,0,用户77622058,77622058
562,2017,9,28,永远记得那年在桌边笑到哭泣的快乐大本营和唱这首歌的你,0,电灯豆豆,10195698
563,2017,9,26,我女神,0,抹茶咖啡有点酸,305305026
564,2017,9,26,我又来从歌里面找答案了,0,AntiOracle,387115534
565,2017,9,26,可爱,0,sometimeo,29271225
566,2017,9,25,"终于有版权了",0,达龙福克斯littlefox,377376278
567,2017,9,21,很意外怎么没人？高中听得刚出的时候就很喜欢,0,ShotaLatte,298137819
568,2017,9,20,好听,0,凉夏晚晴,295540384
569,2017,9,18,超爱,0,命运石之门的选择灬,132918011
570,2017,9,16,助攻,0,lancelotee,71321835
571,2017,9,16,打卡,0,lancelotee,71321835
572,2017,9,16,耳机福利,0,我永远喜欢汻曉鶄,410087538
573,2017,9,15,没有我的明天 你又怎会有明天 嘻嘻,1,黑怕之王,126248702
574,2017,9,13,这首歌mv最喜欢了  好可爱的,1,SET天月山,247550745
575,2017,9,13,恩,0,sometimeo,29271225
576,2017,9,13,萌到爆炸[亲亲],2,我是anna_anna是我,90870647
577,2017,9,11,之前只能看mv，终于有歌听❤️,0,doublep2,314935881
578,2017,9,8,魔性的歌,1,佐鸣天道,368511725
579,2017,9,6,网易云跟我玩真的了[奸笑],0,稀雨霏微,433872639
580,2017,9,5,我姿颜饭很多[吐舌],4,KitKat__,41723861
581,2017,9,3,当年这张专听了很久,0,败犬小王w,81678888
582,2017,9,3,ᙏ̤̫,0,莉泽露蒂,406278862
583,2017,9,2,燕姿太喜欢了,1,贺善柯-Jack,336305233
584,2017,9,2,哈哈  真好  网易云音乐终于有这专辑的版权了,1,Tiger-----,274981510
585,2017,9,1,[大笑],0,九七三二,407063374
586,2017,8,29,好听啊啊啊 身为一个女孩子既然不能给喜欢的人唱周杰伦那就唱孙燕姿吧,1,夢里带我去远方_,119328658
587,2017,8,29,还是那个味道一听就是燕姿,1,我的昵称你看不见,254165783
588,2017,8,29,疯狂打call,0,GrandmaLion,56455831
589,2017,8,28,好可爱，,0,黑夜老友来了,444232415
590,2017,8,27,[憨笑],0,小鱼才怪,533754778
591,2017,8,27,最喜欢《是时候》这张了,1,向往北方的日子和乐子,75903833
592,2017,8,27,版权回来了[憨笑],0,向往北方的日子和乐子,75903833
593,2017,8,27,MV萌萌，旋律也是好听[可爱],0,nifeng910731,270546535
594,2017,8,26,[爱心],1,Kepler-3,378301025
595,2017,8,24,[爱心],1,啊國_,331090101
596,2017,8,24,[色][色],0,Super丶ZTJ,27597331
597,2017,8,24,天啦，燕姿太可爱了~~~[钟情],1,贪杯的橘猫,301894912
598,2017,8,24,戴帽子那下帅爆了[亲亲],1,爱久见人心2017,440499658
599,2017,8,23,MV百看不厌,1,甫大夫,80210487
600,2017,8,23,燕姿女神，可惜我是男孩子，没有那么好听的声音,0,木自,285110600
601,2017,8,23,看东西来的,0,子轩初来乍到,538111159
602,2017,8,21,KTV这个真的很拉动气氛，而且超萌,0,凹里佛尔,124202785
603,2017,8,21,才不是[奸笑],0,EFLITE,9762461
604,2017,8,21,老夫的少女心炸了🙂,0,跳舞的yanzi,287088787
605,2017,8,21,萌翻！！999+前留言,0,Awn鱼干铺,99049882
606,2017,8,21,长发燕姿，那一吹风机的萌动，简直谋杀了我。虽然我并不是燕姿的铁粉……,0,贫僧法号大木,51232844
607,2017,8,21,看了“好听却没广为流传的歌”来听的，事实确实是这样！！,0,W_随心_随我,451608981
608,2017,8,21,超级喜欢这首！！,0,Dinqi,409808918
609,2017,8,20,没有了你的明天我的一切才算是完美,0,木子王可-,268353457
610,2017,8,20,哇 版权回来,1,悠哉的Cat,127998372
611,2017,8,20,这首歌真的好萌啊,0,船船cyz,394675456
612,2017,8,20,人好少，我先用留个37码的鞋印，让她火,0,清风少女是我不是我,379648063
613,2017,8,20,MV里我姿扎头发和最后关门的瞬间简直是太美好了[色][色][色][色],0,eki7,329922215
614,2017,8,20,那些翻着评论 却不评论的人 才是真正孤独的人 亲爱的陌生人 当你看到这条评论的时候  现在你不是一个人 你还有我陪着你 此刻 我爱你,1,江里浪,397716317
615,2017,8,20,MV真的很可爱,0,跳舞的yanzi,287088787
616,2017,8,20,美到爆炸哈哈,0,-RADIO,489175504
617,2017,8,20,啊哈哈。,0,望你也尽兴i,412039961
618,2017,8,20,这首歌蛮好听，只是听过的人太少,0,任小仙儿吖,336940373
619,2017,8,20,好萌的歌呢,1,柳亚子丶,403941924
620,2017,8,19,366 999+前来过[幽灵],0,话山姑娘,534466876
621,2017,8,19,[跳舞],0,话山姑娘,534466876
622,2017,8,19,好可爱的mv,0,喵咕先僧,407008000
623,2017,8,19,999＋前我的评论[大笑],0,努力挣钱养狗子,336181294
624,2017,8,19,999+前我的足迹[亲亲],0,人间的春日远山,494212624
625,2017,8,19,被首页推荐来然后爱上这首歌的赞我好嘛！,1,漫川清梦,476361877
626,2017,8,19,终于有版权了[流泪][流泪],1,陈惜xi,3325290
627,2017,8,19,999+留名,0,焦啊焦,110995629
628,2017,8,19,趁999 前 留个言,0,月半月半白勺月半,369761053
629,2017,8,19,留个爪子[憨笑],0,别撑场170709,537261364
630,2017,8,19,完全以为mv喜欢上了这首歌[爱心],0,房东放开我家猫,496218514
631,2017,8,19,[呆][呆],0,想在龙哥睫毛上睡觉觉,565216262
632,2017,8,19,打卡,0,得水老师,40421078
633,2017,8,19,超好听的，我从初中听到现在呢[爱心],0,木子3山风,340368673
634,2017,8,19,这首歌评论这么少[惊恐][惊恐],0,木子3山风,340368673
635,2017,8,19,高中超喜欢的啊喂,2,盐有点少,439920868
636,2017,8,19,有点电音吗？,0,SpirtAnimals,49291178
637,2017,8,18,一厢情愿就要愿赌服输,0,米什银_,329122005
638,2017,8,18,评论这么少，,0,贺善柯-Jack,336305233
639,2017,8,18,这首超好听,0,有时候的夏,92221771
640,2017,8,17,这个mv我小学在电视上看过几十遍哈哈哈,1,一颗香槟星,63091746
641,2017,8,17,mv強推！❤️,1,大小眼聂聪,42713045
642,2017,8,15,[憨笑][憨笑][憨笑][憨笑]我坐等它火,0,糖唐泡泡,305924574
643,2017,8,14,🌸,0,YAMDFL,506447294
644,2017,8,14,我觉得世界上最幸福的男人就是她老公：纳迪姆！好羡慕嫉妒恨！！！[流泪][流泪],2,爱姿病患者却仍姿迷不悟,534742072
645,2017,8,13,快歌慢歌，长发短发，燕姿永远是最爱(⑉°з°)-♡,2,瓦尔登湖边的猫头鹰,124450332
646,2017,8,13,[爱心],0,wokansheihewoyiyang,113113844
647,2017,8,12,我想我这辈子唯一欠的对不起就是那个第一次唱空口言给我听的女孩,0,是困,33956637
648,2017,8,12,人好少啊，这可是燕姿,1,我想起我以前的小喵在椅子上睡,407774231
649,2017,8,11,居然没有999＋[惊恐],1,ice_叶,321294734
650,2017,8,11,我姿打卡,0,春水煎茶zzz,298330273
651,2017,8,11,表白我姿,0,forbe,125980582
652,2017,8,11,网易云改版啦[呆],0,littleyilia,101047897
653,2017,8,11,空口言真的emmmm,0,小仙女那啥,258647010
654,2017,8,11,想念多过拥抱的时间,0,wyman君,309278991
655,2017,8,11,爱你怎么变成空口言,1,wyman君,309278991
656,2017,8,11,以前没听过歌只看过mv吹风机那段的动图，当时就感觉这个女的怎么这么好看,0,KagariAtsuko_,110959160
657,2017,8,11,因为版权刚刚回归不久,0,抛物线Ai,75868101
658,2017,8,11,这首歌一定要看mv，但为什么评论这么少呢,0,环市东吴彦祖,271124227
659,2017,8,10,爱你只是空口言,0,海绵爸爸ei,439584498
660,2017,8,10,[口罩][口罩],0,遇姿人,541269428
661,2017,8,10,我女朋友,0,遇姿人,541269428
662,2017,8,10,为什么不是999+,0,偷就完事了,114599615
663,2017,8,10,萌萌哒～夏天就要听这种歌～好欢快呀～,0,小笨登儿,86636176
664,2017,8,10,当年就是在电视上看到这首歌的mv 爱上这首歌滴！,0,鱼一滴点儿,80627121
665,2017,8,10,这么好听的歌居然没有999？？？,0,牛闪闪掰,445894212
666,2017,8,10,嘻嘻嘻嘻想我不咯,0,Sumeyy,99510035
667,2017,8,10,居然可以听了[爱心],1,巴扎嘿嘿嘿嘿哈,101892722
668,2017,8,10,可爱的燕姿,0,Sumeyy,99510035
669,2017,8,10,💖💖💖,0,Tuesday午睡时刻,88782491
670,2017,8,10,"""我爱你""不是随便能给爱人说出口的，它是感情的升化，是""我喜欢你啊""之后的平淡生活的酸甜苦辣，太多年轻人爱空口言了，你说一句爱你会停留多长时间呢，时间是一个可怕的东西，会改变很多，也会让你用""空口言""爱上许多。",2,mjss1丶sea,131150557
671,2017,8,10,好可爱啊！,0,你的面包,337582696
672,2017,8,10,[亲亲],0,Stefzizi,440964997
673,2017,8,10,有版权啦[惊恐],0,Stefzizi,440964997
674,2017,8,10,希望孙燕姿跟周杰伦一样，每首歌都是评论999+ .不过好喜欢这首，希望像 咕叽咕叽一样被徐佳莹翻唱，,0,Leo羽羊,475190119
675,2017,8,9,为毛没有999+ 昂！,0,一堆排骨喔,45049282
676,2017,8,8,[爱心][爱心][爱心][爱心][可爱][可爱][可爱][可爱]喜翻,0,阿Dar,94482447
677,2017,8,7,这歌好喜欢好喜欢[亲],0,季碳Kundera,126971019
678,2017,8,3,这么好听的歌评论这么少，不服，哼,0,种蘑菇的提莫菌,135231362
679,2017,7,31,这张专辑竟然突然！有！版！权！了！！！,1,Locat守护神,103847129
680,2017,7,31,打卡,0,我只会乱乱唱,272309134
681,2017,7,30,然而苏打绿的歌都下架了…(哭😭,1,無與倫比的轻疯要喝蘇打,133190678
682,2017,7,29,可爱,0,Ryken登峰,258457465
683,2017,7,29,这首歌的MV真的增色不少。。。,0,某个时候我们一起低头,426552947
684,2017,7,29,我有这首歌MV的高清版。,0,草杆子st,246182342
685,2017,7,28,有版权了吗？我都是从别的渠道下载到本地然后用网易云听的,0,Edmond_Cho,105188880
686,2017,7,26,Mv看完就想找个这样的女朋友啊[惊恐],0,EFLITE,9762461
687,2017,7,25,[可爱],0,我头痛了额,529150995
688,2017,7,25,别抢别抢    是我的,0,奕_R,358009104
689,2017,7,25,[惊恐][惊恐][惊恐]居然有版权了,0,奕_R,358009104
690,2017,7,25,因为以前没有版权,0,stupkid,106909294
691,2017,7,25,居然有版权了,0,stupkid,106909294
692,2017,7,23,和前任去武汉看燕姿演唱会的高铁上，他哼了一路空口言，,3,载我回家_,72880799
693,2017,7,22,萌萌的,1,staymagnum,395749734
694,2017,7,20,这首评论怎么这么少，那么萌哒。,1,咕叽-__,543531996
695,2017,7,20,终于有版权了©️,1,Immersion哼,323451727
696,2017,7,19,爱你哪怕比赛真爱不怕等待[亲亲],0,透明______,359274026
697,2017,7,18,就算注定失败,0,-HiraKo,124119686
698,2017,7,17,有一种情绪是只想听孙燕姿,0,想去吹太平洋的风,431966292
699,2017,7,17,恭喜大公司网易终于有这张的版权了，开心[可爱],4,stef小燕飞飞,263481393
700,2017,7,16,～,0,霜落色愈浓,419209732
701,2017,7,16,[爱心],0,wokansheihewoyiyang,113113844
702,2017,7,16,这张专辑终于可以听啦，,0,想去吹太平洋的风,431966292
703,2017,7,15,还是在很多年前快乐大本营上听见 ♥️,1,百年不禾,278251661
704,2017,7,14,MV可爱炸,0,八宝蔡菜菜,376055697
705,2017,7,14,我的[怒],0,用户77622058,77622058
706,2017,7,12,版权刚回来，很多人还不知道呢,0,封若无灵,20485755
707,2017,7,12,[爱心],0,张健969,119076741
708,2017,7,12,快乐大本营！懂得赞一个！,0,RAWMAN,90306463
709,2017,7,12,孙燕姿是我的[怒],0,180cm一,115012093
710,2017,7,11,听了能开心好久,2,柠檬水是西瓜味的,49318197
711,2017,7,11,哇,0,Hett_designed,17674552
712,2017,7,11,之前网易没版权,1,KitKat__,41723861
713,2017,7,10,没想到这么好听！！这专辑沧海遗珠,0,远方等你,50523795
714,2017,7,10,评论这么少不科学,1,黑色的黑色的黑色,450349236
715,2017,7,10,特别喜欢吹风那一段，燕姿超美der,0,Morikiii,59444029
716,2017,7,10,好可爱的一首歌!,0,小黄瓜和大倭瓜,137410616
717,2017,7,9,燕姿,1,wokansheihewoyiyang,113113844
718,2017,7,9,好听！,1,霜落色愈浓,419209732
719,2017,7,8,这首歌和咕叽咕叽一样酷～,2,跳舞的克卜勒,122786310
720,2017,7,8,等等，你这是段子还是过往故事?[流感],1,someoneandsome,2846512
721,2017,7,8,打卡,1,我只会乱乱唱,272309134
722,2017,7,8,我姿[色],1,我是丑王,127718208
723,2017,7,5,能...能听了吗,1,帐号已注销,80442906
724,2017,7,5,想念多过拥抱的时间[钟情],0,JUMP___a,261970518
725,2017,7,4,居然又能听了，好激动[爱心],1,_兔子先生丶,106235724
726,2017,7,4,哇,1,_兔子先生丶,106235724
727,2017,7,3,MV太好看啦[开心],1,1243708016,455184457
728,2017,7,2,真爱不怕等待,0,雨还是不停的落下_,346947268
729,2017,7,2,去KTV必点 为了看超可爱mv[开心],0,Thea_w,338762508
730,2017,7,2,整张版权都来啦～ 解禁打卡 ！！,0,Thea_w,338762508
731,2017,6,29,音速月亮频道里比较简单的歌，当时就是靠这个适应星星频道到月亮频道的转变的😭,1,用户13983189,298205856
732,2017,6,29,我有实体专辑,1,田馥假Hebe,301436730
733,2017,6,29,这首歌挺好听啊  怎么评论这么少,0,cgcty001,39531431
734,2017,6,28,超级好听,0,Goodnight旧时光,101625539
735,2017,6,27,[憨笑],0,-红拂夜奔,261368614
736,2017,6,27,空口言是最可爱的，无限大是最酷的。,0,跳舞的克卜勒,122786310
737,2017,6,27,燕姿燕姿燕姿,1,跳舞的克卜勒,122786310
738,2017,6,27,可爱！！！,0,Season-or-Nemo,100424826
739,2017,6,27,有版权啦,0,用户13983189,298205856
740,2017,6,26,打卡咔咔啦,0,很摇滚滴事,98010521
741,2017,6,25,打卡,0,麸濉,290876479
742,2017,6,25,！！！！,1,未完成s,52426699
743,2017,6,24,[鬼脸],0,安悅熙丶,91294088
744,2017,6,24,解禁打卡[可爱],0,Socobain,67522485
745,2017,6,23,爱姿,1,姿意燕为,263726012
746,2017,6,23,爱姿,1,姿意燕为,263726012
747,2017,6,23,这张专辑真不错[可爱],0,超人类Jf,254080732
748,2017,6,22,爱爱爱你不是空口言！！！！,0,小谣爷,96193057
749,2017,6,22,这个mv看了几十遍,1,黑的不好啊,334467473
750,2017,6,22,爱你怎么变成空口言,0,黑的不好啊,334467473
751,2017,6,22,老哥 看一次笑一次怎么破哈哈哈[开心],0,GDXIGAIWMZ,305671722
752,2017,6,22,mv和歌都好萌,0,Janyuo,286360732
753,2017,6,21,可爱啦,0,一叶扁舟_____,98760641
754,2017,6,21,时隔多年再来听 ,0,董卓瑶啊_,123815388
755,2017,6,21,空口言可以听啦！,1,sakuratsu,94965050
756,2017,6,21,看我头像！！,4,Yyhaaa,1316673
757,2017,6,21,好喜欢这首歌的MV[色][可爱],2,坡花Stefanie,399160963
758,2017,6,21,歌一响起，就开始不自主抖腿，这是什么道理嘛,0,你不知我为你而至,297715630
759,2017,6,20,打卡打卡,0,我只会乱乱唱,272309134
760,2017,6,20,哇哇哇 燕姿辣么萌辣么可爱 啾啾啾,0,SquintyLeo,6001573
761,2017,6,20,这专第二喜欢的歌！,0,小聂要做种花家的好兔子,248265269
762,2017,6,20,最爱的mv，不能再撩了,0,Y-una,322710590
763,2017,6,19,😂我见过一集快乐大本营 她上节目演唱了这首歌 当时是宣传期 是新歌 我看之后一脸懵逼😂 怎么不演唱是时候 那样的画风才符合得上当时的新专辑 是时候,1,短毛矮瘦子201706,487501010
764,2017,6,19,评论太少，不过也好，有种独占的感觉,0,StefCarfts,284744752
765,2017,6,19,999+,0,鲸与天空ocean,294942951
766,2017,6,18,哈哈哈对 她好像是长不胖,1,Tuesday午睡时刻,88782491
767,2017,6,18,好早以前超爱的一首歌！,0,电音重度患者轩文-,121864463
768,2017,6,17,"mv,里燕姿超萌超可爱",0,想去吹太平洋的风,431966292
769,2017,6,17,我的眼泪 一点一点,0,结菜,57780277
770,2017,6,17,燕姿的这种俏皮曲风，好毒。,3,跳舞的克卜勒,122786310
771,2017,6,17,这张终于回来啦哈哈哈哈哈,1,麦冬两钱,311798486
772,2017,6,17,燕姿十几年前到现在也没长胖多少[奸笑],0,Yyhaaa,1316673
773,2017,6,17,200由我来承包！,0,Yyhaaa,1316673
774,2017,6,17,我好像有毒 我喜欢过的女歌手好像都会变胖。。。。。布兰妮 阿妹 郝蕾。。希望阿姿不要被我影响 哈哈哈,0,Tuesday午睡时刻,88782491
775,2017,6,17,[呆]沒版權的時候經常看你萌萌噠的mv，簡直太萌了，都要控制不住我自己了。,2,鄒爸比,85768778
776,2017,6,17,燕姿在这首真的好可爱啊啊啊啊啊啊啊,1,Yyhaaa,1316673
777,2017,6,17,回来了嘻嘻,1,姿迷姿迷,437024143
778,2017,6,16,MV中燕姿严重犯规，黄牌警告,2,一地故里,118066649
779,2017,6,16,我喜欢燕姿这觉不是空口言。燕姿,2,一地故里,118066649
780,2017,6,16,[亲亲][亲亲][亲亲],2,someKPL,361663031
781,2017,6,16,MV超可爱，萌萌哒....[色][色][色],2,someKPL,361663031
782,2017,6,16,哇！ 最喜欢的一张砖！ 回来啦,2,小了星星,313638471
783,2017,6,16,终于回归啦！！！！啊啊啊啊啊啊啊！,2,赫里尔德,410343541
784,2017,6,16,！！！,1,赫里尔德,410343541
785,2017,6,16,因为之前没有是时候这张专辑的版权，我下载了qq音乐。燕姿的声音依旧，可是qq音乐的评论没有几条，所谓的“弹幕”全是表白某某某和谁家爱豆翻唱燕姿的歌比原唱好云云，而后带节奏一帮人撕逼。如今终于可以回归网易云了，听歌的时候看看评论里的故事，很平静，很温暖，在燕姿的歌里代入自己的故事。,1,NumbLater,115418975
786,2017,6,16,这么可爱的歌 评论好少呀,1,图片控-yanzi,281347420
787,2017,6,16,虽然是首欢快的歌 但是我却听出了一丝丝悲伤,1,Wealesy,434085190
788,2017,6,16,MV燕姿超美的,0,抛物线Ai,75868101
789,2017,6,16,美美的吹风机,0,梗柿子,441438313
790,2017,6,16,当时的第三主打，本来一直期待的时光小偷明天的记忆都没主打起来，还有点小抱怨为什么是这首歌主打，但是mv出来的时候，我就在想，算了都是一个爸妈生的，哪个不是一样好[大哭],2,当冬夜只如初见,309328492
791,2017,6,16,mv里，姿妈好少女,1,YZKEPLER,42348015
792,2017,6,16,对着吹风机唱歌哈哈哈哈哈哈,1,刘林凯,135873777
793,2017,6,16,O(∩_∩)O哈哈~，网易回来了,0,陶子休,104659524
794,2017,6,16,有版权了,0,幸四姑娘,62853978
795,2017,6,16,沉迷于mv中的大长白腿,0,孤单---个人的狂欢,263901035
796,2017,6,16,mv实在太萌太可爱了！！！看了好多遍,0,另-张脸,56020714
797,2017,6,16,空口言评论这么少，不科学！！！,0,_休止符,125463757
798,2017,6,16,爽！！！最爱的一张专辑！！！终于拿下版权了 网易云爸爸我爱你！！,0,行者-老陈,352580279
799,2017,6,16,竟然有了这张，开心[可爱],0,小飞象1234,126488193
800,2017,6,15,这首必须999+,1,永远有多远灬,346081467
801,2017,6,15,这首歌mv，超级萌[亲][亲],1,我只会乱乱唱,272309134
802,2017,6,15,最爱的mv之一,0,永远有多远灬,346081467
803,2017,6,15,电吹风爆头真是长发可爱巅峰,0,Siriusly17,277593220
804,2017,6,15,评论好少，趁机表白一波：燕姿，我爱你,0,kendy的风筝,362892899
805,2017,6,15,吹风机biu那一下，心都化了～,0,酱爆腰花,3324113
806,2017,6,15,哈哈哈哈,0,王子面oO,249311860
807,2017,6,15,么么哒,0,王子面oO,249311860
808,2017,6,15,超可爱的[亲亲],0,Champagne-Wines,114344953
809,2017,6,15,有版权啦！！,0,孙燕姿的锁骨,17714009
810,2017,6,15,这首歌应该有更多的评论,0,宁宁宁stefanie,394262381
811,2017,6,15,萌姿 [惊恐],0,9点人,124168580
812,2017,6,15,爱你怎么变成空口言，海枯石烂一下子不见[可爱],0,晓东Davin,7213381
813,2017,6,15,回来了就好,0,神经七八M,321636583
814,2017,6,15,天哪，回来了[亲亲],0,一叶扁舟_____,98760641
815,2017,6,15,爱你哪怕比赛，就算注定失败！！！,0,用户30109027,30109027
816,2017,6,15,爱你怎么变成空口言,0,MSYZg,249716014
817,2017,6,15,爱你哪怕比赛 就算注定失败,0,feiffffelixxxxxlin,336271654
818,2015,11,2,评论好少，mv超级可爱,77,阿鱼i给我一条姨,17393592
819,2015,10,31,很可爱,10,岛屿Soliloquy,3393154
820,2015,10,29,你好厉害，。[呆],3,熊熊烈菠萝,52434555
821,2015,10,28,唱这首歌都觉得自己变萌了><,8,PrimadonnaGirl-,81440719
822,2015,10,27,波什么结衣,8,叔叔请你吃波板糖,47388606
823,2015,10,24,我把评论都赞了一遍😊,55,帐号已注销,8932926
824,2015,10,24,148,5,帐号已注销,8932926
825,2015,10,24,147,5,帐号已注销,8932926
826,2015,10,23,我家姿真是什么发型都能吼住,78,帐号已注销,92237484
827,2015,10,18,再来刷一发头像[亲亲],23,Yyhaaa,1316673
828,2015,10,14,我姿真是無敵萌💅,7,directorrowe,1923073
829,2015,10,6,这首我竟然才发现，好可爱,9,猪美子,84407103
830,2015,9,29,[大笑][可爱][憨笑],6,-张日成-,13091348
831,2015,9,21,卧槽！！,6,Gilbert---,63955982
832,2015,9,20,mv我看了一百遍！,41,什么都听的直男,34674462
833,2015,9,20,66666,2,什么都听的直男,34674462
834,2015,9,19,～～～,3,举个西木,60673274
835,2015,9,11,我上高中时候的女朋友很霸道，平时不许喊她老婆，不许拉手走路，不许跟同学说我和她的关系，晚上回她家睡觉也是分开走，当时我一直很不开心，后来这么多年过去我也慢慢释然了，毕竟她是我的班主任。,515,安悅熙丶,91294088
836,2015,9,10,[亲亲][亲亲],3,HJLLismy,73813241
837,2015,9,8,天长地久从来没实现。,4,lubyworld,6952104
838,2015,9,6,超级 好想吃MV里的橡皮糖,3,大力plus,54291801
839,2015,9,2,空口言,3,玉米土豆张,7558003
840,2015,8,30,燕姿晚安！,7,大英帝国五连发,44598564
841,2015,8,28,把看MV的赞一遍,9,粉红色的小西瓜,76758091
842,2015,8,19,最喜欢拿着电吹风唱歌那一段 简直萌翻了 而且这首歌真的挺鼓舞人的 爱你哪怕比赛 就算注定失败,196,岡崎Tomoya,70100968
843,2015,8,18,可爱可爱[亲亲][可爱],6,12scheider,52880507
844,2015,8,16,燕姿晚安！[亲亲][亲亲][亲亲],5,大英帝国五连发,44598564
845,2015,8,15,Mv燕姿太美了[色][色][色]，都有邪念咯。,8,口水哥啊,84140487
846,2015,8,12,mv120秒萌翻  心脏受不了！！！,90,zsydmey,12500269
847,2015,8,11,一天一天，没关联～,3,chenyuun,72344282
848,2015,8,5,爱你哪怕比赛！真爱不怕等待！,3,大发cc,74484604
849,2015,8,5,～,4,Lightweight,32487834
850,2015,7,30,长发燕姿美到没朋友 嫁我,7,干架王,42745812
851,2015,7,26,mv和lenka风格好像 ~~,5,时令水果记,72208944
852,2015,7,25,喜欢这首歌MV,7,向左走方向,54198997
853,2015,7,19,MV萌死啦=.=,8,风雨飘飘飘啊飘,37296018
854,2015,7,18,是时候，分享下歌曲了。😏,40,杳渺星河月半轮,49461779
855,2015,7,18,mv美我一脸血,94,暴躁的凯恩,61179046
856,2015,7,17,头像！,8,Yyhaaa,1316673
857,2015,7,17,看mv看mv燕姿美美哒～,9,了不起的老人家,37782426
858,2015,7,11,吹风机那一段真的是萌坏了！！[色],8,温莎同学XD,50414791
859,2015,7,7,签到,3,该姓名已占用换个试试,36151483
860,2015,7,7,下雨天，阴阴沉沉，头昏脑涨，一动不想动，打开播放器，听的第一首歌。,4,依稀在路上,32756936
861,2015,7,7,空ko言~,3,A-Yuw,42336374
862,2015,7,6,最近不停单曲循环的歌,2,帐号已注销,65098490
863,2015,7,6,签到,2,该姓名已占用换个试试,36151483
864,2015,7,5,哒啦哒啦💃没有了我的明天，你又怎会有明天～,3,方走走啊,36121892
865,2015,7,5,MV萌到没朋友,5,稑歌,57927706
866,2015,7,5,这么好听的燕姿的歌怎么会没有评论[流泪],4,张晓光宝宝,69929422
867,2015,7,4,海枯石烂就这么没了(￣▽￣),3,Five_half,53157798
868,2015,7,3,超好听 ,2,-小酒量,127829
869,2015,7,3,一把年纪还卖萌的典范[吐舌],2,迟小秋的酱油拌面,75859171
870,2015,7,2,。,2,该姓名已占用换个试试,36151483
871,2015,7,2,。,2,该姓名已占用换个试试,36151483
872,2015,7,2,100,2,shpaiw,16083854
873,2015,7,2,这么有节奏的歌！我来做99,3,N0M0re,67623202
874,2015,6,30,孙燕姿 - 空口言 140bpm,3,媛家de傻媳妇-3-,12839564
875,2015,6,30,青岛演唱会上也唱过，好喜欢～,3,蚕眉阿伟,36529473
876,2015,6,29,[鬼脸]这种欢快的节奏，超级喜欢。。。,2,Kiskisfiona,19527572
877,2015,6,29,这一次，天长地久一定要实现,2,路人彦小二,76285353
878,2015,6,28,强推这首歌的mv[色],3,渡末,32302590
879,2015,6,28,看完mv回来点赞,3,渡末,32302590
880,2015,6,28,快出个和完美的一天的Remix版啊～,2,Jonny1120,31156342
881,2015,6,27,超萌的燕姿,3,木头会发声,45148722
882,2015,6,27,签到,2,该姓名已占用换个试试,36151483
883,2015,6,22,她这张里的mv我都喜欢，180度，愚人的国度，明天的记忆…都超棒的,5,捡贝壳的小孩,75851799
884,2015,6,20,居然没过99…,2,MS-F-,3688460
885,2015,6,16,超喜欢一直傻笑的燕姿,3,Tim_Huang0216,42792776
886,2015,6,15,拥有了你的明天我的一切才算完美[亲],2,bityinjd,62502224
887,2015,6,14,昨晚的燕姿好可爱,41,我们不如这样,19450805
888,2015,6,12,心情好～,2,Willpower_hhy,53793688
889,2015,6,9,[爱心],2,sn98,65189538
890,2015,6,8,一听心情就会变好的歌[可爱],3,网小苟,63427489
891,2015,6,8,❤️,3,Stef-木魚,70036533
892,2015,6,5,评论怎么这么少,2,内向不改变,49452210
893,2015,6,5,MV超萌，强力推荐[大哭],3,失眠的苏菲,48369143
894,2015,6,3,好阔爱的一首锅！,2,疯人院羊,18852483
895,2015,5,31,[惊恐][憨笑][憨笑][亲亲],2,姿音无限泊烟渚,50009794
896,2015,5,29,去看了mv。感觉又恋爱了！,5,风筝海-,62895620
897,2015,5,25,让我感谢你 赠我空欢喜,2,加个桃子,68424031
898,2015,5,25,都是空口言 一场空欢喜,2,加个桃子,68424031
899,2015,5,23,mv观光团，被萌得不要不要的ヽ(´･д･｀)ﾉ,5,Roark-H,67428668
900,2015,5,19,失败才是空口言,2,眼里有岛屿,18691648
901,2015,5,19,再来爱你,2,易燃易爆炸---,13085257
902,2015,5,13,好听 好萌,3,帐号已注销,9617814
903,2015,5,9,这歌在时光小偷后面不太合适吧,2,GarronBoom,32767051
904,2015,5,4,可好听,4,咸鱼阿京,54194649
905,2015,5,3,好歌！！评论好少,3,Gilbert---,63955982
906,2015,5,2,当时比较喜欢的,2,岛屿Soliloquy,3393154
907,2015,4,28,萌萌哒的燕姿,2,Kep_Ler,16482332
908,2015,4,26,确定是燕美？！,2,Moeroni,6813757
909,2015,4,26,这单真是可爱死噜，长发姿美到没朋友,261,_slipstream_,26784929
910,2015,4,24,MV太萌。,3,青城山下陈绮贞,11684436
911,2015,4,24,评论这么少？ [汗],2,青城山下陈绮贞,11684436
912,2015,4,23,萌姿,2,午夜蒙太奇,55434618
913,2015,4,22,真的好萌,2,一条安德鲁狗,64899886
914,2015,4,21,MV萌萌的[呆],3,stefan_cheung,30643955
915,2015,4,18,这张专辑里最喜欢的就是这首 没有为什么！,2,四妙丸_,36378009
916,2015,4,17,没流量烧不起mv中，你们都说萌。😶,5,宵宵的宵,41455698
917,2015,4,14,[色]好萌,2,午夜旳阳光,6702514
918,2015,4,11,好好好,2,梵蒂冈的呐喊,19562584
919,2015,4,9,评论这么少不科学，姿妈这首MV里萌翻了,5,单曲循环患者,9913822
920,2015,4,8,捉到！,3,1碗螺蛳粉,16736467
921,2015,4,5,就是 这么好听的歌.顶起.爱孙燕姿.更爱音乐.,2,李景之,58736625
922,2015,4,3,大家一起顶吧,2,你的视线是谅解,48728206
923,2015,4,3,up,2,你的视线是谅解,48728206
924,2015,4,3,up,2,你的视线是谅解,48728206
925,2015,4,3,这么好听的歌怎么能没有99+呢,2,你的视线是谅解,48728206
926,2015,4,3,我们把评论顶起来吧！,2,你的视线是谅解,48728206
927,2015,4,3,评论这么少 不科学,3,乔豆玛袋,35806306
928,2015,4,2,"1分23秒的""爱你怎么变成空口言""，那个声音是怎么回事？",3,你的视线是谅解,48728206
929,2015,3,31,一聽心情總是好到不行[吐舌]總會浮現那萌萌的MV可愛到爆超讚,4,阿霖_和她的綠豆湯,9549751
930,2015,3,27,mv超好看！！最爱！,7,Yyhaaa,1316673
931,2015,3,27,[可爱],2,王欣彤candy,9354671
932,2015,3,23,听说你要结婚了？ 在我记忆里唯一记得的关于你喜欢的一首，祝性福,2,胡安-,18577106
933,2015,3,22,愛你哪怕鼻塞 ,2,望武,53719707
934,2015,3,20,当时非常喜欢的一首歌 现在过去了3年,3,Toomeys,6794807
935,2015,3,18,说实话是不错的歌，但第一次听未必会爱上,3,Victim_彦,35845734
936,2015,3,18,偶尔硬起来,5,AZXlPp,50584740
937,2015,3,15,为何不是99➕,2,Victim_彦,35845734
938,2015,3,13,我来组成99！,2,-雪后初晴,37382648
939,2015,3,9,竟然不是99+,2,LilRex,38859735
940,2015,3,4,MV很赞,3,NgDilim,33216803
941,2015,3,2,爱你怎么变成空ko言~,155,肥鸽子骑士,36237146
942,2015,2,28,嗯 这种时候应该换一种风格[可爱],2,徐家小土馒头,52301165
943,2015,2,28,没有我的明天你又怎会有明天,2,毛豆现充,42979797
944,2015,2,22,和苏打绿的一起哦哦一样 非常好听 可是当耳机坏了一边就神烦了😭,129,曾可爱的何先森,33242345
945,2015,2,19,听到了忍不住跟着摇摆~~~~,2,梅影香,44239656
946,2015,2,6,mv真的好有创意！,4,省控线那就等开关看看吧,52575816
947,2015,1,15,我这首歌多好听，评论好少,2,你可别骗我123,42234417
948,2015,1,9,哈哈[憨笑],2,TTian湉,48705052
949,2015,1,9,咩有[呆],2,孙燕美,542076
950,2015,1,9,好多地方都有你，我就想问一句贴吧id13级了没[大哭],2,TTian湉,48705052
951,2015,1,9,哈哈哈哈欢乐,2,Mariooo先生,44427251
952,2015,1,8,越听越好听,3,一颗芝麻糕丶,36041286
953,2015,1,8,这首歌评论好少。,3,深蓝蜕变,46503072
954,2014,12,31,the last day 2014.[憨笑],2,蜗牛-乐乐樂,31069111
955,2014,11,24,mv很赞,2,米兰的粉刷匠,34974244
956,2014,11,15,神ID,2,Jonny1120,31156342
957,2014,10,26,真的吗,2,虫虫蛋蛋,9543278
958,2014,10,23,这首歌的MV超萌~,650,__printemps,15311141
959,2014,7,8,没有我的明天，你又怎会有明天。。,3,孙燕美,542076
960,2014,7,2,神奇的发现的彤彤。[惊恐],2,诗人哥子,7558282
961,2014,6,29,爱你哪怕比赛 真爱不怕等待，这是什么道理我又凭什么被人主宰，偶尔给我想起来 爱你的心还存在，拥有了你的明天 我的一切才算完美。,3,王欣彤candy,9354671
962,2014,6,2,高三啊 最爱的一张专了,2,myraliu,18646167
963,2014,2,24,11,2,HappyLiv,9536485
964,2013,12,3,恩～      爱你怎么变成空口言，天长地久一下子不见～啦啦啦啦啦～[跳舞][鬼脸][跳舞],3,朱婧佳,6200329
965,2013,12,1,[跳舞][跳舞][跳舞][跳舞][跳舞][跳舞],2,Fannyalk,5683687
966,2013,8,13,千萬不能#空口言# 愛你們 七夕快樂 我要去看看流星@3：00 am ,3,IlVA,645310
