index,year,month,day,content,likecount,nickname,user_id
1,2019,11,24,雷醉這麼少人的嗎？哈哈,1,一个有着80后情愫的90后,47638914
2,2019,11,21,她的歌没一首不喜欢的,0,chenyuru0924,266077689
3,2019,11,7,听就对了哪有这么多话说,0,林俊裕b,386412262
4,2019,11,5,哈哈哈哈哈哈,0,气场太弱,115128568
5,2019,11,4,累zei~,0,____Z,41087524
6,2019,11,4,超酷的,0,Kaierala,284160087
7,2019,11,2,尽管每次都听成一路上猥猥琐琐但还是超级酷！！！！,0,vInCent哇,48926777
8,2019,11,1,老大我爱你,0,kkkkrysliang,109966174
9,2019,10,30,无论我成了什么狗样 我都相信我前途无量,2,锦谣儿,580361487
10,2019,10,27,被遗忘的金曲,0,骑士1989,75521112
11,2019,10,26,有点陈洁仪的意思,0,DW-88,490707381
12,2019,10,23,感觉永远不会过时。,1,善酒l,303480940
13,2019,10,23,她的歌，越听越好听。,1,善酒l,303480940
14,2019,10,17,随便了随便了,0,互联网石原里美,435471851
15,2019,10,17,la～～～～la～～～,1,hhhbbq,402505249
16,2019,10,10,现在也不流行“他妈”这个词了吗😂,0,又想起你曾说的陪我到最后,1970715887
17,2019,9,25,俺又来了,0,也不是猪只打呼,355734135
18,2019,9,25,真好听啊啊啊啊,0,也不是猪只打呼,355734135
19,2019,9,16,喜欢“lalalalalalala”,0,Heyheyxfy,45158791
20,2019,9,15,高音的转音有点让我觉得印度元素？,0,抽风的柑橘,111910050
21,2019,9,13,发现一首宝藏,0,再也没有纯白的灵魂-,388303192
22,2019,9,12,首首都好听的。,0,Derek_k0,559866643
23,2019,9,10,别人怎么说  心都碎了还管别人怎么说  这一句唱得真调皮~,4,淡味当药,447422790
24,2019,9,9,突然好想听 第521个评论！,0,喂sasa,120854520
25,2019,9,8,好久没听这首了，简直太喜欢啦,1,MNSM11,633515631
26,2019,9,8,"第二专辑的每一首歌都很有水准！
当年的我每一首歌都听了上百遍……
长大了的我已经没有那一份听完一整张专辑的耐性了……[多多捂脸]",0,菲尔粑粑,506991836
27,2019,9,5,真好听🤭,0,也不是猪只打呼,355734135
28,2019,9,5,塑料普通话哈哈哈哈哈,0,霉头霉脑云散月现自在飞花slay,42294326
29,2019,9,5,太好听了，我爱燕姿[流泪],1,霉头霉脑云散月现自在飞花slay,42294326
30,2019,9,5,+10086,0,霉头霉脑云散月现自在飞花slay,42294326
31,2019,9,3,好听极了,1,韩潇然,53956444
32,2019,8,31,哈哈哈哈哈哈，现在已经不流行鸡血这个词啦，时间真娘亲的快,0,今天星期五24,623180764
33,2019,8,24,绝不将错就错,1,御魂惨案,564523238
34,2019,8,20,听燕姿才知道自己记性这么好。18年了歌词还背的下来[大哭],7,原谅妙妙,104920217
35,2019,8,17,爱了,1,圈圈圈圆圈圆圈圈的圆,260089010
36,2019,8,8,太多了,0,孙燕姿丶,1813871469
37,2019,8,7,每次听都会有新的最爱,4,今天夜间到明天白天,60011618
38,2019,8,7,很喜欢,3,我很鱼块,125768521
39,2019,8,5,燕姿的冷门歌曲 ,2,飘哥有点飘,74300756
40,2019,7,28,真的觉得这首歌很好听,3,cutexixixigua,1468034495
41,2019,7,28,明明很特别很好听啊,2,lithium00000,295238309
42,2019,7,28,为什么评论那么少,0,lithium00000,295238309
43,2019,7,27,我的心声,0,糖---爱,1808065670
44,2019,7,26,冷门金曲啊啊啊,3,Sparrrrk,270935914
45,2019,7,24,不标准的累赘二字都很可爱[憨笑],2,咔咔鲁,86372802
46,2019,7,24,垒醉居然这么少人,4,苑子潯的小号,1548957065
47,2019,7,23,有段时间对这首歌特别着魔。。那还是听磁带的时代。。单曲循环了好久,2,李小手1705,479407259
48,2019,7,21,也太好听了吧,0,偏执鲸鱼Q,475145754
49,2019,7,20,好听,0,Davie504,57455489
50,2019,7,13,很久没听了，重温,0,梨花满地1806,1494003023
51,2019,7,13,讲道理，我还没唱完都已经喘起来了。是挺累的。,0,rfmjs,1357855390
52,2019,7,11,真的好听,0,染个我,424382918
53,2019,7,10,这首是真的有点冷门了，也太难驾驭了,2,刘大萌咩咩,56744554
54,2019,7,7,哇，单曲循环了[大哭],0,喜欢听歌的九月,563787684
55,2019,7,4,心都碎了还管别人怎么说,3,pinkbread,126381758
56,2019,7,3,本来已经在愁明年演唱会门票越来越难抢了😭,0,鳐不可及,320937730
57,2019,7,3,每一首都好听 刷不完的,0,鳐不可及,320937730
58,2019,7,2,啊啊啊,1,跳舞的梵谷yanzi,318974517
59,2019,7,2,过999,1,跳舞的梵谷yanzi,318974517
60,2019,7,2,刷起来呀,2,跳舞的梵谷yanzi,318974517
61,2019,7,2,酷酷的,0,潮汐透过指缝,253097606
62,2019,7,1,第一首看歌名想不起怎么唱的歌,0,kendy的风筝,362892899
63,2019,6,30,打卡[多多耍酷],0,Chertime,83946830
64,2019,6,29,怎么那么好听,1,禾乔的男神津,120713339
65,2019,6,27,感情的世界没有错与对,1,mini薄荷糖,282909247
66,2019,6,27,心都碎了还管别人怎么说,1,Stefanie71,410964408
67,2019,6,25,这首歌是真难唱。。。。,0,姿姿不倦hhh,574992335
68,2019,6,25,助攻,0,s1ck1000,1471605268
69,2019,6,25,潘协庆写的曲都好考验肺活量鸭~~王菲的半途而废也是各种转音~,5,九月里平淡无聊,549517739
70,2019,6,17,497打卡，这首歌我也听得比较少诶,2,0606-不知,1872697887
71,2019,6,14,小时候特别喜欢这首,1,珈曳,637769065
72,2019,6,9,好听,1,跳舞的梵谷180930,1542066811
73,2019,6,8,喜欢燕姿,1,FannySong,74028050
74,2019,6,8,好听,0,moniisi,37783140
75,2019,6,5,这张专辑是我当年的入坑专辑。每一首歌都特别的熟悉。当年买的是卡带！广州美卡！,2,Zoublazou-,412748376
76,2019,6,4,这首歌不错，节奏不错，歌词不错，很不错,1,毛娃XiE梦琦,409298866
77,2019,6,4,这张专辑真是宝藏，看歌真的不能看名字，看人不能只看脸，听过才知道，看人还要看缘分，,2,毛娃XiE梦琦,409298866
78,2019,5,30,为神专马一个。,0,西红柿炒鸡蛋就是番茄炒蛋,246333358
79,2019,5,27,我咋感觉她唱的是累贼[多多笑哭],4,走走婷婷171219,1316223034
80,2019,5,16,我要吹爆这首歌,1,Hey-Shangrila,92916753
81,2019,5,11,突然发现这首歌很好听？[爱心],2,Hey-Shangrila,92916753
82,2019,4,27,谁听到谁就赚到,1,孙燕姿best,46251605
83,2019,4,27,优秀！,2,孙燕姿best,46251605
84,2019,4,14,心都碎了，随便了，痛都痛过了,0,我家有个零,485737542
85,2019,4,8,冷门金曲!,0,冰冰的小荔枝,286300516
86,2019,4,8,狠不下心责备只好知难而退,3,haddock_,310820852
87,2019,4,6,不是每首好听的歌都火,2,啊依然范特西,424673030
88,2019,4,6,不想成为谁花心的累赘,1,亮亮亮23333,384031894
89,2019,4,3,评论呢,1,愿君依旧笑,559237310
90,2019,4,1,及时止损,2,pure_sue,77695577
91,2019,3,30,喜欢上燕姿因为我姐😝😝😝小时候家里的CD全都是燕姿的！！！！长大了就觉得，还是她的歌好听,7,滕滕滕啊,503317136
92,2019,3,26,编曲真不错啊！,2,medsir,70093854
93,2019,3,26,累酔,0,周小洞,117008535
94,2019,3,23,加赞[多多大笑],0,judelc,99703579
95,2019,3,21,妈鸭，以前的专辑也太用心了吧，非主打都这么好听，前奏一出来就找作曲，原来是潘协庆！这歌儿放现在绝对主打水平。,3,苍目莲一,15350973
96,2019,3,18,474～,0,左歌Caelyn,40774970
97,2019,3,14,"作曲：潘协庆
作词：潘协庆
编曲：Terence Teo

已经添加修改，请小伙伴们重新刷新歌词",1,作词_作曲_编曲_MV导演天下第一,546057330
98,2019,3,9,等20年演唱会中。,2,落落钕孑,44727379
99,2019,3,9,都是你，害我每次唱到这句都想笑！,4,木兰鸡仔-Joe,488896302
100,2019,3,9,超爱的一首歌！,0,木兰鸡仔-Joe,488896302
101,2019,3,6,很好听啊，评论好少,0,天天年年平日快乐,1331454641
102,2019,3,5,心都碎了，还管别人怎么说,1,芮嗒,278660688
103,2019,3,1,对不起 我听出了吴青峰的感觉 只想说我喜欢的人是相似的,2,青山惠美_,81814134
104,2019,2,24,我觉得没几个人唱得好这首歌，除了姿妈,5,圈圈圈圆圈圆圈圈的圆,260089010
105,2019,2,24,冷门歌曲，炸裂好听,1,圈圈圈圆圈圆圈圈的圆,260089010
106,2019,2,13,爱,0,天天年年平日快乐,1331454641
107,2019,2,10,我喜欢的歌评论怎么都这么少……这首歌这么好！,0,转身是空,111727561
108,2019,2,5,这首歌居然这么点评论！！！时隔十七年还是会唱,3,小Yuan不小,362536299
109,2019,1,27,15年前在网吧通宵，带上耳机循环的歌曲。当年的女友嫁人了，希望你幸福,1,王禹尧的爸爸,575712344
110,2019,1,23,我才是461,0,棒棒在听歌,90947403
111,2019,1,21,460！好听！,0,酸酸酸酸酸酸酸奶,319292581
112,2019,1,12,我的宝藏,2,StefaineSun,1504996081
113,2019,1,10,457了,0,小懒男121,607826579
114,2019,1,8,456哈哈哈,0,LG林叶,564692276
115,2019,1,5,[多多可怜],0,安静时听歌,80344378
116,2019,1,2,年轻的时候以为不读书不足以了解人生，直到后来才发现如果不了解人生，是读不懂书的。读书的意义大概就是用生活所感去读书，用读书所得去生活吧。 ,2,HarperYug,435162942
117,2018,12,22,好听,1,另-张脸,56020714
118,2018,12,21,陪伴整个青春的孙燕姿，依旧喜欢，会继续喜欢。,1,雀雀欧妈,322431679
119,2018,12,16,"孙燕姿所有的歌,我都喜欢听,超喜欢的阿..",2,苏卡不列_rMAT,411026080
120,2018,12,15,我的青春,0,小小面面,394875350
121,2018,12,13,决不再将错就错,0,拉德姗卡,130716600
122,2018,12,7,半途而废,1,Jason_Xye,293202154
123,2018,12,4,"我刚出生那会的歌
把时光拉回遥远的20世纪末年[憨笑]",0,DesiredHappiness,134887887
124,2018,12,3,这首歌这么好听居然没人,1,你的心事有我愿意听丶,1328684626
125,2018,12,3,敲好听～,0,欣欣要大步向前走,276486468
126,2018,11,29,姿迷们快来为9999做贡献！,2,少越少越,104295388
127,2018,11,27,怎么感觉换气声有点大,0,痞子痞子蔡,342806966
128,2018,11,22,快开演唱会吧[多多大哭],3,小人物不说大话,424316906
129,2018,11,8,燕姿不识字系列 哈哈哈哈zhui,1,C4Jforever,39552417
130,2018,11,8,很喜欢,0,古市贵之,35599048
131,2018,11,7,狠不下心责备，只好知难而退。,0,小风筝耶,123978537
132,2018,11,5,这首歌竟然还不是999+？？？？这么洒脱好听的歌！除了坏天气开始懂了就是累赘,2,LLLLLLOVE_L,74323955
133,2018,10,24,姿妈的我都爱,0,虫虫和马,452792472
134,2018,10,11,满脑子都是累ZUI累ZUI………回到了语文老师教不好的时候,0,比尔败类,41393932
135,2018,9,27,[可爱][可爱][可爱]你也可爱,2,FannySong,74028050
136,2018,9,27,我也有同感！！但你也太可爱了[大哭],1,羽生博懿,535080241
137,2018,9,24,潘协庆写的歌最喜欢的就是这首和菲姐的半途而废,2,navaney,303003911
138,2018,9,6,累赘这种调调感觉之后就再也没唱过了,8,sitstill,37094129
139,2018,8,27,好听诶～居然才发现🐳,0,___离岸,328984859
140,2018,8,15,你不是第一个听成这个的,0,晓略略,622973341
141,2018,8,14,盖楼,0,会膨胀的萝卜丝,333285925
142,2018,8,6,落爪,1,安非他命miss,29903601
143,2018,8,2,随便了痛都痛过了,1,_诗芊,81037679
144,2018,8,1,哇哦，和王菲的《半途而废》是一个作者,3,涵君同学sonifinal,400228017
145,2018,7,31,一路上猥猥琐琐？？？,0,H小流氓,297607033
146,2018,7,23,居然这么少评论，不科学啊,1,会膨胀的萝卜丝,333285925
147,2018,7,16,😂,0,佳瑶stef,307806566
148,2018,7,15,999 快快快,0,偆馬,506394898
149,2018,7,5,心填了蜜,0,陪着我像影子,1479751052
150,2018,7,2,14:28,1,林守乐,55243746
151,2018,6,22,心都碎了还管别人怎么说 ❤️,5,ieddie,270742100
152,2018,6,15,我再也不是你的渐近线了。,1,这账号可能还没注销,304331069
153,2018,6,13,啊好久都没听了，初二时候好喜欢听,1,网友小蟹,278221870
154,2018,6,13,真的是如同热评第一条所说的那样啊,2,Lyndon_Z,405657720
155,2018,6,11,第一次听,0,呆猫little,297903892
156,2018,6,5,听了一个学期[外星],1,Erika_Linder,305117600
157,2018,5,30,竟然第一次听这歌,0,我走在少了你的风景啊,59127452
158,2018,5,29,真的都喜欢 唉  想不爱都不行[惊恐],0,YIOU_MUSIC,583829231
159,2018,5,26,每次听这首想起演唱会的椅子舞！！[撇嘴],0,肉饼君,44821925
160,2018,5,25,我和彭小姐的回忆~~~~,0,皮皮走走,549358369
161,2018,5,25,听这首歌，就像打了鸡血一样,1,此帐号正在注销中,632291526
162,2018,5,19,评判标准说我是紫米,0,momo_ce,423832651
163,2018,5,12,"别人怎么说
心都碎了还管别人怎么说",3,干杯养乐多,533483181
164,2018,5,6,燕姿的声音我无法抵抗～[亲亲][亲亲][亲亲],2,江城出猎,315536215
165,2018,5,4,每次看评论都笑的要死，你们为什么这么有才hhh,0,a-pineapple-,1302012471
166,2018,5,2,嘿嘿，不是累zui啦我滴姿,2,鬼璐lu,432175066
167,2018,5,2,痛恨堕落,1,FannySong,74028050
168,2018,5,2,啦啦啦啦,1,FannySong,74028050
169,2018,4,28,肆无惮忌？？？,1,痛快的哎哟,247746461
170,2018,4,26,就当作给彼此机会,1,图书馆穿黄牛仔衣卡其裤的四眼仔,428284086
171,2018,4,26,每首歌曲都是完美的好听,2,金金妹的逗比生活,488793267
172,2018,4,26,好听 ,1,ftujdb,58827934
173,2018,4,24,哈哈。找到了共鸣,0,小小愿望就快实现了他在笑,124506618
174,2018,4,24,心都碎了还管别人怎么说~,3,bangbangbangnap,97984704
175,2018,4,24,累赘现场很有感觉,1,毛毛虫0912,323067104
176,2018,4,24,好听,1,毛毛虫0912,323067104
177,2018,4,23,对呀，也太好听了吧,0,孤独喧闹者,29782374
178,2018,4,22,我不懂这是什么意思，我很怕自己会错意,2,燕姿我好想你,403139403
179,2018,4,22,燕姿怎么办,0,燕姿我好想你,403139403
180,2018,4,22,如此有格调的歌，懂得欣赏的人可惜太少,2,33轉的LP,630862795
181,2018,4,20,"""肆无惮忌""的挥霍？[生病]",0,放低,1187737
182,2018,4,18,"感觉这个专辑被忽略的有点厉害，特码的三百多条的评论是怎么做到的？？？？
怎么想都起码几万评论起步吧。",1,抱狗大人,1427724880
183,2018,4,14,哈哈哈哈，握爪,1,小四的酱油,493214532
184,2018,4,13,我姿真棒,0,横巷无猫,366372061
185,2018,4,10,啦啦都那么好听,1,毛毛虫0912,323067104
186,2018,4,3,言尽如此你若还不能体会,2,路上ol,477825066
187,2018,4,2,太赞了,2,小宇宙97,347298613
188,2018,4,1,喜欢了她十几年 真的今天第一次这首歌哈哈,0,火星大队长,486834629
189,2018,3,31,就爱听冷门[可爱],1,有橘生淮南,432411313
190,2018,3,25,心都碎了还管别人怎么说,0,不会吃腻的饼干,60881014
191,2018,3,20,诡异的一首歌,0,stef流年,1367583538
192,2018,3,18,一点点王菲的感觉,0,BJ_Ricki,328284276
193,2018,3,16,第一次听这首累赘 是在老大2009年答案是的北京场演唱会上 那年19岁 转眼9年过去了 直到今天才听明白这首歌 是啊 狠不下心责备 只好知难而退了。,1,DacoZ,506872244
194,2018,3,15,好个性的歌！！！！,0,小王爷克卜勒,263888906
195,2018,3,12,心都碎了还管别人怎么说,2,燕姿我好想你,403139403
196,2018,3,11,[可爱],0,姿妈的一只小流氓,293166746
197,2018,3,11,老孙我爱你[亲亲],0,等不到的晚安与我无关,375186998
198,2018,3,8,细听孙燕姿怎么每首歌都这么好听[色],1,小小愿望就快实现了他在笑,124506618
199,2018,3,8,爱你,0,豫西小天王,594110291
200,2018,3,7,打卡,0,hujkjhk,110873940
201,2018,3,6,那年初一，听到的那第一张专辑，那一句宣传语“从来没有一个22岁的女生像她这样唱歌”转眼快18年了……,0,不问余生T,448307823
202,2018,3,5,听她唱歌感觉就很舒服,0,33轉的LP,630862795
203,2018,3,5,燕姿[大笑][大笑],0,33轉的LP,630862795
204,2018,3,2,打卡 ,0,訾央伪装小漠漠,247480354
205,2018,3,1,这个现场特别好听,0,毛毛虫0912,323067104
206,2018,3,1,开学前写作业打卡,0,过往云烟视而不见,305289320
207,2018,3,1,打卡,0,跳舞的克卜勒,122786310
208,2018,3,1,好喜欢,0,不会吃腻的饼干,60881014
209,2018,2,25,No.2,0,H_Stef,309880055
210,2018,2,24,虽然冷门,0,未完成19991230,503310441
211,2018,2,24,哈哈,0,未完成19991230,503310441
212,2018,2,24,不要管别人的看法，不在意世俗的眼光，率真点儿，随性点儿，洒脱点儿,1,33轉的LP,630862795
213,2018,2,23,19:03,0,林守乐,55243746
214,2018,2,20,所以。。这歌是讲了一个什么故事,0,我不是Lucy,343201357
215,2018,2,14,前奏[强],1,AIlennolan,467487362
216,2018,2,9,那感谢你的喜欢啦,0,茜茜不饿,252532753
217,2018,2,9,大妹子，喜欢你了咋办,0,梦想不完美,494659855
218,2018,2,6,声音不要太好听哟！,1,王金1711,632842409
219,2018,2,3,随便了 痛都痛过了 还计较什么,1,姿迷Kepler,62776498
220,2018,2,1,好听好听,0,王金1711,632842409
221,2018,1,30,这首歌……有点难唱[惊恐],1,GrandmaLion,56455831
222,2018,1,27, 18:53,0,林守乐,55243746
223,2018,1,23,"决不再将错就错
",0,姿迷Kepler,62776498
224,2018,1,18,将错就错,1,茜茜不饿,252532753
225,2018,1,14,又来[憨笑][憨笑],0,字迹微寒,100562566
226,2018,1,10,[可爱][可爱][可爱]累zui～,0,字迹微寒,100562566
227,2018,1,5,累zui~,0,JeanZer0,115069125
228,2018,1,5, 别人怎么说，心都碎了还管别人说，小时候觉得这句歌词好酷，现在觉得就是真理啊,3,乐呵乐呵爱折腾,87411107
229,2017,12,29,超级好听啊~,2,Hoopla_,273624146
230,2017,12,19,心都碎了还管别人怎么说,2,隐形姿,97910887
231,2017,12,15,我觉得，燕姿的歌好听，是因为她的声音太好听了！,1,饮尽余欢别梦寒,89231462
232,2017,12,13,花心的累贼。。。贼为什么会累，主要是偷得太多了。。。年底冲业绩[流泪],4,洪兴罩我去,356861463
233,2017,12,9,我可以无缝衔接k完哦[奸笑]鼓点是亮点,1,陳葰峯,334988095
234,2017,12,9,[色],0,接下来是什么,45678842
235,2017,12,9,你可以爱一个人同时喜欢好几个 因为你说两个人在一起久了会厌倦 适度的找点其他新鲜感调试只是为了我们可以走的更长远 呵呵 谢谢你说出了这番话让我惊醒原来我们生活在不同世界  新鲜感是和已知的人去做未知的事 而不是和未知的人做重复的事,1,tcccccccccccccccccccc,294356532
236,2017,12,2,听听,0,孤单---个人的狂欢,263901035
237,2017,11,27,要一直酷,0,我有努力和这个世界变熟,394296679
238,2017,11,25,还有这么多没听过的，幸福。。,1,Hear丶The丶Beating,64917679
239,2017,11,24,爱的时候也可以很酷，这是老大教我的。,0,夏方柜子,83992519
240,2017,11,15,这张专辑的歌的几首歌，都适合一个人听。,1,跳舞的克卜勒,122786310
241,2017,11,14,[吐舌][大哭],0,过客和平,600816634
242,2017,11,11,hhhhhhhh,0,活着只求好玩,266447964
243,2017,11,9,孙老师，来跟我念 累 汁喂～坠[大哭],3,Lucien-Cyrus,30508510
244,2017,11,9,到今年我得了17年爱姿病了[大哭],0,丿YC丶程灬,60459418
245,2017,11,7,前奏6,0,泠越,126266715
246,2017,10,28,哈哈哈哈哈哈哈哈哈哈哈哈哈,0,KuYoda,298709418
247,2017,10,26,听着有种如释重负的感觉,1,是SQ,345413431
248,2017,10,25,哈哈哈[强],0,medsir,70093854
249,2017,10,20,最爱那22岁的孙燕姿  ,0,ABCLEON,36639977
250,2017,10,19,副歌稍微弱一些，编曲和主歌都是高质量啊,2,medsir,70093854
251,2017,10,16,最爱这首冷门,1,豌豆先森与喵小姐,370347249
252,2017,10,16,+1,0,豌豆先森与喵小姐,370347249
253,2017,10,14,配乐好评😼😼😼,1,默-凝,33706470
254,2017,10,8,这么好听的歌没有人？,0,不动0无垠,332406976
255,2017,10,7,leizei,0,Mesmerism,107292409
256,2017,9,29,怎么还没有999＋,0,机智糖浆,13000041
257,2017,9,24,姿难而退,2,JayGoku,279996144
258,2017,9,22,make,0,控场,40913104
259,2017,9,21,燕姿是宝藏 从14岁喜欢她到现在21岁 还是有自己从前没发现的惊喜,3,WoolyyClouds,497356350
260,2017,9,16,知男而退,0,urociun,124520649
261,2017,9,13,我姿声音太好听  陶醉,1,你不知我为你而至,297715630
262,2017,9,13,最喜欢我要的幸福万人演唱会上燕姿唱这首歌时的样子,1,PPoooo,31509584
263,2017,9,8,累赘,0,樂了个偏头痛,31228250
264,2017,9,3,[呆],0,用尽所有思念,33731939
265,2017,9,3,给我姿疯狂打call,2,ZJCHN,78655788
266,2017,8,28,打call……,0,赫里尔德,410343541
267,2017,8,23,感情的世界没有错与对,0,未成年的小懒货,129534656
268,2017,8,19,听见那段贝斯了吗？,1,jomenjane,11469960
269,2017,8,14,想追你的人多了。我算了老几。,1,天生丽质王英俊,329501298
270,2017,8,10,这歌听的少,0,糖豆婷,49603854
271,2017,8,5,日常表白我id,1,扛起孙燕姿就跑,2594529
272,2017,8,4,哈哈哈哈,0,其險也如此,57083432
273,2017,8,4,不想成为谁花心的累赘🙃,0,做我的猫i__,101820392
274,2017,8,2,妈的，我为什么到今天才发现这么好听的歌。,1,陆依萍打雪姨,27896374
275,2017,8,2,心都碎了还管别人怎么说…白羊座就是太纠结活得太累了…,2,果儿zz,90308602
276,2017,8,2,我也是哈哈哈，每一首都好喜欢哈哈哈,0,果儿zz,90308602
277,2017,7,29,[色],0,sharemybed_,7087820
278,2017,7,26,有一次语文考试考到累赘的累这个音不确定音调 老激动的想到燕姿的歌 结果因为这是在歌里出现的 我还是不确定那个字到底是哪个调 纠结好久还是错了[流泪],2,喘了也累了,539823778
279,2017,7,26,得了爱姿病了怎么办？,0,kepler23333,347246412
280,2017,7,25,寻找孙燕姿很早期一首冷门歌，不是专辑里的，MV中貌似是燕姿坐着在独唱，第一句好像是“我过得好吗。。。”歌名极有可能是两个字，翻遍了网易云音乐没找到,1,xiaolin050000,434588632
281,2017,7,24,哈哈刚想进来吐槽。,0,TNIsy,63130748
282,2017,7,24,累赘（zui）[大哭][大笑][大笑],2,下回再改,508810715
283,2017,7,20,好浪的调调哦~~~,1,JIIIIA,129873019
284,2017,7,19,好歌不火,0,我是爸爸的防弹衣,454438268
285,2017,7,15,初中时听到，当时完全没有认真听歌词。只是累赘 tsei 的发音还是印象深刻,0,Dun_One,70230588
286,2017,7,11,哈哈！我也是，本来想发一条评论的！发现你已经占坑，必须赞！,1,燕姿粉,134675450
287,2017,7,10,燕姿的歌都喜欢,0,青春bgm,137134453
288,2017,7,10,喜欢,0,青春bgm,137134453
289,2017,7,10,hi,0,ftujdb,58827934
290,2017,7,4,爱姿,0,姿意燕为,263726012
291,2017,7,4,去年夏天循环了好久的一首歌🐿,0,多齿分度台,254677402
292,2017,7,4,爱姿,1,姿意燕为,263726012
293,2017,7,4,爱姿,0,姿意燕为,263726012
294,2017,6,29,狠不下心折背，只好直男而退[生病],1,无需懂,9838512
295,2017,6,28,怎么回事 评论只有200多条,0,王二黑Hopy,373470623
296,2017,6,27,不想成为谁花心的累zei,2,T1Amout,250477494
297,2017,6,26,"随便了
痛都痛过了
还计较什么",0,mmivan,103380352
298,2017,6,26,爱姿,0,姿意燕为,263726012
299,2017,6,26,这首累赘的曲写的很好啊 hook很抓耳,1,毛音绕梁,40470101
300,2017,6,22,对呀 真的很无解,0,气氛来了就要醉,308485041
301,2017,6,22,爱姿,1,姿意燕为,263726012
302,2017,6,22,怎么她每首歌都这么好听噢,1,KIDLUVCOLA,64954785
303,2017,6,21,打卡~,0,过往云烟视而不见,305289320
304,2017,6,21,心都碎了还管别人怎么说,1,MSYZg,249716014
305,2017,6,17,冷门打卡,1,浜町河岸,376253557
306,2017,6,15,累zui,0,Lan_celot,247344245
307,2017,6,14,评论呢？？？？？评论哪里去了？？？？,0,清风2323623,392092404
308,2017,6,10,爱姿,0,姿意燕为,263726012
309,2017,6,9,11:14,0,林守乐,55243746
310,2017,6,6,那一代我都爱[可爱]新专辑最喜欢灵魂伴侣,0,合星,109976233
311,2017,6,5,哈哈《独善其身》感觉差不多的样子，我也很喜欢田馥甄,0,CaptainChina史爱民,250424583
312,2017,6,3,😜,0,凌晨三点不睡觉的雨果,120801740
313,2017,6,3,[奸笑],0,CaptainChina史爱民,250424583
314,2017,6,2,[呲牙],0,姿意燕为,263726012
315,2017,5,31,潇洒放下过去吧！啦啦啦啦啦～～～,1,写日记的贵树,340481635
316,2017,5,31,喜欢燕姿的人  都是善良的人,0,橘子香气i,44026187
317,2017,5,29,爱姿,0,姿意燕为,263726012
318,2017,5,29,谢谢,0,姿意燕为,263726012
319,2017,5,29,加油，愿你和她同样幸福🙏,0,凌晨三点不睡觉的雨果,120801740
320,2017,5,29,燕姿影响我很多,0,姿意燕为,263726012
321,2017,5,29,你完全就是为了孙燕姿才玩儿网易云吗,0,凌晨三点不睡觉的雨果,120801740
322,2017,5,29,手动踩爪印，端午燕姿专辑一日游[奸笑],0,凌晨三点不睡觉的雨果,120801740
323,2017,5,28,哈哈，我是不是讨厌，这些好听的歌，听的人少但我却这么窃喜呢,0,写日记的贵树,340481635
324,2017,5,28,爱姿,0,姿意燕为,263726012
325,2017,5,22,爱姿,0,姿意燕为,263726012
326,2017,5,15,"好听诶
",0,越南仔爱自习,125567720
327,2017,5,12,真爱粉在这里[亲亲],0,一叶扁舟_____,98760641
328,2017,5,12,燕姿,0,一地故里,118066649
329,2017,5,12,爱姿,0,姿意燕为,263726012
330,2017,5,11,忽然想起这旋律久久难忘记通过记忆中的一句歌词寻回来“肆无忌惮的挥霍”,0,t豆娘,115917109
331,2017,5,11,我认为世界上最好的声音,0,DanCingVanGogh,263043497
332,2017,5,8,不说不觉得 一说还真是 只能我姿的音乐超前了10多年啊,3,absolutelyray,3796444
333,2017,5,6,突然想说，田馥甄现在唱得不就是这个么,1,合星,109976233
334,2017,5,5,好听，为什么评理这么少呢？顶👍,1,拭目以待h,307323920
335,2017,5,2,天呐我才听到这首歌,1,芝士STF,137419157
336,2017,5,1,我还能想起初中的那一年，为了买燕姿的第二张专辑，下着大雪，跑过几条街。。。。然后买到了这张专辑。,0,Soul-Luv,58009035
337,2017,5,1,累赘,0,2016猫猫呀,434837481
338,2017,5,1,看你们听天黑黑我就是爱累赘,0,JOSSLEE9,245931796
339,2017,4,26,(ღ˘⌣˘ღ),0,帐号已注销,100632851
340,2017,4,23,因为都是潘协庆写的，他写的还有王菲的《你喜欢不如我喜欢》，张学友《深海》，郁可唯《指望》，梁静茹《爱你不是两三天》，最著名的是刘德华《冰雨》,4,叶比明,344905933
341,2017,4,22,略微印度风 比《神奇》还早,0,花芭男子,95815482
342,2017,4,20,敲好听。记得买过一张美卡出的孙燕姿的精选。名字就叫做累赘。,0,柒星雪,85911992
343,2017,4,18,累贼...,1,Al2an,2662471
344,2017,4,11,血型不同不能打的[可爱],1,林守乐,55243746
345,2017,4,9,卧槽？第一次听燕姿这首歌？,0,奶酪在这里,337828208
346,2017,4,3,喜欢燕姿 打卡,0,鱼雨子酱,50983533
347,2017,4,2,爱姿打卡,2,苏三伞,111844957
348,2017,3,30,潘协庆，👍,0,绮怀安安,69739321
349,2017,3,30,好听,0,绮怀安安,69739321
350,2017,3,28,这首歌超级洒脱，非常喜欢,3,LLLLLLOVE_L,74323955
351,2017,3,26,燕姿的每首歌都爱，从小学五年级开始喜欢，一转眼，十几年过去了。,0,朵啦小小,276233498
352,2017,3,25,累赘,0,我有努力和这个世界变熟,394296679
353,2017,3,25,我姿,1,我有努力和这个世界变熟,394296679
354,2017,3,25,孙燕姿[亲亲][亲亲],0,stefanielinli,381772956
355,2017,3,25,好听～,0,O_oHULLO,343829645
356,2017,3,23,爱姿,1,姿意燕为,263726012
357,2017,3,12,看病理书看的要吐[撇嘴],1,帐号已注销,426168650
358,2017,3,12,拒绝成为谁花心的累赘,2,跳舞的反骨,33249451
359,2017,3,11,[爱心][爱心],0,就酱对对对,66350321
360,2017,3,9,累了，醉了[色][色],0,五月十五号的雨夜,78933120
361,2017,3,9,我一直在想不是肆无忌惮吗[大哭],0,徐呼呼,61681079
362,2017,3,8,哈哈哈哈哈哈哈哈哈哈哈哈哈哈哈,0,林守乐,55243746
363,2017,3,5,累醉哈哈哈,0,你的咸茶,134657520
364,2017,3,5,我觉得没有必要再去打扰你了。干嘛让你难堪？祝福你！,1,回眸一笑的梦魇,342856116
365,2017,3,2,@诃氻叽叽 ,0,林守乐,55243746
366,2017,3,1,真心粉在这里,0,我见过刘惜君卸妆的样子,334865174
367,2017,3,1,小时候因为这首歌一直读错了累赘[流泪],0,ClementineWong,52245055
368,2017,2,27,累醉,0,无限大94,72774904
369,2017,2,26,不知道为什么，听这首歌总让我想起王菲的半途而废,0,鹅卵石女孩,278345965
370,2017,2,20,心都碎了还管别人怎么说,0,我正经799,129203055
371,2017,2,19,累醉（哈哈哈哈哈哈哈好喜欢这个,3,林守乐,55243746
372,2017,2,18,心都碎了还管别人怎么说,0,sojeiand-,107726242
373,2017,2,15,都是真爱粉,2,我有努力和这个世界变熟,394296679
374,2017,2,8,全部红心,2,coolgirlsia,369504527
375,2017,2,6,"狠不下心责备只好知难而退

言尽如此你若还不能体会

就当作给彼此机会",2,不睡懒觉了,105394922
376,2017,1,25,心都碎了还管别人怎么说,0,其次任情,370567272
377,2017,1,23,别说话，别阻挡我抱紧燕姿,0,孙燕姿你是光芒果,77464742
378,2017,1,22,心都碎了还管别人怎么说,0,Zoe啊哈,322187061
379,2017,1,14,一天燕姿的歌,0,三南水北aaa,354629268
380,2017,1,4,感情的世界没有错与对~,1,绮怀安安,69739321
381,2017,1,3,爱姿,0,姿意燕为,263726012
382,2017,1,1,男有周杰伦，女有孙燕姿！,1,芯雨丶,125185012
383,2016,12,31,都怪你 现在每次唱这歌都要笑！,2,Jess5555,282094248
384,2016,12,25,哈哈哈 爱姿一百年  祝你 快乐~,0,FannySong,74028050
385,2016,12,25,真的是 特别是每首单曲循环五遍以上的时候 嘿 圣诞快乐[圣诞]🎄🎄[圣诞][礼物],0,vv薇薇呀,90402404
386,2016,12,21,[可爱][可爱]姿粉,0,爱上孙燕姿,354456131
387,2016,12,18,爱姿,0,姿意燕为,263726012
388,2016,12,15,痛都痛过了，还计较什么,0,大风吹吹包裹你,336287217
389,2016,12,4,爱姿,0,姿意燕为,263726012
390,2016,12,4,累zui[大哭],0,jjjg134,120773673
391,2016,11,28,爱姿,1,姿意燕为,263726012
392,2016,11,24,前奏一响起就点红心了[色],2,四时常相在,281777942
393,2016,11,23,记得当时听卡带的时候，一首歌结束了，很自然地就把下一首的前奏哼出来了,1,vmxc,264144235
394,2016,11,21,不想成为谁花心的累zui[大哭],0,反向参照系,79355981
395,2016,11,16,爱姿[爱心],0,双鱼座爱燕姿,130390823
396,2016,11,15,好听,0,Albert_Long,120733101
397,2016,11,14,绝不再将错就错,1,看星星灰,109436232
398,2016,11,7,爱姿,1,姿意燕为,263726012
399,2016,11,3,答案是演唱会好惊艳的[爱心][爱心][爱心][爱心],3,StefanieXXx,293536057
400,2016,10,29,我就知道这歌评论最少,0,一叶扁舟_____,98760641
401,2016,10,27,肆无惮忌的挥霍，别人怎么说，心都碎了还管别人怎么说,0,看星星灰,109436232
402,2016,10,26,以前觉得怪的歌现在听都这么有特色,0,熙熙熙熙熙熙熙熙熙熙熙熙熙儿,125763050
403,2016,10,24,爱姿,0,姿意燕为,263726012
404,2016,10,23,爱姿,1,姿意燕为,263726012
405,2016,10,14,跟着我念：“之围”“赘”,2,会见萨科的快乐,123075272
406,2016,10,13,我已无法分辨什么是冷门什么是热门 每一首歌都是一个回忆片段 都是我的青春宝藏,0,花椒吖好麻,9592890
407,2016,10,9,不想成为谁花心的累赘,0,海绵1874,298588296
408,2016,9,27,言尽如此你若还不能体会，就当做给彼此机会。真心酸啊。。,0,你姿十三,71279167
409,2016,9,25,今天再KTV看到歌词觉得写的挺好就来搜了,0,阿涗,19247502
410,2016,9,24,编曲是谁？恁牛b啊！,0,T1213121OAOA,6448405
411,2016,9,19,爱姿,0,姿意燕为,263726012
412,2016,9,19,大爱,0,崔工资,103410289
413,2016,9,18,孙燕姿的遗珠啊，真好听，潘协庆的少女心简直了,0,周不高兴d,9618126
414,2016,9,9,爱姿,0,姿意燕为,263726012
415,2016,9,3,爱姿,0,姿意燕为,263726012
416,2016,8,30,pu～,0,ballllllllllllll,120478063
417,2016,8,29,肆无忌惮,0,夏天盖棉被的男神,51015045
418,2016,8,28,(•̀⌄•́)隐藏迷妹(嘘,0,cyaarii,134585534
419,2016,8,27,迷妹泥嚎,0,听到了海的呼吸是你,16211710
420,2016,8,27,抓住一只总裁,1,cyaarii,134585534
421,2016,8,22,mv的燕姿最美[可爱],0,南是南方的南丶,255528380
422,2016,8,11,累zui[吐舌][大哭],2,帐号已注销,3616642
423,2016,8,8,潘协庆写的歌真不错,0,周不高兴d,9618126
424,2016,7,31,遗珠。[爱心],1,听到了海的呼吸是你,16211710
425,2016,7,29,我是王海峰我喜欢孙燕姿,1,爱姿海,126397948
426,2016,7,25,心都碎了还管别人怎么说,0,孙燕姿的手,100429699
427,2016,7,23,还是这么好听！,0,微风八面的拔丝香蕉,34137608
428,2016,7,23,我的青春！！！燕姿生日快乐[蛋糕][蛋糕][蛋糕],2,-有姿有菋-,129649056
429,2016,7,22,爱姿,0,姿意燕为,263726012
430,2016,7,22,#孙燕姿723生日快乐#,2,帐号已注销,124859943
431,2016,7,14,这歌真好听,0,夏天盖棉被的男神,51015045
432,2016,7,6,我是王海峰我喜欢孙燕姿,1,爱姿海,126397948
433,2016,7,5,词曲：潘协庆，潘协庆大家可能不熟，但他作品大家一定耳熟能详 林志颖《快乐至上》杜德伟《情人》王菲《半途而废》郑秀文《出界》梁静茹《爱你不是两三天》那英《不管有多苦》 孙燕姿《尚好的青春》，他妹妹就是90年代最早开始中性装扮的潘美辰,3,熊熊烈菠萝,52434555
434,2016,7,4,背景的非洲鼓和贝斯好[强]，燕姿也唱的好,2,红尘小小生,73020014
435,2016,6,30,我是王海峰我喜欢孙燕姿,2,爱姿海,126397948
436,2016,6,24,滴 学生卡,0,Nnnnnnononn,115189651
437,2016,6,20,大家都不要纠结是累赘还是累醉了[撇嘴][大哭][大哭],2,林守乐,55243746
438,2016,6,17,随便了,0,fai-t-HaZeC,258511575
439,2016,6,11,我也是，于是就很喜感,0,世说姿语,277327791
440,2016,6,11,这首歌前奏杀,0,世说姿语,277327791
441,2016,6,4,累罪 哈哈哈那时候中文不好,1,一叶扁舟_____,98760641
442,2016,6,1,又一首错过的歌[大哭],0,梵寺,86323898
443,2016,5,24,好有爱哦！,0,Song我的憧憬,51600636
444,2016,5,24,我小时候最喜欢浓眉毛 同学在电话里唱给我听,2,神奇女侠R,112765474
445,2016,5,17,累醉.....？？？,0,咯咕滴哒滋儿哇,40546960
446,2016,5,16,⚪️🔵⚪️🔵,0,-supika-,35463682
447,2016,5,11,[憨笑],0,65418,519706
448,2016,5,11,不想成为谁花心的累赘。当年步步高单句循环，不知道有没有暴露年龄。。。,0,怀念_休止符,250563176
449,2016,5,8,[亲亲][亲亲][亲亲][亲亲],0,可阳快飞,115746724
450,2016,5,7,第一次听时就感觉旋律很熟悉，以前肯定听过,0,lele-yanzi,117927432
451,2016,5,7,绝不再将错就错，痛恨堕落。,0,lele-yanzi,117927432
452,2016,5,7,怎么被吃了3楼，是因为无意义的水吗。。。,0,lele-yanzi,117927432
453,2016,5,7,97,0,lele-yanzi,117927432
454,2016,5,7,96,0,lele-yanzi,117927432
455,2016,5,7,昨天把中间地带的100楼占了，然后。。。发现爱上了这种感觉。。。[汗]再偷偷地占一首歌,0,lele-yanzi,117927432
456,2016,5,6,累醉,1,林守乐,55243746
457,2016,5,1,自然，第六感，浓眉毛，,1,Song我的憧憬,51600636
458,2016,4,30,这个旋律，第一次听就觉得这首肯定烂过大街...,0,Cagurls,57342479
459,2016,4,25,欢迎来到燕姿的隐藏神曲系列!!!,1,LuckyJyonn,100911106
460,2016,4,25,心都碎了 还管别人怎么说,2,长岛喝冰茶,61430056
461,2016,4,23,魔性[憨笑],0,若风阿,70091588
462,2016,4,12,我跟你们说！孙燕姿今年39岁至今还没有我电话,3,帐号已注销,124859943
463,2016,4,10,累醉,0,tosouth1111,14277208
464,2016,4,9,啦啦啦啦啦啦,0,tosouth1111,14277208
465,2016,4,5,有时候会想不起在怨恨什么 好像已成为惯性，要回头想一想才能忆起痛觉,0,七簌,72066311
466,2016,4,4,第一遍听一般，，第二遍很好听,2,王可然,74342289
467,2016,4,2,燕姿很喜欢这首,0,雨陨,31875806
468,2016,3,31,魔性！,0,JeffreyZz,254543436
469,2016,3,28,超级魔性的歌,0,uncanny1993,7607400
470,2016,3,26,这首真的很好听啊,1,fool喊姜,34516755
471,2016,3,25,每次听燕姿的歌总会想， 哦，这是我最喜欢的她的歌，后来发现最喜欢太多太多了[惊恐][惊恐],299,FannySong,74028050
472,2016,3,24,以前最不喜欢姿妈这首歌，现在倒觉得别有风味,2,ZY-7,17531038
473,2016,3,23,这歌其实蛮好听的 但凡问个人都没听过,8,神奇女侠R,112765474
474,2016,3,22,累赘,0,我正经799,129203055
475,2016,3,17,姿妈姿妈[爱心][爱心],0,账号还是注销吧,17481219
476,2016,3,16,父亲因为癌症最后已经在靠药支持着，妈妈跟他商量后放弃了治疗，父亲那年去世了  现在每次听到这个都在揪心,6,lmjralf,89028484
477,2016,3,15,lalalala,0,北仑怎么走_,127300209
478,2016,3,15,啦啦啦啦,0,北仑怎么走_,127300209
479,2016,3,15,啦啦啦,0,北仑怎么走_,127300209
480,2016,3,15,啦啦啦,0,北仑怎么走_,127300209
481,2016,3,15,每天刷十条  大家一起来,1,北仑怎么走_,127300209
482,2016,3,15,啦啦啦啦啦,0,北仑怎么走_,127300209
483,2016,3,15,啦啦啦啦啦,0,北仑怎么走_,127300209
484,2016,3,14,我不忍心看到 评论数连99+都没有[发怒],0,xf帆,91895203
485,2016,3,14,我不忍心看到 评论数连99+都没有,0,xf帆,91895203
486,2016,3,7,其实不怎么打紧的,0,hiddentrackkk,18334259
487,2016,3,6,畏畏缩缩哈哈哈,0,午夜蒙太奇,55434618
488,2016,3,6,好歌，为什么评论这么少,0,一念境转,57794223
489,2016,3,4,这是我听过的孙燕姿最好听的歌，几乎没有之一。,0,维京维京,89700398
490,2016,2,27,言尽如此你若还不能体会,1,无印良痞,33890876
491,2016,2,24,真好听(๑• . •๑),0,JaxP1nkman,103385637
492,2016,2,19,趁着没人，偷偷承包姿妈[色],1,燃烧的168,109716745
493,2016,2,19,不错哦,0,有人跟踪我,7468801
494,2016,2,14,很多男歌手普通话更不好 更别提平翘舌了,1,journeyfancy,22093583
495,2016,2,14,初中时候单曲循环的一首歌，觉得很洒脱,0,journeyfancy,22093583
496,2016,2,12,别人唱这首歌肯定跑调哈哈哈,0,JaxP1nkman,103385637
497,2016,2,11,这首歌别人唱一定跑调,1,遮羞布罢了,33532401
498,2016,1,31,[大哭]广东人的我根本听不出什么zui和zhui的差距,1,ssssteff,102967184
499,2016,1,26,某鹅音乐今天也更新版本了，新增了评论功能，我当时就笑了，果然是山寨抄袭大王，可怜可悲！看来白送的一年的绿钻我也只好丢了。,9,谬音小陟,51741970
500,2016,1,13,啦啦啦啦啦啦[大哭],1,chliarnge,55115750
501,2016,1,12,燕姿的声音就是好听…,0,icarus19,85637584
502,2016,1,11,[亲亲],0,隐藏的失落,410988
503,2016,1,10,奇怪的是……首先这首评论好少，然后燕姿的歌真的是听多之后每首都赞，最后……为什么发行之前录音什么的的时候旁边的人没有一个能纠正一下燕姿的雷醉的呢=_=[憨笑],2,阿屎_阿屎,88880587
504,2016,1,6,雷最[大哭],3,ballllllllllllll,120478063
505,2016,1,3,[亲亲],0,可阳快飞,115746724
506,2016,1,2,[强],0,黑暗骑士-TDKR,37793064
507,2015,12,28,我还发现这个歌词的一个错误，是肆无忌惮，而不是肆无惮忌…不过这个应该是作词人的问题，我以前居然没听出来！,1,行走的年糕,44185288
508,2015,12,26,不要嘲笑燕姿！人家也是在进步的嘛～老大专辑版里《天黑黑》的发音问题现在live上都没了[大哭][大哭][大哭],1,行走的年糕,44185288
509,2015,12,22,leizui，leizhui，你们不要太为难歪果仁[吐舌],0,chris153709,108684847
510,2015,11,28,燕姿汉语要加强哦 累最～,0,家朗,6131848
511,2015,11,24,評論竟然這麼少！,0,書食布衣,37081103
512,2015,11,15,～～～,0,举个西木,60673274
513,2015,11,8,我也是哈哈,0,匹诺小天,6857497
514,2015,11,8,一直很奇怪，为什么是累赘（zui）……,0,遛狗的猫,2891160
515,2015,11,5,我也是[可爱],0,无印良痞,33890876
516,2015,10,28,洒脱就该如此,0,昕彻,32536012
517,2015,10,26,潘协庆也是个牛人。,0,超级SG,48435882
518,2015,10,20,主歌太顺畅了，啦啦啦,0,半点儿,73746118
519,2015,10,13,这么难记的歌词我居然张口就来,2,用户6028550,6028550
520,2015,10,12,燕姿晚安！,0,大英帝国五连发,44598564
521,2015,9,20,她的歌听多了就觉得好听了,1,看我可爱咩,65911192
522,2015,9,11,心都碎了还管别人怎么说[心碎] 痛都痛过了，还计较什么,2,细水长流------------------,2373325
523,2015,8,27,我们要打完多少鸡血才能过完这狗血的一生，,88,背了个影,26852587
524,2015,8,22,😘😘,1,举个西木,60673274
525,2015,8,21,累zui😂,2,橘子皮19,78352854
526,2015,8,6,yanziyanzi.,1,帐号已注销,44991129
527,2015,7,13,我也是,0,好想吃西瓜,32400929
528,2015,7,9,老大我爱你[亲亲][爱心][爱心],0,CHASE-X,62215182
529,2015,6,30,感情的时间没有错与对,0,路人彦小二,76285353
530,2015,6,20,@网易云音乐 @云音乐曲库 怎么燕姿的歌这么少？不给力啊,0,王小三金,52811574
531,2015,6,13,牛人。。。,0,Swa-llow,39796309
532,2015,5,27,累赘（zui）[奸笑],0,湖人死忠,7776579
533,2015,5,27,妈呀太好听了,0,可皮老李,56646970
534,2015,5,20,2010,1,HikkiKenji,31403033
535,2015,5,9,每次都听成一路上猥猥琐琐,178,bug1087,49666964
536,2015,5,5,听到前奏就走不开了。好听。,1,憨人等等等,34873591
537,2015,4,20,心都碎了还管别人怎么说！,1,jinvvv,9445775
538,2015,4,1,一次又一次被时光碎片击中，眼泪情不自禁溢出。你在我准备勇敢的前一刻放弃，我也转身，自此，决不回头。I only fight for person i love. No love， so please go away!,0,长亭缱绻,19515209
539,2015,2,25,老大我爱你[亲亲][爱心][爱心],69,将往观乎四荒Zhang,41213820
540,2015,2,21,[幽灵][幽灵][幽灵][幽灵],0,我们走在大路上,18266617
541,2014,11,20,啊哈 意外励志的苦情歌呢,1,茶泡饭啾,37718478
542,2014,11,14,这首专辑里面排第二,2,米兰的小貼匠,98714
543,2014,11,1,女绳！,0,用户7011265,7011265
544,2014,10,12,"别人怎么说
心都碎了还管别人怎么说别人怎么说
心都碎了还管别人怎么说",2,蚊香蝌蚪,747221
545,2014,9,30,好。青春的回忆。,0,哈喽-小老头儿,33997450
546,2014,2,17,也是在去XX的路上，从新疆一路走来，却开始害怕很多东西，比如累赘，我是说自己。,2,丸子小哲,489734
547,2013,11,9,曾经的KTV必点歌曲,3,陈包子,1268115
