index,year,month,day,content,likecount,nickname,user_id
1,2019,11,24,感谢你没有忘记做你自己,1,略田各,504992996
2,2019,11,23,爱丽丝梦游仙境[钟情],0,百香果杀手,301068615
3,2019,11,21,距离2020考研只有30天了，冲鸭冲鸭给我冲鸭！！,1,张张张厚阳,367545509
4,2019,11,19,沉醉其中！燕姿一定要来郑州开演唱会啊,0,孤帆远江湖,28294002
5,2019,11,17,好有魔性的一首歌,0,有缘何须再见,270752517
6,2019,11,11,哇这歌那么冷的吗,0,____随遇而安____,340635174
7,2019,11,8,so cute~ nighty night:),0,iwannacake,1580864143
8,2019,11,2,有点甜，有点期待,0,假___象,311909457
9,2019,10,28,居然才1000+……,0,孙燕姿style,46541850
10,2019,10,24,@松际微露月,0,inspirit777,531683255
11,2019,10,17,遇见你活的像梦游一样，醒来后做自己、,0,木匠邓,637691119
12,2019,10,16,姐姐你什么时候开演唱会啦,0,aydkm,46957931
13,2019,10,11,才发现自己之前也有发过这个评论,0,特立独行的_蜗牛,589817686
14,2019,10,11,感谢你没有忘记做你自己,0,特立独行的_蜗牛,589817686
15,2019,9,28,感谢你没有忘记做你自己,0,特立独行的_蜗牛,589817686
16,2019,9,27,晚安:D,0,也不是猪只打呼,355734135
17,2019,9,26,可可爱爱的一首歌[多多比耶],0,JudeZero,311933447
18,2019,9,26,感谢你没有忘记做你自己,0,愿君依旧笑,559237310
19,2019,9,25,哪里可以看！,0,__蕊儿小透明碎碎念,29801365
20,2019,9,23,真可爱。,1,也不是猪只打呼,355734135
21,2019,9,20,加油,0,啊啊啊阿窈,578848548
22,2019,9,17,每天都在期盼她的演唱会,1,蜀将平平,1625950231
23,2019,9,17,"作曲：古皓
作词：严云农
编曲：黄铭源

已更换新歌词，请小伙伴们重新刷新",2,作词_作曲_编曲_MV导演天下第一,546057330
24,2019,9,15,你总是在我身边点起希望之光！,0,够不够暖活你1993,318608250
25,2019,9,10,你们有没有觉得这首歌和音乐之声里《DoReMi》的感觉特别契合！,2,Agnes_SY,331169678
26,2019,9,10,正在努力复习备战考研的我听得好感动 真的感谢姿妈永远在鼓励我[爱心][爱心][爱心],4,Agnes_SY,331169678
27,2019,9,3,喜欢！,1,原来是一个大土豆呀,484503780
28,2019,9,3,服了 这女人为什么每首歌都那么好听,13,才不是你的小兔叽,535487147
29,2019,8,29,突然萦绕心头的旋律，还好没有弄丢你,2,你不会看见我抹去泪水的样子,65217938
30,2019,8,27,小俏皮小励志 节奏很好听啊 越听越爱的一首,3,为姿而来,441374135
31,2019,8,25,[多多大笑],0,该昵称无法显示刷新也没用,30617500
32,2019,8,20,我看了那个演唱会视频，多么美好又遥远的相似性。,0,我想去听孙燕姿唱歌,1930047138
33,2019,8,19,小众么。。?,0,sweettteee,416746687
34,2019,8,19,呜呜呜真好听。,1,也不是猪只打呼,355734135
35,2019,8,17,刚出的时候不喜欢，到后来就越来越好听,1,叮叮当当chris,433955235
36,2019,8,15,超爱这首，因为哥哥了解到这么好的你，这么好的歌,0,_foryou--,1442996281
37,2019,8,14,穿过时间机器，我一定会再遇见你☞未来更好的自己。,2,海盗7号z,381001273
38,2019,8,14,上班多么苦恼。可是耳朵里有燕姿呀~  ,6,Serendipity_9,483581036
39,2019,8,13,哈哈哈[多多笑哭],0,小爱同学啦啦啦,1362401146
40,2019,8,13,打卡一下,0,jane-28,647181717
41,2019,8,12,好像音乐之声,0,愉快的月光,319192728
42,2019,8,10,打卡,0,胖猴少年,558766395
43,2019,8,9,感谢你没有忘记做你自己,0,汪叽的抹额-,358306456
44,2019,8,8,不是同一类啦,0,旻綠,317674840
45,2019,8,7,天哪十二年前,0,玛丽特能苏,1219339
46,2019,8,7,還是王菲的夢遊有味道,0,唱遊小宇宙,1519247851
47,2019,8,7,哈哈哈明年演唱会首场开场曲我觉得是梦游[呆][呆][呆],3,一定一定要微笑呐,1697911570
48,2019,8,7,要再次回到未来陪我梦游,0,未-完-成,494969845
49,2019,8,5,感谢你没有忘记做你自己,0,我很鱼块,125768521
50,2019,8,5,超喜欢这首啊！这么少评价不科学,0,我是谁啊啊啊啊啊啊你也不知道,56391181
51,2019,8,5,时间是2019年8月5号，临沂，晚上凌晨，坐在床上不知所措，对未来迷茫，不停的点开一个个软件，然后又全部关闭。,1,hggfvvj,1688707698
52,2019,8,5,当时还记得说这首是很喜欢的一首，然后朋友一脸诧异( •̀∀•́ ),1,大头儿丶,285989101
53,2019,7,29,这首声音好可爱,1,NTUfail,71924954
54,2019,7,27,又奶又可爱，百变姿妈,4,-淡--淡-,269491278
55,2019,7,22,幼稚鬼！！真可爱,0,最美的平凡0304,266844624
56,2019,7,21,mv炒鸡可爱,0,漂浮群岛stef,120757295
57,2019,7,19,不要忘记做自己,0,三尺藏锋,431904267
58,2019,7,18,顶,0,孙燕姿丶,1813871469
59,2019,7,17,第1001条评论，,1,克卜勒_x,372500941
60,2019,7,16,哈哈哈哈,1,纵使致终牵肠挂肚,1709812590
61,2019,7,16,999啦！[可爱],4,人间仙狗在此,636941720
62,2019,7,16,离999还差2,3,人间仙狗在此,636941720
63,2019,7,16,离999还差3,3,人间仙狗在此,636941720
64,2019,7,16,离999还差4,2,人间仙狗在此,636941720
65,2019,7,16,离999还差5,1,人间仙狗在此,636941720
66,2019,7,16,离999还差6,1,人间仙狗在此,636941720
67,2019,7,16,让我来突破999[幽灵][幽灵],1,人间仙狗在此,636941720
68,2019,7,16,好温柔的感觉,1,karbuibui,321123593
69,2019,7,16,好喜欢这首啊啊啊啊啊啊,1,鹅伴侣,568489097
70,2019,7,16,我爱孙燕姿,1,鹅伴侣,568489097
71,2019,7,16,爱你是一场梦游,0,8号小家家,580194314
72,2019,7,14,像个童话,0,hydrogenhi,1597587086
73,2019,7,14,回家的飞机上听到这首歌，好开心,4,海盗7号z,381001273
74,2019,7,14,卡,0,Chertime,83946830
75,2019,7,13,好听,0,卡门lalalllla,408850341
76,2019,7,12,溜溜溜[憨笑][憨笑],0,luzhengui,275810017
77,2019,7,12,感谢你没有忘记做你自己,0,叶阿啊,65644605
78,2019,7,11,一首来自上帝视角的歌曲，我姿厉害了,0,诸葛倚清风,1875098331
79,2019,7,11,00后表示很喜欢,0,_蒋文旭,1504881580
80,2019,7,11,太喜欢孙燕姿了,1,_蒋文旭,1504881580
81,2019,7,11,孙燕姿我女神,1,_蒋文旭,1504881580
82,2019,7,10,这多好听呀,0,费亦琛,274128338
83,2019,7,9,好听的,0,致小时光,1845031978
84,2019,7,9,好,0,致小时光,1845031978
85,2019,7,9,好听,0,致小时光,1845031978
86,2019,7,5,啦啦啦,0,Allanys,127391611
87,2019,7,3,期待，不期待了,0,安溥噗噗,79355255
88,2019,7,2,都说我姿各种二字冷门神曲，这首为啥不入选！,0,牛崽痕氓,15787718
89,2019,7,1,好听,0,有橘生淮南,432411313
90,2019,6,30,请试着忽略歌词只听背景音乐，你会发现超级有趣。,3,我猜你在看我咧,1579841813
91,2019,6,30,祝你天天开心，一切都好,2,sorrui,298042381
92,2019,6,30,这个的mv怎么没有啊，白t红字，可爱极了,0,JQ焦乔,35487709
93,2019,6,30,我这么喜欢的歌竟然不是999+，那我来写一笔，这也是第一次在网易留言，为燕姿写  值得[大笑],0,wendy在听,269943472
94,2019,6,30,好好听啊 好听,0,飞船安吉拉,132915110
95,2019,6,29,助力999+,0,青木斜阳,113631342
96,2019,6,29,999+,0,Loeyaa,135932409
97,2019,6,29,爱孙燕姿,0,BabyAustin,54264998
98,2019,6,29,爱你,0,BabyAustin,54264998
99,2019,6,25,好听,0,请给我一把钥匙,1503513357
100,2019,6,25,晚安,0,GOREEEE,97763624
101,2019,6,23,喜欢燕姿的第N天[多多大笑],5,哪颗倒霉的星星,419083932
102,2019,6,19,感谢你没有忘记做你自己,0,梦游的隐形人,59631294
103,2019,6,19,感谢你没有忘记做你自己 感谢你一直做你自己,0,km15,346255482
104,2019,6,17,居然不是999 那俺来留名纪念。,0,井岑,1801448007
105,2019,6,17,明日之子，卡,0,徐徐的飞,125779
106,2019,6,17,啊，我姿,0,燕姿钻石,325132325
107,2019,6,16,明日之子打卡一下,0,DICI小气鬼,252271359
108,2019,6,16,明年还想再去一次演唱会呀,0,两份甜点,332485835
109,2019,6,16,_(:_」∠)_ 看了明日之子 来重温这首歌,0,两份甜点,332485835
110,2019,6,16,期待明年的巡演,0,sunshine6enihsnus,500560154
111,2019,6,16,你就是我们幸福的来源啊,0,sunshine6enihsnus,500560154
112,2019,6,16,这首歌初中听的 现在23🌹,0,sunshine6enihsnus,500560154
113,2019,6,16,不到999,0,sunshine6enihsnus,500560154
114,2019,6,15,七年前高一不断循环的一首歌，现在我大学毕业了，还是写一首歌,0,o橙子咸o,135214261
115,2019,6,15,很想你啊[星星],0,小特xxx,97645034
116,2019,6,13,助力999,1,愿君依旧笑,559237310
117,2019,6,10,感谢你没有忘记，做你自己,1,愿君依旧笑,559237310
118,2019,6,9,没有999不科学,1,浅慕百合嘚蛮,107272190
119,2019,6,8,莫名觉得这首歌适合唱给婴儿听😂,2,10点30的飞机声,121572950
120,2019,6,8,这首歌里我姿是俏皮的小众歌手,0,Kepler的cellur,1424039498
121,2019,6,6,给高考学子,0,千屈菜,35338253
122,2019,6,3,最尴尬的就是：人家根本不把你当回事，你还多愁善感到不行 ​ ​​​,2,你好_小诗人,540036489
123,2019,6,1,即将毕业的我，虽然很焦虑，但听了这首歌，却很开心,2,半句再见9527,587954284
124,2019,5,30,舍不得也是我,0,我还是叫zzsz好了,131977014
125,2019,5,30,舍不得是我,1,一隻柚啊,287704908
126,2019,5,28,要毕业了呀 舍不得---,3,我还是叫zzsz好了,131977014
127,2019,5,22,演唱会开头第一个……10年的巡回演唱会，我在首体哎,1,夏小莫,869908
128,2019,5,18,时间是2019年5月18日，沈阳，天气闷闷热，不知道什么时候会下雨。在车站等着回家。,1,是心肝宝贝甜蜜饯儿没错啊,586462615
129,2019,5,17,承包封面姿妈侧颜,0,RainbowAfterTheRain,59825347
130,2019,5,17,陪你梦游,0,RainbowAfterTheRain,59825347
131,2019,5,17,每一首都好听。,0,JayStories,302910732
132,2019,5,15,很可爱的呀😊,0,小米糕啊,1436371488
133,2019,5,15,恭喜我闯进999以前[可爱],1,为非作歹无奈,250814187
134,2019,5,15,没到999不科学,0,999里有一个我,120605470
135,2019,5,14,哇，在姿妈评论区偶遇梅迷,0,讲D乜野,292745715
136,2019,5,13,[爱心]stefanie sun[爱心],0,门背后的天堂0,123927372
137,2019,5,13,不错呦,0,我姿美如画2019,37994730
138,2019,5,8,日推燕姿❤,0,AL7和SM4出了才改名,302557474
139,2019,5,1,这首歌 像一首儿歌,0,辣辣辣哭了,121235068
140,2019,4,27,daladaladaladadala～,1,稻子衡,289386876
141,2019,4,26,7到底念ti还是xi,0,k19烧香,442199512
142,2019,4,22,我也是,0,就是想取一个很长的名字,631296269
143,2019,4,22,从薛定谔的猫过来，才发现燕姿还有这么好听的歌[色],1,胖某,56481951
144,2019,4,19,未来会很神奇 哒啦哒啦哒啦啦啦,2,谭七-,291151089
145,2019,4,19,穿过时光机 我一定要去见梅艳芳,1,Breach_17,1715283324
146,2019,4,19,第一句 我这辈子不可能找对调儿 哈哈哈哈哈哈，可是好好听,1,wuka724,100746450
147,2019,4,18,孙燕姿大概就是我本命了 不管现在再怎么倒嗓一听到早期的歌就什么难听的话都讲不出来 无法不爱的音色流,1,旻綠,317674840
148,2019,4,16,编曲复古好听,0,吉木拼图,15773474
149,2019,4,15,未来总很神秘有暴风雨也有好天气(｡•̀ᴗ-)✧ ,0,奺魜,374555926
150,2019,4,15,弦乐美爆,0,阿姆诗特朗,1500978322
151,2019,4,13,daladala,0,May_fisher,1672347857
152,2019,4,8,21.45好困 想睡觉哈哈,1,lylmiy,1328219937
153,2019,4,4,可爱😊,1,SweetTroubles,438019538
154,2019,4,4,春天睡到自然醒，又听了一遍,1,热昏的响尾蛇,1302897680
155,2019,4,3,人生之歌,0,唐荣丽Terry,60332855
156,2019,4,1,大三在宿舍反复放到同学建议我再听听燕姿的其他歌,6,思念黑猫,595570242
157,2019,3,30,感谢你没有忘记做你自己。,0,zhunnie,345046592
158,2019,3,29,超好听的！！！！[憨笑][憨笑][憨笑][可爱][可爱][可爱],0,windbreaker风衣,1482000199
159,2019,3,26,梦游 梦游,0,阿怪大boss,412085774
160,2019,3,22,感谢没有忘记做自己,0,小贝Babe,618120686
161,2019,3,22,爱了,0,绿绿绿绿绿间,254885013
162,2019,3,22,那么少。,0,傲慢Margin,353990784
163,2019,3,20,没999+不科学爱,1,松间辞,1535070659
164,2019,3,18,真好啊,0,Austlower,110595024
165,2019,3,17,喜欢,0,forever21的羊,496734855
166,2019,3,16,如果有可能，真希望回到过去看看自己,0,有橘生淮南,432411313
167,2019,3,13,高中特别爱听这首歌，就是觉得这首歌的旋律特别神秘。,0,赤那不能多吃,371947942
168,2019,3,12,只有燕姿才能唱出这种轻松可爱的感觉[爱心],1,Stefanie哈哈哈哈,467737346
169,2019,3,11,所有的遗憾都是因为不合时宜的相遇,2,爱睡觉的猫iiii,532876453
170,2019,3,10,晚了一点点…嘿嘿,0,怪兽崇拜者,545578660
171,2019,3,10,我来打破888评论～[亲亲][亲亲]晚安～,0,怪兽崇拜者,545578660
172,2019,3,10,888❤️嘿嘿,1,宥抑郁,7729908
173,2019,3,9,我也是999＋前的一分子~,0,我以是自己,470868103
174,2019,3,7,声音太特别了,0,可怜待遇欧陆训,281195109
175,2019,3,4,有暴风雨，也有好天气，还有你,0,静静听-首歌,619430089
176,2019,3,1,这首歌评论这么少真的是主打吗，大家给点力哦,0,全黑噢耶,304720287
177,2019,2,28,还有多少个ID后缀是0723的字谜,3,joozi_翥,7550672
178,2019,2,28,乙肝大师张顺飞,0,不成熟胡渣男,7243824
179,2019,2,26,"“其实我觉得刚刚唱的梦游是歌迷给我写的信，你们有这样觉得吗”
台北逆光庆功演唱会",2,赫里尔德,410343541
180,2019,2,26,逆光专辑真的是没有不好听的,0,宅囧胖,132983041
181,2019,2,26,好听呀,0,蝉鸣的小贝壳,63026807
182,2019,2,25,还没999就有点小窃喜,1,二十三点五十九分-,265517358
183,2019,2,18,感谢你没有忘记做你自己,0,劫后余生后的脱胎换骨,431175605
184,2019,2,18,哒啦哒啦,0,劫后余生后的脱胎换骨,431175605
185,2019,2,17,我承认，逆光之后的两张专辑我没怎么听,0,Nembutal,285968582
186,2019,2,16,感谢那个没有忘记做自己的自己,0,Reaquay,630859749
187,2019,2,15,那时的夏日夜晚🌃院子、躺椅、一把老蒲葵扇，昆虫作伴，耳机里播放的是梦游🍄,0,MetroBoominwantsnomore,321013086
188,2019,2,14,早晨听电台重温后又来听啦[可爱][可爱][可爱],1,st小迷糊,486366451
189,2019,2,14,听到前奏就心情不错～刚出声我就知道是你！,0,刘忻的迷妹SA,97652189
190,2019,2,13,燕姿，谢谢你啊。,0,芥城劫,291057657
191,2019,2,9,这首歌 是真的好听 秒杀现在那些浮躁的音乐,3,寂寞的五台山,385538667
192,2019,2,8,[憨笑]依然爱你,0,会膨胀的萝卜丝,333285925
193,2019,2,2,mv里很像新垣结衣惹,0,彼得潘与狼,261245021
194,2019,2,2,我跟你感觉一样,3,夏夜的星星与晚风,258684381
195,2019,1,29,"致过往的自己
被不懂事的自己误解的我，
因别人目光而委屈改变的我，
努力付出却一无所获黯然的我。
无论曾经觉得那些“我”好或不好，对或不对，
此时都是我最珍爱的。
感谢他们随着时间流逝，仍藏于我心不忍离去，
在每个迷茫的时候指引归途。
懂得去爱此时的自己，也愿意无保留的去爱别人❤️",3,john周周,285124698
196,2019,1,28,我真的好燥。。。我有很多想做的事情没做。我要考研我要健身我连男朋友都懒得找了。我要整容我要。。。我要休息。。。我像一个气球在这个春节到临之前哭。请给我安静，给我希望。,4,杜康本人,361246774
197,2019,1,26,好可爱啊😊,1,小米糕啊,1436371488
198,2019,1,23,打卡,0,_蒋文旭,1504881580
199,2019,1,17,so do🎈,1,亟开水,103233002
200,2019,1,15,开头好像不能说的秘密电影的镜头，十分有画面感了,0,大抵心安才是家,429200383
201,2019,1,14,好有童心的旋律[可爱],0,大吉大利宝宝,545189629
202,2019,1,8,未来会很神奇 会有爱会有期待,1,sYbill_,258917145
203,2019,1,5,@耳朵难眠w 宝贝 逆光的遗珠啊！,2,JayStories,302910732
204,2019,1,4,工作多年以后才发现做自己真的太难，希望遇到这首歌的小可爱可以勇敢做自己。[爱心],0,为某位吉他手,452360295
205,2019,1,3,神仙在唱歌,0,大宝Heaven,8915083
206,2019,1,2,希望2019 燕姿和 姿迷都开开心心， 如愿以偿。 ,2,孙燕姿的小迷妹啊,327977684
207,2019,1,1,儿子最喜欢的歌[多多大笑],1,Sherry__晓,441866987
208,2019,1,1,12年。,0,猫一唯,71703804
209,2018,12,28,[可爱],0,你姿我姿,466537747
210,2018,12,27,因为这首歌喜欢上燕姿的♡,0,黄少天我夫人,253090409
211,2018,12,27,超喜欢这首歌，能听到这首歌的自己超开心,0,放逐型人格,257881953
212,2018,12,24,平安夜就想来听这首，间奏有点适合呢,1,C大宝,248388225
213,2018,12,20,[多多大笑][多多大笑],0,Rufi0,87729212
214,2018,12,18,学生时光那么冗长～却发现毕业即失业啊♥,1,_Closermiss,517433133
215,2018,12,17,这么好的歌，没有听到的人真可惜，羡慕自己,1,silicon泥,267369216
216,2018,12,15,竟然没有999……,1,浅梦未醉,134765500
217,2018,12,13,[撇嘴][撇嘴][撇嘴]这么轻松愉悦的歌居然没有人,0,走路回东山,54590817
218,2018,12,13,梦到未来，游所畅怀,1,Valenina,102782797
219,2018,12,13,评论这么少？[多多无语],0,beginner-,264076321
220,2018,12,12,别人就很好奇，为什么燕姿的每一首歌我都喜欢，你们说呢,0,枫叶蓝1801,1352177614
221,2018,12,9,我超喜欢这首的 没有999呀,1,BVLI,52862475
222,2018,12,7,最近给我推荐孙燕姿的歌很听啊,1,偶尔听快歌,314553249
223,2018,12,4,闭嘴 你揭开七年了,2,海洋过森林,325742808
224,2018,12,1,燕姿妈妈唱啥都好听呢！,0,非慎独者,505496179
225,2018,11,27,陪我梦游,1,栏歌_,31004990
226,2018,11,27,老师布置作文：从未来给自己写一份信。我轻轻唱起了这首歌[大笑],1,花哨枫叶,35528327
227,2018,11,26,陪我梦游,0,明天晴天--,37329385
228,2018,11,24,蓦然回首，我当初怎么漏了这首[呆],0,俊目小灰,487245701
229,2018,11,24,每一天都很神秘呀,0,孙燕姿的小迷妹啊,327977684
230,2018,11,23,[爱心],0,我的爱人不会背对着我,438379682
231,2018,11,23,这个曲调好古典啊,0,莱特想吃冰淇淋,97223283
232,2018,11,22,遗珠啊。。,0,哈哈你也在啊,89287616
233,2018,11,15,我觉得一样的夏天最好听,0,帐号已注销,64962114
234,2018,11,14,好听又好唱[色][色][亲亲][亲亲],0,windbreaker风衣,1482000199
235,2018,11,13,以前就一直很爱这首，毕竟这首歌最容易唱,0,Tiger_Ming,125315299
236,2018,11,11,凑个生日828，我爱燕姿,0,silicon泥,267369216
237,2018,11,10,这首歌曾经是我QQ空间的背景音乐🎵,1,黯淡星007,159867
238,2018,11,8,当年发行的时候，还没觉得好听~现在回过头才发现这首歌的韵味~,1,牛牛艳,253757016
239,2018,11,8,我也好喜欢咕叽咕叽，嘻嘻,0,归寂中_,636331134
240,2018,11,4,我看录影带有看到这一幕，好感动！,0,更迭的人海里,559434243
241,2018,11,4,我女神！。啊,1,断不了奶粉__,1376027930
242,2018,11,3,孙燕姿的歌迷天天上网啊[大笑],0,O_oHULLO,343829645
243,2018,11,3,非常喜欢的一首歌啊,0,O_oHULLO,343829645
244,2018,11,2,不是小众 而是都有她的cd,1,啊啊啊啊兰,41403490
245,2018,10,29,真好听,0,有橘生淮南,432411313
246,2018,10,29,哇这首居然没有999＋,1,-如夢如幻月,134948086
247,2018,10,24,这首歌超可爱的！卖萌专用,0,Lyeenne,297240818
248,2018,10,23,孙燕姿和梁静茹的的粉丝是不是都不上网？,9,彼得潘与狼,261245021
249,2018,10,22,好的东西就是要分享给其他人呀,1,与辰星未眠,274015429
250,2018,10,19,梦游～～欢乐的梦～,1,一只羊vera_,270810865
251,2018,10,18,今天心情不好，本想发微博宣泄一下，可是打了好多字又一遍遍全部删掉。再一次点开了这首一直在我艰难困惑时治愈我的歌，算了，都会过去的。,2,超级无敌小饭饭,71500272
252,2018,10,7,它只属于我,0,Rofal,1364466181
253,2018,10,6,《逆光》神专[亲亲][亲亲],0,windbreaker风衣,1482000199
254,2018,10,6,一首我怀念的暗淡多少好听的歌,1,windbreaker风衣,1482000199
255,2018,10,5,这么欢快温暖的歌居然没什么评论...,3,ABiJia-,487191463
256,2018,10,4,未来会很神奇 会经历爱也学会期待,4,a找不到人我烦躁,115950782
257,2018,10,4,小众是不可能的，只是姿迷可能没有那么喜欢刷评论,3,Lyndon_Z,405657720
258,2018,9,23,助攻,0,彼得潘与狼,261245021
259,2018,9,21,陪我梦游～,0,梦有千秋,75684445
260,2018,9,20,好多年又重温这首歌,0,林兰夕,20169129
261,2018,9,17,很舒适的一首歌,1,不要踏着露水,254553539
262,2018,9,17,燕姿，幸福的答案你现在应该解开了[大笑],1,FearlessKatherine,380183499
263,2018,9,17,未来会很神奇,2,暮至明,94756999
264,2018,9,17,没有999+不是很好吗[可爱],3,靴靴xyz,102357184
265,2018,9,16,17.33 周末的傍晚,0,yvesmar,83310350
266,2018,9,15,听起来好舒服啊 舍不得分享 ,1,昱晴川,272118034
267,2018,9,12,岁月啊，这么久了！,0,潘婷许多年,97782504
268,2018,9,11,我给我同学听这首歌，她说很好听[憨笑][憨笑],1,windbreaker风衣,1482000199
269,2018,9,11,上班的第四天 梦游的第四天[流感],0,Heyphooo,65155806
270,2018,9,10,梦游☺☺☺☺,0,windbreaker风衣,1482000199
271,2018,9,7,太好听了叭,1,德里格斯,38553521
272,2018,9,1,我听了九年姿妈，居然第一次听到这首？？？[大哭][大笑][大笑][大笑]宝藏,4,Titiiiiiiiiiiiii,117684043
273,2018,9,1,999助攻,1,彼得潘与狼,261245021
274,2018,9,1,梦,1,Aebo呀,252535730
275,2018,8,27,感谢你没有忘记做你自己,1,用户469300365,469300365
276,2018,8,27,我的治愈女王大人 希望所有的辛苦都不被辜负 约定好未来一起解锁幸福的意义 ,2,SuperLionX,567370898
277,2018,8,27,昨晚在车里的电台听到这首歌，燕姿的歌一如既往的好听,1,夜間飛行______,50902648
278,2018,8,27,一首很美的歌,2,xinxxx9,534813837
279,2018,8,25,超级喜欢这首歌,1,windbreaker风衣,1482000199
280,2018,8,24,耶嘿,0,愿逢山河,416872582
281,2018,8,21,8:30 广州 途径车陂南,0,Locat守护神,103847129
282,2018,8,20,哆啦A梦,1,蜗799St,1479258294
283,2018,8,18,前999[大笑],0,米什银_,329122005
284,2018,8,15,竟然没有999+。 添砖加瓦添砖加瓦,1,左歌Caelyn,40774970
285,2018,8,13,早上好呀！听着这首欢快的歌去上班，也是元气满满[可爱],0,Berry黄零零,279041933
286,2018,8,12,好可爱的歌,1,BLUE1517,112489695
287,2018,8,11,非常可爱的一首歌，燕姿也把这首歌作为了主打，奈何《逆光》和《我怀念的》太火🔥[奸笑][奸笑],0,windbreaker风衣,1482000199
288,2018,8,9,真的好喜欢这首歌啊,1,Locat守护神,103847129
289,2018,8,6,在一个很迷茫的高中时段里 看不见来途和去路 过去的已经追悔莫及 未来却又雾霭一片 我站在原地 燕姿的梦游就这样与我相遇 我几乎就要哭出来了 未来总很神秘 有暴风雨 也有好天气 好多好多事情一幕幕浮现在我眼前 如彩云一般 这样的日子里 燕姿 谢谢你 ,1,--鸿爪踏雪泥--,470996155
290,2018,8,4,啊啊啊，我最喜欢的燕姿歌曲top10之一啊啊啊，就这么点人知道,1,elapseDream,40561515
291,2018,8,4,@简简单单小生活MFY 哈哈，特别奇异的歌,0,长亭缱绻,19515209
292,2018,8,4,[呲牙][色][色][色][色][呲牙],0,ideahow,584320361
293,2018,8,3,我一定可以再遇见你。,0,_诗芊,81037679
294,2018,8,1,嗯 这首歌真是像宝藏一样,0,就是个树懒,574053887
295,2018,7,29,除了天黑黑 最喜欢这首啦[憨笑],0,MetroBoominwantsnomore,321013086
296,2018,7,28,唱给poppy跟纳小子,0,阿敲的,269378154
297,2018,7,28,哇！！！我居然是第一次听这首。 有彩虹金刚的味道！！！,1,Titiiiiiiiiiiiii,117684043
298,2018,7,28,演唱会经典开场曲目,0,夏小莫,869908
299,2018,7,24,以前觉得这首歌是唱给过去的自己，怀孕了之后觉得是唱给宝宝的。,0,M孟满月Y,50080043
300,2018,7,23,生日快乐[蛋糕],3,wahawahaha,36794412
301,2018,7,18,❤️,0,无二三-,108908720
302,2018,7,15,借我几岁陈年  深情里好眠,1,吃芒果的猫_,297003354
303,2018,7,12,哈哈  有趣,1,佧斯特梅的雨季,436775624
304,2018,7,11,气die惹，这首冷门神曲居然还没999+，歌词真的很有趣啊~ 很感动,2,南洋冰室,446920667
305,2018,7,7,逆光就是神专。,1,咕叽-__,543531996
306,2018,7,6,上一次听到这首歌应该是小学了吧，现在大学，中午待在自习室复习得累了，开始翻燕姿以前的歌，找到了这首遥远而熟悉的歌。没想到竟过了这么久了啊,2,祭年_Christine,593582250
307,2018,7,4,好听,0,windbreaker风衣,1482000199
308,2018,7,2,❤️,0,你姿我姿,466537747
309,2018,7,2,很多年前，在昆明准备高考的时候，每天睡前都是这首歌陪我。音乐的力量啊～,0,LoveMusicBear,79301813
310,2018,6,29,DALA DALA........,0,Sky丶坤,632146
311,2018,6,28,明天就要参加毕业典礼，离开这个待了八年的地方啦，好舍不得你们，真的舍不得，你们都要幸福呀，我也会努力跟上你们的步伐。🎈,1,_一颗开花的树_,304982021
312,2018,6,27,好好听啊,0,月半月半白勺月半,369761053
313,2018,6,27,同城。10年高考前几个月也是靠这首歌撑着。,0,大韬,38123442
314,2018,6,27,💗,0,诗已,69924507
315,2018,6,27,这首歌居然没有999+好开心,0,周不走Zeina,453695026
316,2018,6,26,像是梦境中打开的音乐盒,1,畅畅这个名字应该没人用,442488352
317,2018,6,26,"It's an early morning, 而我却陷入sleepwalk 无法自拔...",0,猪猪会飞8,395985216
318,2018,6,23,啊我也觉得咕叽咕叽很好听啊[奸笑],1,石榴益菌多,136698170
319,2018,6,23,好听好听,0,BRIGHT250,349291217
320,2018,6,14,未来总很神秘,0,Stefanie爱你,63479662
321,2018,6,10,宝宝两周岁，最喜欢这首DALA     DALA胜过任何一首儿歌[大笑],1,刘_大锤,107200390
322,2018,6,9,明日起好好学习,0,W豆儿夹,64175656
323,2018,6,1,节日快乐～！,0,Tidecaller,6252966
324,2018,5,28,[亲亲],0,yourtinyairport,482087170
325,2018,5,27,[亲亲],0,彩虹大街,120511559
326,2018,5,21,梦游起来手机啥都没了、那就往事清零，爱恨随意吧……,0,小贝Babe,618120686
327,2018,5,21,看来你错过很多我姿金曲了[大哭]，本姿迷每首通熟，就是这么得意hahahaaa[大哭],3,33轉的LP,630862795
328,2018,5,18,曾经有一段时间以为这首歌可能会成为《哆啦A梦》大电影的主题曲。,1,小way,19116822
329,2018,5,14,姿迷朋友晚上好,1,孙燕姿的老迷妹_,336924316
330,2018,5,13,哇，这么好听。最近从yanzi这一张专辑开始一张一张地挖掘遗珠～,4,Temporal_activating,377515960
331,2018,5,11,每次听燕姿唱歌都能想起最初的那个自己～,2,开贝橘,267565774
332,2018,5,10,因为小的时候学琴，所以后来第一次听到这首歌的时候就感觉是在写自己,0,Lawrence么么哒,33887997
333,2018,5,10,好听[色],0,畎荃cc,3584186
334,2018,5,10,我姿,0,motorcycles,283973423
335,2018,5,10,希望我们都不要忘记做自己,1,二十三点五十九分-,265517358
336,2018,5,4,特别喜欢这首和咕叽咕叽还有完美的一天,1,Hitchhikerss,64238489
337,2018,5,2,我爱孙燕姿！,0,赟光,454310581
338,2018,5,1,未来会很神奇 猫和狗会在一起,1,暮至明,94756999
339,2018,5,1,fjo,1,跳舞的梵谷yanzi,318974517
340,2018,5,1,ai yan zi,1,跳舞的梵谷yanzi,318974517
341,2018,4,26,梦游,0,毛毛虫0912,323067104
342,2018,4,25,感谢你没有忘记做你自己,0,mrnoel,129097476
343,2018,4,21,八音盒里的燕姿,0,悬可安溥,124133944
344,2018,4,21,这首歌好可爱啊(๑• . •๑),1,weicraslod,642406807
345,2018,4,19,emmmm想你想你想你,0,海洋过森林,325742808
346,2018,4,18,723我爱你,4,极美欢庆,351351231
347,2018,4,18,嘿，我的燕子。,0,极美欢庆,351351231
348,2018,4,18,居然没进热门50！？excuese me??,0,81永不言弃,48021347
349,2018,4,18,像是音乐盒里的音乐,0,水野亚美惹,29999791
350,2018,4,12,未来总是很神秘,0,有点小欢脱,119021308
351,2018,4,10,59秒，我的女神姿,0,33轉的LP,630862795
352,2018,4,9,未来很神秘，会经历爱。也学会期待。,0,Lisa-Vulcan,128394250
353,2018,4,8,这首歌很有意思,0,毛毛萱萱甄甄镁镁,247430597
354,2018,4,5,早上去学校路上收音机里播了这首歌,1,维斯特洛不值得,325778202
355,2018,4,3,"越听越可爱的歌
",0,L-vortex,302656165
356,2018,4,3,虽然有很多怀疑你不明白,0,Glacierrr-,356576618
357,2018,4,3,[星星],1,nejaa,114386974
358,2018,3,31,这首歌很适合她的音色,1,KitKat__,41723861
359,2018,3,31,🙆🙆,0,komorebi_la,87522663
360,2018,3,28,喜欢,0,毛毛虫0912,323067104
361,2018,3,28,好开心,0,毛毛虫0912,323067104
362,2018,3,26,世界上如果没有孙燕姿该多孤独,5,林守乐,55243746
363,2018,3,26,15:04,1,林守乐,55243746
364,2018,3,26,全专最佳,0,子不语叔叔,30880034
365,2018,3,25,感谢你没有忘记做你自己,1,BrightonWilson,255688521
366,2018,3,22,我在长大，咕叽咕叽,1,鲸鱼座米拉,371083589
367,2018,3,22,好春天的歌啊~听到就很开心,0,junel7,97397570
368,2018,3,22,想起来从前，多么希望我经历的一切都是梦游。,1,张大zhao,517302641
369,2018,3,22,[爱心][爱心][爱心]逆光发行11周年,1,成小姿S,84991554
370,2018,3,21,哈哈,0,180cm一,115012093
371,2018,3,21,词真好,1,MyAnswer1711,624902250
372,2018,3,20,开心,0,stef流年,1367583538
373,2018,3,20,儿童乐园的感觉,1,stef流年,1367583538
374,2018,3,16,如此美妙,1,180cm一,115012093
375,2018,3,15,❤不要忘记做自己,1,橙苹果变胡萝卜了,496108536
376,2018,3,15,哒哒,1,小桥梦,334171684
377,2018,3,15,未来总很神秘 有暴风雨 也有好天气,3,姿迷Kepler,62776498
378,2018,3,13,这是我2014年高一时候同 《sing》一起听的歌，那时候我也畏惧，现在呢，加油,0,帐号已注销,261483797
379,2018,3,11,莫名想听这首歌,0,180cm一,115012093
380,2018,3,11,感谢我没有忘记做我自己,1,180cm一,115012093
381,2018,3,9,我是过来洗耳朵然后喜欢上了,1,-clocks,300448434
382,2018,3,9,我家燕姿真是什么曲风都能驾驭[亲亲],0,秋葵炒蛋丫,248446467
383,2018,3,5,@Dr-跳房子 ,0,果汁爱学习,1350631564
384,2018,3,3,燕姿，漂亮的帅[呆],1,Just节奏一下,281202198
385,2018,3,1,做了一个梦，回到了小时候,3,stef流年,1367583538
386,2018,2,28,我和你指的可能都是自己[呲牙]最开始觉得是两个人。一听梦游就喜欢了,0,拾_光_者,490774104
387,2018,2,27,我也是！！,1,葱香奶油酥脆小饼干,343949175
388,2018,2,27,这首歌太可爱了,1,葱香奶油酥脆小饼干,343949175
389,2018,2,27,679冒泡⊙▽⊙,1,QguoA,398920674
390,2018,2,27,我感觉我小时候听过,0,苦瓜奕晴天伦遇见姿,293415362
391,2018,2,26,我一定可以遇见你,1,未完成19991230,503310441
392,2018,2,26,穿过时光机器,1,未完成19991230,503310441
393,2018,2,26,梦幻,1,未完成19991230,503310441
394,2018,2,25,就像回到过去看小时候的自己,1,十十十十个七,507966959
395,2018,2,25,本来我是看偶像练习生有人翻唱孙燕姿的歌，诶，还挺好听的，没想到我竟然喜欢上她的歌了[大哭],2,農農Z女孩,549036448
396,2018,2,24,这首为啥没有999+,0,青梅子yo,260256042
397,2018,2,21,不对，是我要收藏了，不是我已经收藏了[晕],0,DemonRoo,68854996
398,2018,2,21,收藏了！[大笑],0,DemonRoo,68854996
399,2018,2,21,@DemonRoo,0,多了一拍,263993678
400,2018,2,18,无意在车上电台听的歌 没有被po乱 真好,0,空殼吱吱,246582105
401,2018,2,18,感谢给我推这首歌，新年快乐,0,流光入窗户,131986164
402,2018,2,17,第666条评论！,2,棘麦,51135526
403,2018,2,13,没到999？不科学，正能量爆棚的一首小清新~哒啦哒啦,0,elsalee1992,38002660
404,2018,2,10,已经11年了，太快了 。一直还说，逆光是新专辑[大哭],1,如氵水,488453325
405,2018,2,7,还敢做你自己吗？我在思考这个问题，会不会活不过三集。,1,我是丑七,555537844
406,2018,2,1,真的很好听[大笑],1,十十十十个七,507966959
407,2018,1,30,给我 大雄和哆啦A梦永远是好朋友 的画面感,3,反锁铁门,257599874
408,2018,1,30,哒啦 哒啦 哒啦哒啦 哒啦 哒啦 哒啦哒啦哒（这段好可爱[吐舌]）,2,赟光,454310581
409,2018,1,29,幸福的答案[可爱]等我,2,马lululu,55810097
410,2018,1,29,以前和现在有共同的想法就是希望自己喜欢的东西别人都不喜欢，从前觉得这是很自私很不齿的行为，但是后来发现大家都有这个想法也就释然并且乐于发现自己更喜欢的东西了。,3,你的月亮我的珂珂珂丶,111459878
411,2018,1,28,这没到999＋不敢相信？？？？！,1,塔西茜,120135198
412,2018,1,25,竟然找到了孙燕姿一首没999+的歌。幸福。,1,意咍,271178426
413,2018,1,22,感谢你没有忘记做你自己！,2,322嘟嘟233,567185975
414,2018,1,22,感谢你没有忘记 做你自己 Stefanie,4,姿迷Kepler,62776498
415,2018,1,21,这首歌总是能让我重新找到自己,2,o0-listener-0o,131095397
416,2018,1,20,燕姿  感谢你没有忘记 做你自己,2,极美欢庆,351351231
417,2018,1,20,未来会很神奇，猫和狗会在一起,2,暮至明,94756999
418,2018,1,19,[强],0,素白171111,405622046
419,2018,1,19,[钟情],0,素白171111,405622046
420,2018,1,19,[吐舌][吐舌][吐舌][吐舌][色][色][色][色][呲牙][呲牙][呲牙],0,素白171111,405622046
421,2018,1,18,好好听,1,O_oHULLO,343829645
422,2018,1,17,真的超好听的！,0,甲烷君methaner,112564099
423,2018,1,16,好听,0,黑糊糊脏兮兮,47886623
424,2018,1,15,来得及来得及，我也是18才爱上[可爱],0,字迹微寒,100562566
425,2018,1,15,还来得及，抓紧，姿迷欢迎你,1,安宁并不安宁,118700121
426,2018,1,13,一直觉得这是写给小时候的自己的歌,1,seagreen328,57078959
427,2018,1,11,好好听啊啊啊！！,0,1Me3,559078947
428,2018,1,11,薛定谔的猫～喵～,0,I-am-GWH,136805724
429,2018,1,3,23:32,0,林守乐,55243746
430,2018,1,3,薛猫观光团,1,奥义酱12138,89905600
431,2018,1,2,超可爱的,0,土豆加个泥,79598468
432,2018,1,2,快期末考了我还是得加油啊[可爱],0,AIlennolan,467487362
433,2018,1,1,哈哈，我有时候也这样,0,Artistchan,93396357
434,2018,1,1,[可爱],2,Kepler-3,378301025
435,2018,1,1,Me too~,0,Artistchan,93396357
436,2018,1,1,今天把这首歌分享到朋友圈啦！我的新年歌☺,1,兮夕溪茜西瓜,330998114
437,2017,12,30,18歲那年的歌,1,lm_stef,258724583
438,2017,12,30,"这首歌好惊喜
",0,Ci2xsk,285040371
439,2017,12,30,最近单曲循环了[憨笑],0,鹏灬翼,100828962
440,2017,12,28,[大笑][大笑][憨笑][憨笑],0,懂个狗屁音乐,274682154
441,2017,12,20,这么好听的歌评论怎么不是999999,4,Stefanie_kf,260396530
442,2017,12,18,温柔~,0,鱼缸里的青年,108706817
443,2017,12,15,被惊艳到了,0,鹏灬翼,100828962
444,2017,12,14,好听,2,Stefanie_kf,260396530
445,2017,12,13,好听！！留名[爱心],1,_LittleSerendipity,117042151
446,2017,12,7,每次听都想到那个不知是否有答案却仍努力的自己，又是感动又是心疼,0,我最那啥了,9673912
447,2017,12,5,不记得是第几次听哭啦   人生不管怎么样也要勇敢前进  我们想想努力到尽头试试😉,1,很多时候都是我问太多了,131668969
448,2017,12,4,我姿的歌没有999+吗 那我来强行999+,1,三行柳,80269724
449,2017,12,3,答案是…的开场曲  ,1,訾央伪装小漠漠,247480354
450,2017,12,3,好,0,明心见性境随心转,567870106
451,2017,12,2,有练琴的小伙伴吗，孙燕姿的声音就像琴声一样清脆跳跃，像弦乐一样悠扬飞舞，又像启蒙老师的唱谱准确饱满，听这首歌的时候感觉钢琴和提琴就在身边,2,布尼Aaron,116958863
452,2017,12,1,感谢你没有忘记做你自己[爱心][爱心][爱心],2,张弯男,137309838
453,2017,11,27,真的好听,0,甲烷君methaner,112564099
454,2017,11,26,王菲也有一首梦游，都好喜欢❤️女神燕姿、王菲、艾玛,0,双子_faye,626804992
455,2017,11,25,这首歌太好听了！,0,少年刘贺之烦恼,72066549
456,2017,11,25,感觉这首是这专粪曲哈哈,0,kendy的风筝,362892899
457,2017,11,25,我姿的歌没有999+吗 那我来强行999+,1,三行柳,80269724
458,2017,11,24,我姿的歌没有999+吗 那我来强行999+,2,三行柳,80269724
459,2017,11,23,当然来得及啊， better later than never[憨笑][憨笑] 我刚喜欢上林俊杰[可爱],0,oh-阿菲的小迷妹,371988162
460,2017,11,23,为什么喜欢一个人时会有这样的情绪，气他不够体贴，气他不考虑我的感受，也一样气自己太敏感，太容易就闹脾气，觉得这样的自己好累，很想分开，想做回从前那个没心没肺开心快乐的自己，但又舍不得跟他分开，跟他分开又会很痛苦,0,二次元饭量,614991438
461,2017,11,23,好(✪▽✪),1,Cathy_An,335054168
462,2017,11,22,感谢你没有忘记做你自己,3,甜不辣要去有鱼的地方吃香蕉,100842154
463,2017,11,21,[亲亲][亲亲][亲亲],0,字迹微寒,100562566
464,2017,11,21,放轻松，都加油加油,1,想要_另一种生活,66391160
465,2017,11,21,然而我背得已经要炸了[大哭]还有一个月,0,半闲书生,121324305
466,2017,11,20,22岁喜欢孙燕姿来的及不,3,懂个狗屁音乐,274682154
467,2017,11,20,999里有一个我,0,999里有一个我,120605470
468,2017,11,20,你曾经可以选择轻易放弃[爱心]我会继续坚持的,0,___离岸,328984859
469,2017,11,19,长大后的 彩虹金刚～,1,Ro1030,90652954
470,2017,11,18,很爱啊 让我独享好了,0,妈妈喏子,87170088
471,2017,11,18,好干净 好甜美的梦游嘻嘻嘻嘻嘻,0,清汤时蔬,424026940
472,2017,11,15,带着童真的歌[爱心],1,sigh0,47909177
473,2017,11,12,好听,0,暮至明,94756999
474,2017,11,11,感觉好像是在说生日快乐,0,名叫三毛,449344295
475,2017,11,9,谢谢,0,AIlennolan,467487362
476,2017,11,9,当时我中考的时候也只听这首歌，加油！,0,审判者树,386695122
477,2017,11,8,此時，聽著這曲，非常想念家人，也非常想念那個一個人躲在家里，肆無忌憚地唱著孫燕姿歌曲的小女孩。,1,陳陳Chy,446418697
478,2017,11,7,祝我期中考成功,3,AIlennolan,467487362
479,2017,11,4,旋律很好听哟，乐器的声音真是棒。自从上次重新和梁sir说定题目之后，一直看文献，我没想到自己也可以再次安静下来看东西。成长了吗？给自己一点鼓励吧[憨笑],3,tangoonbaby,349353337
480,2017,11,3,DALA  DALA,1,hey葬爱家族,534423319
481,2017,10,31,这歌超好听的 居然这么小众～,3,一颗葡萄精,398930228
482,2017,10,29,感谢你没有忘记做你自己。谢谢你，跳舞的梵谷,2,km15,346255482
483,2017,10,29,哒哒哒,2,半座城池丶,500055772
484,2017,10,28,一直爱你👧,1,-Song-YY,449670036
485,2017,10,28,嘿嘿嘿，可惜被我发现了,0,-Song-YY,449670036
486,2017,10,27,爱姿,2,姿意燕为,263726012
487,2017,10,27,爱姿,2,姿意燕为,263726012
488,2017,10,24,稀饭[可爱],2,Arabestine,270881048
489,2017,10,24,再也找不到这样干净的声音,2,二狗go-go,63381633
490,2017,10,21,喜欢～,1,羊咩咩爱猫喵喵,97118099
491,2017,10,21,每当世界变化混乱 看到你 脑海中总有这一句“感谢你没有忘记做你自己”我的光，谢谢你。跳舞的梵谷。🌻,3,行星Kepler,6971200
492,2017,10,20,为何总是幻想到蓝胖子呢，大雄和机器猫的影像在脑海里转啊转不停。,1,萧垚lolo,37318802
493,2017,10,19,坚持努力，是为了心安，距离考研还有65天，天气晴。,0,石下观流水,90064655
494,2017,10,17,有点像儿歌的曲风[憨笑],3,牛肉面__,117725677
495,2017,10,16,当年听着这首歌，闭上眼，我真的可以走进自己的梦幻世界哦,1,一路向北0912,315178241
496,2017,10,11,现在是2017年10月11日下午2:03，午觉刚醒，窗外的阳光明亮的洒进来照到床上，我看着镜子里的自己觉得好精神，想到等下我要去学校了，也觉得生活很可爱🌞希望此刻也在干嘛的你，也是个可爱的人[爱心],3,_吱唔猪,416239435
497,2017,10,10,听着dala那里，就情不自禁的想闭着眼睛轻踮脚尖跳一支舞[憨笑][憨笑]我爱燕姿[憨笑][憨笑][憨笑],0,鬼神sirs睫毛,108221433
498,2017,10,10,失眠打卡,0,jojiuiuk,530077795
499,2017,10,9,燕姿的这首歌旋律不时的萦绕我的脑海,0,圆不离,353487133
500,2017,10,9,初中在浙江过暑假的时候，有一个电视台一天到晚都在放孙燕姿的歌，然后就喜欢上了孙燕姿，当时最爱的就是逆光和梦游，刚刚突然莫名其妙一下想到这首歌了，历历在目的场景已经过去八年了。,2,伊布热伊木酱,333158356
501,2017,10,8,我喜欢用美声唱这首歌,2,变秃的过程是坚持,433040897
502,2017,10,4,每一次听这歌都好开心,0,rerere惹爱大米,317320874
503,2017,10,4,我95的[憨笑],1,KeKE_Zhang啊,127927022
504,2017,10,2,581小众小众 逆光的都很喜欢,2,若即若离f,529487648
505,2017,10,1,幸福的答案我也还没解开～,1,湖人死忠,7776579
506,2017,10,1,07年我也初一[大笑]，那我们同岁哦,0,流年似水年华似水流年,445473248
507,2017,9,27,好喜欢这个调调哦！,2,顾南衣的八颗胡桃,551037045
508,2017,9,27,深夜有时会魔怔了，觉得一切都很糟。需要一些声音把人从那个状态拉出来。自我催眠一下，一切都会好…不要为无端的烦恼失眠了…不要再矫情得一逼了…睡吧睡吧…,2,妞我只想发财,78734237
509,2017,9,26,这个专辑的每首歌都会唱  啦啦啦啦,1,王小七CC,498169900
510,2017,9,26,循环啊真好听[爱心][爱心],1,花老师小课堂开课啦,353426857
511,2017,9,24,好听！,0,dddhahaha,94909536
512,2017,9,24,2007年初一 好像第一次听燕姿是小学三四年级 一转眼马上就大学毕业了 当时也超喜欢这首歌 可是很想问 时间都去哪儿了[哀伤],3,KeKE_Zhang啊,127927022
513,2017,9,23,时间的流逝，地点的辗转，不变初心，加油！,1,半闲书生,121324305
514,2017,9,20,[鬼脸][鬼脸][鬼脸],0,鄒爸比,85768778
515,2017,9,19,从《薛定谔的猫》过来的举个手！,3,cancel-hu,134824898
516,2017,9,12,你的梦游，我的最爱,1,Evanscool,423745574
517,2017,9,12,机器猫与大雄,2,Ro1030,90652954
518,2017,9,9,哈哈你们好可爱啊脑补出画面了。[奸笑],0,梦中情人王靖雯,330182534
519,2017,9,8,啦啦啦😄,1,雪花气息,408899309
520,2017,8,29,特别喜欢这首歌，坐着旋转木马的旋律，悠哒悠哒～,3,鱼小姐爱吃拉面,394072023
521,2017,8,28,这首mv很可爱,1,极美欢庆,351351231
522,2017,8,28,这样的梦游很甜美。。,0,莱茵江城,484744888
523,2017,8,27,[色][色],0,让ert,258267094
524,2017,8,25,谢谢你 没有放弃自己,0,欠救药dc,135828882
525,2017,8,24,mv呢？,0,极美欢庆,351351231
526,2017,8,23,哈哈  当年也超喜欢咕叽咕叽,1,Lethehuy,286049732
527,2017,8,20,燕姿励志歌迷的歌么,0,圆不离,353487133
528,2017,8,19,幸福的答案·我也还没解开......怪不得 the answer is要选这首歌作为开场曲,1,朕知道了呵呵,3356923
529,2017,8,18,现在发现她就没有难听的歌,4,EmilieAdams,77662760
530,2017,8,18,好清新,1,Kiki未完成,123885215
531,2017,8,18,这首很好听 居然评论这么少？,1,季雨DL,35951354
532,2017,8,15,每次听完这首歌就莫名的心情好[幽灵],2,哎呦月月,511265867
533,2017,8,15,上网找这首歌 后来网友告诉我 叫梦游 孙燕姿唱的 现在我没有mp3了 也不再会去听电台广播了 刚刚我突然想起一个情节 不记得在哪里出现过 是书 电影 电视剧 还是动漫？拼命想 拼命想 却不知道为什么想起这首歌 今天晚上又失眠了,0,bananannnnn,114844134
534,2017,8,15,读小学的时候妈妈给我买了个mp3 那时候我要玩电脑比较困难 mp3里也没什么歌 那时候喜欢用它来听fm广播 有天晚上听着它睡觉 我应该有设睡眠时间 但是可能翻身压到 它又开了 半夜醒了一下 听到mp3还开着 在放歌 听到一首安安静静又温柔的歌 听着听着我就录了下来 后来听回录音 凭着几句破碎的歌词,1,bananannnnn,114844134
535,2017,8,13,就刚才在男朋友车里听到的   那时我正在生气   气他不够体贴  不考虑我的感受  也气自己太敏感  太容易就闹脾气  觉得真的很累  但不想分开。。并不知道该怎么办 [哀伤],3,giveuallofmylove_,260556684
536,2017,8,12,第一次听这首歌的时间我现在都还记得，听了之后就觉得是那种白开水的歌吧，离不开吧，我就喜欢这种，还是期待老大新专辑[亲亲],2,孙燕姿的小流氓,40721477
537,2017,8,11,543打卡٩(●´৺`●)૭逆光里最冷的一首了吧，好像发现了宝贝一样，好听好听！,2,慢跑_nut,325877430
538,2017,8,11,“不够高的身影 计算着与梦的差距。”这首歌的词其实很有力量。,0,慢跑_nut,325877430
539,2017,8,8,好听呀 发现宝一样,0,vV夜薇央vV,323577792
540,2017,8,6,可能没有经历过孙燕姿火的年代[大笑],2,听海的喵,73172279
541,2017,8,5,和男朋友去滑冰，跌倒，惯性太大，跪着擦出好远，磨破膝盖，留下一块疤。男朋友很久之前骑车摔倒，膝盖磕在人行道上，左膝盖也有一块疤。那天他跟我说跌倒时受的伤在我身上有相同痕迹。我就觉得歌词很熟，然后发现原来这首歌叫梦游啊~,1,小雪人儿啵哩,103561683
542,2017,8,5,童话般的歌曲，第一句就爱上，穿过时间机器，我一定会遇见你。,3,炉火旁打目屯,71911371
543,2017,8,3,写给未来的自己！希望未来得你会更加快乐更加成功 不忘初心做自己,1,九级浪lll,431457246
544,2017,8,2,我的未来还不神奇，我还没有经历过爱。,0,掠过了今天,259662166
545,2017,8,1,又一首冷门好歌，快两年了，还没到999＋,1,未知子-X,321652791
546,2017,7,30,好听cry啊[爱心][爱心][爱心],0,傻碴不傻,108746062
547,2017,7,29,小众？,0,Delta_T畅所欲言,58355004
548,2017,7,27,很有宫崎骏动漫的感觉,0,圆不离,353487133
549,2017,7,26,薛定谔的猫,1,反方向的钟的钟呢,331126904
550,2017,7,24,好听,1,杙语,113358292
551,2017,7,24,和刘若英《继续》同类型的歌，他的歌词好一些,0,孙燕姿同学,127671994
552,2017,7,23,好像欢快到可以跳起来,0,小叶小叶绝不熬夜,98744727
553,2017,7,23,生日快乐,0,一个路过的派克玩家罢了,74902240
554,2017,7,23,又是一年，生日快乐[爱心],2,我独南行Z,133815629
555,2017,7,23,这首歌以前拿来做早晨闹铃的,0,御弟锅锅,68425697
556,2017,7,22,顶顶，加加加,0,半座城池丶,500055772
557,2017,7,21,💗,0,lm_stef,258724583
558,2017,7,21,所以，521？,2,半闲书生,121324305
559,2017,7,21,第520条评论🌝,3,H-S_Sun,296312220
560,2017,7,17,自己偷偷听就够了，😏😏,1,chen-H_____________________,1519035
561,2017,7,17,应该作为《不能说的秘密》插曲,2,yaaaaaaaaaaaaaaaaaaaa,269911105
562,2017,7,15,加油加油,0,i-YBO,15195708
563,2017,7,12,最喜欢的一首(｡･ω･｡)ﾉ♡,1,青花鲫鱼,415187972
564,2017,7,12,初中时买的磁带，听到这首歌心情就会变好~,0,plumelet,128585207
565,2017,7,11,真好听啊,0,梵高的丝柏树,98700202
566,2017,7,11,想起不能说的秘密,2,anewme,96719818
567,2017,7,10,这么好听的歌评论这么少 不科学,0,_Dilemma-,134324340
568,2017,7,10,感谢你没有忘记做你自己[爱心],1,Mrfish0229,297656974
569,2017,7,10,是呢~！一直很爱这首，很悠闲轻松的曲调，还有一丝俏皮嘻嘻,1,南洋冰室,446920667
570,2017,7,9,燕姿,1,有惆怅跌入了恒河,117914800
571,2017,7,6,感谢你没有忘记做自己,1,PengYuhan1990,299413850
572,2017,7,3,08年最爱，现在老了，但是梦想还在,3,千屈菜,35338253
573,2017,7,2,太可爱了吧,1,银河系星际厨师,371517394
574,2017,7,2,490由我来，这首歌好暖❤️,0,巴拉拉小短腿,333527452
575,2017,7,1,小众?,0,ghfshf,345960931
576,2017,6,29,爱姿,1,姿意燕为,263726012
577,2017,6,28,感谢你没有忘记做你自己,1,Stefanie1997,303448905
578,2017,6,25,啊…想起小时候的我，够傻，但是好喜欢[可爱],3,菜菜75697569,377996132
579,2017,6,24,薛定谔的猫。,2,七彩大菠萝-,361673066
580,2017,6,22,揪咪惹，,0,维特的高架桥,422462249
581,2017,6,21,梦游,1,尽力170419,470214770
582,2017,6,20,爱姿,1,姿意燕为,263726012
583,2017,6,18,今天刚聊到自己的想法，现在的自己陪着自己到未来去梦游拉,1,朝着太阳晒嗨,38971837
584,2017,6,18,爱姿,2,姿意燕为,263726012
585,2017,6,17,想着是啥,0,天降正呃呃呃,359385775
586,2017,6,17,打卡,0,zlovestef,37262024
587,2017,6,16,歌迷的一封信,1,气氛来了就要醉,308485041
588,2017,6,15,最喜欢曲尾借鉴音乐之声的部分，最喜欢的音乐电影场景,1,帐号已注销,110714244
589,2017,6,14,居然没到999，当时很喜欢这首歌,0,你是彩虹大金刚,452208486
590,2017,6,13,这首竟是我妈最爱[可爱],1,我是anna_anna是我,90870647
591,2017,6,13,感谢你没有忘记做你自己,1,尽力170419,470214770
592,2017,6,12,感觉好像回到小学生时代,1,圆不离,353487133
593,2017,6,10,孫燕姿的歌好聽是因為是孫燕姿呀。,2,夜路生花__,278101022
594,2017,6,9,感谢你没有忘记做你自己,5,曾经坚持过的故事不必再提-,62903769
595,2017,6,7,爱姿,2,姿意燕为,263726012
596,2017,6,6,都可以的,2,k0925,318983334
597,2017,6,4,为什么si唱ti,0,天降正呃呃呃,359385775
598,2017,6,4,朋友推荐的这一首，之前一直没听过。很喜欢，谢谢你真真,2,朕要撒花,41111199
599,2017,5,30,手动踩爪印，端午燕姿专辑一日游,1,凌晨三点不睡觉的雨果,120801740
600,2017,5,30,爱姿,1,姿意燕为,263726012
601,2017,5,29,看你努力奔跑，但是终点在哪里？,1,IamMaxning,133318755
602,2017,5,29,爱姿,2,姿意燕为,263726012
603,2017,5,29,喜欢这首编曲,1,古由之月,62913048
604,2017,5,28,感谢你没有忘记做你自己,1,账号还是注销吧,17481219
605,2017,5,28,多好听的歌，那么多人还没发现,1,Opusv,67569338
606,2017,5,27,梦幻,1,JAMaaya,80600335
607,2017,5,23,这么赞的歌为啥评论和赞都这么少,0,人生何处不大头,42492566
608,2017,5,23,爱姿,2,姿意燕为,263726012
609,2017,5,14,发现我笑容成长在你哭泣里,1,Monsieur_T,250494005
610,2017,5,13,现在再听到十年前循环过n遍的歌，心头一震。是跟十年前的我约好的么？就像歌里唱的，虽然我没有大富大贵，但有在努力奔跑，没有忘记坚持做我自己，有勇气选择往自己想要去的方向前进。十年前的我你就放心吧，现在的我过得很好。约定好十年之后的我也要过好好的，或许那时候已能悟出幸福的答案了[憨笑],3,哇咖喱贡啊,48696634
611,2017,5,12,爱姿,2,姿意燕为,263726012
612,2017,5,12,全场梦游  晋级失败    没有节奏  继续暴走,0,年少许我爱,71271617
613,2017,5,12,[亲亲],0,森屿ANTONE,92961178
614,2017,5,10,开口就吸引,1,xiiu修,90268728
615,2017,5,9,2008年的我听着这首歌，想象着未来…2017年的我想告诉2008年的自己，你真的很棒哦[星星],4,ZiZiii,379164613
616,2017,5,9,为什么这首歌这么好听啊！？,2,Kiki未完成,123885215
617,2017,5,8,支持,1,吉茄人韦,449870967
618,2017,5,7, 感谢你没有忘记做你自己[亲亲],3,Yoona噜噜噜,62693140
619,2017,5,4,好听好听好听,1,在噩梦惊醒之后,318384205
620,2017,5,4,孙燕姿,2,Gloria_js,113380807
621,2017,5,4,加油，虽然第一次面试失败，但不能放弃[大哭][大哭],2,四街站神_单纯王,252931856
622,2017,5,3,世界上最好的孙燕姿[可爱],2,Gloria_js,113380807
623,2017,4,30,好久没听了 过了这么久还是这么好听,1,Fantasy26,95872276
624,2017,4,29,这首歌贼好听[呆],1,zozo夏风,135894024
625,2017,4,24,燕姿的嗓音和吐字太喜欢了  十几年了  还是着迷,3,CharisSawSaw,290436111
626,2017,4,21,421.436,1,阿Dar,94482447
627,2017,4,20,超爱这首啊怎么不火,0,南洋冰室,446920667
628,2017,4,19,原来很喜欢,0,_大梦_,80929259
629,2017,4,12,433来报道,0,Mingo-_-,432683272
630,2017,4,11,[爱心],1,Swedish丶House丶Mafia,306994277
631,2017,4,8,超爱这首歌，有种小女孩心思活泛起来的感觉，忍不住迷糊起来，进入各种美妙的遐想之中,1,乐呵乐呵爱折腾,87411107
632,2017,4,6,人怎么可以这么少,0,其实有点胖了,16557334
633,2017,4,5,孙燕姿的歌  我就留了这么一首🙈虽然她其他歌也都很好听,1,VIVI就爱幻想,100344043
634,2017,4,2,暖,2,一叶扁舟_____,98760641
635,2017,3,30,@theshyfullofstars nice,1,我只会乱乱唱,272309134
636,2017,3,27,晚安，早点休息[爱心],3,我独南行Z,133815629
637,2017,3,27,暖,1,Callmes,129301579
638,2017,3,26,燕姿晚上好,2,YZ芣苢,330392808
639,2017,3,25,超喜欢这首,1,夏花也好秋叶也罢,132873807
640,2017,3,24,刚开始不喜欢，后来越来越好听,1,AI亮到黎明的灯,378691559
641,2017,3,23,觉得是写给以前的自己……幸福的答案我也还没解开，但一直为未来着迷呀,2,小李leeleelee,131499837
642,2017,3,23,十年后,2,宾克斯的美酒ckr,403856742
643,2017,3,22,十年,2,帐号已注销,426168650
644,2017,3,22,10周年,2,很摇滚滴事,98010521
645,2017,3,21,[可爱],1,鄒爸比,85768778
646,2017,3,20,有多少人是看了《薛定谔的猫》来的,7,Yabalabadu,82929815
647,2017,3,20,我是第413个，孙燕姿的声音很好听，感觉很幸福。,2,有毒少女YMH,16241610
648,2017,3,20,开头有点迷,1,用户258821929,258821929
649,2017,3,20,411来报道！,1,年华似羽轻送,431785529
650,2017,3,19,感谢你没有忘记做你自己。,1,把酒言话,116902125
651,2017,3,19,刚醒[爱心][爱心],1,燕姿啥时候开演唱会,395002840
652,2017,3,16,让人最美好的一首歌,2,大可不必714,317253955
653,2017,3,15,这首歌分分钟入围“我最喜欢孙燕姿的两百首歌！”,1,喝热水喝热茶,57821987
654,2017,3,14,最喜欢的一首啊居然么有999+,0,大大大大大门,42716179
655,2017,3,14,幸福的答案我也还没解开。,1,潘婷许多年,97782504
656,2017,3,12,[憨笑],2,万青何,137267398
657,2017,3,11,日常打卡[爱心],3,我独南行Z,133815629
658,2017,3,10,知乎去完，去薛定谔的猫，去完又来网易[大哭],3,红莉栖的专用叉子,309664686
659,2017,3,10,爱姿,2,姿意燕为,263726012
660,2017,3,10,daladaladaladala,1,海绵1874,298588296
661,2017,3,9,小学的时候在姐姐的mp3里听的这首歌……希望那时的我回到未来陪我梦游(｡ ́︿ ̀｡),1,EleanorBaldwin,271109453
662,2017,3,9,然而真爱粉是经得起考验的,1,气氛来了就要醉,308485041
663,2017,3,9,有燕姿的地方就有我,2,气氛来了就要醉,308485041
664,2017,3,8,未来总很神秘 有暴风雨也有好天气[憨笑],1,Glacierrr-,356576618
665,2017,3,7,Yan-zi.,1,孤独小孩o,273175427
666,2017,3,7,谢谢你 我的偶像孙燕姿,1,zzYQhhhhhh,394212815
667,2017,3,6,00:00,1,林守乐,55243746
668,2017,3,3,居然没有999+,0,夏小仙mini,379067469
669,2017,2,22,[强],1,四街站神_单纯王,252931856
670,2017,2,21,电视剧名字就叫薛定谔的猫？！,2,林守乐,55243746
671,2017,2,21,看那电视剧听到的啊,0,抓根儿,50069215
672,2017,2,20,很好奇 咋回事[晕][大哭][晕],1,林守乐,55243746
673,2017,2,18,好爱好爱这张砖！！,1,小飞飞飞飞女女侠,264121818
674,2017,2,18,Yan-zi.,1,孤独小孩o,273175427
675,2017,2,16,薛定谔的猫来的，有吗？,4,抓根儿,50069215
676,2017,2,13,我想一直这样梦游下去 不要醒,1,邻家笨笨,396540635
677,2017,2,5,这部剧的主题曲就是永远了吧，贯穿全剧还符合剧情。,4,钦宇星,31431346
678,2017,2,4,是啊 中间出的《完美的一天》 感觉还筛了不少粉 巅峰应该是出道起前三年了,0,ssssteff,102967184
679,2017,2,3,总有种感觉像是 The Sound of Music ✔,2,给予黑色世界正义的铁锤,35343836
680,2017,2,2,那应该去《作战》[奸笑],2,无限大94,72774904
681,2017,1,25,好好听哦  美姿,1,你_看起来好像很好吃,110892655
682,2017,1,24,@万年撑伞户也想要抱抱 特别喜欢你唱这首歌时的样子，我觉得这一生有你和燕姿的歌陪伴，死而无憾。,5,孙燕姿你是光芒果,77464742
683,2017,1,22,这个时候她人气已经下滑好多了。巅峰是休息前。,1,ArsXHT,368492289
684,2017,1,20,寒假的第一天，燕姿陪我战数学[拜][拜],2,溺水浮木,84094328
685,2017,1,20,[爱心],1,serendipity-Pumpkin,70112004
686,2017,1,20,记得第一次听到这首歌是在东南卫视的非常音乐上，刘伟介绍这首歌，MV相当有童趣。,1,朵弥云雀,58413367
687,2017,1,20,爱姿,2,姿意燕为,263726012
688,2017,1,18,还以为翻唱我菲的梦游[呲牙],1,陈家瑛,103886050
689,2017,1,17,风格和咕叽咕叽感觉有点相似，我指里面俏皮的声音[大笑],1,DanCingVanGogh,263043497
690,2017,1,17,像儿歌一样～,1,一邻,100227715
691,2017,1,16,粉色的MV,1,hanimal,269609516
692,2017,1,13,薛定谔的猫！,1,TheVampsOfficial,300044964
693,2017,1,13,哪一部？,0,帆影澈,56209642
694,2017,1,11,是的没错！,1,TheVampsOfficial,300044964
695,2017,1,11,薛猫？,2,川草,46537119
696,2017,1,10,哒拉哒拉哒拉[跳舞][跳舞],1,帐号已注销,124859943
697,2017,1,10,相当棒，听着心情欢快起来,1,blesslieu,123849
698,2017,1,9,我从某部致敬孙燕姿的音乐剧来！！,4,TheVampsOfficial,300044964
699,2017,1,9,爱姿,2,姿意燕为,263726012
700,2017,1,8,爱姿,3,姿意燕为,263726012
701,2017,1,7,姿妈 爱你 么么哒,1,闪亮亮的阿星,64032851
702,2017,1,7,很久没听了 我很喜欢的一首歌 也是前任送给我的一首入梦曲 我知道你现在遇到了你喜欢的人 我也遇到了我喜欢的人 希望你一直好好的下去 虽然不知道你干嘛要删了我好友 我也只是想暂时屏蔽你朋友圈而已 哈 年初了 年初是个比较特别的时间段 晚安 愿君安,3,Locat守护神,103847129
703,2017,1,7,错别字[撇嘴],1,藤井一织,316368005
704,2017,1,6,这首超好听，歌词寓意也很棒[爱心]喜欢,2,一日三餐元气刺猬,86398374
705,2017,1,6,资妈的小甜歌,2,闪亮亮的阿星,64032851
706,2017,1,6,薛猫观光团🐱，薛猫还真喜欢用姿妈的歌,1,五月一日的凤梨罐头,16202218
707,2017,1,4,我妈问我为什么跪着听[色],3,wokansheihewoyiyang,113113844
708,2017,1,3,爱姿,1,姿意燕为,263726012
709,2016,12,26,不需要999，自私的燕姿就是我的。,1,潘婷许多年,97782504
710,2016,12,23,薛定谔的🐱,5,有句话怎么说来着,96303515
711,2016,12,19,初中好喜欢听这个睡觉的,1,lesleymars,76475897
712,2016,12,15,爱姿,1,姿意燕为,263726012
713,2016,12,11,为何！！没有999+！！！！,1,小玉的男月月友,117003697
714,2016,12,10,扑通跳进云里去游泳 ,2,TYPH00N,39739342
715,2016,12,10,Sodou,0,看斜阳照大地,67282306
716,2016,12,8,爱姿,3,姿意燕为,263726012
717,2016,12,6,穿過時光機器 我一定可以再遇見你.ft,1,Linllll_,257358911
718,2016,12,4,[跳舞],2,帐号已注销,124859943
719,2016,12,4,幸福的答案我也还没解开,1,糊里糊涂小陈,258416484
720,2016,12,1,爱姿,1,姿意燕为,263726012
721,2016,11,28,好美好啊！,2,_UnaVida_,80518272
722,2016,11,27,慢慢来呀,1,-柴油机,127794797
723,2016,11,26,燕姿晚安，我们不会脱粉,5,YZ芣苢,330392808
724,2016,11,26,，，，，，，好听,1,凉芈芈,115476334
725,2016,11,26,330[亲亲],1,四街站神_单纯王,252931856
726,2016,11,21,曾经有一段时间一直单曲循环这首歌,1,靑淮,33000690
727,2016,11,21,个人觉得这张专辑最好听的就是这首歌,1,huruhi,93825422
728,2016,11,21,燕姿变身中小学音乐老师,1,山野starwang,327472142
729,2016,11,20,我初中喜欢的,1,vent_cerfvolant,63708117
730,2016,11,20,你为什么还能这么俏皮[可爱],1,裸奔的艳遇,111778036
731,2016,11,19,听燕姿每首歌都有回忆。,1,prince-Joshua,117961245
732,2016,11,19,3～2～1～love uoy～,2,林澍,134198654
733,2016,11,19,初中时买的专辑，现在已经研一了，时间过得好快。。。一直没忘记的旋律，心情好的时候随口就能哼出来,2,Funky_Jessie,262317546
734,2016,11,19,未来会很神奇 会经历爱 也学会期待 不一样的孙燕姿 这首歌感觉甜甜的 很可爱,1,脱发中年少女,112875853
735,2016,11,19,这首非常好听,1,zlovestef,37262024
736,2016,11,18,爱姿,2,姿意燕为,263726012
737,2016,11,16,听这个歌，就好像在时光里，遇见曾经的自己。对她说，抱抱，要加油奥！,1,帐号已注销,79195298
738,2016,11,13,喜欢燕姿就是从逆光演唱会开始 看了无数遍 燕姿巅峰大概就是那个时候吧❤️❤️❤️,0,LynJianSheng,100564449
739,2016,11,11,[跳舞],1,二毛李,12610069
740,2016,11,7,来给我姿写评论,1,HCQ666,42852790
741,2016,10,30,咕叽咕叽也好听,1,hewittchoi,8881718
742,2016,10,30,来陪我梦游,1,hewittchoi,8881718
743,2016,10,26,好乱,0,终会不期而遇,20315119
744,2016,10,25,[爱心][爱心][爱心],1,肥宅喜,100817477
745,2016,10,25,想起了音乐之声,0,藤泽猫蹄,256416980
746,2016,10,25,快乐 安然 不自觉的让你嘴角上扬，是这首歌的魅力,2,阿仁y,123606887
747,2016,10,24,第一次听在去考试的出租车上,1,一窝啰人和一窝啰酒,100201351
748,2016,10,14,这首好好听[亲亲],1,Champagne-Wines,114344953
749,2016,10,8,沧海遗珠啊,2,尽力呼吸在离开之后,107042387
750,2016,10,4,梦游,1,太阳底下0723,16072610
751,2016,10,4,300,0,松岡茉優,66232798
752,2016,10,2,哈哈哈哈,0,求一切顺利的王多多,272099714
753,2016,9,30,‮ ‮ ‮　,0,幼兽i,311708876
754,2016,9,27,燕姿就是燕姿，好歌不出名也好听,4,Anya-p,321871310
755,2016,9,25,孙燕姿！,1,所爱隔山海ttt,263524615
756,2016,9,21,每张专辑都可以在不经意间循环一晚上,1,干吃泡面,17391691
757,2016,9,21,喜欢,0,SunshineYU_,123002278
758,2016,9,21,记得做你自己，亲爱的,0,rinsing爱米粒,246806416
759,2016,9,14,晚安，燕姿,1,YZ芣苢,330392808
760,2016,9,13,爱姿,1,姿意燕为,263726012
761,2016,9,7,爱姿,1,姿意燕为,263726012
762,2016,9,7,答案是巡回演唱会的开场曲。其实更喜欢那个现场版，很燃,1,柒星雪,85911992
763,2016,9,6,发现我的笑容成长在你哭泣里,1,很多时候都是我问太多了,131668969
764,2016,9,4,爱姿,1,姿意燕为,263726012
765,2016,9,3,爱这首,1,高冷的周大王,90863782
766,2016,9,2,感谢你没有忘记  做你自己,1,燃烧的168,109716745
767,2016,8,31,冷门中的最爱 漩涡 梦游[色],2,门撒拉族儿,7590706
768,2016,8,28,可以跳舞[跳舞],1,苏三伞,111844957
769,2016,8,26,大家从这首歌里听到了多少首燕姿的歌的歌名/歌词？歌词内容是燕姿歌曲的串烧，所以格外的“梦游”～[大笑],0,mohai1355,17994306
770,2016,8,24,[爱心]九年了 从小学毕业到大学毕业,1,Alexsandre_Mao,72273652
771,2016,8,23,好久没听了呢,1,诚子233,44784183
772,2016,8,22,[可爱],0,变态吃肉大魔王,122226809
773,2016,8,22,哎，天后孙的歌啥都好听,1,姜泥誓杀丶徐凤年,97770400
774,2016,8,18,这首歌真的太美了，词，曲，意境和燕姿的演绎都是！,1,一夜草,131063860
775,2016,8,16,[可爱]感谢你没有忘记 做你自己,1,纳小子的彩虹金刚,112439595
776,2016,8,16,高中时候一个人听这首，在家里跳来跳去,2,mmmmisty,1719584
777,2016,8,15,2009年的8月15日，北京工人体育场，纪念。7年过去啦~咱们都老啦~是不是辉辉。记得当时热死人的天气，记得看完演唱会人山人海你生怕我走丢了，记得散场后走出三条街都打不上车，记得当时兴奋的三点了也睡不着觉。这是我的青春，有美好的回忆~,2,云-朵-,45045229
778,2016,8,15,我超级喜欢这一首,2,哆啦A孟要努力,50074227
779,2016,8,13,感谢你没有忘记做你自己,1,过往云烟视而不见,305289320
780,2016,8,12,爱姿,1,姿意燕为,263726012
781,2016,8,10,超级喜欢，就像在做梦一样,1,Christine燕,278613212
782,2016,8,8,初中时 ，一首《超快感》爱上了孙燕姿  ，MV里面穿个跨栏背心坐在车顶唱歌！超可爱 MV最后那个笑  现在想想还记得 [亲],4,大超C,102069240
783,2016,8,8,隐藏神曲系列上线,3,zero龙x,116126066
784,2016,8,8,👂,0,24橘,118880900
785,2016,8,6,💙💚💜💘💗💓💛,1,DEAN的小蒸汽,131348449
786,2016,8,4,我是王海峰我喜欢孙燕姿,2,爱姿海,126397948
787,2016,8,4,265,0,求一切顺利的王多多,272099714
788,2016,7,27,太美啦,0,Islandofcyril,48634536
789,2016,7,24,“我觉得这是歌迷写给我的信”对啊，感谢你没有忘记做你自己#孙燕姿723生日快乐#,0,我独南行Z,133815629
790,2016,7,21,不知道为什么听这首歌想到周杰伦了。,0,飘着_,246618908
791,2016,7,21,[憨笑],0,overfailed,276510122
792,2016,7,20,周诗喻之歌.,0,狸痣,298982840
793,2016,7,18,我姿,0,motorcycles,283973423
794,2016,7,18,看来是我的错觉 这首不知第几主打 反正mv拍的还挺好看的,0,费洛蒙felomen,297523384
795,2016,7,18,最火的是逆光和我怀念的 咕叽咕叽因为有棒棒堂成员拍MV也一直在MTV上循环 然后飘着在网上也是公认的隐藏神曲 这首真的没那么火,0,Fuuuuuuture,70813241
796,2016,7,15,这首歌就那么点人？我明明记得这首歌当年超火 电视上播 最重要的是我小时候买的故事会后面一页都会推荐这首[大哭],0,费洛蒙felomen,297523384
797,2016,7,14,这个编曲现在听还是很有层次很清爽,1,yiran____,70970757
798,2016,7,13,[大笑],0,両儀--式,298567560
799,2016,7,12,[吐舌],0,帐号已注销,3616642
800,2016,7,10,什么时候再开演唱会啊,0,不嗑盐的喵,75067727
801,2016,7,10,你曾经可以选择轻易放弃 感谢你没有忘记做你自己,1,叶阿啊,65644605
802,2016,7,8,mdzz,0,三黄解毒片,20559601
803,2016,7,7,感谢你没有忘记做你自己[爱心],0,岛屿云烟_Elaine,71960687
804,2016,7,7,可爱,0,观洱x,280504271
805,2016,7,6,如果在2003年，看你会不会被口水淹死。   [奸笑][奸笑],0,静听闲情,17445647
806,2016,7,1,付费第一首[呆],0,帐号已注销,120446117
807,2016,6,30,与众不同的一首歌,0,漫步的渴,11985761
808,2016,6,29,爱姿,1,姿意燕为,263726012
809,2016,6,28,这首歌对我意义非凡[憨笑],1,瞌睡_虫,67500894
810,2016,6,25,❤️,0,CECINING,48442071
811,2016,6,22,多年自来水前来补歌首听《梦游》打卡[爱心],1,银鲤伴,93800487
812,2016,6,21,感谢你没有忘记 做你自己[憨笑],0,吃了吗您嘞,248980233
813,2016,6,19,15:08,0,林守乐,55243746
814,2016,6,6,16:40,0,林守乐,55243746
815,2016,6,6,歌词写的好好！！,0,lemonqian,127171668
816,2016,6,2,[钟情] 可爱的小提琴~不记得第一次听这首歌是多少年以前了，那时候爱梦游却没有把这首歌听进去心里，，，好有爱的燕姿。[爱心],2,YucyOrange,125383464
817,2016,5,30,孙骁微博推荐来的[亲亲][亲亲],2,Dali_woo,68289407
818,2016,5,30,超快感 浓眉毛 leave me alone 零缺点 真的 逃亡 任性 练习 someone;silent all these years;that i would be good;作战；直来直往；不同；我想；未完成；学会；休止符；没有人的方向；太阳底下；祝你开心；种；梦游；安宁；飘着,2,神奇女侠R,112765474
819,2016,5,26,别忘记做你自己,0,T9回来喽,89386657
820,2016,5,21,看来我得去找下这个mv了[可爱],0,北极之狐,18473968
821,2016,5,19,燕姿每首歌都好听。,1,我想养只古乐兽,51814719
822,2016,5,17,像一个童话。,2,雨还是不停地落下_,100825170
823,2016,5,13,我可以再遇见你  可惜是在梦里,1,临流清而萌短见丶,120821090
824,2016,5,12,燕姿的很多两个字的歌都超好听，超有感！！！,3,扎西和德勒,133802078
825,2016,5,12,我可以再遇见你  可惜是在梦里,0,扎西和德勒,133802078
826,2016,5,10,逆光神专！！一张专辑不可能首首歌都火但是逆光真的每首都好听！！上次每首都好听的专辑感觉还是七里香~,0,直到约定融化成笑颜-,62281955
827,2016,5,9,未来会很神奇。。会经历爱。。也会有期待,0,绿魔法弟弟,255519336
828,2016,5,9,这个编曲超级榜诶*罒▽罒*！,0,Yamamoto-Takeshi,6203371
829,2016,5,8,@Reborn0522 找了好久才找到的歌,0,不卖萌的vampire萌,9531603
830,2016,5,6,"每天
",0,24橘,118880900
831,2016,5,5,喜欢,0,江Dearing,129205664
832,2016,5,3,声音[憨笑],0,1ree-,105216903
833,2016,5,2,对这首歌是着迷了 每天都要打卡,0,24橘,118880900
834,2016,4,30,好听,0,nelsius,110478273
835,2016,4,30,其实这首歌才是我的心头挚爱啊,0,万事如意小郎君,45262313
836,2016,4,29,晚安。,0,林单调,76029109
837,2016,4,28,[爱心],0,Azdmin,9793115
838,2016,4,27,我觉得一点都不小众啊[呆] 高中那会儿，包括我在内，我们班有仨女生超级爱燕姿的啊，一般都是三人轮流买磁带互相换着听[大哭],0,果儿酱甜,79257819
839,2016,4,24,这首歌声音怎么有点像白安,0,LLLLLLAAAPPP,97405519
840,2016,4,22,这首歌是当年看公主志上推荐的呢！喜欢这个杂志可是停刊了，这首歌还被写成一个小短篇文章，[憨笑][憨笑],0,MrAIRPKANE,263646374
841,2016,4,22,这么好听的歌！居然只有200评论……,0,该用户已跑路,88265457
842,2016,4,20,晚安,1,向往北方的日子和乐子,75903833
843,2016,4,20,为么一听音乐就来精神，音乐停止马上就睁不开眼睛。。。,0,EZRI,80265977
844,2016,4,13,姿妈依旧少女心,0,guistar97,82137494
845,2016,4,12,这首歌有几年没听到了。谁能想到，孙燕姿已经是一个做奶粉广告的妈妈了。《未完成》是我第一次用mp3时听的几首歌之一。中学大学时代都过去了，我未完成的事情更多了。,0,丝绸尾巴,52274797
846,2016,4,12,201,0,雨陨,31875806
847,2016,4,9,200,0,Well叔叔的音乐小屋,39838548
848,2016,4,9,这歌居然才100多评论 mv很好玩呐,0,巴巴罗萨-,36679286
849,2016,4,6,真的没错啊，喜欢燕姿的人都很可爱善良,1,与旧友,1805209
850,2016,4,4,最近过得很不好，诸事不顺，不被理解，甚至受尽白眼和漠视。可只要能看到一丝从终点发出的光芒，都觉得一定要坚持走下去。梦游是一首特别治愈的歌，就好像是一个经历了一切苦难之后终于完成梦想的未来的自己写给现在这个伤心难过甚至想要放弃的迷茫的自己的一封信。“感谢你没有忘记做你自己”[爱心],1,超级无敌小饭饭,71500272
851,2016,4,2,燕姿唱给自己的。也是送给歌迷的～感谢燕姿一直没放弃，做她自己～唔，演唱会开场的第一首，答案是,1,夏小莫,869908
852,2016,4,1,感谢你没有忘记做你自己。,0,Echo_i_i_,52627843
853,2016,4,1,[爱心],0,Echo_i_i_,52627843
854,2016,3,22,九年,0,情绪作祟-,100087340
855,2016,3,22,九年[爱心],0,孙燕姿的锁骨,17714009
856,2016,3,21,可爱的歌 可爱的人 [爱心]午安[幽灵] ,0,潇洒的周弟弟,92214140
857,2016,3,21,每次听都会哭 我是一个人吗 比起那些情歌 成长的规律总是更让我感动[流泪]感谢你没有忘记做你自己,0,sharming,7581356
858,2016,3,13,真的哟😊,0,孤独而又灿烂的深井冰,63730571
859,2016,3,13,听歌识曲,0,龠翎郓,54713930
860,2016,3,12,感谢你没有忘记，做你自己,0,赵慌慌,106465048
861,2016,3,12,好爱这首,0,用尽所有思念,33731939
862,2016,3,11,[憨笑],0,呦悠酱,59247856
863,2016,3,10,07年的电视机里放了这首歌的MV，然后爱上了她，感谢你没有忘记做你自己,0,Davy_Song,94277217
864,2016,3,10,昨晚梦见了燕姿啊 [憨笑][憨笑],0,樂了个偏头痛,31228250
865,2016,3,5,穿过时间机器 我一定可以再遇见你！,2,千里念行客,6801263
866,2016,3,2,封面好漂亮啊,1,太阳是我小台灯,63412067
867,2016,3,1,失眠,0,丶徐小果贱涛,130672958
868,2016,2,27,DALA…,0,你老了也可爱,86874042
869,2016,2,26,"心里住着一个永远不会长大的小孩子。
梦游把这个孩子手牵手带了出来，然后跟你说了很多，关于曾经，关于爱，关于梦想和未来。
这个小孩因为呆太久了，由于怀念，哭的稀里哗啦的。
感谢你。",8,Locat守护神,103847129
870,2016,2,26,会经历爱  也,0,雾越温,105684187
871,2016,2,19,同在昆明，哈哈。,0,夏天的初告白,2306050
872,2016,2,16,[可爱],0,咩酱阿曼达,65262438
873,2016,2,16,我一定可以再遇到你[跳舞],0,痴汉WANG,104270038
874,2016,2,15,穿过时光机器 我一定可以再遇见你,0,一粒葡萄籽也,130404510
875,2016,2,13,超可爱一首歌,0,71-_,671641
876,2016,2,12,这首歌有点萌,2,toexxxxxxx,99649446
877,2016,2,10,感谢你没有忘记，做你自己！[呲牙],0,一个本质姿迷siesie,97267212
878,2016,2,4,灵气,0,Erhoujiuhe,42755208
879,2016,1,31,穿过时光机器我一定会再遇见你[爱心],0,牛宝宝是迷妹,102918830
880,2016,1,30,编曲神了啊 史诗级别的[惊恐],1,王筱筱筱倩,9596396
881,2016,1,29,感谢你没有忘记做你自己,1,甜一分苦九分ya,50669579
882,2016,1,29,DALADALADALA[憨笑],0,甜一分苦九分ya,50669579
883,2016,1,29,"这首歌之后 她好久没再出这么有灵气的歌了 
",0,朕知道了呵呵,3356923
884,2016,1,29,逆光最喜欢这首[亲亲],0,迅捷斥候邓紫棋,46901378
885,2016,1,29,最喜欢这首,0,迅捷斥候邓紫棋,46901378
886,2016,1,28,哼 就是,0,厚粒蟹_,9620492
887,2016,1,28,表脸[汗],0,驿站小憩,2897791
888,2016,1,26,第一次听到这首歌是07年燕姿逆光那张卡带，转眼，十年了,0,sweateryang,3555013
889,2016,1,24,其实克卜勒也很好听。,0,少女梦想家,56796638
890,2016,1,20,说实话，克卜勒没听过，因为一直在听这张,0,nimmo,1766756
891,2016,1,19,爱梦游,0,穿越生命的沼泽,73459185
892,2016,1,17,感谢你没有忘记，做你自己。,0,Asta_star,74871591
893,2016,1,17,跌倒时受的伤在我身上有相同痕迹 这句没气了🎈,0,绊倒铁盒orz,100425042
894,2016,1,17,你是昆明的？,0,MR俊杰007,9018418
895,2016,1,16,"挥舞着我的指挥棒，大家唱起来DALA….
DALA….",1,藝術館假期,3592708
896,2016,1,14,许久未这样听音乐听听自己的心境,0,橘提林夕,85028358
897,2016,1,13,[吐舌],0,翻ki,3430606
898,2016,1,11,做最好的自己，晚安，燕姿[亲亲],0,了不起的老人家,37782426
899,2016,1,10,有缘,0,Kep_Ler,16482332
900,2016,1,9,哈，又碰到你勒！,0,萝卜系,55155538
901,2016,1,9,so so ti so so do,0,尕嘎包子,68459924
902,2016,1,5,还记得逆光演唱会上，歌迷大喊着燕姿你就是我幸福的答案，我喊得声嘶力竭，燕姿想着对我说：呵，真的吗？,142,孙燕姿你是光芒果,77464742
903,2016,1,3,uber，回学校，宝马叉5，电台放的,0,鲨鱼鲨鱼几点了,93933892
904,2015,12,28,小众？？,0,蘑菇菇凉不开花,34343354
905,2015,12,25,140[发怒],0,青城山下陈绮贞,11684436
906,2015,12,24,现在各种电音舞曲底下热评都是前奏跪，要我说这首歌才是前奏跪好嘛，不对，直接前奏趴,0,gdbskxb,7468066
907,2015,12,23,開始夢遊了，晚安,0,starrylee,29431936
908,2015,12,20,第一次去厦门，第一次坐长途大巴，听歌时，我还能走进那个微风相伴的温暖午后。,1,括苍,76226957
909,2015,12,18,突然想起,0,Raymond,91309
910,2015,12,16,🖖🏻,0,obolibo,77991176
911,2015,12,9,daladala,0,zheng_Judy,107452851
912,2015,12,7, 耶,0,Yamamoto-Takeshi,6203371
913,2015,12,1,这是我老婆唱的,0,厚粒蟹_,9620492
914,2015,11,30,不够高的身影，计算与梦想的差距…我的差距好像很大……[惊恐],0,雷米蓝,33255183
915,2015,11,28,非常喜欢的歌，舍不得分享那种[可爱],0,本命周杰伦,106526716
916,2015,11,27,THX[可爱],0,长亭缱绻,19515209
917,2015,11,27,你会越来越好  你要相信,0,我喜欢吃说话特别慢的小鱼,83320874
918,2015,11,25,[大笑][色],0,_单向度的人,9126783
919,2015,11,24,"好听
",0,weixinkai,42783132
920,2015,11,22,出这张专辑的时候 我高三 那时这首歌给我动力,0,寻小屋,16170983
921,2015,11,17,[亲亲],0,新昵称还没想好,67339684
922,2015,11,15,[呆],0,普鲁斯特蓝,45158876
923,2015,11,15,"未来总很神秘，
有暴风雨 也有好天气，
你曾经可以选择 轻易放弃，
感谢你没有忘记 做你自己。 
DAY  41",1,Kep_Ler,16482332
924,2015,11,15,未来总很神秘，有暴风雨 也有好天气，你曾经可以选择 轻易放弃，感谢你没有忘记 做你自己。 分享孙燕姿的单曲《梦游》: http://music.163.com/song/287059/ (来自@网易云音乐),1,Kep_Ler,16482332
925,2015,11,14,"穿过时光机器 我一定可以再遇见你
循着钢琴声 找到你迷惑的神情
不够高的身影 计算著与梦想的差距
看你努力奔跑
但是终点在哪里
",0,长亭缱绻,19515209
926,2015,11,14,不是只有遇见一种风格,0,九月天下雨,99533167
927,2015,11,11,"时间是2015年11月11，昆明，雨下了一天，不知道什么时候会停。在宿舍复习，听到曲子，突然眼泪有种外溢的感觉。
这一首，四年前，无数次重复，这一次，依然继续。
我让然不知道前路何方，可是感动着，出发着，
即便自己，也是幸福着。
燕姿的曲子里，有我自己。",144,长亭缱绻,19515209
928,2015,11,9,听第一遍就找过来了,0,_Afun,17331129
929,2015,11,4,又开始各种单曲循环了[星星],0,Wobushibinggan,56939631
930,2015,10,31,未来总很神秘 有暴风雨也有好天气[可爱],0,时令水果记,72208944
931,2015,10,26,为我姿刷999,0,绿沉绘深,53398360
932,2015,10,26,喜欢,0,绿沉绘深,53398360
933,2015,10,26,梦游梦话打被子磨牙流口水打呼噜我真的是女的吗？。。。。又说梦话吓到室友了,1,幼稚的老阿姨z,53082584
934,2015,10,26,我为什么总说梦话。。。。又吓到室友了。。。。。[惊恐],0,幼稚的老阿姨z,53082584
935,2015,10,26,yanziyanzi.,0,帐号已注销,44991129
936,2015,10,26,yanziyanzi.,0,帐号已注销,44991129
937,2015,10,22,这首歌绝对冷门，但是绝对适合晚上听，应该听完之后会好好睡一觉的，不会梦游的。哈哈。[呲牙][吐舌],1,Jogger我怀念过去单纯美好小幸福,44261342
938,2015,10,22,燕姿晚安！[憨笑][憨笑],0,大英帝国五连发,44598564
939,2015,10,22,燕姿晚安。[憨笑][憨笑],0,大英帝国五连发,44598564
940,2015,10,21,好喜欢的歌,0,冬天喝热的露露,98920052
941,2015,10,21,很好听,0,冬天喝热的露露,98920052
942,2015,10,21,[憨笑][可爱][可爱]小雨天气 FM随机到这首 果然大网易懂我 ,0,绿直子,18940044
943,2015,10,20,[可爱],0,肖冲动,133108
944,2015,10,20,。,0,肖冲动,133108
945,2015,10,20,答案是,0,肖冲动,133108
946,2015,10,20,[憨笑][憨笑][憨笑],0,MOOMIN_Yu,91073412
947,2015,10,18,[星星],0,森川葵,37469377
948,2015,10,17,偏喜欢她的这类歌：梦游、完美的一天、honey honey、王子面……,0,米粒minili,72528007
949,2015,10,15,声音！魔力！魔力姿！？,0,关耳佑,53946985
950,2015,10,12,最喜欢的一首歌😄,0,草莓砂糖,67449274
951,2015,10,7,去啦～燕姿好卖力 好棒,0,王小小小茄,79594189
952,2015,10,6,梦游,0,那个米饭,8910787
953,2015,10,6,最爱的歌。,1,孙燕姿style,46541850
954,2015,9,23,买最后这盘磁带，之后walkman就放着吃灰了[便便],1,TeddyBad,2995150
955,2015,9,21,那年这专刚出来的时候 感觉梦游和不能说的秘密超级搭,1,几分之几_,1355174
956,2015,9,21,燕姿说 她觉得这是歌迷写给她的信,0,龍飛飛飛飛,45789081
957,2015,9,19,声音真的没谁了,2,举个西木,60673274
958,2015,9,18,个人很喜欢的歌,0,暗星_西哎去斯,62532615
959,2015,9,16,遗忘在记忆深处的一首歌，就这么猝不及防的再次相遇[呆],1,小象大象长毛象,36223233
960,2015,9,15,未来总很神秘 ,0,哼你能把我怎么样,56074966
961,2015,9,14,想分享给你@seijuro_a,0,YUE需要正能量,61747245
962,2015,9,13,80[可爱]永远的姿迷,0,CGNH,65593562
963,2015,9,8,My 斯达芬妮,0,帐号已注销,48917441
964,2015,9,8,未来总很神秘,0,ginggingloo,69356219
965,2015,9,8,[流泪][流泪],0,HJLLismy,73813241
966,2015,9,6,燕姿晚安！,0,大英帝国五连发,44598564
967,2015,8,23,开口醉[爱心],0,东山月缺,31705144
968,2015,8,21,巴洛克,0,千屈菜,35338253
969,2015,8,19,心情好呀心情好[亲],0,时令水果记,72208944
970,2015,8,19,陪 我梦游,0,zsydmey,12500269
971,2015,8,11,穿过时光机器 我一定可以再遇见你,0,王小熊____,52054386
972,2015,8,10,发现燕姿的歌这么小众还是蛮开心的，我就是这么自私,376,三黄解毒片,20559601
973,2015,8,10,好听,0,16过儿,19727000
974,2015,8,10,啊,0,16过儿,19727000
975,2015,8,7,咩,0,陽狂_陳小咩,78110883
976,2015,8,7,评论有些少啊,0,李剑7,12795261
977,2015,8,6,😘😘,0,举个西木,60673274
978,2015,8,6,开口燕姿的声音惊呆了我,0,ljjm,9169307
979,2015,8,3,这张专辑简直绝了,0,孙燕姿你是光芒果,77464742
980,2015,7,28,这节奏,0,无情Timor,18750881
981,2015,7,25,这首当年是乐评人眼中的惊喜噢,1,guistar97,82137494
982,2015,7,22,[亲亲],0,湖人死忠,7776579
983,2015,7,21,永远好心情[可爱],0,时令水果记,72208944
984,2015,7,20,那时还在念初一的我听完整专告诉同桌我觉得最好听的是这首 永远不会忘记当时她一脸错愕的说出「不会吧」三个字 并一本正经地说道「我觉得咕叽咕叽好听」😳当年的我们多么单纯且品味独特啊…,246,Sedum-adolphii,67255542
985,2015,7,13,52^^未来总很神秘，有暴风雨也有好天气,72,Stefanie_zeze,39868920
986,2015,7,10,"能听了吗？
",1,太阳是我小台灯,63412067
987,2015,6,25,表示只认识陈一冰,0,抛物线Ai,75868101
988,2015,6,24,喜欢燕姿在mv当中穿的超大tshirt,1,YZKEPLER,42348015
989,2015,6,23,接下来其他姿迷接力吧,0,我们不如这样,19450805
990,2015,6,23,51,0,我们不如这样,19450805
991,2015,6,23,50,0,我们不如这样,19450805
992,2015,6,23,49,0,我们不如这样,19450805
993,2015,6,23,48,0,我们不如这样,19450805
994,2015,6,23,47,0,我们不如这样,19450805
995,2015,6,23,46,0,我们不如这样,19450805
996,2015,6,23,45,0,我们不如这样,19450805
997,2015,6,23,44,0,我们不如这样,19450805
998,2015,6,23,43,0,我们不如这样,19450805
999,2015,6,23,42,0,我们不如这样,19450805
1000,2015,6,23,有帮着接力刷到99+的姿迷么,0,我们不如这样,19450805
1001,2015,6,21,@袁弘 😆6 5 659999 1wx1t,0,ccmmll1893042870,59942786
1002,2015,6,20,喜欢！,0,啊不想卸妆,62954851
1003,2015,6,18,这张专辑终于有版权了，总是抱怨网易云乐音版权不给力，现在看到希望了！[亲],2,外星听众,18230179
1004,2015,6,17,魔力姿~~[可爱][亲亲],0,关耳佑,53946985
1005,2015,6,16,原来对这首无感，看了逆光庆功演唱会就循环了,0,qXz7x,45689724
1006,2015,6,15,穿过时光机器，我一定可以再遇见你,2,帐号已注销,37833626
1007,2015,6,14,stefanie.....[可爱][可爱],0,逗逗723,70250066
1008,2015,6,12,超Q的歌评价这么少。答案是的时候泡泡服和舞蹈也好Q,2,一字张,35290723
1009,2015,6,10,[爱心]燕姿！燕姿！,0,用户41965267,41965267
1010,2015,6,4,第一句超赞～,0,-雪后初晴,37382648
1011,2015,6,3,“答案是”演唱会的开场曲,1,猫的薛定谔0611,48879241
1012,2015,6,3,最爱之一[亲亲],0,用尽所有思念,33731939
1013,2015,6,3,终于又可以听了,0,用尽所有思念,33731939
1014,2015,6,3,这首歌是讲多啦跟大雄的！,0,voyagee-,6137364
1015,2015,6,3,给高中的好盆友推荐，然后一起去唱K唱了这首,0,咏叹调Jessi,35182387
1016,2015,6,2,燕姿说 她觉得这是歌迷写给她的信,540,远行的节拍,12611935
1017,2015,6,2,真的好喜欢这个逆光的封面,0,listen_to_the_pouring_rain,17351454
1018,2015,2,7,有人一起看4，11常州孙燕姿演唱会吗？,9,OG如我,28481757
1019,2015,2,4,声音听起来好可爱,0,明天在否,35792591
1020,2015,1,25,第7首,0,Garfieldswy,41295823
1021,2015,1,3,意境好美，很治愈人的声音。,2,Blazer-Leo,47207607
1022,2014,12,28,莫名的感动,0,Lawrence么么哒,33887997
1023,2014,12,22,[可爱],0,啦啦啦啦唔啦啦啦啦啦啦,35784753
1024,2014,12,2,[幽灵],0,我们走在大路上,18266617
1025,2014,11,29,当下最喜欢的一首孙燕姿~,1,veraras,39325275
1026,2014,11,25,[星星][星星][星星],0,帐号已注销,12835561
1027,2014,11,16,封面不错[憨笑],0,Jul丶Y,32724040
1028,2014,11,14,很美的曲子。很迷离的梦境,2,王之一路,40744374
1029,2014,11,14,不知道为什么这首歌不红，但是我就是喜欢。[可爱][可爱][可爱][可爱],1,南山以北是苦水,38489299
1030,2014,11,13,非常好听,0,你的天文特征是几时几分,14380985
1031,2014,11,8,好美的一首歌曲，听到后心里暖暖的,0,LawrenceDu,39693203
1032,2014,10,18,看你努力奔跑，但是终点🏁在哪里。,2,小way,19116822
1033,2014,9,4,。,0,lailailaiki-,32404793
1034,2014,7,19,未来总很神秘，有暴风雨，也有好天气。,1,诗人哥子,7558282
1035,2014,4,13,穿过时光机器，我一定可以再遇见你。,0,丁莽莽,7470112
1036,2014,2,23,感谢你没有忘记做你自已……,0,Fredasyd,1251476
1037,2013,9,18,未来总很神奇，有暴风雨也有好天气，你曾经可以选择轻易放弃。感谢你没有忘记做你自己。,0,_九重_,1231398
1038,2013,7,29,晚安[可爱],0,Castlezou,170215
1039,2013,5,5,未来总很神秘,0,图书馆的小豆豆,264181
