index,year,month,day,content,likecount,nickname,user_id
1,2019,11,26,燕姿还真没有不好听的歌[亲亲],0,我想养只古乐兽,51814719
2,2019,11,24,真的很好听啊,0,推我入银河,536041106
3,2019,11,24,晚安💤,0,推我入银河,536041106
4,2019,11,24,说得对,0,blueberrypie,41491137
5,2019,11,24,孤单的人站成一排,0,blueberrypie,41491137
6,2019,11,21,这歌真的好好听！,1,望离忧,1644936024
7,2019,11,16,“太无所谓地say goodbye”其实还蛮虐的otz,0,几鸟,111118983
8,2019,11,7,超级好听,0,得意尽欢吗,1995833702
9,2019,11,7,白色裙子跳得很仙,0,得意尽欢吗,1995833702
10,2019,11,4,记得当年黄雅莉当时超女比赛时唱过这歌。,1,MIIOIIM,505733648
11,2019,11,1,那么好听的歌突破999阿,0,墙角de小蘑菇,3515741
12,2019,11,1,燕姿这舞跳的很美,0,得意尽欢吗,1995833702
13,2019,10,31,这么多年了还是觉得这首很高级[亲亲],0,-Pinkie-,637068309
14,2019,10,30,好听,0,西窗南常,515507528
15,2019,10,29,跳探戈的小姿 我还是好爱好爱。,0,Kepler小姿,342372326
16,2019,10,25,这首歌真的神曲，探戈舞曲，独树一帜，编曲太超前，现在听还是时髦洋气得不行。感觉丝毫不逊色于绿光和神奇。,2,柒星雪,85911992
17,2019,10,25,发现一首宝藏老歌,0,程抒Orange,108628183
18,2019,10,18,编曲我太爱了,0,太可爱会不会是病了的征兆唔,30461840
19,2019,10,17,完美的一天曲风真是多变，可惜市场一般，于是没有继续，可惜,0,可乐瓶吧,128436488
20,2019,10,12,在图书馆摇起了头，抖起了腿[大哭],0,一只小爷爷,332937582
21,2019,10,12,高中mp3里超喜欢的一首,0,一只小爷爷,332937582
22,2019,10,12,宝藏歌曲～,0,花小小夏,566252558
23,2019,10,9,来吧💃💃,0,但还是要_,84571186
24,2019,10,6,看歌名以为什么鼓励的歌？,3,矢昴,307151290
25,2019,10,3,好听。,0,逆光181227,1716231811
26,2019,10,2,很好听的歌,1,XQ0823,489797899
27,2019,9,29,一听就会一唱就废,2,XQ0823,489797899
28,2019,9,26,多年来KTV必唱曲,0,紫的触键,28683145
29,2019,9,26,这么棒的歌不应该没有999+助攻！,1,张若冰_z,77400926
30,2019,9,26,绝了绝了,0,vayne0508,113928501
31,2019,9,25,这首艳而不妖，很酷,1,沫沫Bao,541275220
32,2019,9,22,太绝了,0,红茶拿铁不好喝,1324554780
33,2019,9,22,太好听了！！！冷门金曲呜呜呜,1,sweettteee,416746687
34,2019,9,21,九把刀？,0,苦笑了,76957539
35,2019,9,21,这歌不应该不火啊,0,叶阿啊,65644605
36,2019,9,20,“要怪 上一个爱的人 太坏 太快” 哈哈哈哈哈 又坏又秒射 不分留着过年吗,0,失控的养乐多,1710507470
37,2019,9,19,异域风情满满,0,夏目和妖怪们,116098973
38,2019,9,19,这个歌从前奏就特别带感,0,夏目和妖怪们,116098973
39,2019,9,18,太好听了,0,SANJIU9,281870167
40,2019,9,18,大卡,0,Oh-Jeff,127701932
41,2019,9,18,非常喜欢了,0,Oh-Jeff,127701932
42,2019,9,18,大半夜给我跳起舞来,0,不寻找周杰伦,31585332
43,2019,9,18,太好听了吧,0,不寻找周杰伦,31585332
44,2019,9,17,助攻999,0,GEEKxMSL,130690190
45,2019,9,16,网球吧么[呲牙],0,kendy的风筝,362892899
46,2019,9,13,给我冲！！呜呜呜呜,0,也不是猪只打呼,355734135
47,2019,9,13,怎么这首也没999+,0,也不是猪只打呼,355734135
48,2019,9,13,不愧是俺的孙燕姿！,0,也不是猪只打呼,355734135
49,2019,9,13,害！这首怎么也这么好听！！！,0,也不是猪只打呼,355734135
50,2019,9,6,慢慢来，比较快,1,梨花满地1806,1494003023
51,2019,9,5,为什么评论这么少？我迷了！,1,逆光半句再见---遇见眼泪成诗,87255351
52,2019,9,2,突然感觉很好听耶,1,年少予我,50137390
53,2019,9,1,我今天认真听了这首歌[爱心][爱心][爱心],0,孙燕姿best,46251605
54,2019,8,29,超级好听的探戈舞曲,1,墙角de小蘑菇,3515741
55,2019,8,28,这么好听的歌竟然没有999+？不可思议，我感觉这首歌超级好听啊！,2,乖熊宝宝,2155220
56,2019,8,28,[色][色][色][色][色][色]cool,0,SSsssSSSSsssssSSSSSS1989sssssS,270734795
57,2019,8,27,舒服了,0,电丶台,259104772
58,2019,8,24,戳开作曲一看，嗯哼，果然,0,谢小P谢小P,36145223
59,2019,8,24,这首评论量我迷惑了,0,吃了吗您嘞,248980233
60,2019,8,18,并没有觉得她的变化让我不舒服，喜欢每个时期的她,4,7things_,1318437548
61,2019,8,18,这首歌真的越听越好听,3,7things_,1318437548
62,2019,8,18,李思菘，李伟松，Kenn C，陈镇川，陈薇甄，易家扬……,4,Qcerkay,253235928
63,2019,8,18,燕姿的制作团队超豪华的🌚,3,Qcerkay,253235928
64,2019,8,17,真的好爱这首歌鸭 冲999,1,借我半盏灯,107982595
65,2019,8,16,多练几次！,0,开谭,281232837
66,2019,8,16,没有必要使坏，倒也不必装乖。😉️,1,公子小桃,256494314
67,2019,8,11,可爱哈哈,0,迷啥啊,317216633
68,2019,8,11,不必使坏也不必装乖,0,迷啥啊,317216633
69,2019,8,8,燕姿的歌没有好唱的，一听就会，一唱就废，喘不上气，简直是要把自己憋死的节奏,3,将军领,387504811
70,2019,8,7,这首歌简直不要太酷啊，很多元素交织，完全没有违和感。,3,沫沫Bao,541275220
71,2019,8,6,我还在KTV点过这首。哈哈哈哈发现不好唱但是带感啊！哈哈哈,0,爱买萌的小姑娘,317525419
72,2019,8,6,这首歌算冷门吗？但是感觉很酷啊，很好听，拿到现在来说也很潮,1,墙角de小蘑菇,3515741
73,2019,8,6,太好了这首歌,1,-温柔豢养-,311876837
74,2019,8,5,太好听了[大笑]emmm这不破999简直无法理解,1,非也非飞,440312810
75,2019,8,5,801[猫],0,Kepler小姿,342372326
76,2019,8,5,慢慢来，晚安[爱心],0,Kepler小姿,342372326
77,2019,8,5,慢慢的等 一切落地尘埃,0,Kepler小姿,342372326
78,2019,8,5,孤单的人 站着一排。,0,Kepler小姿,342372326
79,2019,8,5,依旧惊艳,0,Kepler小姿,342372326
80,2019,8,5,打卡,0,Kepler小姿,342372326
81,2019,8,5,跳探戈的小姿也好棒呢 。这首也很酷,1,Kepler小姿,342372326
82,2019,8,4,太厉害了，感觉燕姿的歌没有时代感，在当时都是超前。,4,霉头霉脑云散月现自在飞花slay,42294326
83,2019,7,31,慢慢来,1,借我半盏灯,107982595
84,2019,7,31,每天清晨听燕姿,1,Sparrrrk,270935914
85,2019,7,26,我的宝宝超爱听我唱这首歌，你以后也会是姿迷嘛！,5,小飞飞飞飞女女侠,264121818
86,2019,7,25,很随便地结束了上一段感情 是我本人没错了 我是个自私的人 嗯 写在这里 算是坦白和道歉 也没有太多人会看到,3,Anastasia--L,104239444
87,2019,7,25,好像苏打绿啊,1,RevolverHKD,1509538174
88,2019,7,24,太帅了,2,李小手1705,479407259
89,2019,7,24,999冲鸭！,1,Durrat,61051105
90,2019,7,23,太好听了吧！,2,xiaowss1993,338800894
91,2019,7,18,这首歌怎么这么少评论，调调好听，MV好看，燕姿的探戈多么帅气,4,衣服宁,395370960
92,2019,7,15,说老实话 我还没想明白,0,hydrogenhi,1597587086
93,2019,7,15,mv里的燕姿超美,3,漂浮群岛stef,120757295
94,2019,7,15,哈哈哈哈,0,OhNoMax,8809531
95,2019,7,14,歌词确实让我理解了很久 要怪 上一个爱的人 太快,3,hydrogenhi,1597587086
96,2019,7,14,那我就吹一下川哥的词吧,0,谁动了我的enchanted,296627581
97,2019,7,12,这首是什么风格啊？,0,Chertime,83946830
98,2019,7,12,好酷炫,0,Chertime,83946830
99,2019,7,12,不要大哭哭坏了姿态,1,但还是要_,84571186
100,2019,7,12,776~,0,但还是要_,84571186
101,2019,7,11,小提琴编曲和波斯猫、不想长大是一路的。我觉得厉害和享受的是偲菘、伟菘俩兄弟，不断尝试新风格，燕姿陪他们一起尝试。很多歌我们以为都是燕姿自己的表达，其实更可能是幕后制作的兄弟俩哦，哈哈，看着他们和燕姿的合照，就觉得好幸福。,2,飔呐,410604285
102,2019,7,11,一模一样，多无聊～大家也会觉得厌倦吧[多多大笑][多多大笑][多多大笑],1,7things_,1318437548
103,2019,7,9,贴吧看过这个ID[奸笑],0,万圣节的老朋友,34075495
104,2019,7,9,我求求大家了看看这首歌的MV吧，私以为绝对算我姿的颜值巅峰,6,Kepler_Jungle,1402797934
105,2019,7,6,慢慢来,0,泡泡是小太阳,421058825
106,2019,7,5,这一首太酷 燕姿的rap听着都很爽,3,NTUfail,71924954
107,2019,7,3,感觉跟杰伦小公主的迷迭香是情侣歌曲[大笑],4,才不是你的小兔叽,535487147
108,2019,7,3,慢慢等一切尘埃落定,0,fiona08120812,1689843754
109,2019,7,1,这张专辑里也是超级爱的一首歌[色],1,_DODO-,281846253
110,2019,7,1,第八首。。,0,kendy的风筝,362892899
111,2019,6,30,路过,0,阿超是我啊,1534377588
112,2019,6,27,这首超赞,0,珈曳,637769065
113,2019,6,24,我也不能理解,0,123飘过,130643842
114,2019,6,23,孤单的人站成一排,0,mini薄荷糖,282909247
115,2019,6,21,这首歌一直都是心头大爱,2,新鲜-旧情人,542407212
116,2019,6,19,这首歌竟然没破999，简直不能理解,4,来世做个凡人吧,432742197
117,2019,6,18,这首歌还有另一张脸，真的是封神歌曲，一般人没法唱！,9,另一张脸2019,1551171818
118,2019,6,16,开头以为耳机坏了一只😱,2,文大拿,531678447
119,2019,6,14,不如清醒找一个明白,0,白開水_Stef,63024998
120,2019,6,14,[亲亲][亲亲][亲亲]#我的偶像是孙燕姿# ,0,白開水_Stef,63024998
121,2019,6,13,试着唱过才能知道这歌有多难唱，完全不知道该怎么呼吸了[惊恐],1,Eternalcute,69023937
122,2019,6,7,当时那本专辑，第一遍听下来，最爱这首。,1,Mel123456,129635454
123,2019,6,6,这个风格的姿好稀奇啊🤣🤣,0,miragesivan,269786217
124,2019,6,4,没人吗？听歌又何需强求。,2,丶怎样才算幸福,300136777
125,2019,5,31,看我发现了什么神曲,5,今天美好且平凡,551345119
126,2019,5,21,初中时为这首歌买了整张专辑,0,_姜姜姜姜__,33007368
127,2019,5,20,我记得05年超女比赛黄雅莉还唱过这首歌，时间都过了这么久了,4,mcflyba,18573932
128,2019,5,17,这首用耳机听，前奏是3d环绕立体声啊,3,ImOkay823,50669672
129,2019,5,10,这首歌爱了好多年了 很久不听每一句词都还记得。第一次KTV里唱这首歌，过了好几天被某不具姓名的朋友说 我一直以为你在走调 直到听了原唱。,1,噜塔尼你在干嘛呀,105896381
130,2019,5,10,废话不多说，我爱这首歌。,1,我是anna_anna是我,90870647
131,2019,5,9,746.,0,Yuurq,496139430
132,2019,5,5,上一个爱的人太快[生病],0,无印良痞,33890876
133,2019,5,3,很酷啊！初中的时候真的被这首歌征服,0,Julianney,128632560
134,2019,5,3,燕姿跳探戈很好看哦,0,FUFOFU,121918831
135,2019,5,2,你这ID是不是太贪心了点[多多捂脸],0,轮回之业障,84318206
136,2019,5,1,印象中合声有林俊杰,1,Black丶Cherry,14624296
137,2019,5,1,为什么燕姿的快歌也这么好听啊,0,天天年年平日快乐,1331454641
138,2019,4,22,流弊,0,小懒男121,607826579
139,2019,4,20,。。。。好听好听,0,两只荆棘鸟,359212051
140,2019,4,17,要怪爱的人太坏,1,125号致幻剂,314212031
141,2019,4,2,评论这么少 不科学 这种神秘异域风搭配快节奏 多好听呀,0,NovaXyz,122018966
142,2019,4,1,"为什么我会有种bong恰恰,要跳舞的感觉",1,魔音MOIN,425283603
143,2019,3,31,这首觉得是孙燕姿的神曲之一,4,DionysosDance,61351968
144,2019,3,31,打卡,0,Goon66,122002802
145,2019,3,24,弗拉明戈跳起来。。。。。,0,考先直,292337700
146,2019,3,20,这首歌词好曲好 为啥评论没有999,2,Griffin先生,313560726
147,2019,3,17,從初中開始 這首就是此專輯最愛的歌，現在重聽還是一樣啊，喜歡這樣特別的調調！,2,3X_Z3,131027986
148,2019,3,16,编曲很特别,1,Su酥-网易云,68982529
149,2019,3,14,"作曲：李伟菘
作词：陈镇川
编曲：Kenn C

已经添加修改，请小伙伴们重新刷新歌词",0,作词_作曲_编曲_MV导演天下第一,546057330
150,2019,3,5,呀不是yanzi的声音 节奏和蔡依林的有点像，他们俩是不是ktv一起唱太多了[大哭],3,城镇青年XX,323672673
151,2019,3,5,高中时期最爱的姿声之一，今天发现自个歌单这首歌居然给漏了[惊恐][惊恐],3,大黄鸭嘴兽,336723139
152,2019,3,3,《公主的魔法项链》是不是借用了一段旋律,1,爱情玩咖,481956982
153,2019,2,16,这首歌可以入选燕姿最有辨识度的歌榜TOP10,3,Nembutal,285968582
154,2019,2,16,慢慢来,2,-Stefanie--,435506899
155,2019,2,15,尘埃落定 自然洒脱的意境,0,Chemsun,43151968
156,2019,2,13,因为黄雅莉而来,0,王金金王金金,1564121950
157,2019,2,10,哇哦，慢慢来居然700多评论。我以为只有我这种老古董歌迷才来,4,s1ck1000,1471605268
158,2019,1,29,慢慢来……慢慢地来……,0,小米糕啊,1436371488
159,2019,1,27,当年KTV必唱，特别喜欢这种潇洒的感觉,0,-STEFFIE-,391263117
160,2019,1,24,来了,0,GodShen2,249141698
161,2019,1,20,一直在,0,等等等等到了,79529072
162,2019,1,17,声线太独特了,0,vaiwei424,17665449
163,2019,1,14,这么好听的歌竟然评论不到1w,2,猴子先生很有范,352007799
164,2019,1,9,哈哈哈哈哈新垣结衣！,0,新垣结衣s,136092092
165,2019,1,5,嗯，这张专辑以后，好像都变了……,0,wandoutang,1398249802
166,2019,1,5,后知后觉的好听,1,Afeng欸,324682421
167,2019,1,3,原来是我ktv必点歌曲,0,123飘过,130643842
168,2019,1,2,困扰,0,孙燕姿的小迷妹啊,327977684
169,2019,1,2,希望2019 燕姿和 姿迷都开开心心， 如愿以偿。 ,8,孙燕姿的小迷妹啊,327977684
170,2019,1,2,爱她！！！！,1,Glacierrr-,356576618
171,2018,12,30,突然觉得这首歌特别好听哇哈哈哈,0,LapIace,355418011
172,2018,12,27,听成  我的火烧起来,1,大评论家,6345082
173,2018,12,19,那还真是缘分吼,0,孙燕姿田馥甄王菲新垣結衣的老公,302980651
174,2018,12,18,巧了 你头像都是我喜欢的人,0,不吃辣的火锅少女,133159393
175,2018,12,17,冷门金曲。so cool,0,帐号已注销,334114802
176,2018,12,11,这首真的是。。。很喜欢很喜欢呀💋🍭🌈,2,火锅小怪爱吃鱼,102041593
177,2018,12,8,很久没听这首了 依然惊艳,2,Kaierala,284160087
178,2018,12,7,我姿的声音好优雅😂😂,2,全黑噢耶,304720287
179,2018,12,5,好听好听我姿,1,欣欣要大步向前走,276486468
180,2018,12,5,700是我[多多比耶],1,当冬夜只如初见,309328492
181,2018,12,3,超好听,0,圣彼得堡回眸,395011333
182,2018,12,3,还是孙燕姿,0,孙燕姿田馥甄王菲新垣結衣的老公,302980651
183,2018,12,1,[呲牙],0,o我要的幸福_,356665399
184,2018,11,30,原来是演绎，现在是唱自己，女生向妻子、母亲的的转变，当然心境也不一样了,2,currencybao,258261214
185,2018,11,28,"今天起床以后一直鼻塞，刚刚跑完步发现鼻子通了。
然后耳机里刚好响起这首歌前奏。
“鼻子通了”“鼻子通了”“喔唔喔哦~”",3,H-S_Sun,296312220
186,2018,11,27,哇，这首歌居然没得几条评论,0,Kobeuuu,304628386
187,2018,11,24,我妹喜欢这个~   我后来才听出味道的。,0,孙燕姿的小迷妹啊,327977684
188,2018,11,22,在QQ音速上听过,2,我不做人很久了,395588266
189,2018,11,15,打卡,0,Zinger77,275131578
190,2018,11,14,03年，喜欢上你的时候你刚好隐退了。时隔一年，你回来了，带着这张专辑。,1,斯德哥尔摩囚徒,48586717
191,2018,11,12,慢慢 来 快快 去,0,Die_Habseligkeit,81444035
192,2018,11,9,只有真爱才听得到这首歌,2,念舊的峰,49351360
193,2018,11,5,和声：林俊杰[大哭],0,ctrainie,37697521
194,2018,10,27,这歌为啥不到999。。。,0,iqueen,15874861
195,2018,10,24, 让人愉悦、,2,孙燕姿的小迷妹啊,327977684
196,2018,10,24,还是好听,1,圣彼得堡回眸,395011333
197,2018,10,23,这种属于只有燕姿自己能唱出味道的歌~,3,Lyeenne,297240818
198,2018,10,21,这首歌是当时第一次听这张专辑，第一首一下子就喜欢上的歌,1,匹诺小天,6857497
199,2018,10,19,"我听这句的时候秒想歪，
想了一想，才让想法正回来。",2,Landung,562248348
200,2018,10,6,孤单的人都在这,0,周周周大仙,48975876
201,2018,10,5,神曲诶，探戈舞曲，还是主打，评论这么少？,6,彼得潘与狼,261245021
202,2018,10,5,是的[大哭][大哭][大哭],0,我想我会想一句话都不说,136128140
203,2018,10,3,都是金曲,3,漂浮群岛走吧,121974190
204,2018,10,3,上一个爱的人太坏，太快吗[奸笑],0,ODVV,52761286
205,2018,10,2,咋感觉有句有点污呢,0,我想我会想一句话都不说,136128140
206,2018,10,1,越来越喜欢她了，哈哈,2,safeending,496574742
207,2018,9,28,这首歌歌词很棒,2,苏北斗,311525559
208,2018,9,23,爱燕姿，留爪,1,有橘生淮南,432411313
209,2018,9,14,听了多少年了,0,微波虚拟位列,33513928
210,2018,9,10,记得这张专辑出来的时候是高一，暴露年龄了，那个时候班上的同学很喜欢说不着急，慢慢来，有时候跟性子急的老师顶嘴也这么说，老师就不爽了,0,言仕心,94664364
211,2018,9,1,哈哈哈，小学五年级的时候真的好喜欢这首,1,此间的包子,63007608
212,2018,8,31,雨天，打卡[爱心],0,有橘生淮南,432411313
213,2018,8,18,酷的一批,0,Janyuo,286360732
214,2018,8,16,你可以找女朋友,2,请不要说我妄想,597074360
215,2018,8,16,打破66666的男人就是我,0,请不要说我妄想,597074360
216,2018,8,13,打破 666评论,0,FAKINGRID,380794258
217,2018,8,12,"孙燕姿为什么长的这么好看对这种瘦瘦的女生有天生的好感那我还怎么找男朋友呢[哀伤][哀伤]",0,LanaThinRey,50145325
218,2018,8,8,感受到一种异域风情[开心],1,不知道叫什么哦呀呀,301511130
219,2018,8,8,在多少个耐心耗尽的时候，脑袋里都会想起这首歌，提醒自己要慢慢来，保持住姿态。想来年轻时候的价值观都是在歌里被塑造出来的[憨笑][憨笑],0,乐呵乐呵爱折腾,87411107
220,2018,8,8,超好听的一首歌！初中时候就超爱！今天听起来还是这么带感！,0,Jinlee111,120111886
221,2018,8,7,莫名带感(*´∀`)~♥,0,林34,400839327
222,2018,8,6,好听呢[可爱],0,我是克里斯18525,1389196395
223,2018,8,5,突然特别想听这首歌,0,Super淯,298984808
224,2018,8,3,评论很少不着急，慢慢来,0,fx风筝,382088268
225,2018,8,3,🎧,1,_诗芊,81037679
226,2018,8,2,最近莫名喜欢这首歌[憨笑][憨笑][憨笑],0,svamei,101475353
227,2018,7,31,"真是每一首  都好听啊
[呲牙]",1,AnlaT_T,1383905019
228,2018,7,31,好少人,0,池城木积,39460158
229,2018,7,30,只要是我姿的歌就没有不好听的,0,婉婉大芒果,346556200
230,2018,7,22,这个歌  评论人还这么少 必须站上个位置 为我姿,1,得意的一天92,320803225
231,2018,7,20,wa!!!,0,Erika_Linder,305117600
232,2018,7,16,慢慢来会比较快，来的快去的也快。,0,Wonderful甴,353536529
233,2018,7,15,這節奏感，沒sei了。,1,鄒爸比,85768778
234,2018,7,11,与其大哭哭坏了姿态，不如清醒找一个明白。慢慢来，不必刻意安排，自然手到擒来。,0,帐号已注销,31832280
235,2018,7,8,遇见一个人 希望慢慢来[大笑],0,王山石三十,622969109
236,2018,7,8,遇见一个人 希望慢慢来,0,王山石三十,622969109
237,2018,7,7,孙燕姿的歌不能让我好好复习,1,Benjamin170721,546841788
238,2018,7,6,所以这次要慢慢来，持久一点[吐舌],2,自由女神漂到华尔街,431001254
239,2018,7,6,好久没有听这首了，我的错。,1,十三姐姿讯,93444995
240,2018,6,29,又是隐藏神曲（ ’ - ’ * ),0,违禁关键詞,375614957
241,2018,6,26,有点吉普赛的风格~,2,Marvel_Stan,112281576
242,2018,6,24,我姿每一首都好听,0,婉婉大芒果,346556200
243,2018,6,24,竟然不到999,0,小糊涂快跑,617861570
244,2018,6,20,"超级喜欢这首，去KTV的时候都感觉Q 的不行
",0,爱买萌的小姑娘,317525419
245,2018,6,20,这首歌居然没有999+ 燕姿的歌没有不好听的 老歌更是如此[牵手],0,N妹资讯频道,117902773
246,2018,6,16,想不到燕姿以前居然有这么nice的歌！！！,0,虎由啊,554452847
247,2018,6,15,一路走来别忘了最初爱的是谁[亲亲]燕姿,0,拿小黄伞的Ted,87124501
248,2018,6,4,周杰伦的迷迭香,1,新鲜-旧情人,542407212
249,2018,5,30,每次KTV都会唱,1,joannachen77,386719840
250,2018,5,30,燕姿的只有金曲和冷门金曲两种,9,佧斯特梅的雨季,436775624
251,2018,5,23,爱你！,0,米什银_,329122005
252,2018,5,23,声音好苏,1,北北170902,581655246
253,2018,5,23,燕姿,1,北北170902,581655246
254,2018,5,23,这首歌太酷了 这曲风貌似连杰伦都没碰过 ,1,Encorui,9597374
255,2018,5,21,探戈真的优雅有热情[爱心],2,有橘生淮南,432411313
256,2018,5,11,慢慢来s    因喜欢这个歌，当年冒险岛的游戏里用这个名字命名的游戏角色[大笑][大笑][大笑],0,adlake,1436190415
257,2018,5,11,生活还是要慢慢来，打卡[爱心],2,有橘生淮南,432411313
258,2018,5,5,wa,0,毛毛虫0912,323067104
259,2018,4,27,燕姿的歌几乎都很不错[可爱],3,可阳快飞,115746724
260,2018,4,27,好听[可爱],0,可阳快飞,115746724
261,2018,4,26,这首歌竟然没有999➕？？？,2,彭南语,284468716
262,2018,4,26,婚姻是女歌手的坟墓,1,BigDumbass,620514102
263,2018,4,22,[鬼脸],0,子之选天,1391150898
264,2018,4,22,乐坛像燕姿一样的有吗,0,33轉的LP,630862795
265,2018,4,19,没有必要使坏 倒也不必装乖，孤单的人站着一排　。,1,是不二秋呀,494050611
266,2018,4,19,为什么独白那么苏[憨笑],0,A-Seventee,17887467
267,2018,4,19,太快,0,AIlennolan,467487362
268,2018,4,18,工作累了，马不停蹄，卷帙浩繁。告诉自己，慢慢来,0,MozarKing白告,252343119
269,2018,4,17,一听到这个似有似无的沙哑声音，感觉整个人都变好了！,0,piano_lyn,32607653
270,2018,4,15,这个前奏莫名想起周杰伦的《迷迭香》和张国荣的《春光乍泄》,2,痱子-,130935979
271,2018,4,12,还是最喜欢这张专辑啊,0,胡萝卜胡了,84039486
272,2018,4,8,酷姿,0,余粥-,562247933
273,2018,4,6,有种西班牙风情[爱心],2,有橘生淮南,432411313
274,2018,4,3,选择走的不要他回来 再来享受他的哀兵姿态,2,feifeii13,309479010
275,2018,4,3,耳机从左到右绕了一圈,2,凪Rainie,329373825
276,2018,4,2,太怪,0,仙杜莉莉娜,1406593656
277,2018,4,2,我说  故事写完嘛 这样不负责任咋上热评呀,1,不2不3,516858505
278,2018,4,2,不是经常听孙燕姿的歌  所以她以前是什么风格真不知道 但这首歌是真的好听呀,3,不2不3,516858505
279,2018,4,1,听不腻的燕姿,1,Goon66,122002802
280,2018,3,31,好听喜欢 有种酷酷的味道,1,闲之猫猫,77414220
281,2018,3,29,这首歌没红真是天理难容,2,neversaygoodbye2017,100608769
282,2018,3,24,好歌,1,端端和蔚蔚,294293338
283,2018,3,24,不管多少年都觉得燕姿的歌听不厌，许久不听越听越好听,3,用户73385850,73385850
284,2018,3,23,或多或少期待,0,汰阳-,528575590
285,2018,3,23,⑥⓪⓪ 魔性,0,害淡,45874458
286,2018,3,20,孙燕姿为什么这么美,3,小小愿望就快实现了他在笑,124506618
287,2018,3,18,帅气 好听,1,远行的节拍,12611935
288,2018,3,16,我喜欢,0,夕象夜凯,126973213
289,2018,3,15,我都喜欢。,0,眸里星河i,478911487
290,2018,3,15,探戈💃💃,1,A-KUONG,577837024
291,2018,3,14,我好想你,1,野田洋次丸,334203420
292,2018,3,13,我都喜欢,0,这回绝不坑,305457330
293,2018,3,11,慢慢来，这个词听起来就让人觉得找不清方向，看不见终点，有的只是自己才会清楚的数不尽的煎熬吧。,0,地球闭幕式,450344682
294,2018,3,9,感觉燕姿并没有很变啊，唯一感受到的就是她在突破，在进步。变的越来越好,2,小小愿望就快实现了他在笑,124506618
295,2018,3,6,太好听了,1,小宇宙97,347298613
296,2018,3,4,孙燕姿孙燕姿,0,33轉的LP,630862795
297,2018,2,26,好歌，好听,3,Hey-Shangrila,92916753
298,2018,2,26, 燕姿,2,未完成19991230,503310441
299,2018,2,25,挺好听的,1,Stefanie_kf,260396530
300,2018,2,24,一切都要慢慢来才好嘛,5,极美欢庆,351351231
301,2018,2,22,[爱心][爱心][爱心],1,Di-DarCT,114278580
302,2018,2,22,燕姿在张菲的节目中跳舞时唱过,0,33轉的LP,630862795
303,2018,2,21,"“爸，我恋爱了，对象是同班同学。”
“嗯，是个怎么样的人？”
“可爱，会脸红的优等生。”
“可以啊，好好待人家。”
“嘿，爸，您挺开明的呀，我待会还有约会，出门了。”
“早恋而已，我没那么古板。”爸爸收起手中的报纸喃喃自语道：“学校里的恋爱……真是怀念啊……。”
过了一会，爸爸猛地回过",1,仙女界扛把子的我,309378604
304,2018,2,21,与其大哭哭坏了姿态,2,跳舞的反骨,33249451
305,2018,2,18,好听,2,十三姐的小流氓hh,405570613
306,2018,2,18,只是喜欢没原因,0,米兰的老铁锤,478447553
307,2018,2,17,资瓷～,0,无春无夏无秋无冬,411747256
308,2018,2,16,加一个评论,0,貂蝉大人,377141551
309,2018,2,13,很喜欢！,1,爱德华的Erye,132712235
310,2018,2,10,相比情歌，我好像觉得孙燕姿的酷歌更赞，最重要的是孙燕姿的声音和唱腔就很酷很有辨识度，唱这种歌很难会有再合适的人了，天作之合。,6,the_Five-Starred_Red_Flag,103577018
311,2018,2,9,这首歌太好听了好吗 当时觉得是整张专辑最棒的歌 现在听来仍然棒呆,1,叫我李天王,263284637
312,2018,2,6,这首歌当初循环听了一周。😶,1,沙河晨牧,562948165
313,2018,2,1,这歌真的好有内涵。 ,0,暮迟hgq,345594592
314,2018,1,29,当年超喜欢 冷门神曲,0,里海的淡水鱼,383164443
315,2018,1,29,冷门神曲,0,最喜欢吃肉啦,371150408
316,2018,1,29,有调调哟,0,王金1711,632842409
317,2018,1,25,好听！,0,Siren蛋,43101273
318,2018,1,25,很孙燕姿呀,0,王金1711,632842409
319,2018,1,22,等下一阵风吹过来 旧的 散开 不必 刻意 安排 自然 手到 擒来,2,姿迷Kepler,62776498
320,2018,1,20,这句话已经带了主观意识,0,宇多田污,39336051
321,2018,1,19,10s嗯，一般般啊 30s咦，还成啊 60s我去，完全可以啊,0,张念四,255470685
322,2018,1,19,居然没有999,0,再见就是在也不见,263645705
323,2018,1,18,爱你,0,Glacierrr-,356576618
324,2018,1,17,慢慢来，不急,0,清凉油A,255667395
325,2018,1,17,认识了多年的孙燕姿，声线依旧熟悉，伴着这样的旋律回望过去，曾经的一幕幕历历在目，用经历了年华的眼眶去看，也突兀也协调，淡淡的一转眼，却是多少年已经过去，回不去了。,1,淼淼爷,382849890
326,2018,1,14,[可爱][可爱]晚上吃啥呢,0,字迹微寒,100562566
327,2018,1,14,想看现场舞蹈版……不可能了，时间啊,0,josherryyu,620433041
328,2018,1,12,爱是一道光,0,一成痴,315797115
329,2018,1,10,超爱这首歌[爱心],0,我是anna_anna是我,90870647
330,2018,1,8,上一个爱的人太快？？,2,Finley_Xu,326772429
331,2018,1,8,[爱心][爱心][爱心],1,我伦妹儿呢,412162813
332,2018,1,6,我的字典里， 燕姿没有冷门歌曲[可爱],1,向日葵的天空138,1332989081
333,2018,1,4,我觉得新歌也挺好的呀,0,讨厌蚊子小姐,81707638
334,2018,1,3,倒也不必装怪,0,prince-Joshua,117961245
335,2018,1,3,真希望这样的评论能远离评论区，这里是让大家从音乐中找到共鸣的地方，随意但不随便,1,孤独喧闹者,29782374
336,2018,1,2,那个谁，呢要是看到这评论给我说一下，我要向你表白,1,化丙,1288586791
337,2017,12,30,可能评论也要慢慢来…,0,桕氿,546596613
338,2017,12,29,想证明自己还存在，不想被人替代。小小的年纪，小小的倔强，却埋葬在小小的时光。,0,丁小天天天胖不起来,45789954
339,2017,12,27,despacito,0,非慎独者,505496179
340,2017,12,27,[爱心],1,革力,263698243
341,2017,12,27,鼓鼓掌。,0,夏树mmmm,260397494
342,2017,12,27,我为999+添砖加瓦,1,波波波波928,260560145
343,2017,12,26,生活节奏太快，地铁上听听这首歌，让心境慢慢来。,1,MozarKing白告,252343119
344,2017,12,23,很喜欢这首歌，感觉很好听啊，早晚能过999,1,Huuuuuuu99,318194086
345,2017,12,22,上班时闭着眼刷了20遍前奏。。。真带感。,0,姿迷,7559252
346,2017,12,22,娱乐圈的一股清流,0,没错我就是脑残粉,248725489
347,2017,12,21,这前奏好好听,0,PyLov,103996493
348,2017,12,20,慢慢来，都在成长了，gangbaio,0,火星来的护卫队,601955784
349,2017,12,19,despacito,1,欧文鲁克,68122400
350,2017,12,19,[跳舞][跳舞][跳舞],0,叶是叶非叶,386880043
351,2017,12,18,慢慢来炒鸡好听不过999我不服,1,MozarKing白告,252343119
352,2017,12,12,这首歌很好听呀呀呀呀~打call[强][强][强][强],0,橘子味儿Harmony,295759550
353,2017,12,12,每一次听yanzi的歌，都会有不同感受.,0,Synlea,623889943
354,2017,12,7,我姿可不只是会唱情歌的哦hh,1,迷啥啊,317216633
355,2017,12,6,哈哈,0,蔡小男蔡小男,399730416
356,2017,12,5,这首这么棒 怎么没上999呢,1,miaomiaoaowu,253092743
357,2017,12,2,是孙燕姿呀,0,贰弦,261879539
358,2017,11,30,mmmmmm,0,帐号已注销,323076172
359,2017,11,29,这个评论居然不过千……,1,一杯咖啡的小时间,82972777
360,2017,11,29,这个mv美炸了,0,Y-una,322710590
361,2017,11,29,这个多好听啊，居然这么少人,0,雨后风轻,335594843
362,2017,11,28,感觉这首和《神奇》可以算是同风曲,3,一方谈,292647131
363,2017,11,28,哈哈哈哈哈十分之贴切了,0,一方谈,292647131
364,2017,11,28,孙燕姿,0,飯沒餾透,263738375
365,2017,11,28,从前听前三句总是联想到伏地魔[大哭],1,孤山顶上一青松,107814486
366,2017,11,27,这首歌太赞，第一次听是超级女声黄雅莉唱，当时就喜欢上了，后来才知道雅莉是铁杆姿粉,0,medsir,70093854
367,2017,11,26,好希望燕姿开巡回演唱会,1,小李小李不当仙女,114848689
368,2017,11,21,这歌好像后来周董的迷迭香 却好听得多了…哎 离第一次听这首歌 已经十三年了吧,0,Linspiration,29845804
369,2017,11,19,姿迷都有自己的看法啊,0,Devotiontome,545406421
370,2017,11,16,只因为你是孙燕姿,2,融化的奶糖,128746481
371,2017,11,16,并不觉得 喜欢现在的她 更符合现在的我的品味 你们这样的 就留在以前吧,0,宝宝最乖乖,49818468
372,2017,11,15,歌词有错,1,湖人死忠,7776579
373,2017,11,15,必k曲目…,2,赖赖Fly,58842829
374,2017,11,14,上。一个爱的人。太坏。哎。太快,0,光着脚丫两串蕉,45374691
375,2017,11,12,愿你预言成真[爱心],2,跳舞的反骨,33249451
376,2017,11,12,哈哈，莫名其妙听到《梵谷》就想到这张，难道要《梵谷》要再获金曲奖？,6,富士ap,37041512
377,2017,11,12,才这么点评论？不合理啊！,0,JollyGo,125459387
378,2017,11,11,走,1,想去吹太平洋的风,431966292
379,2017,11,10,对不起ಥ_ಥ,0,爱灿独角戏,643064985
380,2017,11,8,好听,0,极美之光,634773151
381,2017,11,8,在路上，慢慢来,0,孤独小孩o,273175427
382,2017,11,7,孙燕姿,1,燕姿我好想你,403139403
383,2017,11,5,慢慢來～,1,鄒爸比,85768778
384,2017,11,4,看看大家有多少是因为跳舞的梵谷来的,4,AMANDAofcourse,322596866
385,2017,11,4,喜欢,0,一色梅,286572502
386,2017,11,3,……,0,如意如意1707,530116520
387,2017,11,2,听了跳舞的梵谷，突然想起了这一首，找出来听,1,天水尹氏,105486947
388,2017,11,1,[亲亲][亲亲][亲亲][亲亲],1,成小姿S,84991554
389,2017,11,1,[强][强][强][强][爱心],0,成小姿S,84991554
390,2017,11,1,前奏在耳机里像是捉迷藏,2,iamalvinwoo,346832507
391,2017,11,1,大家可以看看mv，很美滴,1,丐丐龙,61471970
392,2017,10,30,燕姿唱啥我都爱~,0,Missing芽,129376696
393,2017,10,29,一开始我还以为耳机坏了，吓死,1,Yico苹果,357961913
394,2017,10,29,超喜欢,1,跳舞的反骨,33249451
395,2017,10,28,一直很喜欢这首歌,1,横巷无猫,366372061
396,2017,10,26,跳舞的梵谷你一定听了,1,Causeben,385914009
397,2017,10,26,你比我早一年，也可以说你比我多爱燕姿一年,0,Causeben,385914009
398,2017,10,26,没逼着你听。,1,夏树mmmm,260397494
399,2017,10,25,好听，没毛病！,0,傻子-笨蛋,1331490
400,2017,10,25,讲道理这首歌还不错啊，挺好听的，,0,四一八八,137489177
401,2017,10,25,这曲风碉堡,1,可乐瓶吧,128436488
402,2017,10,23,第一次留言，燕姿的歌竟然没有999＋,0,郭CC0213,288694436
403,2017,10,23,还是喜欢我姿这种风格 独特,2,AMANDAofcourse,322596866
404,2017,10,22,喜欢,0,hyahyah,120785173
405,2017,10,20,可能是编曲比较像…,0,没名字可取lei,411833435
406,2017,10,20,有人说跳舞的梵谷曲风有慢慢来的影子 来复习下[大笑],6,叔叔没有牙,44591403
407,2017,10,19,竟然忘了燕姿有这么帅气的一首歌[色]当初第一次听是超级女声黄雅莉，太帅！,0,medsir,70093854
408,2017,10,19,今晚新歌首播，别忘了,2,能猫桑,563187
409,2017,10,19,可是她的歌依然牵动着我，听到她的声音就很安心,1,stefanie燕窝,506348811
410,2017,10,19,我要睡觉了十二点起来听我姿跳舞的梵谷[憨笑],2,stefanie燕窝,506348811
411,2017,10,17,是她自己[呆],0,治不好的斯德哥尔摩综合征患者,471224204
412,2017,10,14,爱姿,1,姿意燕为,263726012
413,2017,10,13,爱姿,1,姿意燕为,263726012
414,2017,10,11,似曾相识燕归来,1,--山生有杏--,467798925
415,2017,10,6,居然这么点评论,0,抹茶红豆冬,65598494
416,2017,10,3,这种独特的风格很好啊，谁规定了一定要是传统情歌,0,missay,19489253
417,2017,9,30,克卜勒真的很耐听[憨笑],0,遇姿人,541269428
418,2017,9,29,很特别，很赞~！,0,kklepin,84151355
419,2017,9,28,美美美,0,豫西小天王,594110291
420,2017,9,23,爱姿,1,姿意燕为,263726012
421,2017,9,16,让明天把今天给记住 不是因为孤独，因为我们追求的专注 不管它起起伏伏，让今天把明天变特殊 未必因为幸福，因为我们努力不服输 尽管失误，让明天的记忆不模糊 不是因为孤独，因为我们执着的态度 不管它起起伏伏，让今天把明天变特殊 未必因为满足，因为我们过得不含糊 从来不曾退出。,1,Ala丶,78284159
422,2017,9,16,听这首歌就有种想跳tango的冲动,3,奶茶还是好喝,5773686
423,2017,9,15,双声道！！！,1,雁字楼头,297175673
424,2017,9,13,😅,0,终南-终南,404074611
425,2017,9,12,没有，不是他，重名。,0,KitKat__,41723861
426,2017,9,11,唯一买过的孙燕姿专辑就是这张,0,奇多-天族,313322753
427,2017,9,8,然而我的最爱依旧是我不难过……,2,万圣节的老朋友,34075495
428,2017,9,8,慢慢来，比较快,1,七花君,14221794
429,2017,9,6,姿妈666,0,Du_zHonG,67972916
430,2017,9,5,最爱的女歌手啊[爱心],0,照着镜子抠鼻屎,347192275
431,2017,9,5,我就是爱燕姿,0,stefanie龙,8728294
432,2017,8,29,这首歌怎么没有评论！！！这么拽！,1,vam荆,279263239
433,2017,8,19,木嘛😊,1,wokansheihewoyiyang,113113844
434,2017,8,17,当年饱受诟病的克卜勒到现在都很耐听,5,乘饭恺,344828163
435,2017,8,17,事实证明 克卜勒是一张神专 ,8,乘饭恺,344828163
436,2017,8,14,咦评论这么少，这歌MV里舞姿很美啊,2,o羊崽o,255731799
437,2017,8,12,满脑子燕姿跳舞的样子,1,隔栏相望,279295928
438,2017,8,11,前奏好熟，像以前的彩铃。,2,清蓝音,50343529
439,2017,8,5,据说这首歌的和声里有JJ,0,终南-终南,404074611
440,2017,8,4,克卜勒是一张非常棒的专辑，燕姿履行她的承诺不唱分手惨烈的歌，也不唱太阳春的芭乐情歌。,6,新鲜-旧情人,542407212
441,2017,8,4,说的好,0,林守乐,55243746
442,2017,8,3,[憨笑],2,哈那我就取一个很好听的名字吧,481734149
443,2017,8,1,孤单的人站成一排@云音乐小秘书 ,0,Abel_D,30633966
444,2017,8,1,好滴 好滴,1,贝勒爷802399,466525712
445,2017,7,31,哈哈 遇到资深姿迷了😄 一起期待下场演唱会,0,麻里麻里哄s,375844353
446,2017,7,31,我爱燕姿17年喽    其实姿迷真的都可以一起玩了呢,2,贝勒爷802399,466525712
447,2017,7,28,寂寞难挨 唉～～～[皱眉][皱眉][皱眉],0,无处安放的目光,443404619
448,2017,7,25,诡异的节拍，挑衅的神采,0,C凯cccc,308267997
449,2017,7,24,好想跳起舞来[吐舌],0,Totoro-ooo,369922716
450,2017,7,23,燕姿生日快乐,1,世上竟有如此出尘绝艳的女子,114314450
451,2017,7,18,十七年了，晚上的时候跟男朋友讨论正能量和加速度的问题，那个时候我跟他都还是初一的同学，从未曾想过现在的我们会是什么样子，竟然会在一起！现在的我们跟曾经又有什么变化呢，现在的我们会不会让曾经的我们失望呢？,1,兰若寺的僧人,378858511
452,2017,7,17,她说是孙燕姿帮林俊杰写的。。。。。,1,从前冷,7553250
453,2017,7,16,她说是孙燕姿给林俊杰写的，谢谢。,1,KitKat__,41723861
454,2017,7,15,不是，是新加坡的另一个林俊杰,2,KitKat__,41723861
455,2017,7,15,不要乱yy，作曲编曲都是李伟菘，至于那个和声，是新加坡的另一个林俊杰，重名了而已，你说的那个林jj，并没有给她写过什么。,1,KitKat__,41723861
456,2017,7,11,特意去翻了mv，舞蹈对我姿来说一点不在话下，像是flamenco和tango的结合，来自非专业人士的解读~,0,和平使者月野兔,488305041
457,2017,7,11,莫名其妙,0,帐号已注销,47771448
458,2017,7,10,很好听的歌你说没法听...眼光太挑剔了吧,1,JUMP___a,261970518
459,2017,7,8,我以為燕姿每一張專輯裡的每首歌，我都聽過，然而這首今天是第一次聽,0,我不难过只是为什么眼泪会流,346043023
460,2017,7,7,初一听的歌……,1,human铁牛,112624631
461,2017,7,7,冷门歌曲之一吗,0,__Escaping,318521482
462,2017,7,4,打卡,0,我有努力和这个世界变熟,394296679
463,2017,6,26,好听,2,尽力170419,470214770
464,2017,6,21,这首歌MV有。。。,0,十年sp,288527716
465,2017,6,17,这是一首不同风格的歌 喜欢～(￣▽￣～)~ 为什么身边没有燕姿粉[汗]不然可以一起K歌了,5,麻里麻里哄s,375844353
466,2017,6,17,弗朗明戈的感觉好棒 我们慢慢来,2,核尔萌毛豆子,344355781
467,2017,6,15,居然没有999+…真喜欢这首,0,A_metaphor,296185247
468,2017,6,13,我的火烧起来 还有一句对白???,1,旻綠,317674840
469,2017,6,13,这首真是爱不释耳,1,乖乖兔,174056
470,2017,6,11,相对早期的歌来说……算了算了，歌迷被早期的歌宠坏变挑剔了，然后挑剔的歌迷变老了,1,Sudoku,17793733
471,2017,6,11,你是来找骂的吗？,0,甲壳猫1704,455487789
472,2017,6,9,我来组成弹幕[亲亲],0,我是anna_anna是我,90870647
473,2017,6,3,燕姿火的歌大多数都是抒情的情歌，但是我却十分喜爱慢慢来和反过来走走这样的歌，就好像是几年前拼命叛逆的证明自己个性的我,3,醉来唱曲渔家傲,386181499
474,2017,6,3,[爱心][爱心][爱心],0,G318狗一丁,435289202
475,2017,6,2,💓,3,黑暗行星古兰斯菲亚,495929451
476,2017,6,1,Stefanie这张专辑里面的好几首歌的编曲内容都很丰富，超级喜欢，好怀念以前的编曲。,2,橘咲_,52079797
477,2017,6,1,不管，十三姐的小流氓表示就喜欢她怎样都喜欢！,3,121个逸儿,129095979
478,2017,6,1,等下一阵风吹过来，旧的散开不必刻意安排自然手到擒来。Stefanie真的神砖的感觉23333～,2,121个逸儿,129095979
479,2017,5,31,谁都没有变，燕姿也没有变，只是你理解不了眼前的一切而已！,1,Song我的憧憬,51600636
480,2017,5,30,手动踩爪印，端午燕姿专辑一日游,2,凌晨三点不睡觉的雨果,120801740
481,2017,5,30,终于找到这首歌噜！,2,埃文日记,124410522
482,2017,5,29,第一次听前面一点还以为姿妈去俄罗斯打猎了,1,黄渡恶霸,96772813
483,2017,5,29,爱姿,2,姿意燕为,263726012
484,2017,5,27,[爱心],1,了不起的老人家,37782426
485,2017,5,26,这首歌的编曲是林俊杰啊，那时候歌词本上面写的，3分28秒那儿的“哦～哦”有他的和声,1,黒色柳丁,278651159
486,2017,5,24,@藍志烽 。,2,MontreElf,123344034
487,2017,5,21,没到999根不可科学,3,管杀不,420226032
488,2017,5,15,爱姿,0,姿意燕为,263726012
489,2017,5,14,加一，我还是听这些老歌,1,可以更自然,387144811
490,2017,5,14,爱姿,1,姿意燕为,263726012
491,2017,5,13,小园香径独徘徊[呲牙],0,我是丑王,127718208
492,2017,5,12,似曾相识燕归来,1,--山生有杏--,467798925
493,2017,5,11,这首歌我认为是可以跟神奇齐名的作品，弗朗明戈的感觉,1,音乐超级侠,264727744
494,2017,5,8,这歌 的节奏 听下去 放在现在 也不过时 ,1,lollida,94820076
495,2017,5,8,我也是更喜欢燕姿这些以前的歌 现在的燕姿有了幸福的家庭和可爱的宝宝 所以歌曲更温暖安逸了吧,0,十月花崎_,300234555
496,2017,5,6,我前不久用过这个头像[呲牙],0,用户277715628,277715628
497,2017,5,3,不可思议的评论这么少！！！,1,uncanny1993,7607400
498,2017,5,2,超喜欢这首歌海边的mv和架子（或者其他什么鬼）鼓？[大哭],0,池森井冰,304715631
499,2017,5,2,不到999不科学啊……[流泪],0,池森井冰,304715631
500,2017,5,2,女姿迷，你们好！我是男姿迷，单身！！！,3,帐号已注销,49752994
501,2017,5,1,好听,1,2016猫猫呀,434837481
502,2017,4,30,这首真的是神曲～,2,靥靥笙歌,313056481
503,2017,4,30,是stefanie，，大哥,4,-_-梨涡浅笑-_-,265072879
504,2017,4,29,是的 [奸笑],0,小小仁Alex,251878912
505,2017,4,27,这节奏感好强！[吐舌],1,鄒爸比,85768778
506,2017,4,24,"恒好听
",2,反正是瞎想,80721801
507,2017,4,22,要怪  上一个爱的人太坏  太快(´///ω/// `)   诶  我怎么黄了,0,魂音QAQ,256547334
508,2017,4,22,慢慢来比较快,1,真情与七星,110083606
509,2017,4,21,来，孤单的人站一排,1,西洋希夏,96511181
510,2017,4,20,kebole神砖不能听？,0,Norwegian_Wood_,125573800
511,2017,4,18,燕姿长大啦。听歌的人也长大啦。音乐也跟着长大啦。而恰好你听到长大的燕姿，跑回来听原来和你年龄相符的燕姿和她音乐，这也是她，现在的音乐也是她。我是说，更立体的她。[亲亲],1,DICI小气鬼,252271359
512,2017,4,12,慢慢来 从右耳传到了左耳 [奸笑],1,埋名啊,329315688
513,2017,4,8,超酷炫！,0,苏三伞,111844957
514,2017,4,6,第一次听是05年超女黄雅莉唱的,0,强大的小明,287917064
515,2017,3,29,最爱,0,梦不落飞行者,259872483
516,2017,3,27,爱姿,0,姿意燕为,263726012
517,2017,3,27,一个大写的帅,0,面条和果子,74231705
518,2017,3,27,比起这首歌，我更爱燕姿的舞姿,1,面条和果子,74231705
519,2017,3,24,不着急，慢慢来！,1,青少年巡逻队,84137516
520,2017,3,21,😃林俊杰和声,2,Wong111,325404567
521,2017,3,19,下午好。,0,YZ芣苢,330392808
522,2017,3,18,这还是我小学时候听的[呆],0,江篝,40435588
523,2017,3,17,似乎和我听的版本不太一样。。,0,乌江亭长死在南方,101776362
524,2017,3,15,真的有毒。,0,雨殇HV,73353857
525,2017,3,14,有些曲风孙燕姿十几年前就玩过了。真的前卫惹[奸笑][奸笑][奸笑],8,柒星雪,85911992
526,2017,3,13,zss，一切都需要慢慢來，長路漫漫。,0,鄒爸比,85768778
527,2017,3,13,想起那个mv…,3,鄒爸比,85768778
528,2017,3,13,好听好听好听好听,0,光芒與少年,59022212
529,2017,3,10,慢慢来……,1,海绵1874,298588296
530,2017,3,9,有燕姿的地方就有我,3,气氛来了就要醉,308485041
531,2017,3,8,自我认知能力还挺强 给你鼓鼓掌[拜],0,说放弃要放哪里,9683208
532,2017,3,5,22:08 KTV必点,1,林守乐,55243746
533,2017,3,4,这首歌一直让我最在意的是怎么来归类，里面的男声吟唱是来自哪国的音乐风格啊？,0,Siegerix,2792507
534,2017,2,25,哈哈哈😄,0,昂昂zh,398779876
535,2017,2,25,坏了老了[哀伤],0,Sudoku,17793733
536,2017,2,24,你耳朵怎么了,0,昂昂zh,398779876
537,2017,2,24,听着这首歌情不自禁为我燕姿的才华感叹，怎么这么有才呢,1,昂昂zh,398779876
538,2017,2,24,原来燕姿也有这种很鬼魅的风格[奸笑],3,_UnaVida_,80518272
539,2017,2,20,晃起来,1,A_Yaaaaa,259282003
540,2017,2,19,有風格我喜歡,2,陈特特喜欢二七二,136826636
541,2017,2,17,好听 顶,1,Afeng欸,324682421
542,2017,2,16,stefanie 神专,1,气氛来了就要醉,308485041
543,2017,2,16,我姿,1,气氛来了就要醉,308485041
544,2017,2,15,唉，每每听到这个调调，我就忍不住晃晃晃晃,3,8宝稀饭oO为未来奋斗为明天努力,96577619
545,2017,2,14,[色],1,晴Maddy,93983961
546,2017,2,13,记得歌词本有写这首林俊杰和声，是吗？,1,鱼里,38679097
547,2017,2,10,这首歌很有孙燕姿的风格啊，特别喜欢,1,KnighTown,49020848
548,2017,2,10,我姿的歌都喜欢，[可爱],2,Stefanie简爱,316440181
549,2017,2,4,怎么才320个评论啊,2,我不爱画花,124320971
550,2017,2,3,不觉得这首歌很经典吗,0,-账号已注销____,318623237
551,2017,2,3,这首歌给谁唱都听不下去，只有孙燕姿的声音能征服这首歌[奸笑],6,我要去山与海交接的地方,281099783
552,2017,2,2,Yan-zi,0,孤独小孩o,273175427
553,2017,2,2,我也！！！,0,Yvvei,95286790
554,2017,2,2,我的姿！！！love you ！！ mp3必备歌曲！,1,Yvvei,95286790
555,2017,2,1,为啥没有999+,0,天天都想吃小孩,310564068
556,2017,2,1,特别喜欢这种曲风,1,_Original_Sin,58331209
557,2017,2,1,刚刚才知道这歌有融入歌剧,0,望树人儿,63547330
558,2017,2,1,好听的,0,--PONYO-,36258424
559,2017,2,1,对于孙燕姿的歌，仍然是从前奏开始就熟悉，听着就笑起来。当年慢慢来是首蛮怪的歌，但是我就是喜欢怪怪的调调。听着鼓点，旋律，忍不住做波浪状。,4,52Hz的鲸鱼汤,274144587
560,2017,2,1,前奏以为手机响了[惊恐],0,东隅dy,47100026
561,2017,1,31,好听啊好听啊,0,zzzzzz瑶瑶瑶,52777166
562,2017,1,31,脑补了林俊杰的声音,2,lavenirr__,54540456
563,2017,1,31,[呲牙],0,可阳快飞,115746724
564,2017,1,26,这专真的超喜欢《慢慢来》，《同类》，《奔》……上学换了n个MP3都会下载这三首歌。,4,cherie_喵,252834964
565,2017,1,25,"前奏歌剧风好评
",0,虎锐,487355
566,2017,1,24,ph在英文里面念什么？,0,用户62035076,62035076
567,2017,1,23,这个歌词真的好有意思哦懂了懂了哈哈哈,1,-账号已注销____,318623237
568,2017,1,23,有种蔡依林的感觉。恰好，两个人，我都爱,2,若只有7秒记忆的鱼,340575070
569,2017,1,21,那个人连Stefanie都拼错了，还那么多人点赞？？？我到不觉得克卜勒保守，你说是时候我可能还同意点,2,stef-IAN,69483167
570,2017,1,18,燕姿没有变，你也没有变，只是你的想法看法变了而已！,0,Song我的憧憬,51600636
571,2017,1,14,一直想找一个能把这首歌唱好的人。,1,雨殇HV,73353857
572,2017,1,13,我姿。,0,雨殇HV,73353857
573,2017,1,12,单曲循环中。顶我上去,1,独狼特,284916910
574,2017,1,12,打卡,0,Zinger77,275131578
575,2017,1,11,爱姿,1,姿意燕为,263726012
576,2017,1,10,当年走调多少次才找到这首歌的调子啊！[大哭][大哭][大哭],0,summer青宇,273628322
577,2017,1,9,好听,1,pippo2,295822258
578,2017,1,9,爱姿,1,姿意燕为,263726012
579,2017,1,9,Stefanie,0,酷圆虎,247542768
580,2017,1,8,要怪上一个爱的人太快,0,大角快跑7746,115026619
581,2017,1,8,kepler吸了多少新粉啊 哪里像复刻 ,2,遥远的肉,252846286
582,2017,1,6,Yan-zi,1,孤独小孩o,273175427
583,2017,1,6,孙燕姿是我永远的偶像😳,2,小小小迪迪迪,392804825
584,2017,1,4,这首歌很符合我当下和他的情况，慢慢来，认真而长久,1,小熊女神,133650074
585,2017,1,3,爱姿,2,姿意燕为,263726012
586,2017,1,2,"说进心坎了
",3,蝶非蝶yz,307447202
587,2017,1,2,“心急吃不了热豆腐”，我就是太过心急，错过了我喜欢的人，他却说要慢慢来，终于懂了,1,洛酱的魅力呀,280588017
588,2016,12,30,喔，初中的时候听到慢慢来，循环一个月，十年后再次听到，继续循环[大哭]就是这么神奇,1,不吃辣的火锅少女,133159393
589,2016,12,17,[亲亲],0,恰从水中过,102056469
590,2016,12,17,必须的[流泪]心情好复杂[流泪],0,Zinger77,275131578
591,2016,12,15,[大哭][大哭]但是听到却是最开心的,0,风游光,3052114
592,2016,12,14,[大哭]最怕在路上听到你姿的歌，简直误事,0,Zinger77,275131578
593,2016,12,14,大学的时候在家乐福先是听到神奇，然后一直都是燕姿，不想走路😂,0,风游光,3052114
594,2016,12,13,大概是你的情话最自我的寄托,0,moodyspider,92905455
595,2016,12,12,好久没听过这个了，歌很赞,0,苍雪流觞,288776993
596,2016,12,7,爱姿,1,姿意燕为,263726012
597,2016,12,6,很好听的,1,黄永辉HYH,265172442
598,2016,12,5,每天都来一下 999助攻,0,鹿不吃吃,117004813
599,2016,12,2,999助攻(๑•̀ㅂ•́)و✧,0,Relax__Liu,136366471
600,2016,12,1,慢慢来 不造急,1,study中whoops,48435532
601,2016,11,30,燕姿,0,BeginsStef,263757315
602,2016,11,30,爱姿,1,姿意燕为,263726012
603,2016,11,30,爱姿～,1,恣姿不倦,255295693
604,2016,11,29,燕姿的歌声让人感觉好幸福呦,1,QuietNight,127005623
605,2016,11,28,与其大哭哭坏了姿态，不如清醒找一个明白,0,跳舞的反骨,33249451
606,2016,11,26,哦～哦喔～～,0,从前冷,7553250
607,2016,11,21,挺好的啊,0,聆听沉默的声音,102450441
608,2016,11,20,真的吗？真的有JJ的和音吗！,0,麦当娜一吻,31045998
609,2016,11,13,[憨笑]还有JJ林的和声,0,Wong111,325404567
610,2016,11,11,～～,0,万青何,137267398
611,2016,11,11,唱起来很爽哈哈,0,你比烟花好看,61518983
612,2016,11,10,爱姿,1,姿意燕为,263726012
613,2016,11,10,爱姿,1,姿意燕为,263726012
614,2016,11,8,爱姿,2,姿意燕为,263726012
615,2016,11,8,"大哥，无形装逼，最为致命……权威地告诉你，孙燕姿英文名Stefanie Sun,有一张她的本名专辑Stefanie……………………",2,zjx1234zjx,302013589
616,2016,11,5,有点像迷迭香的调,1,jjjg134,120773673
617,2016,11,5,虽然这首新歌很不孙燕姿，但是我们要慢慢适应一个新的孙燕姿，一个新的你,1,程碎影,53584378
618,2016,10,31,为什么燕姿的歌里面我最喜欢的评论都少呢,1,冰心和阿炳,40996471
619,2016,10,31,为了不让评论数看起来很250 我写了这个[流感],2,不愿透露姓名的Nico,107384077
620,2016,10,31,爱姿,1,姿意燕为,263726012
621,2016,10,31,爱你,0,结菜,57780277
622,2016,10,30,我有 爱姿病。,0,北瓜头Fizz,45119770
623,2016,10,29,十二周年～,0,完成已注销,35832605
624,2016,10,26,其实是臀部 哈哈哈,0,朕知道了呵呵,3356923
625,2016,10,25,超喜欢！有一次去大润发居然听到这首歌，从此逛超市首选大润发，因为在那之前连着三次去每次都能我姿的歌，大润发绝壁真姿迷[流泪][流泪][流泪],0,Zinger77,275131578
626,2016,10,24,我的 这个制作好厉害惹 第一次听 还以为欧美制作,0,若ni碰到他,136932843
627,2016,10,13,爱燕姿[色][色],0,我们都回不去最初_,108656074
628,2016,10,10,最爱她的2首歌，遇见和这首,1,PinkyPark17,260592209
629,2016,10,8,美美哒的舞蹈可惜我不会(〒︿〒),0,DanCingVanGogh,263043497
630,2016,10,8,这首歌的MV里燕姿是跳的美美的探戈▄█▀█●给跪了,1,DanCingVanGogh,263043497
631,2016,10,7,好听,1,鸡肋不是,81816871
632,2016,10,2,哈哈哈哈哈,0,求一切顺利的王多多,272099714
633,2016,9,26,有偲菘伟菘的和声,1,judeyisefan,338192948
634,2016,9,23,[爱心],0,强大的小明,287917064
635,2016,9,21,我也觉得...,0,yywstar,63517598
636,2016,9,20,爱姿,1,姿意燕为,263726012
637,2016,9,19,那个时候只要是听见她的声音就能沉醉,0,古由之月,62913048
638,2016,9,18,每首都留言，都留言，留言，燕[大笑][吐舌],0,方圆已被注册,63103560
639,2016,9,13,爱姿,1,姿意燕为,263726012
640,2016,9,8,爱姿,1,姿意燕为,263726012
641,2016,9,7,是因为最后一句，特别喜欢这首慢慢来 点的[强][大哭],0,54Mars45,102363183
642,2016,9,6,才发现有些音乐yanzi十几年前就玩过了 真是永远走在前端呢,3,study中whoops,48435532
643,2016,9,4,爱姿,1,姿意燕为,263726012
644,2016,8,27,我的天，对我最近约x的生活一个神总结。燕姿，我错了。改过自新。,0,codyccc,40831959
645,2016,8,27,经典,1,帐号已注销,124859943
646,2016,8,26,还记得疯狂听这张专辑的时候是小学。那时候每天研究这张专辑。这首歌的每个部分都研究，结果被我发现这首歌的和声部分有林俊杰和FIR的飞儿…,4,Mousann,71241372
647,2016,8,20,热评第一什么鬼,0,vaiwei424,17665449
648,2016,8,19,别装得你多懂是的，kepler 多听几遍再来评论,3,忘不掉的明天r,101795664
649,2016,8,18,~~又有谁看得出来,1,苏三伞,111844957
650,2016,8,13,😘,1,_吴子诚,275017518
651,2016,8,10,真心大爱,1,举个西木,60673274
652,2016,8,9,歌词很喜欢,0,crucifymine,33683416
653,2016,8,8,嘿嘿,0,帐号已注销,3616642
654,2016,8,5,慢慢来 没事 慢慢来！,0,芬兰的孤岛鲸,115963271
655,2016,8,3,214,0,求一切顺利的王多多,272099714
656,2016,8,2,上一个爱的人太快 太坏 太无所谓地say goodbye.,1,dis-play,132802796
657,2016,7,30,燕姿的歌不会过时,3,红尘小小生,73020014
658,2016,7,30,超爱  打卡,2,就叫nagii想怎样,63902185
659,2016,7,26,你们说 像不像rain的 伤心探戈,0,iGwasan,41045824
660,2016,7,26,当初高一的时候，非常爱这首歌，有多爱？？专门去买了一个立体声的耳机！！,7,丶白饭,45318510
661,2016,7,23,慢慢來會比較快☺☺☺,2,布朗不熊,14709960
662,2016,7,23,[蛋糕],1,Bernice0912,282436532
663,2016,7,23,我的青春！燕姿生日快乐[蛋糕][蛋糕][蛋糕],2,-有姿有菋-,129649056
664,2016,7,22,[爱心][爱心],0,娇魂,113835347
665,2016,7,22,初中超喜欢的一首歌,2,帐号已注销,3616642
666,2016,7,16,很好听,0,Taylor-Dove,97964207
667,2016,7,16,评论这么少？,0,回到过去一起吧,22739212
668,2016,7,11,[亲亲][亲亲][亲亲]大爱,0,柒星雪,85911992
669,2016,7,11,当年2004年这张专辑听完一遍最喜欢这首,1,柒星雪,85911992
670,2016,7,8,可爱的歌[爱心],1,禾由姑娘,105143686
671,2016,7,8,这首 很喜欢啊 ,0,西红柿瘦肉汤,298102339
672,2016,7,4,没有冷门的歌 只有不会欣赏的人,2,那么嗯哼,42336957
673,2016,7,3,怀念在华纳的编曲,0,橘咲_,52079797
674,2016,6,30,+1,0,你郎盖嫩该内个哎,36819940
675,2016,6,29,这首不是冷门 是经典,2,WOOOOMwang,275225493
676,2016,6,26,[男孩][男孩][男孩],0,举起手来跟我一起摇摆,78132797
677,2016,6,26,总觉得这首很有弗朗明哥的赶脚,3,兔兔努力,116319218
678,2016,6,13,我记得歌词本上的和声写的是···林俊杰··应该不是同一个人,1,悍人,30706687
679,2016,6,13,当时这盘专辑里最喜欢这首。现在重新听，还是那么👍。曲子好，词更好。,0,夹缝里的石头_求生存的出走,61133526
680,2016,6,12,KTV必点曲目啊[可爱],4,Stefanie7lv,249236742
681,2016,6,6,搔首弄姿[呆],0,帐号已注销,96032522
682,2016,6,3,上班的时候都觉得自己很酷,1,panda向前冲,113092635
683,2016,6,2,这么好听的歌竟然不999+,0,雨陨,31875806
684,2016,5,31,🌚,0,Voca1_,63364341
685,2016,5,29,词曲，编曲配器，唱，堪称完美。,0,时光如刀,193590
686,2016,5,28,这首mv里我姿美爆[亲亲],0,北极之狐,18473968
687,2016,5,28,就是慢慢来啊，漫漫来是什么鬼[大哭],0,北极之狐,18473968
688,2016,5,25,冷门最爱之一,0,Zinger77,275131578
689,2016,5,23,真的没有必要使坏,0,Moro炳,134976472
690,2016,5,21,这首歌到底是叫《慢慢来》还是《漫漫来》？,0,Lachrymation,34713652
691,2016,5,21,个人其实不是很喜欢燕姿的一些尝试。当然去尝试是很好的。但是不能否认我就是喜欢她原来的样子而已。坚持自己挺好。,0,LZAKU,56740392
692,2016,5,18,还有这张专题的磁带,2,cooldbrf,41086342
693,2016,5,17,"我还记得燕姿在节目上跳舞那段[色]
",0,Turnion,44196598
694,2016,5,17,我记得当年黄雅莉在分赛区比赛时唱过这首，好像穿了个蓝色的夹克。,0,mcflyba,18573932
695,2016,5,12, 燕姿的隐藏神曲之一,0,巷説百物语,254680216
696,2016,5,11,"对不起
谢谢你
再见",0,小舟roc,255761306
697,2016,5,9,我同事绝大多数都是美女，她是学艺术的，毕竟是特长,0,God-Snow,61291224
698,2016,5,9,无意中发现我姿一首神曲,0,大P的小Q,62178476
699,2016,5,8,每张专辑都回顾一遍❤️这张转眼12年了呢……话说这支曲有探戈舞曲风情💃,0,小呆菇,31667206
700,2016,5,4,不当歌手真是可惜了，指定成为天后啊[大哭],0,看我可爱咩,65911192
701,2016,5,3,这张专辑中第一次听就最爱的一首,0,邪小人,20700278
702,2016,5,1,(ღ˘⌣˘ღ),0,帐号已注销,100632851
703,2016,4,29,快快快睡觉啦,0,Cypress_Nectar,52419940
704,2016,4,28,多年前听过的，至今还记得MV海边的画面,0,Lilan107,109439667
705,2016,4,27,那是因为你没看到姿的现场[奸笑][奸笑],0,尙小文,122276890
706,2016,4,25,说新歌没法听的人、只是燕姿唱得不再是你的心事和故事了、是你们变了、也是燕姿变了…十五年、如果是猫是狗都是一辈子了、谁不都不会一成不变,315,能猫桑,563187
707,2016,4,25,前奏想蓝色骨头,0,草壁皋月嘛,86320101
708,2016,4,23,是呀，我的同事百分之九十都是美女～[可爱][可爱],0,God-Snow,61291224
709,2016,4,18,🌞,1,Qi怪--,3080043
710,2016,4,18,早,1,Qi怪--,3080043
711,2016,4,17,这首节奏真是赞到不行，我就想打着响指走在黑夜大马路[跳舞],1,alwaysrong,264011120
712,2016,4,16,记得燕姿宣传这首歌跳的是弗拉门戈。。。很惊艳,0,Gilbert---,63955982
713,2016,4,16,那是因为是“美”女,1,Gilbert---,63955982
714,2016,4,16,歌好听,0,绝世好名字,105634219
715,2016,4,15,真的觉得在ktv里，美女同事比原唱唱得更好听～至少现场演绎是震撼到我了～[奸笑][奸笑],0,God-Snow,61291224
716,2016,4,15,这首歌配太空步，简直不要太带感,1,帐号已煮熟,64186487
717,2016,4,10,这首歌评论好少，不科学,2,猫豆豆猫,77164414
718,2016,4,10,我还能说什么,0,举个西木,60673274
719,2016,4,9,最爱看这首的MV！！,0,leemdong,79466764
720,2016,4,8,我还有这张磁带,0,徐佳凯的备份生活,3780133
721,2016,4,8,超好听的冷门歌,0,medsir,70093854
722,2016,4,7,拉丁风,0,OooorangeB,49862286
723,2016,4,7,简爱可以再出一版纯净版【能不能把rap给我砍掉！！砍掉！！】,1,OooorangeB,49862286
724,2016,4,7,当年特爱的一首歌！多年过去还是这么有味道,1,草木染哟爱大树,79105091
725,2016,4,6,姿迷来看看,0,走的很慢,120205091
726,2016,4,6,燕姿  有太多歌  都不是   三五编就会品出味道的    举个简单的例子  我的爱PK我不爱   很多姿迷随着时间的推移  更喜欢的都由前者变成了后者,2,十字街头29,84520410
727,2016,4,5,神专中的隐藏神曲,7,庄周周庄,78453458
728,2016,4,1,最后一句，世界还是那么精彩，精彩，精彩哎哎耶～～有古典的味道，像西班牙斗牛士,2,孤心键客,45423034
729,2016,4,1,我侄女好喜欢这首歌[大哭],0,雨陨,31875806
730,2016,3,31,燕姿以往的风格才是真的让人爱不释手，每张专辑起码没让我失望过，每首歌都耐听的狠，过多少年再翻出来也是金曲。,0,你的前夫,135373545
731,2016,3,31,燕姿第一次听爱上的歌比如绿光比如第一天，听两遍就会腻，本就是慢热的歌多，听的次数越多越喜欢，每张专辑的歌都在用心做，哪怕过十年也还是喜欢。现在还有谁能静下心来把一首歌循环几十上百遍呢，或者有什么歌可以循环几十遍也不觉得腻呢，在心里燕姿做做到了。,2,你的前夫,135373545
732,2016,3,17,说燕姿新歌没法听的也是醉了、整个华语乐坛都在下坡、燕姿接着出就不错了,1,能猫桑,563187
733,2016,2,29,[可爱]我觉得很好听啊,2,我姿态略萌,111719375
734,2016,2,20,好。我们慢慢来,0,Rainieowo,83366096
735,2016,2,20,你阔以不听呀！,2,Begin丶again,100242187
736,2016,2,18,孙燕姿的快歌也是好听得不行[禁止],0,逆旅主人无情,37038387
737,2016,2,18,没有必要使坏/倒也不必装乖/孤单的人站着一排[禁止],0,逆旅主人无情,37038387
738,2016,2,18,一边看书一边在摇晃[呆],0,Magic1lin,86285214
739,2016,2,17,呵呵🙂,0,孙燕姿的粉丝,36733053
740,2016,2,17,以前的歌都太经典了，都是第一次听就爱上。现在呵呵。可能我不够爱她吧,0,Sudoku,17793733
741,2016,2,17,怎么就没法听了？？？,1,孙燕姿的粉丝,36733053
742,2016,2,15,这张专辑是我心中的神专！！,1,向往北方的日子和乐子,75903833
743,2016,2,14,情人节分享之,0,yty21,36041026
744,2016,2,14,情人节分享一波,0,yty21,36041026
745,2016,2,14,我一开始也不喜欢。但是多听几次发现都很耐听,0,journeyfancy,22093583
746,2016,2,14,喜欢,0,journeyfancy,22093583
747,2016,2,11,人少点儿好,0,举个西木,60673274
748,2016,2,10,[兔子],0,五花是只猫,16907490
749,2016,2,7,这首歌，挺好听啊,0,回到过去一起吧,22739212
750,2016,2,3,名字都打错了,6,juuuuuungle,110926284
751,2016,1,29,[爱心],0,甜一分苦九分ya,50669579
752,2016,1,29,MV里燕姿跳的是探戈吗？好潇洒好帅[牵手],0,甜一分苦九分ya,50669579
753,2016,1,29,[哀伤],0,Halo_Stefanie,44758870
754,2016,1,29,你是说新歌没法听那条吗[呆],0,是螺纹呀,59982102
755,2016,1,28,看到某条评论我差点就打字喷人了 ,1,Halo_Stefanie,44758870
756,2016,1,21,当年就很爱的一首 独特的节奏[亲亲],1,宅阿宅阿宅_momo,61091023
757,2016,1,20,还记得某人念念有词：冰冷的空气慢慢滑行而~来,0,CT2O,55619059
758,2016,1,20,我姿,0,你才是包子呢呢呢,41587781
759,2016,1,14,我的偏爱一隅[憨笑],2,跳舞的小谷_,98206866
760,2016,1,9,我的铃声,0,Sssunnn12,7552300
761,2016,1,6,好多冷门歌，像和平，相信，飘着都还不错,1,不要听慢歌,66945600
762,2016,1,5,随便我+1 不就100评论了。。。,0,煦日冬升,18853744
763,2016,1,5,我叫曼曼。。。。[憨笑],0,未央mmmmmmmn,97961009
764,2016,1,4,又是首冷门好歌[憨笑][憨笑],1,闪泥啦啦啦,88079495
765,2016,1,2,好好听，，，,0,遮羞布罢了,33532401
766,2015,12,30,突然听到这首歌，很舒服,0,null199,104614386
767,2015,12,28,要怪           上！一个爱的人   对不起我污了。,1,青城山下陈绮贞,11684436
768,2015,12,28,慢慢来,0,水墨帅哥,35202895
769,2015,12,28,加班通宵，谢谢孙小姐的陪伴！,0,辛塔,3868096
770,2015,12,23,打卡！,0,澜本姿语,76707783
771,2015,12,17,🎶🎵🎉熬夜醒神声音,0,土豆冰,33076345
772,2015,12,15,大爱[可爱],1,不要听慢歌,66945600
773,2015,12,14,这首以前居然没发现！！！很赞啊,2,GraceDada,76719502
774,2015,12,13,第一句戴着耳机听会在脑袋转一圈😊,0,帐号已注销,49634517
775,2015,12,13,，，，,0,举个西木,60673274
776,2015,12,6,好听到爆,1,侧耳倾听119,34369865
777,2015,12,2,记得这个的MV里在海边的样子很惊艳,0,山时市,62987617
778,2015,12,1,慢慢来,0,你還可愛麼,59326648
779,2015,11,30,上一个爱的人 太坏 太快 太无所谓的say goodbye ,0,bonne-nuit,44106154
780,2015,11,28,燕姿的新专辑还可以吧。。。。许巍的才无语，新专辑完全听不下去,1,王小三金,52811574
781,2015,11,22,没人提配音是林俊杰吗,0,漫步的渴,11985761
782,2015,11,18,好听 爆,0,阿閅,3714738
783,2015,11,16,[可爱][可爱],0,CGNH,65593562
784,2015,11,16,打卡,0,举个西木,60673274
785,2015,10,26,鬼赛头 鬼赛头 鬼赛头,0,zhangiant,10735701
786,2015,10,23,佛拉明戈,1,我的岛屿云烟,32122474
787,2015,10,6,前几句居然听出一股萧亚轩蔡依林的感觉,2,yourkepler,77073478
788,2015,9,30,"没去成kepler，之后就只听燕姿了，之前你歌单里的大部分我都爱，王菲 刘若英 张惠妹 钟汶 莫文蔚 孟庭苇 许茹芸 范范 ....挺杂的 额 男歌手 听的少  华仔 周华健 小齐 就这三个曾经听的多 。大爱燕姿    介意告诉我你哪年的吗？
",0,十字街头29,84520410
789,2015,9,30,额，你除了孙燕姿没听别的？,0,Sudoku,17793733
790,2015,9,30,看了你的歌单，你也不在年轻了，曲曲经典，但却....只是曾经。知道我为什么喜欢燕姿吗？因为不只是悲伤，更多的是积极与成长，推荐《慢慢来》《自然》《Venus》《关于》《和平》之类的偏轻快点的，虽然我们都老了，却也更改积极点了  听《关于》吧,0,十字街头29,84520410
791,2015,9,30,估计你是喜欢《天使的指纹》《比较幸福》之类的。也许老了，所以最近更喜欢《慢慢来》《自然》类；这张最爱《无限大》和《雨落》,0,十字街头29,84520410
792,2015,9,30,好吧！我承认第一次我也无感，但喜欢燕姿是这十几年唯一不曾改变的，所以..... ,0,十字街头29,84520410
793,2015,9,30,要不你推荐一下呗,0,Sudoku,17793733
794,2015,9,30,可能要听多次，但是第一次没被打动就不会去听第二次了。,0,Sudoku,17793733
795,2015,9,29,真是老粉，就再去听听新专，你作为老粉难道不知道你姿有太多歌都是让人后知后觉吗？,0,十字街头29,84520410
796,2015,9,29,快十五年的老粉了…[大哭],0,Sudoku,17793733
797,2015,9,29,你个新粉  以后的某天你肯定会后悔说了这句,0,十字街头29,84520410
798,2015,9,23,世界還是那麼精彩，等下一陣風吹過來,0,deorrr,53709371
799,2015,9,22,燕姿晚安！,0,大英帝国五连发,44598564
800,2015,9,16,磁带，复读机，还有踢踏舞～,2,夏小莫,869908
801,2015,9,14," 或多或少期待 不再觉得悲哀
想证明自己还存在 不想 有人替代",0,青城山下陈绮贞,11684436
802,2015,9,5,只有我觉得这首歌特别像jewel的一首歌么....,1,耿不高兴,52525145
803,2015,9,4,与其大哭哭坏了姿态，不如清醒找一个明白，选择走的不要他回来，再来享受他的哀兵姿态,0,傻子-笨蛋,1331490
804,2015,9,4,[跳舞][跳舞][跳舞][跳舞][跳舞][跳舞][跳舞][跳舞],0,傻子-笨蛋,1331490
805,2015,9,3,是挺诡异,0,湖人死忠,7776579
806,2015,9,2,孤单的人站一排,0,用户41965267,41965267
807,2015,9,2,燕姿燕姿！,0,用户41965267,41965267
808,2015,8,26,爽！,0,帐号已注销,37833626
809,2015,8,20,神曲[色],1,Rayitsray,19224605
810,2015,8,18,[钟情],0,非著名废话制造机,5989920
811,2015,8,13,特别喜欢这首,0,Red964,85700925
812,2015,8,11,yanziyanzi.,0,帐号已注销,44991129
813,2015,8,7,这首歌评论竟然这么少…,0,水晶山-,53833883
814,2015,8,5,[钻石],0,土豆冰,33076345
815,2015,7,9,有股西班牙韵味，大气啊,0,Black_Kingdom,50166603
816,2015,7,4,孤单的人站成一排💃🙇🙍🙋[这边][禁止]🙆💆🙋🙇💃,0,青镡,60257308
817,2015,6,30,好听,0,落日火球,59555983
818,2015,6,29,尘埃落定后，欣然接受，一切慢慢来,0,路人彦小二,76285353
819,2015,6,24,探戈风high起来，头甩得飞起来,0,半点儿,73746118
820,2015,6,17,第一声出来就爱上了这首，制作很精良,0,qXz7x,45689724
821,2015,6,11,慢慢来~晚安[可爱],0,RU0LAN,51167517
822,2015,6,7,@timetraveler 一直都好喜欢这个歌[色],1,听歌最多的研究生,3606148
823,2015,6,5,挑衅的节拍～,0,Riorni,43112461
824,2015,6,4,以前最喜欢这首了,0,wbneverland,61575456
825,2015,6,2,十年前的专辑 好怀念那时的自己 每次听燕姿都是治愈 陪我长大的你[爱心],1,八月的雾-_-,71270840
826,2015,5,21,这歌这么好听为啥都没多少人评论[流感],2,黄若白,67468209
827,2015,5,21,为啥觉得是在唱写论文呢[大哭][大哭]感觉跟我现在写了改改了写的状态一样呢[流泪][流泪],1,illumi花,422558
828,2015,5,16,赞,0,这一切没有想象的那么糟-蛋蛋,28691229
829,2015,5,9,为啥评论这么少辣么好听[惊恐][惊恐][惊恐],0,林守乐,55243746
830,2015,5,8,13 姐。还有多少人知道这个称呼以及由来。燕姿唯一一次上报 还算社会版,1,木希君,11424385
831,2015,5,5,这首这么好听竟然不是第一主打[惊恐],0,MonkeymitDL,39969219
832,2015,4,29,当年好喜欢这首,1,ZY-7,17531038
833,2015,4,26,[爱心],0,Grav1ty,40119095
834,2015,4,21,特别喜欢mv里舞蹈，燕姿跳得太有气质了,2,遇见stefanie,34739370
835,2015,4,20,这盘专辑的卡带还留着,0,洛小鹿也,46347197
836,2015,4,17,早,0,MissChange,30674949
837,2015,4,16,这节奏真棒,1,伊巴斯典,42166429
838,2015,4,13,像喵一样生活。。,0,孙燕美,542076
839,2015,4,11,这其实是一首快歌，我擦。这城市的节拍，，，，,0,梵蒂冈的呐喊,19562584
840,2015,4,9,喜欢这首歌的感觉,0,女经神呀,41867180
841,2015,4,9,这首曲子，感觉非常棒。燕姿的任何歌，时间久了，都会慢慢的无法自拔的爱上[呲牙]。慢慢来~,0,未完成s,52426699
842,2015,4,8,咦？这首歌那么少评论不科学,0,叉烧飞,48133181
843,2015,4,7,想起了她在stefanie新歌演唱会上脱鞋跳这个舞[亲亲][亲亲],1,乔豆玛袋,35806306
844,2015,4,5,很有女人味！,1,好想吃西瓜,32400929
845,2015,4,4,没有必要使坏，倒也不必装乖,0,粗盐要提纯,37318889
846,2015,3,28,是不是李思菘李伟菘兄弟俩 的杰作来着？？！！,0,zhangiant,10735701
847,2015,3,4,我想问，燕姿迷都哪里去了？转眼这首歌都这么久了。,8,江篝,40435588
848,2015,3,1,每次听燕姿的歌都有特别特别的感觉.既熟悉又颤动！年轻时期回忆的我，全在喜欢音乐作品里…这首歌总有莫名的冲动…,0,半曰仙,19528463
849,2015,2,26,诡异的节奏～～,0,熊熊烈菠萝,52434555
850,2015,2,9,突然发现超喜欢这节奏,0,马露露露露露,34151541
851,2015,1,26,我姿最棒！[爱心],0,serious-joke,39676908
852,2014,12,30,好听,2,博博西鼠,48155415
853,2014,12,7,福州公交车上还是放了点好歌的～,1,iqueen,15874861
854,2014,11,25,还是孙燕姿[爱心]呀,81,冰糖第二杯,584663
855,2014,11,2,lalalalla！,0,牛逼闪闪君,17498859
856,2014,5,7,没有必要使坏 倒也不必装乖，孤单的人站着一排　。,102,verse_,3308362
857,2014,3,3,平淡保守的 Kepler 让我想起了燕姿的这首歌，那时候的Stephanie专辑里还能让人嗅到一些新鲜的气味，而今虽然更靠近独立制作，却更像对往昔的复刻。特别特别喜欢这首《慢慢来》。,170,rasperry,9817920
