index,year,month,day,content,likecount,nickname,user_id
1,2019,11,10,美如画,0,清心丶得生,16556450
2,2019,10,27,我爱孙燕姿，siesie,0,孙燕姿的粉丝,36733053
3,2019,10,25,屑屑siesei,0,StefanieTXX,126966250
4,2019,10,25,只有演唱会才能听见的变奏版绿光,0,StefanieTXX,126966250
5,2019,10,19,原版咋唱来着?完全忘了😂,0,可憐你帥不过坂本汰佬,264489965
6,2019,10,18,siesie[大哭],0,悟细雨,415084604
7,2019,10,15,现在还用网易云，就是因为云给保留了绿光的变奏版，谢谢,0,谁把高大胖这个名字用了,112993473
8,2019,10,13,蟹蟹,0,是MQ996,72519416
9,2019,9,28,哈哈哈哈哈哈哈,0,稚野-Iris,89410562
10,2019,9,19,这要我怎么唱,1,bulankaa,73550678
11,2019,9,2,好多年前只有土豆有个超低画质的绿光小调版，然后默默转成mp3用了好多年，今天又心血来潮试着搜一下居然还有。小调版比原版好听,0,野生三级头,281581062
12,2019,8,27,变奏版好好听！！！大爱这个版本！！！,0,cy909191,254876722
13,2019,8,25,哈哈哈哈哈哈哈蟹蟹,0,Kepler__r,413257278
14,2019,8,17,siesie太可爱了,0,SANJIU9,281870167
15,2019,8,9,粉丝: 对不起我不会唱,5,漂浮群岛et_moi,101098936
16,2019,8,6,喜欢燕姿,1,零缺点-,545352622
17,2019,8,5,爱是一道光，绿的你发慌,1,那盒饭,76339068
18,2019,8,2,逐渐忘记原曲,0,李小手1705,479407259
19,2019,8,1,这个蟹蟹也太可爱了,1,我很鱼块,125768521
20,2019,7,30,燕姿说话也好可爱～～,0,top_Aprilworld,1303520511
21,2019,7,30,超喜欢呀～～,0,top_Aprilworld,1303520511
22,2019,7,26,哎嘿[吐舌],1,星光还依旧,110171268
23,2019,7,22,那句“蟹蟹”萌哭我了,3,Sparrrrk,270935914
24,2019,7,20,变奏好听⁽(◍˃̵͈̑ᴗ˂̵͈̑)⁽,1,docoes,283540064
25,2019,7,19,哇！！超级好听 是我听过最好听的绿光版本！,2,Erika_Linder,305117600
26,2019,6,28,这句siesie真的甜到我心里了,1,孙家我燕姿,359397405
27,2019,6,26,siesie是最灵性的,3,家养型浣熊,69839733
28,2019,5,31,2020马上到了，我等一个有你的演唱会,6,崔塔塔monster,1754560238
29,2019,5,29,那个谢谢太可爱了,3,乐康哦,442746226
30,2019,5,28,有本事大家一起和我合唱[奸笑],5,刘哈哈233,51107840
31,2019,5,15,melody哈哈哈哈哈哈哈哈瞬间出戏刘恭显,2,Di-Dar-Lar-Dar,51200411
32,2019,4,30,音悦台MV找过来的……,0,爱兔子的萝卜儿,47709415
33,2019,4,27,超级超级好听！,1,孙燕姿best,46251605
34,2019,4,18,这一版真的像来到了绿光森林！,1,125号致幻剂,314212031
35,2019,4,15,秀呢,0,结菜,57780277
36,2019,4,13,居然觉得有点好听,0,跳舞的yanzi,287088787
37,2019,4,10,太好听了吧 被洗脑了,0,带刺大师,1462066790
38,2019,3,22,超爱变奏版,0,雨陨,31875806
39,2019,3,18,今年在上海听了孙燕姿现场唱的《绿光》，很满足！,0,特立独行的_蜗牛,589817686
40,2019,2,12,原话的意思应该是“接下来老娘自己唱”哈哈哈哈,2,背了个影,26852587
41,2019,1,15,好想看MV台下粉丝准备合唱结果听到前奏一脸懵逼(或惊喜)的表情,8,jiugf,415110672
42,2019,1,10,好久没听变奏版了，果然还是觉得比原版更好听呐！,1,凯旋门旁的加贝超市,360106164
43,2019,1,5,这个版本真的太爱了,1,我美好的未来还没来,295124860
44,2019,1,5,原版是咋唱的？？？[大哭][大哭][大哭],1,恋恋风尘602,85414186
45,2019,1,2,歌迷：一起个鬼……(；一_一),6,小疯饭,121029568
46,2018,12,25,这一版好好听啊,3,燕姿小迷妹_yanzi,1342726442
47,2018,12,10,曾经说好一起唱，你却偷偷变了样,22,红红狗狗梦一萝,78045152
48,2018,12,7,“希望大家可以一起合唱~”粉丝：？？？？？,29,冬麦dontmind,40723158
49,2018,12,2,超爱这个版本,0,棠芯儿,373621838
50,2018,12,1,不一样的感觉哦，我以前不怎么听演唱会版本的歌[大笑]貌似是一种损失,1,吴丌,391634577
51,2018,11,26,是的，我一直都是这么唱绿光的😳,5,咕叽-__,543531996
52,2018,11,21,蟹蟹~,1,名字想了四年,33115048
53,2018,10,28,欢迎收听 “你的故事我的歌”🎵,3,流年共度V,45409170
54,2018,10,25,真好,0,Xiangyu-Zhou,319673773
55,2018,10,24,这个版本好听啊！刚听到就觉得好听！同一个人不一样的演绎。或许是因为有了更深的认识吧,4,写个泥称,263669901
56,2018,10,22,是原调降小三度的版本哎！[星星],7,背景图我需要,109237319
57,2018,10,7,变奏挺好的,0,跳舞的yanzi,287088787
58,2018,10,7,蟹蟹[大哭]阿姿笑死我了,1,跳舞的yanzi,287088787
59,2018,10,4,哈哈,0,Easonchan1027,115056384
60,2018,9,29,超喜欢,1,啊无z,397313927
61,2018,9,22,[呆],0,新垣結衣的衣,113558510
62,2018,9,11,"这一版这么特别，居然这么少评论。。。那个中间的变调真的不特别棒",0,夏小莫,869908
63,2018,8,15,爱是一道光。绿到你发慌！,3,蕗人曱o,616352241
64,2018,8,13,我TM想哭(┯_┯)   太好听了 啊~~~[生气],0,如果你也看懂千与千寻,385854571
65,2018,8,10,"不同于任何意义，你就是绿光。
如此的唯一。",1,云_安安,1395846467
66,2018,8,6,好听的,1,我见过刘惜君卸妆的样子,334865174
67,2018,8,6,live版的🐒🐒听啊,1,ykepler,301744533
68,2018,7,27,这是和声版吧,0,我哼着歌你自然的就接下一段,100882927
69,2018,7,15,中毒了，要不是步行街带偏了，这首歌也蛮好听的～,0,天才小泽泽,38410750
70,2018,7,6,牛逼啊，这个节奏好棒,0,橘子7777777777,303507867
71,2018,6,30,翻译歌词的那位好可爱,1,炫百吉,1487557729
72,2018,6,6,@余丸yoo 步行街之歌改了的暗黑feel~~,2,陈梓映,39810950
73,2018,5,23,这个很棒,0,我有努力和这个世界变熟,394296679
74,2018,5,20,好听,0,Lewis07,91561151
75,2018,5,14,siesie好好笑哦,1,须臾爱音乐,60208630
76,2018,5,9,听到谢谢整个人就酥掉了,1,-Ariana_Grande-,585410257
77,2018,5,5,已经单曲循环这个版本两天了。 ,2,ssssaaaxzczxcc,264882211
78,2018,5,4,[色],0,毛毛虫0912,323067104
79,2018,4,26,那声谢谢也太可爱了吧,1,彭南语,284468716
80,2018,4,6,[强][强][强],2,成小姿S,84991554
81,2018,3,20,★,0,别是太空人,82949922
82,2018,3,8,Siesie,1,帐号已注销,32678543
83,2018,3,6,这就是我爱的燕姿,4,Mu_lan,455615527
84,2018,3,4,闷闷不乐版,4,Mr_Yoshitaka,135524749
85,2018,2,21,如果是我唱的 你们一定会说走掉了,1,恶魔冒险家,298914852
86,2018,2,4,不同于任何意义 你就是燕姿 如此的唯一,2,姿迷Kepler,62776498
87,2018,2,3,台下粉丝：“这叫我们怎么合唱......”,96,灰色挽歌_1984,357894990
88,2018,1,30,演唱会很感动,1,王金1711,632842409
89,2018,1,30,不想听原版了,2,发热的C,116096676
90,2018,1,26,我还以为跑调了,0,可是我不想做好人啊,42132015
91,2018,1,20,酷歌越来越酷了,0,小南saki牛丸果mami叶子K神,282529028
92,2018,1,8,还以为跑调了。。。,0,ywxame,90820214
93,2017,12,4,就像杰伦改编陶喆的找自己一样，大调变小调,6,且听风吟-_0,129162764
94,2017,11,25,好！听！,0,AyalkomodAyalkomod,121725447
95,2017,11,25,孙燕姿和莫文蔚的live真是一绝！！！,6,回忆的只是过去,365722905
96,2017,11,19,太好听了啊 我要死了,2,NTUfail,71924954
97,2017,11,19,听力💯,1,林守乐,55243746
98,2017,11,18,这……咋合唱？,7,你爹在吃盐酥鸡,103553147
99,2017,11,11,蟹蟹,0,請叫宋長老,373701684
100,2017,10,29,送给绿十七郎,2,中村青司丶,289572836
101,2017,10,29,我也是听了林忆莲那个想起这个版本来，不能说吊打，但明显要好听太多,0,我美好的未来还没来,295124860
102,2017,10,28,这次的改编吊打昨天林忆莲改编好吗！,5,NBA名宿艾弗森,264049003
103,2017,9,20,siesie～,5,鄒爸比,85768778
104,2017,9,7,变奏版绝对是稀有动物，这也是有机会去喜欢的歌手的演唱会就尽量去的原因,7,DWADE3YKG,64933840
105,2017,9,2,评论的人怎么这么少？？？？,0,老兵不死-只是凋零,123310540
106,2017,8,23,咳，sie sie[可爱]好可愛喔。,3,鄒爸比,85768778
107,2017,8,13,[可爱]希望姿媽望在演唱會上能夠任性地把歌改編唱給我們聽，這樣就像變魔術，一首歌變成两首，整場下來，姿迷收穫滿滿呀。恩，沒錯，我就是在做白日夢。,2,鄒爸比,85768778
108,2017,7,26,啊这版简直太好听,0,ttttorres-,275233363
109,2017,7,9,这版本真是循环好多遍,0,傅昂昂,62886000
110,2017,7,8,一次偷偷用班里的电脑点了这个版本，全班都惊呆了[憨笑],0,我独南行Z,133815629
111,2017,7,8,没人的..,0,--紙鳶--,351271732
112,2017,7,7,来给楼下来一份原谅套餐,1,不如不骗,6037894
113,2017,6,29,什么歌？[呲牙]哈哈哈，燕姿好可爱,3,跳舞的克卜勒,122786310
114,2017,6,20,🚶,0,hyaline8827,89913538
115,2017,6,12,我姿说蟹蟹的时候好可爱哈哈哈,0,pengawai,106737857
116,2017,6,2,这版本可以单曲循环很久很久很久很久....了,0,QW1K,96765923
117,2017,5,23,胡说明明是我才是,0,十九汪,77907397
118,2017,5,23,我是轩佬的男朋友。,0,为诺贝尔奖出发先算漂亮,59836222
119,2017,5,21,ID轩迷吗嘻嘻,0,十九汪,77907397
120,2017,5,19,[可爱],1,蓝小彬,35438935
121,2017,5,14,老子分手了，有个混蛋天天放这首歌给我听！,2,剑子1010,266382893
122,2017,5,14,她强任她强 劳资孙燕姿[色][色][色],0,福气安康石师傅,46773407
123,2017,5,12,虎扑jr在哪儿？,4,匡嘉嘉,302498808
124,2017,5,11,步行街[大哭][大哭][大哭],2,独孤无敌的寂寞,470669227
125,2017,5,9,我。。。我选择原谅你们,1,-樊哙-,36553631
126,2017,5,8,太嗨了,0,11区総合研究所,283431869
127,2017,5,6,蟹蟹～,1,站进黎明的灯火,135589512
128,2017,5,5,突然听这个调调感觉好怪啊[呆],1,卡纳蓝,17967046
129,2017,5,5,哈哈(ಡωಡ)hiahiahia       原谅不分地界,0,养苟的少年可以操控时间,280300726
130,2017,5,4,唱之前说的那个～蟹蟹～好萌啊啊啊啊～,0,扎西德勒虫子,280430268
131,2017,5,4,这个梗为什么会出现在这里啊😂[呆][呆],0,站进黎明的灯火,135589512
132,2017,5,4,这个版本真是特别[爱心],2,TestPro,34211381
133,2017,5,4,期待着,0,TestPro,34211381
134,2017,5,1,喜欢听,0,相濡以沫灬cc,470298799
135,2017,4,30,那我给我老婆说一声,0,为诺贝尔奖出发先算漂亮,59836222
136,2017,4,23,bxj到此一游,2,拳打此生不换网易云,57008862
137,2017,4,21,还有来自大陆的啊达[呲牙],0,阿Dar,94482447
138,2017,4,19,接下来这首歌希望大家也一起唱~然而大家张了张嘴 发现竟然不会23333,4,一鱼鸿毛,375981275
139,2017,4,18,当然是选择原谅他啊,4,养苟的少年可以操控时间,280300726
140,2017,4,18,好听炸了,0,听歌的鼻炎患者,97066044
141,2017,4,18,应该是大调变小调，对位转换。厉害👍,0,把我吹走吧,273656559
142,2017,4,15,我都要哭了 一夜之间好多都不能听了 我的会员也白买了,0,oeyoew,52347697
143,2017,4,14,当然是选择原谅她啊！！！,1,杜子儒,104939884
144,2017,4,13,当然是选择原谅她啊,3,素丸子Kwok,17385100
145,2017,4,8,超喜欢变奏版！,2,苏三伞,111844957
146,2017,3,24,我超喜欢！,0,沖繩流浪貓,37786481
147,2017,3,10,怎么这么好听？？,1,鄒爸比,85768778
148,2017,3,9,siesie🌚,1,不二嗷,51592252
149,2017,3,5,不一样的绿光,1,帐号已注销,124859943
150,2017,2,24,海外党只有这个版本能听，感动！！,4,MNM_N,81920899
151,2017,2,19,啊！！竟然觉得比原版好听啊！！！,0,Hiu_Lee,107976176
152,2017,2,16,绿光只听这个版本      变奏加点中性声音   绝配,1,回忆的只是过去,365722905
153,2017,2,9,超好听这版,1,潜光匿曜,2748366
154,2017,2,2,[爱心],0,酱油味酸梅汤,85900850
155,2017,1,30,这个版本简直好听到爆掉！,2,空空大仙儿,403352414
156,2017,1,25,他强任他强,2,徐可深藏功与名,54364501
157,2017,1,8,跟上我的步伐，步行街走起来[可爱][可爱],2,渐行渐远不思量,258060143
158,2016,12,26,绿光变奏版，别有一番趣味,2,Albert_Long,120733101
159,2016,12,26,er ,4,欲疯-,344605698
160,2016,12,26,green line,2,欲疯-,344605698
161,2016,12,4,蟹蟹,0,_kepler_,100745293
162,2016,11,28,如此异域的绿光,0,小in酱,79814537
163,2016,11,28,这个版本真洗脑....堪比当年看郭德纲演出时候 他和高峰于谦唱轻轻的 我将离开你~请讲眼角的泪拭去 搞得我个把月想不起大约在冬季原调是什么....,1,YohoRock,64888438
164,2016,11,28,吉他手 丹尼尔吧,0,YohoRock,64888438
165,2016,11,22,不是啊,0,雷雷雷雷雷雷雷雷雷雷雷雷雷雷I,311982308
166,2016,11,22,如果我是第一次听绿光听到了这个版本。。。我可能就[大笑],3,EasonNeuer,75970008
167,2016,11,18,不sei！不客奇,0,蒋大智,103533263
168,2016,11,14,再来,0,酱油味酸梅汤,85900850
169,2016,11,9,这不就是原版？[大哭][大哭],1,Hey丶格,79343927
170,2016,10,10,只是这个版本音质略糟,0,dis-play,132802796
171,2016,10,3,感觉经常在杰伦和燕姿评论里看见你[呆],1,我只会乱乱唱,272309134
172,2016,10,3,蟹蟹  [亲亲],1,我只会乱乱唱,272309134
173,2016,8,27,不喜欢,2,Cedric_Xu,35161511
174,2016,8,20,好随性啊！~~听着莫名其妙的开心，哈哈吼吼~@@~,0,小土鳖喽,111474493
175,2016,8,16,echo音乐节上还以为跑掉跑飞了.........,1,黑米糍,193589
176,2016,8,14,[亲亲],0,雨陨,31875806
177,2016,8,14,今天就是这个伴奏😄,0,雨陨,31875806
178,2016,8,14,今晚演唱会的版本！,0,Yyhaaa,1316673
179,2016,8,10,有毒有毒有毒！[大笑],0,StanleyWu0522,254944011
180,2016,8,2,好好听，谢谢燕子,0,forbe,125980582
181,2016,7,29,三位数,0,孤单---个人的狂欢,263901035
182,2016,7,29,94,0,孤单---个人的狂欢,263901035
183,2016,7,29,93,0,孤单---个人的狂欢,263901035
184,2016,7,25,燕姿,0,Gla夜猫子,19483480
185,2016,7,25,蟹蟹[撇嘴][撇嘴],1,stef四季天,81153920
186,2016,7,10,第一次听这个版本，觉得好好听！还是燕姿唱的我都觉得好听？[大哭],2,凤梨罐头faye,265758432
187,2016,7,10,第一次听是和泥听的。,0,帐号已注销,18770320
188,2016,6,29,[亲亲][亲亲][亲亲],0,可阳快飞,115746724
189,2016,6,28,[亲亲][亲亲][亲亲],0,可阳快飞,115746724
190,2016,6,27,最喜欢的live歌之一，来来回回怎么都听不腻,2,僵硬的米饭,68331631
191,2016,6,26,对  是你！,0,酱油味酸梅汤,85900850
192,2016,6,26,那个人是我[憨笑],1,孙燕姿的手,100429699
193,2016,6,25,66666666666666,0,小哥太子晖,265197250
194,2016,6,20,我问在哪里听,0,酱油味酸梅汤,85900850
195,2016,6,20,有个人说 改编的逆光也好听,0,酱油味酸梅汤,85900850
196,2016,6,20,我们说这个改编的绿光好听,0,酱油味酸梅汤,85900850
197,2016,6,20,3分钟之后回归原版的副歌部分,0,岛屿Soliloquy,3393154
198,2016,6,20,这哪里是逆光，[惊恐],0,岛屿Soliloquy,3393154
199,2016,6,20,现场版的改编了把。,0,岛屿Soliloquy,3393154
200,2016,6,19,[亲亲][色],0,study中whoops,48435532
201,2016,6,17,[大哭][大哭][大哭],0,向往北方的日子和乐子,75903833
202,2016,6,15,听到“大家可以一起合唱”心里一阵喜悦，之后伴奏一起，一定是人人一脸萌比……[大哭],7,無用詩,74286856
203,2016,6,14,"哈哈哈预备起
",0,yow5293,98314103
204,2016,6,8,你是来搞笑的嘛？,3,梵谷不跳舞,132774418
205,2016,5,29,想,0,帐号已注销,18770320
206,2016,5,20,谢谢  好萌~~,0,苏三伞,111844957
207,2016,5,14,步行街。。。。。,49,仲治,255296321
208,2016,5,8,还没有被收哦，你可以去微博找长江音乐节姿迷们拍的现场视频听,1,孙燕姿的手,100429699
209,2016,5,8,"最后wǎn 们几个再给大家伙něng一段二人转小帽，王二姐思夫，我要感谢后台伴奏的几位师傅，这是lá弦的老胡，吹喇叭的大崔,戴绿帽子那位是负责锣鼓chuǎ的老罗",3,海根er,124484951
210,2016,5,8,改编的逆光在哪里听,1,酱油味酸梅汤,85900850
211,2016,5,6,垦丁音乐节改了绿光，长江音乐节改了逆光[亲]都好喜欢,4,孙燕姿的手,100429699
212,2016,4,30,好听，感觉更能突出燕姿的唱功,0,stefanie龙,8728294
213,2016,4,28,这样唱好难！,0,丹丹不能重复,107583074
214,2016,4,22,人之将死才知道珍惜自己，喝一百杯水也没用。,0,GILIYE,31152818
215,2016,4,21,好好听，改编的很棒啊,1,雨陨,31875806
216,2016,4,17,蟹蟹 🙄🙄,1,进度导向,87157407
217,2016,4,14,siesie,0,daysgreen,66814479
218,2016,4,8,求歌词...,0,姑娘你怎么不穿胖次,73798776
219,2016,3,29,"变调了？
",0,arsenaron,15841134
220,2016,3,12,哇哦，这个版本惊艳到我了[亲亲],0,_kepler_,100745293
221,2016,3,11,[呲牙],0,向往北方的日子和乐子,75903833
222,2016,3,11,怎么找到的？,0,海外小仙人,65586509
223,2016,3,11,哈哈！！,0,向往北方的日子和乐子,75903833
224,2016,3,6,绿光  变奏版,0,向往北方的日子和乐子,75903833
225,2016,2,28,已经深深的爱上了这个版本,2,遇见stefanie,34739370
226,2016,2,26,评论被清了？怎么这么少 好像有段时间不能听？,0,闪泥啦啦啦,88079495
227,2016,2,20,是故意重新编的曲,1,遮羞布罢了,33532401
228,2016,2,14,这是跑调了么,0,蜜汁叉烧卤肉饭,126188
229,2016,2,4,好听是一种好听，可我还是更喜欢原版,0,期待无限大,113515051
230,2016,2,4,这并不是降一个调  是三度改小调,0,Linhaikepler,113849148
231,2016,1,28,这个版本大爱,0,橘咲_,52079797
232,2016,1,26,小调的绿光真好听！,0,Ryan1022,108218662
233,2016,1,22,降一个调降得如此完美,0,Coy的辛劳谁人知,19562965
234,2016,1,20,变奏版好听~,1,孙燕姿的锁骨,17714009
235,2016,1,14,好听呀,0,生而有命_,39691799
236,2016,1,12,绿光变奏版，好听到爆,2,海外小仙人,65586509
237,2016,1,11,这个版本好喜欢啊，听了N遍了[色],1,爱听音乐的公鸡,31071991
238,2016,1,8,每次都是感谢好多人，演唱会也是，每个名字都会说到。就连金曲奖最佳女歌手的时候，获奖感言都是一堆名字。,3,ssisiss,56578313
239,2015,12,22,[奸笑]赋予新的活力呀,0,CGNH,65593562
240,2015,12,11,jr,0,些许执着,67505667
241,2015,12,10,棒棒的,1,莫须有先森,62796294
242,2015,12,9,❤️,0,太阳底下0723,16072610
243,2015,12,8,[可爱],0,KhunTse,34452928
244,2015,12,7,哈哈哈哈哈哈 终于有这个版本了！！做了好久的起床闹铃啊[爱心]【在我唱最后一首歌之前，我想要谢谢我的band members 这是我的bandleader DE ken 后面是我的keyboard LIS LU ？然后在我后面我的drummer WEN 还有我的吉他手 呆里尔？还有 台湾来的！！！阿达还有麦乐迪？ 噢噢噢噢观众瞎叫】  siesie！,187,所有人问摩西,30074422
245,2015,12,3,我刚想回复的 我就看见你的了！,2,NiubilityDiu,25572665
246,2015,12,3,每次心情低估的时候就来听一首《绿光》！,0,NiubilityDiu,25572665
247,2015,11,28,何时能把这个编曲出个录音室版的啊,0,antigravity,43110608
248,2015,11,22,jrs 留,0,-桃子橙,18906434
249,2015,11,21,喜欢这版绿光,0,一边走一边唱一边张望,42030145
250,2015,11,9,记得有一首志明和春娇呢,0,温柔o丶,91851067
251,2015,11,4,有没有觉得燕姿说蟹蟹有点萌 啊，网易很努力啊，以前没有这张唱片的，赞,3,KhunTse,34452928
252,2015,11,1,这个版的绿光好棒[色],0,Cagurls,57342479
253,2015,10,30,绿光变奏版,2,海外小仙人,65586509
254,2015,10,26,插楼假装是沙发,0,绿沉绘深,53398360
255,2015,10,21,这个版本真好听[色],0,最佳医森,52510098
256,2015,10,20,真的比原版好很多！赶脚焕然一新！,1,湖畔镇,17838733
257,2015,10,20,听了忘原版系列,116,肖冲动,133108
258,2015,10,17,爱爱爱,0,甜一分苦九分ya,50669579
259,2015,10,10,真声更好听,1,thy1018,96769208
260,2015,10,10,绿光变奏版，只有在演唱会上才能听到，简直惊艳,113,PPoooo,31509584
261,2015,10,2,这个版本绿光简直好听,44,跳舞的反骨,33249451
262,2015,9,18,刚发现网易云竟然有垦丁音乐节了。当年听完这一版直接不记得原版什么样[憨笑],62,Rayitsray,19224605
263,2015,9,3,好像都是kepler的团队呢,9,Yyhaaa,1316673
264,2015,9,2,[爱心],0,用户41965267,41965267
265,2015,8,28,希望有一天我也可以去给燕姿伴奏，让她介绍我！[开心],38,王小野子,45050196
266,2015,8,28,出售沙发！,1,王小野子,45050196
