index,year,month,day,content,likecount,nickname,user_id
1,2019,11,21,上了两个两个多月的大学，上了两个多月的课，我到底在干嘛，这张脸自己都讨厌😂😂😂,0,果果果芒-,557513160
2,2019,11,20,上高中时好爱唱这歌 转眼快十年了,0,平地摔z,108981002
3,2019,11,12,"现实就是有时候你不得不和别人假来假去，
可我希望在可能的范围内，
你可以永远要做自己，
永远不要带上虚伪的面具，
尽量让自己保持初心。
因为拒绝刻意讨好，
我损失了很多东西，
可我很想大声说，
我真的不后悔，
我甚至有时候也为我的决定而骄傲。
我真的只想做自己！",0,Dinger-Yao,1293540389
4,2019,11,11,网易就是这么神奇不是么,0,对方添加你为好友被你拒绝,365942920
5,2019,11,6,大学也是混了四年而已[多多捂脸],0,嘘_听我说_,65369415
6,2019,11,5,很优秀啊,0,恒星光年,73676479
7,2019,11,4,我也感觉这首歌在写抑郁症,0,苑子潯的小号,1548957065
8,2019,11,4,对 🤔,0,苑子潯的小号,1548957065
9,2019,11,4,具体多少忘记了，好像是比本科线多20分，刚好能上一本。,0,嘘_听我说_,65369415
10,2019,11,4,兄弟，我来给你回复了，具体多少忘记了，好像是比本科线多20分，刚好能上一本。,0,嘘_听我说_,65369415
11,2019,11,4,笑死...,0,ShaneZhou1979,72447200
12,2019,11,2,高一的我,0,坂口a,289868228
13,2019,11,1,燕姿你慢点，我跟不上,0,Selina硕,1821627430
14,2019,10,27,歌词错了-_-||[晕],0,苑子潯的小号,1548957065
15,2019,10,24,第一次失恋时满脑子都是这首歌,0,塵飞塵落,392863777
16,2019,10,20,喜欢燕姿的第十七个年头,1,小渣渣你看呀看什么,508001004
17,2019,10,19,真的唉！跟梵谷很合适！,0,苑子潯的小号,1548957065
18,2019,10,2,真好听！！啊~~~,0,也不是猪只打呼,355734135
19,2019,10,2,太好听了吧,0,____Z,41087524
20,2019,9,15,我现在真的360度无死角的难。[流泪][流泪],1,丶彩虹金刚,332626006
21,2019,9,7,我的日常~~~~,2,cllllllll-----,434105006
22,2019,9,7,哈哈哈,0,Elevenxyz,137286909
23,2019,9,5,这首歌听着都难，随时都要跑调,1,春水煎茶zzz,298330273
24,2019,8,26,加油啊，还有九个工作日就离职了啊！,1,阿笋凑不够四个字,1656670193
25,2019,8,20,我又泪流满面 你不在我身边,1,账号还是注销吧,17481219
26,2019,8,18,俺每天都在听孙燕姿俺好快乐。[色],0,也不是猪只打呼,355734135
27,2019,8,15,反正我姿的歌我就唱不了几首......,4,霉头霉脑云散月现自在飞花slay,42294326
28,2019,8,15,唱法变了[开心],1,霉头霉脑云散月现自在飞花slay,42294326
29,2019,8,3,"看着这张陌生的脸
自己都讨厌
这里真的太快了，跟不上",1,识刀客,623315109
30,2019,8,3,《另一张脸》是比较颓废的一首歌，因为要注意气息，所以比较难唱。整首歌听起来很有JAZZ的感觉，尾音的处理很漂亮。,3,识刀客,623315109
31,2019,8,3,[多多无语],0,唐某不沾刘女,347702944
32,2019,8,2,"另一张脸

Blues的shuffle节奏，大量三连音和休止符，重音经常性换到反拍来唱，准确地唱下来比 我要的幸福 还难。",5,识刀客,623315109
33,2019,8,1,感谢林怡芬给燕姿写的新歌 守护永恒的爱,1,借我半盏灯,107982595
34,2019,7,31,这首歌灰的非常精彩，就是知道自己状态不好，但是依然想活着！孙燕姿的声音真的是哦。。,2,听歌餐叙旅行,540737903
35,2019,7,30,20年歌迷，期待明年的演唱会。,2,谁把高大胖这个名字用了,112993473
36,2019,7,29,《另一张脸》里孙燕姿的气息运用，真假音的转换真的很自然。听到前奏时，不会感觉这是一首很灰的歌，虽然词会很灰很悲观，但它的编曲却不是这样，也许就是这种反差很好听，很难得，而且很感动。,7,识刀客,623315109
37,2019,7,29,喜欢,0,如我君子,1289647936
38,2019,7,28,同意，就连失恋歌曲都能有苦中作乐的决绝,1,Wendy宵,283574943
39,2019,7,24,很好听呀,1,孙燕姿丶,1813871469
40,2019,7,23,生日快乐  燕姿❤,0,Stef-y,368904262
41,2019,7,22,真的不好唱,2,识刀客,623315109
42,2019,7,22,曲子欢快，歌词悲观,0,识刀客,623315109
43,2019,7,17,这个歌词……真的错了好多,0,梦想当个蒙特利打工仔,335815757
44,2019,7,13,卡,0,Chertime,83946830
45,2019,7,11,来听歌，找安慰[流泪],1,Durrat,61051105
46,2019,7,9,我也是这样[大哭],0,标量-时间,1467060801
47,2019,7,6,突然发现这首歌好像在写抑郁症,3,断粮研究总协会,86933255
48,2019,7,5,到底几分好想知道,0,Travisun,442829082
49,2019,7,1,这歌好难唱啊[大哭],0,柳氮黄吡啶,270536187
50,2019,6,30,突然想破罐子破摔，自暴自弃[流泪],0,KURUMI-MARU,361581141
51,2019,6,29,对对对，一般人调都找不准[大哭],1,疯人院病友久久鸦,1411371299
52,2019,6,28,这首歌全靠孙燕姿的乐感和咬字撑着，换一般人唱，满嘴跑调。😂我自己试过，简直灾难。,4,别再奋力逞强,122065677
53,2019,6,27,这首歌旋律有一些怪，但听起来莫名带感[大哭],0,疯人院病友久久鸦,1411371299
54,2019,6,26,1001[爱心],0,阳光落成一面湖,52167480
55,2019,6,26,1000！,1,JeanZer0,115069125
56,2019,6,26,999！,1,JeanZer0,115069125
57,2019,6,26,出现,0,JeanZer0,115069125
58,2019,6,26,又出现,0,JeanZer0,115069125
59,2019,6,26,又胡思乱想,0,JeanZer0,115069125
60,2019,6,26,无奈,0,JeanZer0,115069125
61,2019,6,26,在我一直脆弱,0,JeanZer0,115069125
62,2019,6,26,这张脸,0,JeanZer0,115069125
63,2019,6,26,这么好听的歌我竟然现在在发现,0,JeanZer0,115069125
64,2019,6,26,我必须刷到999,0,JeanZer0,115069125
65,2019,6,26,无缘无故心情灰,0,JeanZer0,115069125
66,2019,6,25,反过来听听真棒,0,王山石三十,622969109
67,2019,6,25,打卡，爱姿每一天,0,咕叽咕叽WOTM,364196459
68,2019,6,25,很现实的情绪,0,ImOkay823,50669672
69,2019,6,25,差十五就999了。,0,s1ck1000,1471605268
70,2019,6,25,当你听懂这首歌的时候，真的是句句戳心啊！,0,另一张脸2019,1551171818
71,2019,6,20,高考的时候，有段时间脑子里一直循环这首歌[大哭],1,難得一堅,645761304
72,2019,6,18,这首歌曲超级好听，和慢慢来，简直就是封神歌曲，一般人没法翻唱！,3,另一张脸2019,1551171818
73,2019,6,16,最近的我的状态,0,尘曲23333,563694029
74,2019,6,16,天生我材必有用💪,0,果果果芒-,557513160
75,2019,6,16,怎么这么像我,0,果果果芒-,557513160
76,2019,6,15,考完六级有点点自闭,0,休止符nine,444013834
77,2019,6,15,终于活成了自己最讨厌的模样，终于变成了自己最厌恶的嘴脸……,0,你们爱的大飞,259678257
78,2019,6,10,自闭,0,花花花栗鼠儿,270130057
79,2019,6,10,无敌！,0,小笼包加辣,282171802
80,2019,6,9,这个曲子真的好容易跑掉[多多笑哭],0,和平一只猹,302641780
81,2019,6,9,燕姿每首歌真的都是个惊喜,0,卢娜lalala,1559123894
82,2019,6,6,2019.6.6.22:50 心情黑色,0,KILLERNONG7,121803328
83,2019,6,6,明天高考。。,0,rfmjs,1357855390
84,2019,6,4,"作曲：李偲菘
作词：林怡芬
编曲：Adam Lee

已经添加修改，请小伙伴们重新刷新歌词",1,作词_作曲_编曲_MV导演天下第一,546057330
85,2019,5,31,感觉身边的人都比自己优秀，世界少了我，真的无所谓,1,Mr丶人,1368780949
86,2019,5,31,歌词好几处错误呀 小可爱要不要改一改,0,是小27吖,106458515
87,2019,5,30,打卡,0,neline,1501535071
88,2019,5,30,助攻999,0,neline,1501535071
89,2019,5,30,好听,0,neline,1501535071
90,2019,5,29,啊,0,很摇滚滴事,98010521
91,2019,5,27,没人发现歌词是错的吗[惶恐][惶恐][惶恐][惊恐],0,乔纳森Eric,331180919
92,2019,5,27,很另类的一首歌，好好听。,0,乔纳森Eric,331180919
93,2019,5,27,好听好听,0,自愈1826,444017122
94,2019,5,23,看着这张陌生的脸，自己都讨厌,0,Stefanie71,410964408
95,2019,5,21,今天终于听懂了,1,枣糕少女宋觉觉,116531378
96,2019,5,20,我这几年的心情写照[流泪],0,KURUMI-MARU,361581141
97,2019,5,19,重听这首十几年前听的歌，无限感慨[流泪][流泪][流泪],0,KURUMI-MARU,361581141
98,2019,5,19,可我好想改变这样的状态,1,云云云云流,1334766690
99,2019,5,13,"这种歌就是属于那种“强颜欢笑中透露着孤独”、
不仔细品味听不懂的类型。
☀",0,恒星光年,73676479
100,2019,5,13,每次听总莫名流泪(๑ó﹏ò๑)，说不清为啥,0,你取个昵称我听听,494152456
101,2019,5,13,初一的时候，有的第一张孙燕姿的磁带，就是完美的一天，那时候最喜欢这首歌啦,0,小染呐,276776015
102,2019,5,13,作文里竟写过一句类似的歌词,0,云云云云流,1334766690
103,2019,5,11,嘻嘻真得喜欢,0,被你迷得晕乎乎,430281056
104,2019,5,10,冲999,1,喃诱,69548267
105,2019,5,9,这首歌完全是写给我的,0,小WingHong,428503970
106,2019,5,7,声音不一样[开心],1,跳舞的克卜勒,122786310
107,2019,5,7,觉得这首歌的情绪表达很绝啊,1,彼得潘与狼,261245021
108,2019,5,7,这首歌评论居然没过千？,0,咸宁路光年,77082790
109,2019,5,4,听歌打卡,0,小懒男121,607826579
110,2019,5,3,真的越听越喜欢的一首歌,0,天天年年平日快乐,1331454641
111,2019,4,29,居然没火,0,天天年年平日快乐,1331454641
112,2019,4,29,所以到底考了多少分？,0,JadeSo,52547081
113,2019,4,29,这首歌是真的难唱啊，好听爆炸[跳舞],1,茉茉陌,528807343
114,2019,4,28,可以的,0,Carmanyj,300498261
115,2019,4,26,还有四十天，我要甩开他们，我真的可以上个好大学,5,今天美好且平凡,551345119
116,2019,4,25,又回来反复听[多多比耶],0,leonwen,30910238
117,2019,4,21,这首歌值得999➕,1,孙燕姿田馥甄王菲新垣結衣的老公,302980651
118,2019,4,18,这首真的好听,0,DT燕姿,470003673
119,2019,4,18,孙燕姿！,1,DT燕姿,470003673
120,2019,4,17,我也不专业[呲牙]就是觉得这种曲子很特别,1,那些放不下的都丢进歌里日夜往复,298907637
121,2019,4,17,这旋律不能说没啥吸引人的旋律吧..普通人唱跑调就是因为这个旋律不简单,6,那些放不下的都丢进歌里日夜往复,298907637
122,2019,4,16,不敢让别人发现自己如此丧的一面…,0,阿浠阿可,406211703
123,2019,4,15,为什么,0,听听听那是,395690220
124,2019,4,14,我姿好棒好棒的,0,遐迩与茧缚,359748206
125,2019,4,13,太久没有听了,0,饼饼天,1809659959
126,2019,4,11,真是喜欢这种轻松感,0,在风来之前,533033156
127,2019,4,10,"这首歌我听五年了。
再过五年听 又是不一样的感觉吧。",1,小浮気花梨,270048664
128,2019,4,10,加评论,0,未完成是个期待,299224549
129,2019,4,9,听了很放松  喜欢！！,0,Stef-y,368904262
130,2019,4,8,调子什么的这辈子都不可能唱对的，还是认真听就好,2,May_fisher,1672347857
131,2019,4,5,为燕姿增加评论,0,云云云云流,1334766690
132,2019,4,5,就是这种状态，，,0,云云云云流,1334766690
133,2019,4,3,我高考的时候也是哼的孙燕姿，不过不是这首歌[多多捂脸],2,在风来之前,533033156
134,2019,4,3,爱你,0,stefanie荡漾,490612412
135,2019,4,2,打卡,0,Goon66,122002802
136,2019,4,2,吹爆！！,0,乌拉拉的乌,123067486
137,2019,3,29,好符合今天心情,0,Omnivorous-beast,454773077
138,2019,3,27,最喜欢的歌，～,0,we丶young,277398802
139,2019,3,25,这歌没法唱[大哭],2,我是克里斯18525,1389196395
140,2019,3,25,所以考了多少分？,0,恒星光年,73676479
141,2019,3,23,感觉《另一张脸》是《我很愉快》的前篇。开始是歇斯底里的丧，最后是万念俱灰一切都随风的丧。,3,倔强boy,96354054
142,2019,3,20,爱了爱了！令人放松的歌！,0,ysyya,1481982894
143,2019,3,18,这个歌也是女神的不错,0,黄老板耶,1686859082
144,2019,3,16,只有姿妈能唱这首歌,0,我是魏胖子,529178480
145,2019,3,16,我就像个傻子一样 笑着过一天,0,我是魏胖子,529178480
146,2019,3,13,已经在全力准备中呢,1,C大宝,248388225
147,2019,3,13,近日单曲循环播放中……我姿这声线就是好[憨笑],0,leonwen,30910238
148,2019,3,9,燕姿啊燕姿，求求你开2020演唱会吧[多多捂脸],1,-Stefanie--,435506899
149,2019,3,9,用一种特别放松的状态 完成了这首曲子,1,机智的贪吃蛇,137152503
150,2019,3,5,当年燕姿还是有在突破的，这张flop的可惜了,1,咕叽咕叽WOTM,364196459
151,2019,3,5,我的网易云是孙燕姿的个人演唱会。[亲亲]喜欢！,1,yo妖气,1293105908
152,2019,3,4,字字诛心[流泪][流泪][流泪],2,丶彩虹金刚,332626006
153,2019,3,4,每天都有另一张脸,1,海带饼干,303803628
154,2019,3,1,打卡,0,有时候孤独也是一种美丽啊,285379188
155,2019,2,28, 丫丫,0,FrankAbagnale先生,359297580
156,2019,2,26,超爱的一首，特别适合比赛，然后杯淘汰，哈哈，燕姿的歌一般人唱不了,0,错生不错过,422192437
157,2019,2,26,补上所有歌曲,0,蝉鸣的小贝壳,63026807
158,2019,2,25,(⚭-⚭ )想把这张脸打飞！！！每天都要出现！！,0,Broccolia,454067870
159,2019,2,21,我好疯,0,隔壁MATA,1513934974
160,2019,2,16,感觉这个歌就是为我这种人写的……以前听起来怪怪的，如今这么感同身受……,0,橙草170622,513364546
161,2019,2,14,好听,3,是_时候,555105313
162,2019,2,13,么么哒,0,Stef黑大帅,370779083
163,2019,2,13,超好听 燕姿超美的[多多比耶],0,倒过来的天是云,317479226
164,2019,2,12,摇头晃脑的我听完了,1,燕然姿得,438376589
165,2019,2,11,刚出完美的一天觉得每首都好听，另一张脸给我感觉很特别的感觉。,1,s1ck1000,1471605268
166,2019,2,10,[西西晕了]吞掉我的极限,0,快乐的多啦C梦,137351283
167,2019,2,9,999+助攻,0,kkkkkkkkkkkkkepler,131060274
168,2019,2,2,我期中考试一边考试一边哼燕姿，结果生物糊了[流泪],3,浮躁的异想世界,572631665
169,2019,1,31,内心的独白被宣泄出来，很畅快。,0,驿站小憩,2897791
170,2019,1,27,好听也不敢分享系列,0,阿浠阿可,406211703
171,2019,1,26,开心,0,LBXE,326985486
172,2019,1,26,特别特别的歌,0,小米糕啊,1436371488
173,2019,1,26,真好呀,0,伶伶伶呀,532777766
174,2019,1,25,第888评,2,浮躁的异想世界,572631665
175,2019,1,24,好听,0,GodShen2,249141698
176,2019,1,22,这张专辑我觉得每一首都蛮好听的鸭,0,污里平平123,593333456
177,2019,1,19,为什么燕姿的每首歌都非常好听,0,cheerlzb,98931286
178,2019,1,19,助攻！！！！！,0,我就看看不评论了吧,532834636
179,2019,1,14,怎么才这么点人！！！！,0,L悦星,480183134
180,2019,1,12,所以考得怎么样呀？反正我考得不好,0,人血馒头薛之谦嘻不知道别来问我,1529460927
181,2019,1,11,麻蛋，这首能不跑调不落拍唱完的，我给你跪着唱征服[流泪][流泪][流泪],1,blue缘,15148219
182,2019,1,10,我也曾多次有这样的感觉,0,顽皮小逗,51983659
183,2019,1,9,这张专辑里最爱的一首！,0,我要取一个简短的名字好让大家记,52355461
184,2019,1,9,我要是参加好声音，就选这首歌,2,半年级,434403407
185,2019,1,8,所以到底考得怎么样(-o-)／,2,殺死你的不快乐8,612293202
186,2019,1,5,这么多年过去了，怎么还有人回我的评论[多多捂脸][多多捂脸][多多捂脸][多多捂脸],7,嘘_听我说_,65369415
187,2018,12,29,谢谢，我已经找到啦[可爱],0,CHENYUDAN--,279712105
188,2018,12,27,克卜勒唱过，优酷上应该有视频，演唱会上唱的更酷,0,忽然相当超人类,74264960
189,2018,12,24,努力吧。相信：你若盛开，清风自来。心若浮沉，浅笑安然。,0,年轻我辈自在,55499073
190,2018,12,24,我其实想知道你高考考得怎么样[晕]我每次考试只要脑子里单曲循环燕姿的歌就停不下来然后over了,10,回首仍盼机会问候,472592776
191,2018,12,24,而且觉得这首好喜欢啊，感觉有点想漩涡，但比漩涡还要酷,0,回首仍盼机会问候,472592776
192,2018,12,24,这首的歌词错好多啊，谁帮着改一下啊[流泪],0,回首仍盼机会问候,472592776
193,2018,12,22,[可爱][吐舌][吐舌][吐舌],1,唱得响亮-,63487478
194,2018,12,22,听了燕姿的歌这么长时间，我都描述不出这种感觉，看到你的评论我突然恍然大悟,8,大吉大利宝宝,545189629
195,2018,12,18,伟大的李思菘,0,大根骚,274968187
196,2018,12,17,歌词这么丧   偏偏曲这么欢快[哀伤]最近真的是丧到爆炸,1,孙燕姿同学,127671994
197,2018,12,12,觉得一切一切 全都虚伪,0,sumnus_ev,107565871
198,2018,12,10,就喜欢不谈情说爱的歌词,1,转身是空,111727561
199,2018,12,10,这的心情起伏没人了解,0,橘味汽水泡,396996734
200,2018,12,9,halo,0,很摇滚滴事,98010521
201,2018,12,6,好的，谢谢[大笑][大笑],0,CHENYUDAN--,279712105
202,2018,12,5,台北，内地场也有啊,0,孤单的努力,603069092
203,2018,12,5,哇，这首克卜勒有唱过！请问还记得哪一场吗？,0,CHENYUDAN--,279712105
204,2018,12,4,有的，克卜勒巡演有唱过,0,孤单的努力,603069092
205,2018,12,3,燕姿最丧的歌[多多大哭],0,几个家明,38401441
206,2018,12,1,[色],0,张超爱燕姿,98842800
207,2018,11,30,amazimg……居然只有这么点评论,0,Dalekmao,318009714
208,2018,11,30,另一张啥？,0,ChaselTsai,401700251
209,2018,11,28,这首歌有唱歌现场吗？,1,CHENYUDAN--,279712105
210,2018,11,26,现在又冷又黑的卑观里/就像出现另一张脸/看着这种陌生的脸/自己都讨厌/的心情起复不定/没有人了解/这种糊涂想大声哭/觉得活得累/这的一切一切 /全都虚伪/我是像个傻子一样/笑着过一天/ ​,0,付伟171116,1287572276
211,2018,11,25,我来给我姿增加评论了，这首歌这么好听没到999？,0,大大大大no,579075781
212,2018,11,24,有时候照镜子 脑子里就涌现这歌 。。。。 魔怔,2,孙燕姿的小迷妹啊,327977684
213,2018,11,23,表白燕姿,0,林哥哥呦zz,325550259
214,2018,11,23,一定要学会这首歌,0,不爱吃饭的碗,389454390
215,2018,11,21,太 好 听 了！,0,麦麦以南,123563914
216,2018,11,21,[多多难过]然而我就不能唱这种歌,0,西瓜皮会长,295563286
217,2018,11,18, 那可以试试,0,macrod,373512064
218,2018,11,18, 我有点觉得能学会这首歌的脑子还是不错的,1,macrod,373512064
219,2018,11,17,感觉很好听很好听[色][色][色][色]很好听(ง •̀_•́)ง,0,燕然姿得,438376589
220,2018,11,11,800个评论。。。行，知道就不要给别人安利了,1,小森林的伍斯特酱汁和酸米酒,277944645
221,2018,11,10,这首神作,0,念舊的峰,49351360
222,2018,11,7,以前听到陌生脸，讨厌，活得累。现在再听到像个傻子笑一天，有微笑，有明天。,1,阿拉阿宗,71637086
223,2018,11,7,飘着我竟然没听过[汗]马上去,0,鱼生0991,405027462
224,2018,10,31,感觉燕姿最该参加金曲捞[呆][呆][汗]把漩涡，飘着，另一张脸捞起来,1,采是采采的采_,298412236
225,2018,10,28,丧歌届代表[大哭],2,左歌Caelyn,40774970
226,2018,10,23,为什么今天才听到这首这么好听的歌！,0,帅气的我患了丑癌,252908025
227,2018,10,23,是滴，燕姿歌是我的成长轨迹~,0,CHENYUDAN--,279712105
228,2018,10,22,心情不好的时候就会听听这首歌  什么心情都能找到燕姿的歌与之对应,2,小-乖-,131130884
229,2018,10,16,这个世界还有35亿个男人！我一个基佬都不急,1,水野亚美惹,29999791
230,2018,10,15,我知道我能感觉我自已的动力还在呢！,0,用户1565762831,1565762831
231,2018,10,15,我以后出去多多透气，多看看外面的世界。这样自私的男人终于让我看破，看透那些红尘颠簸的男人！我以后不想再跟他来往了？让我早日看透红尘颠簸情海中的男人！我多想打开这把锁，让我出去多一点透气。,0,用户1565762831,1565762831
232,2018,10,15,多看看世界吧  还有留恋 还有让你活着的动力  我只是没有勇气离开,0,水野亚美惹,29999791
233,2018,10,15,我有小小的情绪,0,用户1565762831,1565762831
234,2018,10,15,我也是一样的心情起伏不定的。我永远保持一颗勇敢，善良，初心！,1,用户1565762831,1565762831
235,2018,10,15,我是个太悲观的女人！想笑就笑不起来，哭也哭不出来！哭也没有用！因为我太勇敢了。哭不出来。,0,用户1565762831,1565762831
236,2018,10,15,我也觉得无所谓了，我一个人的内心最脆弱！我有时候变得越来越憔悴！无人能懂！我这种心情谁人能体会呢？我的眼泪到底是为了谁而流的！,0,用户1565762831,1565762831
237,2018,10,15,我不敢大声的哭，我也觉得活得累！面对自已总是觉得活的太累！,0,用户1565762831,1565762831
238,2018,10,15,我觉得我自已很孤独，我也是一样的,0,用户1565762831,1565762831
239,2018,10,4,总觉得有什么在围绕着我，飞着飘着,0,Hoopla_,273624146
240,2018,10,3,打卡,0,程朗大叔,352916983
241,2018,9,28, 打卡,0,革力,263698243
242,2018,9,26,很棒的歌,0,leon-1iang,109885857
243,2018,9,25,这歌太牛逼了吧，最后一段副歌还有谁能唱出这种沮丧的感觉,4,彼得潘与狼,261245021
244,2018,9,14,我姿,0,毛毛虫0912,323067104
245,2018,9,13,想要看着你的微笑,1,刘俊宏先生,67187178
246,2018,9,10,爱姿,1,姿意燕为,263726012
247,2018,9,9,留名,0,丢了椰奶,1441728299
248,2018,9,7,啦啦啦,0,going_up_stef,372536854
249,2018,9,7,现在听懂了,1,滟姿stef,365417419
250,2018,9,7,你才20岁，未来是阳光的,1,dbdbdbdbdbdbdbdbdbdbbdbdb,132992989
251,2018,9,7,这么酷的歌，评论这么少,1,Sh柏老师灬,397221326
252,2018,9,5,999助攻,2,彼得潘与狼,261245021
253,2018,9,2,黑暗将我吞噬 即使是20岁的第一天,0,鱼雨子酱,50983533
254,2018,8,29,[爱心],0,小盐开开,127468312
255,2018,8,29,喜欢这首歌的人最少有两个人格，而且还互相打架喝酒聊天什么的,3,天地人禾狗,440996431
256,2018,8,27,丧了两天 单曲循环了两天,3,枝荔许,246612965
257,2018,8,27,真的那么难唱？嘿嘿嘿 那我以后都唱这首歌了！,0,对路边的猫咪扮个鬼脸,395330551
258,2018,8,25,珍藏在心,1,ieddie,270742100
259,2018,8,24,好喜欢这首,1,CHENYUDAN--,279712105
260,2018,8,21,05年吧，出的专辑完美的一天应该是……没想到竟然没有999,1,鱼生0991,405027462
261,2018,8,20,果然燕姿就没有不好听的歌,2,空降包,42451369
262,2018,8,17,我要你999,0,抠脚刀男骚,345308381
263,2018,8,15,😊ཽ,0,_吴子诚,275017518
264,2018,8,11,起来就听这歌[大笑][大笑],0,W豆儿夹,64175656
265,2018,8,7,一口气全唱对,2,其实很简单k,51332087
266,2018,8,7,不了解你,0,孑孓27,1330635077
267,2018,8,5,[憨笑],0,_吴子诚,275017518
268,2018,8,5,又开始循环这首歌了……时不时陷入黑暗孤独的谷底,2,战云天天,74828363
269,2018,8,4,歌词不对,0,极美欢庆,351351231
270,2018,8,3,这个调子一点记不清，歌名太熟悉,0,_诗芊,81037679
271,2018,7,27,好听好听[爱心],1,润小泽Ronny,1326160889
272,2018,7,23,生日快乐🎈,1,dorianamot,362553349
273,2018,7,23,生日快乐,0,林守乐,55243746
274,2018,7,20,我音准真的蛮准的。。。但这首歌让我怀疑我有失歌症[呆][呆][呆],4,blue缘,15148219
275,2018,7,17,大三的夜晚突然回到高中,3,inneedyou_,266941016
276,2018,7,17,还有一分钟下自习,3,inneedyou_,266941016
277,2018,7,15,时隔13年后再听,0,李小fen青,302547577
278,2018,7,13,救命 竟然第一次完整听完这首歌 好喜欢！！！天！,1,ieddie,270742100
279,2018,7,13,确认了一下，最难唱的一首歌，没有之二。[哀伤],1,13615310531,7246821
280,2018,7,12,这种歌怎么唱  开不了口,2,YIOU_MUSIC,583829231
281,2018,7,12,可以当着上司再来一首 我是你的谁,0,佧斯特梅的雨季,436775624
282,2018,7,5,你会有人着急你 会有人在乎你 我没有,0,晴雨jiang,442613345
283,2018,6,30,孙燕姿的声音非常灵动，像周迅的演技,4,殷硕-,111017645
284,2018,6,26,第二个年头[憨笑],0,我很慌因为我是一只逸,1309332321
285,2018,6,18,呵 厉害,1,唱得响亮-,63487478
286,2018,6,16,我可能不是一般人,0,佳瑶stef,307806566
287,2018,6,13,自娱自乐是个悲伤的词语，但自怜自艾的贬义词。,1,peahlk,1486989126
288,2018,6,6,高考调整好心态！,1,留话,250265832
289,2018,6,3,这首真的听了几年年愣是没学会,1,林守乐,55243746
290,2018,6,1,听听以前的歌,2,酷圆虎,247542768
291,2018,5,30,最近开始单曲循环这首,1,Oh-Jeff,127701932
292,2018,5,27,我喜欢的歌曲评论很少的时候，我其实是忧喜参半的，当然更多的还是庆幸，谁会愿意把自己的最爱肆意的分享出来,3,星云之道,256246244
293,2018,5,24,孤独想大声哭，觉得活的累,1,musiccccccccccccccccxxccc,126505482
294,2018,5,19,好几年前跑遍了那个小县城 终于找到了有燕姿女神碟的小店子 虽然只有这一张落了厚灰的专辑 但是还是超级满足 买回去放在DVD里天天对着屏幕唱跳 23333,3,我号无了,114978963
295,2018,5,18,(｡ ́︿ ̀｡),0,万子梦子,314676871
296,2018,5,11,这个调调好洗脑.像吃了炫迈.根本停不下来[大哭],1,有6块腹肌的boy,117476108
297,2018,5,7,怎么办  抑郁症听 感觉在说我！,2,水野亚美惹,29999791
298,2018,5,6,要说这歌如果收录在【跳舞的梵谷】里一点都不违和。,51,Yuseon,124533874
299,2018,5,4,好听好听,0,网友小蟹,278221870
300,2018,5,4,❤️,0,网友小蟹,278221870
301,2018,5,4,十五个年头的路过，喜欢的歌手，没有之一。,0,此人被禁言,561745532
302,2018,5,4,这首歌居然没有破999，完全不科学啊！每次听这首歌感触颇深，那些谷底的，快要坚持不下去的岁月。,2,此人被禁言,561745532
303,2018,5,3,hey,0,毛毛虫0912,323067104
304,2018,5,2,才发现的好歌,0,进击的弥勒,295549755
305,2018,5,2,当能听懂歌词的可怕就是你长大的时候,3,水野亚美惹,29999791
306,2018,4,27,好好听,0,Rufi0,87729212
307,2018,4,24,06年吗？,0,极美欢庆,351351231
308,2018,4,24,❤️,0,Oh-Jeff,127701932
309,2018,4,23,你说这首歌对你意义非凡。,2,极美欢庆,351351231
310,2018,4,23,很带感的一首歌,0,青森泡温泉,133964754
311,2018,4,22,冷门,0,给我一个菠萝榴莲蜂蜜柚子,528602565
312,2018,4,20,"这张专辑的最爱，你们呢
",2,Goon66,122002802
313,2018,4,18,辞职宣言吗,1,Mayhope5,3844187
314,2018,4,17,作为有抑郁症的人表示  那张脸就像黑洞一样的存在 在你最脆弱的时候出现  不停的吞噬你  心情变的很悲观  所有人都不理解你 不懂你  没有存在的意义  就像歌词里写的  世界少了我其实也无所谓。。。燕姿你！！！太懂我了。。,1,水野亚美惹,29999791
315,2018,4,17,多么悲惨的歌 现在才听懂,0,水野亚美惹,29999791
316,2018,4,17,喜欢燕姿的第七个年头,1,早睡身体好吖-,128629914
317,2018,4,17,一切一切全都虚伪,1,贞子不忘挖井人_,623469678
318,2018,4,16,声音跟着伴奏，像爬楼梯一样,1,气氛来了就要醉,308485041
319,2018,4,13,唱功厉害,1,王金1711,632842409
320,2018,4,12,特别有味道,0,闲之猫猫,77414220
321,2018,4,11,我姿演唱会保留曲目之一,1,十二号拉开,113156971
322,2018,4,11,另一张脸,0,stef流年,1367583538
323,2018,4,11,打卡,1,stef流年,1367583538
324,2018,4,8,从来没有一个女孩像她一样唱歌。,0,子之选天,1391150898
325,2018,4,8,最爱的一首,0,飞龙在天kang,6826322
326,2018,4,2,细听会哭,1,余粥-,562247933
327,2018,3,28,[强],1,玮姿,1381331614
328,2018,3,28,红发姿,0,玮姿,1381331614
329,2018,3,27,[爱意],0,所爱隔山海ttt,263524615
330,2018,3,27,在走调的边缘试探,4,白金一彰,85513808
331,2018,3,26,[亲亲],1,赟光,454310581
332,2018,3,25,这首歌超级好听超级好听,0,麦麦以南,123563914
333,2018,3,24,确实很前卫，  05年的时候还是中学生这首歌听不下去，现在听来觉得很有意思,3,Cheri祖远,281090136
334,2018,3,24,一般人一唱一个跑调吧[大哭],0,Cheri祖远,281090136
335,2018,3,23,好喜欢这首歌,0,沙画是沙,335755148
336,2018,3,23,⑦③③柒叁叁,0,害淡,45874458
337,2018,3,21,19:03,0,林守乐,55243746
338,2018,3,21,后来啊后来，再也不敢细听这首歌了，因为会哭,4,刺猬是只猫小喵,330001604
339,2018,3,21,打卡,0,跳舞的克卜勒,122786310
340,2018,3,20,[呆][呆],0,stef流年,1367583538
341,2018,3,19,心情不好就爱听从初中到工作,1,吃野兽的少女,284109929
342,2018,3,17,首首金曲,0,夜晚有三年3593,564669071
343,2018,3,15,全都虚伪,0,所爱隔山海ttt,263524615
344,2018,3,15,今天好大好大风,0,starrylee,29431936
345,2018,3,14,终于不会把这首歌当轻松的快歌听了,0,ZNZI,88670287
346,2018,3,9,听了就开心,0,xiaoyao还要亲亲,120348252
347,2018,3,8,一听就停不下来了,1,Aridiculousdream,114523345
348,2018,3,6,我又来了[大笑],0,毛毛虫0912,323067104
349,2018,3,5,竟然没有999,0,古拉13,8696424
350,2018,3,5,[拜]姿迷,0,姿迷01,535393345
351,2018,3,5,就像看到自己 阴沉的天空 瓢泼大雨 站在窗前 摇头晃脑 ,0,修改昵称后的新昵称,34816628
352,2018,2,28,很喜欢这歌，就爱燕姿这种感觉的歌,0,CHENYUDAN--,279712105
353,2018,2,26,另一张脸,0,未完成19991230,503310441
354,2018,2,26,我想象个傻子一样 笑着过一天,0,_邵勇,106577623
355,2018,2,25,我想像个傻子一样笑着过一天。,2,远山含笑秋水绿波映小桥-,121383594
356,2018,2,23,感同身受[流泪],0,橙草170622,513364546
357,2018,2,20,觉得活的累,2,going_up_stef,372536854
358,2018,2,18,哈哈哈哈，照骗,0,那个女孩已经长大了啊,531272757
359,2018,2,13,助攻999+,2,Sno哈哈opy,476529281
360,2018,2,11,好听,0,润小泽Ronny,1326160889
361,2018,2,9,这妹子我喜欢，我加了,0,梦想不完美,494659855
362,2018,2,5,哪个小丫头没有两副面孔（虽说我是个糙汉[发怒]）,0,黄渡恶霸,96772813
363,2018,2,5,你们有没有连续好几年过得很丧？,4,丁草莓,124322193
364,2018,2,4,谢谢[憨笑][憨笑][憨笑],0,那个女孩已经长大了啊,531272757
365,2018,2,3,刮了一阵大风 莫名其妙变天,0,姿迷Kepler,62776498
366,2018,2,3,是个美女[大哭],0,要进步要休息,584663924
367,2018,2,2,燕姿太棒了,0,Hey-Shangrila,92916753
368,2018,2,2,俏皮的一首歌,0,王金1711,632842409
369,2018,2,2,哪有那么多爱情,0,josherryyu,620433041
370,2018,1,31,听了这么久，竟然还不是999,0,Luuuuuuhao,305068972
371,2018,1,28,没有人了解,0,cloudyaha,263362484
372,2018,1,25,觉得心情起伏不定没有人了解，觉得孤独想大声哭觉得活得累，觉得一切一切全都虚伪。[流感]人啊，就是这样。真正需要关心和帮助的时候没有人关心你，陷入困境的时候所有人都来虚伪地关心，实则想要看好戏。但是在这样虚伪无情又现实的世界里，还努力保持一颗善良的初心，才是最难能可贵的吧。💪🏻,3,超级无敌小饭饭,71500272
373,2018,1,19,我特别喜欢燕姿的一首歌，希望大家能喜欢,4,Ed1son--,279253821
374,2018,1,19,以前不懂，现在渐渐懂了姿妈唱得是什么了…,0,Minch_7,390601990
375,2018,1,18,好活泼,1,茜茜不饿,252532753
376,2018,1,14,[晕][晕][晕]好难唱,1,字迹微寒,100562566
377,2018,1,14,突然不可自拔的喜欢，因为发现有一个人也曾这样长大，多一分陪伴于我，懂得、难得！喜欢的是你，投射的是我自己，追...,1,josherryyu,620433041
378,2018,1,13,为姿妈打电话,1,FredIvan,507044654
379,2018,1,12,06年不记得是在哪里听过这首歌了……后来初二在哥哥给买的mp4里下了很多燕姿的歌，而这首一直是珍藏的。每当有点小情绪都会翻出来听听。十多年过去了，陪我走出初中，高中，本科，研究生，即将和我一起迎来人生的转折点，再次听起，青涩时的小矫情陌生多了，听到的更多是无奈，挣扎和孤独…,4,大仙仙儿啊,1323030739
380,2018,1,10,嘿，我喜欢你，不过你不知道罢了[口罩],0,bobby丫,350790078
381,2018,1,6,孙燕姿早期神曲有点多,1,张居-正,76550270
382,2018,1,4,哈哈哈哈，忘记换了,1,那个女孩已经长大了啊,531272757
383,2018,1,4,大姐你这个头像是从大学毕业证上抠的吗？😂这么正式还是蓝底,1,有爱姿病的程序圆,290885829
384,2018,1,3,看着这张陌生的脸，自己都讨厌,1,ddarkwhite,548737444
385,2018,1,3,好好听,1,CHENYUDAN--,279712105
386,2018,1,2,很能反映自我小情绪的一首歌~哈,1,夏小莫,869908
387,2017,12,31,好听,1,那个女孩已经长大了啊,531272757
388,2017,12,29,听到想哭，还一直听,1,绿暗无痕,250619355
389,2017,12,29,好听,0,下回再改,508810715
390,2017,12,29,加油,0,喝咖啡高雅吃大蒜低俗,506345209
391,2017,12,28,想唱但是好难啊,0,矜持的睡戳了,60423445
392,2017,12,23,听着实在实在实在太带感了，孙燕姿那时候就这么前卫了,3,Islandofcyril,48634536
393,2017,12,21,这首歌现在还听不太懂，不知道多少年以后会听懂,3,PyLov,103996493
394,2017,12,21,每次特别颓的时候就找来这首歌单曲循环，然后觉得也没有什么过不去的，生活就是这样子的[亲亲],3,FORpreferenceEVER,124600487
395,2017,12,19,13:21,0,林守乐,55243746
396,2017,12,17,想唱，发现好难唱😂,0,就是小甜饼呀,137148177
397,2017,12,17,早上好,1,AIlennolan,467487362
398,2017,12,16,大爱燕姿,0,动极静,300527593
399,2017,12,15,啦啦,0,L悦星,480183134
400,2017,12,13,不知不觉从07年到现在已经走了10年,1,姿迷丶syzby,267695492
401,2017,12,13,[爱心],0,梦中守望,89725553
402,2017,12,13,冷门好歌,1,梦中守望,89725553
403,2017,12,11,打破666,1,kepleradio,279594179
404,2017,12,11,这古怪的调，越听越给劲!,0,绿皮树,623899012
405,2017,12,9,到,0,煜见冬天,269618816
406,2017,12,9,上,0,煜见冬天,269618816
407,2017,12,9,搞,0,煜见冬天,269618816
408,2017,12,9,评论,0,煜见冬天,269618816
409,2017,12,9,把,0,煜见冬天,269618816
410,2017,12,9,可以,0,煜见冬天,269618816
411,2017,12,9,今天,0,煜见冬天,269618816
412,2017,12,9,觉得,0,煜见冬天,269618816
413,2017,12,9,我,0,煜见冬天,269618816
414,2017,12,9,😂,0,煜见冬天,269618816
415,2017,12,6,打卡,0,我有努力和这个世界变熟,394296679
416,2017,12,6,❤️,0,雾越温,105684187
417,2017,12,5,却是却是🌚错字略显尴尬,0,Tim_ZH,105682499
418,2017,12,5,明快的节奏唱出的确实无数人内心的嘶吼,1,Tim_ZH,105682499
419,2017,12,1,有人说我很懂他，但是谁懂我？,0,碳汽水,54412827
420,2017,11,30,没999不科学,0,燕尾蝶lijie,344394575
421,2017,11,29,一个音没跟上[哀伤],1,C大宝,248388225
422,2017,11,28,金曲,0,-張小偉-,114450098
423,2017,11,28,这首歌根本没法唱啊[流泪],1,不关我的事啊_,278554860
424,2017,11,27,难度top前五,1,气氛来了就要醉,308485041
425,2017,11,25,压力大的时候听这首歌感觉就是在讲自己,0,芦苇荡不一样,130321125
426,2017,11,24,超级难这首,0,lz886,105412689
427,2017,11,22,KTV难驾驭系列,0,weicheer,65425100
428,2017,11,22,这个评论好少,0,neversaygoodbye2017,100608769
429,2017,11,21,作为资深粉居然唱不下来，好羞愧[流泪][流泪],2,Rita蔻,75043971
430,2017,11,19,孙燕姿最丧的一首歌,1,几个家明,38401441
431,2017,11,19,有段时间，疯狂喜欢这首歌,0,抬头望到北斗星,9829701
432,2017,11,19,觉得活得累,0,用户626189077,626189077
433,2017,11,15,嗯,1,半座城池丶,500055772
434,2017,11,15,真实写照,1,漫步的渴,11985761
435,2017,11,15,@漫步的渴 大姨父来了，随机到这首歌很对头啊,1,半座城池丶,500055772
436,2017,11,9,哈哈哈哈同!,1,Lui_Hsin,118496929
437,2017,11,9,[大笑][可爱],0,胸大代表,273288780
438,2017,11,9,超人类来的姿迷们你们好[大哭][奸笑],3,爱燕姿的猥琐共,99190907
439,2017,11,8,越听越颓，但是大声唱出来就很过瘾，亲测,0,哦珍妮花比尔斯,137203265
440,2017,11,4,特别喜欢孙燕姿的音色,2,青森泡温泉,133964754
441,2017,11,4,充满回忆的歌曲,2,青森泡温泉,133964754
442,2017,11,3,继续冷门吧，这么好的歌，哈哈哈，拿出去唱绝对惊艳,2,powerful-music,301990969
443,2017,11,3,真心是神作,1,powerful-music,301990969
444,2017,11,1,09:59,0,林守乐,55243746
445,2017,10,29,越听越喜欢，这首歌很有个性有没有,1,八月长安x,263542124
446,2017,10,26,每次重新听依然爱的不行的歌竟然没有999+,1,蔷薇馥,258136119
447,2017,10,25,没人听吗,1,古月人情,564581243
448,2017,10,25,每次烦闷压抑的时候都会听这首歌，一个人孤独难过说不出话,1,是SQ,345413431
449,2017,10,25,燕姿最丧的一首歌，可是却最能表达对世界失望时的心声，这首歌应该被更多人听到。,3,星岛的妳,48746821
450,2017,10,25,09:55,0,林守乐,55243746
451,2017,10,24,爱姿病八年路过,2,夜间第一人格,133203226
452,2017,10,24,哈哈哈这么惨的词我笑着听完，大晚上睡不着想起来摇摆[大哭][大哭][大哭],1,不行我得改个名儿,442954427
453,2017,10,23,要以轻松淡定态度处理各种鸡毛蒜皮生活琐事 当我听到楼下投诉漏水 我想 MD 又来 是不是注定遇到都这样 希望下一次对我好一些,0,不爱吃素爱吃肉的肥兔子,48045001
454,2017,10,23,日推给我，我最喜欢的女歌手[可爱],0,晴时有风阴有时有雨,94303860
455,2017,10,23,听这个声音就很安定,0,晴时有风阴有时有雨,94303860
456,2017,10,23,居然没有999+,1,晴时有风阴有时有雨,94303860
457,2017,10,20,好听,0,A13223,264001374
458,2017,10,19,原来这首歌这么好听[惊恐],1,跳舞的克卜勒,122786310
459,2017,10,17,说的就是我？！,1,新垣結衣的衣,113558510
460,2017,10,17,摇摆摇摆,0,帐号已注销,585812474
461,2017,10,17,今晚从第一张专辑开始捡着听，唤起了很多复杂的回忆和情绪，到这一首是后知后觉的神曲,1,阿西森,111916426
462,2017,10,15,一个云友推荐来听的。[爱心],2,一个不易察觉的名字,256719626
463,2017,10,13,考试前的我，果然知识点多的就是得准备充分些啊,0,暗夜人妖,35303820
464,2017,10,12,啦啦啦啦~,1,O_oHULLO,343829645
465,2017,10,11,然后就中奖了，再来一年,1,ni瞎呀,280591460
466,2017,10,10,这么丧的歌唱的这么故作轻松那才是深入骨髓的丧吧,2,刺猬是只猫小喵,330001604
467,2017,10,9,歌词怎么过审的？,0,我蹲下起来就头晕,407197930
468,2017,10,7,听着燕姿的另一张脸，无论怎样的心情都会变得开心这就是音乐最神奇的地方。[呲牙],1,等不到的晚安与我无关,375186998
469,2017,10,7,难度太大 没人翻唱啊,0,24hhh,32568729
470,2017,10,6,燕姿快快出新专辑嘻嘻嘻嘻[憨笑],0,超人类啊Beeee,470571219
471,2017,10,6,早上好呀嘻嘻~~好几年没听这首歌了~今天突然又想起来~笑着过一天~加油哟~,0,超人类啊Beeee,470571219
472,2017,10,4,总感觉这歌要是火了也是神曲,1,跳舞的yanzi,287088787
473,2017,10,1,热评哼歌的，我也是啊，考试的时候哼歌根本停不下来[大笑],1,贝影犹存,264592075
474,2017,10,1,每次特别难过的时候，就拿出来听了。,2,Mtyr_,105141735
475,2017,10,1,专辑刚出来的时候最喜欢的一首歌,1,Ennnnno,64208190
476,2017,9,27,心声,1,什锦豆腐盘,360957573
477,2017,9,25,这首人气不够，顶一顶,1,口忄乙,567661604
478,2017,9,25,2006年4月28日，在南京奥体中心，孙燕姿面对四万歌迷，几欲哽咽地说：“有些歌，可能不是专辑的主打，却是真正属于我的心声。这是我自己的演唱会，我想唱给你们听。一首是第一张专辑的《leave me alone》，一首是最新专辑里的《另一张脸》。”,8,音乐爱坏者,17693890
479,2017,9,25,爱姿病晚期  17 年打卡,1,豫西小天王,594110291
480,2017,9,25,我姿的歌就是难唱，哈哈,0,豫西小天王,594110291
481,2017,9,24,居然不是999+,0,Eammaer,391373136
482,2017,9,24,我想像个傻子一样，笑着过一天。,1,琦可爱o,504751637
483,2017,9,23,是啊，刮了一阵大风,0,你是光芒ZJ,478819574
484,2017,9,23,顶,0,懒得取名纸,506349583
485,2017,9,21,好听,0,sai9912,406372553
486,2017,9,21,"你爱，或者不爱我
爱就在那里
不增不减
你跟，或者不跟我
我的手就在你手里
不舍不弃
来我的怀里
或者
让我住进你的心里
默然相爱
寂静欢喜",1,-Hurt__,100339567
487,2017,9,18,这段话在那个电台里听到的,2,一叶扁舟_____,98760641
488,2017,9,18,多有特色的一首歌 有责任把它顶上去,1,stef陆师一,102265478
489,2017,9,17,[爱心],0,Didoyo,349354989
490,2017,9,17,《另一张脸》是专辑《完美的一天》中的一首歌。与孙燕姿的其它歌曲比起来，这首歌不算大众，但依旧独特。在南京奥体中心，孙燕姿面对四万歌迷，几欲哽咽地说：“有些歌，可能不是专辑的主打，却是真正属于我的心声。一首是第一张专辑的《leave me alone》，一首是最新专辑里的《另一张脸》。”,6,yl蜻蜓,329171922
491,2017,9,16,歡快的曲，悲傷的詞,1,荡荡一隅清,337498403
492,2017,9,14,很喜欢但一唱就跑调···[流泪],0,八宝蔡菜菜,376055697
493,2017,9,8,嗯,1,极美欢庆,351351231
494,2017,9,7,现在最喜欢的一首歌，有对自己的不满，对未来的迷茫吧。,0,TGLYY,270466393
495,2017,9,6,没想到只有丁点评论，在我人生灰暗那段时，每天都听。感觉自己做什么都不对，真的是感觉自己选择完全是错误，好想哭，好想哭。,0,此人被禁言,561745532
496,2017,9,4,刮了一阵大风～,0,Aviva_wen,316959543
497,2017,8,31,我是像个傻子一样笑着过一天[大笑],0,矜持的睡戳了,60423445
498,2017,8,28,寻宝孙燕姿,0,GrandmaLion,56455831
499,2017,8,24,啦啦啦,1,荡荡一隅清,337498403
500,2017,8,24,觉得孤独时想大声哭，觉得活的累,2,宇多田污,39336051
501,2017,8,23,好好听,0,不聋菲尔德,65418353
502,2017,8,23,嗯嗯,0,lalalagecha,86299394
503,2017,8,20,翻译？？？什么意思[大哭][大哭][大哭],0,丑悉丶旁白,355438556
504,2017,8,19,第一次听这首，好抓耳、又好难抓准的旋律啊[大哭][流泪],0,彼岸zj,304862494
505,2017,8,15,自己的这张脸自己都讨厌，嗯，是我,0,卡刚涂鸦,86612894
506,2017,8,13,把燕姿的歌都听个遍,1,简单快乐362012,545665377
507,2017,8,12,燕姿谢谢你,0,很摇滚滴事,98010521
508,2017,8,12,从歌里好像能了解燕姿 就像慢慢了解自己,0,责悬,299658994
509,2017,8,7,前面歌词少了吗，我怎么听出来是就算世界少了我,0,春水煎茶zzz,298330273
510,2017,8,7,我完蛋了,1,账号还是注销吧,17481219
511,2017,8,5,日常刷评论。,0,归人与过客,248548109
512,2017,8,5,我想像个傻子一样，笑着过一天，想要看着你的微笑，相信有明天～,2,RitaWei1998,555135563
513,2017,8,2,08:20,0,林守乐,55243746
514,2017,7,31,早日999,0,差不多DP,391052459
515,2017,7,28,就想刷评论,1,布蓝格,74006085
516,2017,7,26,手应该会好吧，毕竟年轻。高考还可以重考，虽然会很累,1,一叶扁舟_____,98760641
517,2017,7,25,发现 现在真的喜欢芜 可以 吵吵，可以做事，可以关注，可以同行，挺好的。又一次 离开了。,0,芜姿舞漾,102812009
518,2017,7,25,张嘉小朋友，早睡，对的人会在对的时间出现的，我保证过啦，不会骗你的[爱心],0,隅弟,269445405
519,2017,7,21,糟糕的事遇到的多了，也就不是什么事了,0,一叶扁舟_____,98760641
520,2017,7,21,看到你还在听歌我就放心了,1,一叶扁舟_____,98760641
521,2017,7,21,你表白了没？,0,走走停停独自等待,472935548
522,2017,7,20,哈哈哈,0,莫愁前路瞴知已,533061364
523,2017,7,20,青岛现场唱了哦,0,莫愁前路瞴知已,533061364
524,2017,7,15,这么屌的一首歌这么一点评论？！（黑人问号脸）,0,蛋蛋当挡,137257097
525,2017,7,14,然后就跑去听逃亡了~~负负得正吧~~[幽灵],0,如墨清晨,7625720
526,2017,7,14,生活，生活,1,芜姿舞漾,102812009
527,2017,7,14,一早起来疲惫不堪，烦躁不安，忽然想起这首歌，简直是我的心声！[流泪],1,如墨清晨,7625720
528,2017,7,12,就像在唱现在的我,0,橘子柠檬VC水,119248054
529,2017,7,10,头像可以的,0,宇多田污,39336051
530,2017,7,10,我也是姿迷了[大笑],2,幸得诸君-慰平生,87733908
531,2017,7,10,爱姿,0,姿意燕为,263726012
532,2017,7,9,完美的一天这张专辑中每一首歌都可以做主打，厉害了我的燕姿.,0,化身孤岛的籣鲸,954267
533,2017,7,4,爱姿,0,姿意燕为,263726012
534,2017,6,25,好,0,二嘿嘿嘿724,78656852
535,2017,6,25,某个以后 都是无限大❤,1,二嘿嘿嘿724,78656852
536,2017,6,25,你…怎么回事啊…,0,二嘿嘿嘿724,78656852
537,2017,6,24,姿迷打卡！,1,孙燕姿你是光芒果,77464742
538,2017,6,22,好厌倦现在这张脸，这种状态,0,帐号已注销,49752994
539,2017,6,19,灰的脸我的脸[外星],0,能不能不娶昵称,353593669
540,2017,6,19,前奏好好听,1,olive1016,442338275
541,2017,6,18,前奏超赞，做过手机铃声,1,浓眉毛的克卜勒,358961299
542,2017,6,18,有段时间一直单曲循环,1,qiqi0321,122248993
543,2017,6,17,我要做这首歌的评论第520和521位的燕姿粉 表白[爱心],2,麻里麻里哄s,375844353
544,2017,6,17,好棒好棒 耳朵亮了,1,麻里麻里哄s,375844353
545,2017,6,16,打卡,0,孤单---个人的狂欢,263901035
546,2017,6,16,好听,0,Y浩Y浩,503888137
547,2017,6,16,保佑我过四级,1,气氛来了就要醉,308485041
548,2017,6,16,[大笑]是的是的 听这首的品味都不错 ,1,马lululu,55810097
549,2017,6,16,姿迷打卡！十五年,2,孙燕姿你是光芒果,77464742
550,2017,6,16,[爱心],0,了不起的老人家,37782426
551,2017,6,16,有时候看着自己这张脸，自己都讨厌。,0,Katrina没有思想,66726988
552,2017,6,16,05年只是会唱这首歌，17年大清早听着这首歌在泪流满面中起床上班,1,水清清水呢,71217529
553,2017,6,16,加油510,0,抱起王菲就跑,503525624
554,2017,6,16,哈509,0,抱起王菲就跑,503525624
555,2017,6,16,评论508？！,0,抱起王菲就跑,503525624
556,2017,6,15,无面,0,水壶也有人叫啊,81478525
557,2017,6,14,当时好喜欢这首歌，还录了给闺蜜听，妈蛋她说我跑调！,0,你是彩虹大金刚,452208486
558,2017,6,13,心情愉快听了,0,神经七八M,321636583
559,2017,6,13,我有爱姿病,0,抱起王菲就跑,503525624
560,2017,6,12,个性极其鲜明的一首歌曲 不管歌词 曲 还是燕姿对这首歌的演绎方式 在我心中 比15年跨16年的演唱会重新编曲的直来直往还高一筹,2,尘埃FayeWong,265990546
561,2017,6,10,没有，我在石油大学[大哭],0,passenger_6k,130795246
562,2017,6,10,爱姿,0,姿意燕为,263726012
563,2017,6,10,覺得專輯圖片有點像梁靜茹,0,夜路生花__,278101022
564,2017,6,9,说不定还是校友，我是青科的[吐舌][吐舌],0,嘘_听我说_,65369415
565,2017,6,9,爱姿,0,姿意燕为,263726012
566,2017,6,3,其实也无所谓,0,Tanya简,440757073
567,2017,6,3,哈哈哈我会唱,0,用户399210000,399210000
568,2017,6,3,我也在青岛读的大学[大哭]我知道你说的那种感觉哈哈,0,passenger_6k,130795246
569,2017,6,3,不是哼，是在脑子里回响[大哭][大哭][大哭],0,嘘_听我说_,65369415
570,2017,6,3,青岛[大哭]，也不算是哼出来，就是在脑子里回响，不知道你懂不懂那种感觉[大哭],0,嘘_听我说_,65369415
571,2017,6,2,挺好听的吧 但这个歌词在KTV不想唱啊[大哭],0,想吃巧克力啊啊啊,107400961
572,2017,6,2,你最后去了哪儿[吐舌],0,passenger_6k,130795246
573,2017,5,31,就我觉得好听？咋这么少人,1,Stef520,367864066
574,2017,5,30,手动踩爪印，端午燕姿专辑一日游,0,凌晨三点不睡觉的雨果,120801740
575,2017,5,30,爱姿,0,姿意燕为,263726012
576,2017,5,29,❤,0,淤彩,329790247
577,2017,5,28,才400多评论吗？？？？,0,Cover-Machine,121792072
578,2017,5,28,喜欢孙燕姿已经成了一种习惯！！！,0,特雷西的特,356614489
579,2017,5,27,爱姿,0,姿意燕为,263726012
580,2017,5,25,觉得一切一切全都虚伪。但是却不能像个傻子一样笑着过一天。[皱眉][皱眉][皱眉],0,L丶Stefanie,7552281
581,2017,5,25,曾经用来做闹铃 爽！,2,坏兔子_,451109516
582,2017,5,25,只在燕姿的歌中,0,姿意燕为,263726012
583,2017,5,24,不将就，[兔子]所以很优秀！,0,G318狗一丁,435289202
584,2017,5,24,可能你得注孤了🙈,1,端木瓜瓜,87150189
585,2017,5,24,哪儿都能找到你[大哭],0,要做个文,396990219
586,2017,5,24,这张专辑里冷门却好听的歌,0,呆呆和虎虎,131654739
587,2017,5,21,自己都讨厌,1,Twinkle_yw,395841363
588,2017,5,18,[爱心],0,永远有多远灬,346081467
589,2017,5,15,hdjh,0,孤单---个人的狂欢,263901035
590,2017,5,13,可怕,1,来杯彩色汽水吧,88772479
591,2017,5,11,跟着唱都跑调[撇嘴],1,FelixGo,54335999
592,2017,5,10,做我老婆，必须一定要会唱孙燕姿的歌。所有的[可爱],2,G318狗一丁,435289202
593,2017,5,10,啊，感觉回到了2010年,0,llllobster,15393501
594,2017,5,10,中二那些年超爱这首歌颓废的调调 现在听又有不一样的心情了吧,1,听老婆们唱歌,48946883
595,2017,5,10,喜欢跟着前奏摇摇头很开心的样子唱悲伤❤,0,W小倩呀呀,115473565
596,2017,5,10,爱姿,1,姿意燕为,263726012
597,2017,5,9,里面的悲又有多少人能听出来,1,只为LaLa哼情歌,321221255
598,2017,5,9,听得想哭，莫名其妙不能轻易听这首歌,0,只为LaLa哼情歌,321221255
599,2017,5,7,啊哈，我就傻子一样，过了一年,2,G318狗一丁,435289202
600,2017,5,7,哇,0,我们以形骸为贽礼,301422171
601,2017,5,7,这首太难唱了！,0,sever911,122831687
602,2017,5,3,歌词很写实，就是我们经常会有的情绪。旋律很大胆，一般人唱估计都跑调。燕姿的声音很有力量，让整首歌都很有力道。,1,z槿炎z,273446467
603,2017,5,1,我就是我看自己都上火,1,2016猫猫呀,434837481
604,2017,5,1,其实这首歌是我姿歌里除我的爱之外最喜欢的一首歌了，可能因为这首歌写的像自己的常态吧[呆],0,宇多田污,39336051
605,2017,4,30,听到了伴奏后我就默默的把伴奏删掉了[撇嘴],0,OooorangeB,49862286
606,2017,4,30,以前取过一个网名就叫另一张脸,0,曾经住在海边的人,317730420
607,2017,4,30,打卡,0,孤单---个人的狂欢,263901035
608,2017,4,30,"沮丧里又有点坚强
",2,我是丑王,127718208
609,2017,4,26,难过的时候更多的是无奈，没那么多眼泪说来就来,3,t豆娘,115917109
610,2017,4,24,感觉是以欢快的曲调发泄出自己的心情不快，低落😂,1,另-张脸,56020714
611,2017,4,24,好听[大笑],2,雪摩羯,470803552
612,2017,4,22,17个年头了。。,1,我就不要想起你了,408431854
613,2017,4,22,孙燕姿所有的歌 没有不会唱几句的，所有。,1,kanon1990,252051993
614,2017,4,22,爱姿,1,姿意燕为,263726012
615,2017,4,22,特别特别丧。,0,有瑞克,32817376
616,2017,4,21,别说唱出来了，哼着都跑调……真心好听，也只能听……,2,StefCarfts,284744752
617,2017,4,20,[色][色][色],0,Jonesking,263905915
618,2017,4,19,这是一首很丧的歌,0,几个家明,38401441
619,2017,4,18,歌词听起来怪怪的，有点吓人呀,1,豹风雪,451362648
620,2017,4,18,＋1,0,四街站神_单纯王,252931856
621,2017,4,17,天后就是天后，什么歌都能有味道。,0,刘小闹liu,308869949
622,2017,4,15,爱姿,0,姿意燕为,263726012
623,2017,4,15,[鬼脸]不了解~~,0,马lululu,55810097
624,2017,4,13,喜欢,0,Ann0512,115588501
625,2017,4,12,刮了一场大风，莫名其妙变天,1,Cnvyvy,130316348
626,2017,4,10,[奸笑]喜欢燕姿 是一件很有品位的事情 咔咔咔,1,马lululu,55810097
627,2017,4,7,"刮了一阵大风，
莫明奇妙变天，
无缘无故心情灰，
站在窗前感觉，
世界少了我，
其实也无所谓，
看着这种陌生的脸，
自己都讨厌，
这的心情起伏不定，
没人了解，
觉得孤独想大声哭，
觉得活得累，
我想象个傻子一样，
笑着过一天。 ",2,鹿浥尘,106072500
628,2017,4,7,23:21,1,林守乐,55243746
629,2017,4,6,想说 喜欢这首歌的我们都好有品位哦😆,4,海角七号罐头,124536116
630,2017,4,4,赞前奏！,0,豆角炒茄子,115390028
631,2017,4,4,这首歌难唱呀,1,想去吹太平洋的风,431966292
632,2017,3,31,另一张脸,0,梅干菜动物园,410840024
633,2017,3,28,完美的一天这本专辑很赞哦[吐舌],0,isNn丶,362158056
634,2017,3,27,同城你好,0,家养型浣熊,69839733
635,2017,3,26,不要执着于评论不满999。懂得欣赏的人才能听得到,4,即使到最后你还是看不清,263625243
636,2017,3,26,好喜欢这首歌啊 可是这首歌太特别了  幸好还有422人跟我一样喜欢这首歌[憨笑],0,海角七号罐头,124536116
637,2017,3,25,就算世界少了我，其实也无所谓。歌词太戳,1,鹿浥尘,106072500
638,2017,3,22,"很喜欢孙燕姿，看到评论，爱姿，让我想到爱姿病
",0,好大块,402217123
639,2017,3,20,我想像个傻子一样，笑着过一天。,0,本命是真宵,100568540
640,2017,3,20,0.0 像我这种听歌只会循环 懒得评论的。。。看到喜欢的歌没有999+内心其实是有点感觉对不起歌手的   评论走一波。。。,1,意迟迟唷,115988259
641,2017,3,19,居然没有999+,0,Sky_fantasy520,65278905
642,2017,3,19,“这就是你零分的原因？”工头问到,0,Shura悲言,252405622
643,2017,3,15,20:24,0,林守乐,55243746
644,2017,3,15,为什么讨厌？我很喜欢这张脸。爱燕姿❤️,0,真情与七星,110083606
645,2017,3,14,爱姿,0,姿意燕为,263726012
646,2017,3,12,欢快~,0,把酒言话,116902125
647,2017,3,11,居然没有999,0,不干骄,134946067
648,2017,3,10,刚开始觉得很难听，多听几次后中毒了,1,漫步的渴,11985761
649,2017,3,10,刚开始觉得很难听，但多听几次会中毒,1,漫步的渴,11985761
650,2017,3,10,又一首冷门好曲,0,Season-or-Nemo,100424826
651,2017,3,10,10:18,0,林守乐,55243746
652,2017,3,10,难度……,0,海绵1874,298588296
653,2017,3,9,才406！不科学！！[发怒][发怒][发怒],0,鳝鱼可可,45477760
654,2017,3,7,daka,0,孤单---个人的狂欢,263901035
655,2017,3,5,爱我姿,0,我有努力和这个世界变熟,394296679
656,2017,3,5,22:55,0,林守乐,55243746
657,2017,3,4,轻松哼唱悲伤的词。,0,gbuyhgy,356493282
658,2017,3,2,每次在ktv唱大家都要跟我一起摇头晃脑觉得好听哈哈哈,0,Seefan攒人品,7571236
659,2017,3,2,400，03:21,0,阿Dar,94482447
660,2017,3,1,爱姿,0,姿意燕为,263726012
661,2017,2,27,爱姿,1,姿意燕为,263726012
662,2017,2,25,"打卡
",1,我只会乱乱唱,272309134
663,2017,2,22,笑尿,0,心向光明城,123062114
664,2017,2,20,的确就是个人天赋 这就是为啥大家都说比赛不能唱孙燕姿的歌 真唱不出那意境 声音可以让每个人带入自己的感情 ,0,邵小孩同学,112518631
665,2017,2,20,怕是顺势搞一波头像呦,0,遇见冬夜渐暖i,87125428
666,2017,2,20,终于日推有燕姿的歌了,0,风中拾遗,283224068
667,2017,2,19,我姿[亲亲][亲亲][亲亲],0,林守乐,55243746
668,2017,2,19,爱姿,0,姿意燕为,263726012
669,2017,2,17,我居然第一次听这歌！！,0,芝士STF,137419157
670,2017,2,17,偏爱的一首！！！,0,八宝蔡菜菜,376055697
671,2017,2,16,为赋新词强说愁,0,水里白杨,414702085
672,2017,2,16,14:14,0,林守乐,55243746
673,2017,2,15,我欣赏自己的伤悲，就是这么欢脱,0,8宝稀饭oO为未来奋斗为明天努力,96577619
674,2017,2,14,我姿唱的好听，这歌真难唱。。。,0,看星星灰,109436232
675,2017,2,10,Kepler,0,用户61912565,61912565
676,2017,2,8,字字心声,1,Agedgracefully-,108692890
677,2017,2,6,这么欢脱的歌听哭了~,0,mmivan,103380352
678,2017,2,6,我爱你的燕姿,0,眼前人是心上人是是是,395651064
679,2017,1,22,这歌绝对好歌,0,网易大虾米,54468497
680,2017,1,22,+1,0,再不到从前,381010147
681,2017,1,16,大学时期很长时间里的最爱。如今12年过去了，听到这首歌，仍能感受到校园里阳光的温度，周围空气里的味道。仿佛自己回到18岁的校园。很多时候，一首歌，是一把回忆的钥匙。,0,尘帛,6536782
682,2017,1,16,这首歌竟然也没999＋？？？？！！！！[惊恐],0,stef-IAN,69483167
683,2017,1,9,全都虚伪,0,DanCingVanGogh,263043497
684,2017,1,7,[爱心],0,花老师小课堂开课啦,353426857
685,2017,1,6,这张专辑姿妈还是有些突破的 但市场并不怎么认可 妈蛋 逼逼歌手没突破 又说歌手瞎逼整还是喜欢原来的他,5,闪亮亮的阿星,64032851
686,2017,1,6,屌,1,闪亮亮的阿星,64032851
687,2017,1,5,近期已被课设期末折磨疯,0,Blueboygod,136027646
688,2017,1,5,不知近期是否还在打保龄球[大笑],0,张三2333333,247066569
689,2017,1,4,同感,1,燕姿的小迷弟,83397073
690,2017,1,3,感觉像是抑郁症的症状,7,他他他TM魔图,31478737
691,2017,1,2,好听到哭！,0,林守乐,55243746
692,2017,1,2,不同的脸,0,曼曼金,271704652
693,2017,1,2,[大笑],0,猪琪琪,77099714
694,2017,1,2,好听。。。听着这歌居然心情都变好了,2,笑到最后变神经,330074798
695,2017,1,1,另一张脸,0,有一只小蜜蜂,383989994
696,2016,12,28,陪我穿过黑暗的那面 丢掉陌生的脸,1,炸三次,34760508
697,2016,12,17,只有姿妈的声音能拯救,5,幽默的不得志姑娘,344456338
698,2016,12,13,[憨笑],1,于帅楠,250764305
699,2016,12,12,爱姿,1,姿意燕为,263726012
700,2016,12,10,居然不是999！,5,Wklly,136202418
701,2016,12,9,居然没有999+这么好听的歌…,6,小嗲001,78833451
702,2016,12,8,这歌一定要火，一定！！！,3,大喵说多谢啊,295671049
703,2016,12,6,定期单曲循环,1,无敌老少女,36650092
704,2016,12,1,定期需要这首歌[哀伤],4,账号还是注销吧,17481219
705,2016,11,29,很喜欢，真的是神曲，,4,Albert_Long,120733101
706,2016,11,29,看不惯谁的哪一张脸？,3,Albert_Long,120733101
707,2016,11,27,和自己较劲的时候就会听这首歌,3,幽默的不得志姑娘,344456338
708,2016,11,27,爱姿,1,姿意燕为,263726012
709,2016,11,26,这首歌不应该被埋没！！！早晚有一天会被人挖掘出来又大火一把！孙燕姿也是结婚后就不出新歌新专辑了，遗憾……[心碎],5,云寻-非著名青年艺术家,69795143
710,2016,11,25,自己听系列,1,一叶扁舟_____,98760641
711,2016,11,22,看到大家都跑调我就放心了……,6,Bluebonechacha,33490061
712,2016,11,22,早上起来嗨一下。,1,鄒爸比,85768778
713,2016,11,20,那年在朋友宿舍听到的，简直惊为天人，这么悲伤还能唱的这么欢脱。只会自己听，从不敢推荐给朋友，怕别人拆穿我的“无所谓”。,3,we丶young,277398802
714,2016,11,16,觉得一切一切全都虚伪,1,双鱼座爱燕姿,130390823
715,2016,11,16,心情low，跑来燕姿这里给自己打打气。以前上学的时候总这么干，都过去多少年了啊......,3,帐号已注销,79195298
716,2016,11,16,又是循环一天的节奏,1,换了个头像和名字你们猜我是谁,96780415
717,2016,11,15,爱姿,1,姿意燕为,263726012
718,2016,11,14,当年最厌世时最常听的歌,3,一阵新风o_O,355747522
719,2016,11,14,[大哭][大哭],1,Blueboygod,136027646
720,2016,11,14,发现评论有举报功能，准备举报你 [大笑],1,张三2333333,247066569
721,2016,11,14,这首歌让我想起了你啊@黑色人- ,1,Blueboygod,136027646
722,2016,11,14,我姿的歌可没那么容易唱[奸笑],1,啊不想卸妆,62954851
723,2016,11,12,抖腿 节奏太棒,1,孙燕姿kepler_,74997392
724,2016,11,11,这首歌真的我一唱出来全跑调[流泪],3,别再奋力逞强,122065677
725,2016,11,10,自我的感觉 嘿 好棒[吐舌],0,心動期限最短,310499455
726,2016,11,10,[可爱],0,心動期限最短,310499455
727,2016,11,10,表白你姿,0,账号还是注销吧,17481219
728,2016,11,5,我就喜欢在烦躁的午后听你唱这首歌,3,yanzi___,271277488
729,2016,11,5,监考老师没把你请出去也是神奇,3,E-V-Z,86643853
730,2016,11,5,前奏就喜欢上了,0,小聂要做种花家的好兔子,248265269
731,2016,10,31,很多年前听过，现在才爱上,0,1220hxy,322288365
732,2016,10,30,爱你,0,结菜,57780277
733,2016,10,30,爱姿病。,0,北瓜头Fizz,45119770
734,2016,10,29,学生卡,0,_吴子诚,275017518
735,2016,10,26,打卡[亲亲],0,一叶扁舟_____,98760641
736,2016,10,25,我想像个傻子一样笑着过一天。现在想想，能不顾所有的一切过这么一天其实挺不容易的,0,Kepler-_-,300077987
737,2016,10,23,最欣赏我姿可以把人生唱的如此动听,2,-克卜勒--,248628012
738,2016,10,23,掉[吐舌],0,我是丑王,127718208
739,2016,10,23,再怎样大的烦恼都要丢到！,0,我是丑王,127718208
740,2016,10,23,"每次听这首歌,都觉得要配上不屑一顾的表情比较配╮(╯▽╰)╭",1,我男神是萌萌哒夏目,54308215
741,2016,10,20,爱姿,0,姿意燕为,263726012
742,2016,10,18,[色],0,其实很简单k,51332087
743,2016,10,18,额，哈哈哈，其实是一直在脑子里回荡,0,嘘_听我说_,65369415
744,2016,10,18,你周围的没打你打死算是你上辈子积德了[撇嘴],0,狼不吃神仙,92253332
745,2016,10,15,欢快的曲 灰暗的词 却被燕姿诠释的如此和谐,2,天涯木桩,318254408
746,2016,10,15,好听,0,小哥太子晖,265197250
747,2016,10,15,打卡,1,尘埃FayeW,79250792
748,2016,10,14,太喜欢这种非同一般 不落俗套的歌曲,2,尘埃FayeW,79250792
749,2016,10,13,肺活量,0,花椒吖好麻,9592890
750,2016,10,10,爱姿,0,姿意燕为,263726012
751,2016,10,9,[皱眉],0,海绵1874,298588296
752,2016,10,7,又挖掘一首好歌,1,lovestory村霉,333697417
753,2016,10,3,@H丶monkey 啦啦啦啦啦啦啦~~~~~~~~~~~`,0,-宁谧,113981307
754,2016,10,1,我就像个傻子一样笑着过一天,1,study中whoops,48435532
755,2016,9,30,原来我以前一直都不知道喜欢是什么,0,敢少年1,99409288
756,2016,9,29,[大哭][大哭],0,嘘_听我说_,65369415
757,2016,9,29,[可爱][可爱][可爱],1,嘘_听我说_,65369415
758,2016,9,29,我就像个傻子一样笑着过一天,1,雨殇HV,73353857
759,2016,9,28,你开挂[撇嘴],0,射手座的David,80550350
760,2016,9,26,高三分班被刷下来时听的歌[流泪],1,鱼雨子酱,50983533
761,2016,9,26,不止这一首，yanzi的歌别人唱真没味道。好声音还是好歌声，变得是名字，不变的是挑战yanzi谁就要付出代价[吐舌],1,wayne3313,335332752
762,2016,9,23,这歌真的颓,1,未小稚,319677236
763,2016,9,19,[呲牙][呲牙][呲牙],0,其实很简单k,51332087
764,2016,9,19,我就像个傻子一样笑着过一天,1,面小码_,80423807
765,2016,9,18,每首都留言，都留言，留言，燕[大笑],0,方圆已被注册,63103560
766,2016,9,18,为什么不是999,0,hotwind没有小尾巴,265614513
767,2016,9,18,经典的表述,0,hotwind没有小尾巴,265614513
768,2016,9,18,我爱数学题，哈哈哈,0,hotwind没有小尾巴,265614513
769,2016,9,15,我觉得花样比另一张脸还冷门……不过两首都是二李的作品,0,Pr0phet,56040918
770,2016,9,15,爱情的花样我也会啊,0,大喵说多谢啊,295671049
771,2016,9,15,看了演唱会，发现多冷门的歌都好多人会唱…看克卜勒演唱会，最吃惊莫过于爱情的花样周围也都会唱[大哭][大哭],0,Pr0phet,56040918
772,2016,9,12,敲好听😬,0,325king,30413873
773,2016,9,12,哈哈冷门神曲,0,其实很简单k,51332087
774,2016,9,10,爱姿,0,姿意燕为,263726012
775,2016,9,10,孙燕姿最冷门的神曲没有之一,2,unflaggingseki,33660854
776,2016,9,8,[可爱],1,可阳快飞,115746724
777,2016,9,8,[亲亲][亲亲][亲亲][亲亲],1,可阳快飞,115746724
778,2016,9,6,想不通为什么咕叽咕叽能火，这首歌缺不火,0,大喵说多谢啊,295671049
779,2016,9,6,金曲是04年《stefanie》那张，05年的拿的歌后。,0,mohai1355,17994306
780,2016,9,6,然而这是一首悲伤的歌,0,大喵说多谢啊,295671049
781,2016,9,6,话说金曲是哪一张啊？,0,大喵说多谢啊,295671049
782,2016,9,6,我太爱这首歌了,0,大喵说多谢啊,295671049
783,2016,9,3,你姿好冷门一首歌！,0,艾子11,85183850
784,2016,9,2,我记得我去的天津那场在串烧还是哪个环节里唱了…,1,mohai1355,17994306
785,2016,9,2,巡回现场好想没听到吧,0,GM______,98940119
786,2016,8,28,心情不好,0,Rin_d,11094158
787,2016,8,26,冷门精品。很难唱，一方面是真假音转换，另外这首歌的吉他大量使用反拍，唱的时候很难找到节奏(不信自己跟着伴奏唱唱)。而且是燕姿歌里很少出现的颓废曲风(《完美的一天》这张专辑是早期难得的突破，估计是得了金曲奖歌后之后没什么压力，所以玩嗨了)。好像只在克卜勒巡回唱过现场，真的很冷门啊。,5,mohai1355,17994306
788,2016,8,23,[亲亲],0,可阳快飞,115746724
789,2016,8,18,听前奏就莫名开心😁,0,静夜撕李白,93804565
790,2016,8,16,调调很棒,0,天黑黑-Kepler,280227837
791,2016,8,16,啊。。。为什么？,0,大喵说多谢啊,295671049
792,2016,8,14,难过时首先想听的歌 觉得心情起伏不定 没人了解,0,由唱到听,117439976
793,2016,8,3,这首歌可以是燕姿的歌曲中一般人唱不了的神曲之一啊！！！！,1,枖枖原的SHE,106532222
794,2016,8,3,练车的时候情不自禁的抖了起来。😂😂虽然很悲伤。,0,郑强壮,49234387
795,2016,7,31,好听好听！,0,我是丑王,127718208
796,2016,7,30,打卡  俏皮的姿妈,0,就叫nagii想怎样,63902185
797,2016,7,27,这几天单曲循环！,1,我是丑王,127718208
798,2016,7,21,有点儿明白为什么传言会说王菲说孙燕姿像她了,1,神风小石头,105624124
799,2016,7,20,这歌名好像鬼片,0,一快瘦肉,46729461
800,2016,7,18,被低估的专辑,0,原来她是王诗晴,66121075
801,2016,7,17,这种歌大概只有燕姿才能唱吧_(:з」∠)_,1,一潋,257221945
802,2016,7,15,所谓的笑着哭就是这种感觉吧。明明悲伤的可以，还要装没事。[哀伤],0,阿呆兔呀,33248668
803,2016,7,13,一首本专被严重低估了的神曲,2,李鴆-,30140630
804,2016,7,13,好好听好难唱2333,0,万青何,137267398
805,2016,7,11,我们燕姿就是什么类型的歌都能拿捏到位，什么苦情励志这类杀手锏就不说了，舞曲，小清新，摇滚，哪样不是手到擒来？,2,忘不掉的明天r,101795664
806,2016,7,9,怎么都学不会,0,Circleoy,75372442
807,2016,7,8,只有燕姿才能把明明是down的歌唱出洒脱积极的味道,0,夜游神的清晨,270681755
808,2016,7,8,心境跟经历有关，与年龄无关。而且也确实不小了。,0,娇弱的食人花,40359395
809,2016,7,7,巨难唱,0,李程没有碑,118614680
810,2016,7,4,这首歌今天再听简直了,1,小稻穗kepler,199023
811,2016,7,3,呼~真好奇楼主几岁,0,DK_HanEunJoo,35048683
812,2016,7,1,无名的哀愁,0,Edmond_Cho,105188880
813,2016,6,29,[爱心],1,WOOOOMwang,275225493
814,2016,6,26,这张专辑最喜欢的歌[亲亲][亲亲],0,兔兔努力,116319218
815,2016,6,25,[小鸡],0,管它风往哪个方向吹,131260939
816,2016,6,23,为什么这首歌不是999+,0,-为伊消得人憔,249568171
817,2016,6,22,燕姿唱歌真的是 无出其右,2,啊不想卸妆,62954851
818,2016,6,22,有毒！好听！,1,啊不想卸妆,62954851
819,2016,6,21,好难唱,0,字迹微寒,100562566
820,2016,6,18,[亲亲],0,孙燕姿的粉丝,36733053
821,2016,6,11,这首歌真难唱,0,Adam_King_,31201873
822,2016,6,10,我来啦,0,谁也别怪谁鸭,117015344
823,2016,6,6,莫名其妙很符合现在状态,1,MeuMeuMeu,100666954
824,2016,6,4,神曲,0,梵谷不跳舞,132774418
825,2016,6,3,12:00,0,林守乐,55243746
826,2016,6,2,大一那一年的专辑 买了预售版CD 这么多年没有拆开 拆开发现里面的贴纸已经脱胶了 时间，好快，十一年了。,2,YohoRock,64888438
827,2016,5,31,现在好喜欢这种奇奇怪怪的曲风[大哭][大哭]对对对对对对对我是娇妹🙈,2,CT只爱火星人,111948379
828,2016,5,29,人❤突然暗黑系列歌曲代表,2,睁眼就是好吃的,17808229
829,2016,5,27,好喜欢这首,1,楠楠邶邶,88627127
830,2016,5,27,+1,0,北极之狐,18473968
831,2016,5,27,我唱不跑调(❁´◡`❁)*✲ﾟ*,0,七年后啊,42824793
832,2016,5,22,苦闷,0,你的视线是谅解,48728206
833,2016,5,22,这种风格的歌市场上好少见。表面是欢快轻松的曲调，实际上骨子里透出一股悲伤压抑,4,wyyyyyyyyyyyyyyyyyyw,258565399
834,2016,5,18,哈哈哈 我也要 火钳刘明,1,五个半对柠檬C,40854726
835,2016,5,18,222。。,0,到底什么昵称才没被注册,18108558
836,2016,5,17,211,0,雨还是不停地落下_,100825170
837,2016,5,14,奇妙的情绪却奇妙地契合现在奇妙的我（摔！）,0,柠檬香皂,116936941
838,2016,5,12,想老大！没能去音乐节看到老大！我不爽！我要哭！,2,賞味期限已到,102516257
839,2016,5,12,摸摸头😳我也很想她,0,孙燕姿的手,100429699
840,2016,5,9,孙燕姿，我想你了,2,-張小偉-,114450098
841,2016,5,9,看到自己变成现在这个样子，我自己都觉得自己讨厌,1,-張小偉-,114450098
842,2016,5,9,可以在悲伤的歌词，欢快的调子里，唱出对自己对现在的生活的无奈，对自己的状态的不满，内心想要开心，脸上却怎么也表现不出来，连自己都讨厌。,2,Fingerprintss,245928711
843,2016,5,9,有一首冷门热,1,-張小偉-,114450098
844,2016,5,2,真的超爱这首,2,举个西木,60673274
845,2016,5,1,像昨晚,0,Cypress_Nectar,52419940
846,2016,4,28,熟到跑不了调,3,LoveBirdy,100653667
847,2016,4,28,另一张脸,1,雨陨,31875806
848,2016,4,26,很喜欢的一首燕姿独特风格的神曲,1,jeffery_ho,45980929
849,2016,4,25,最近又开始听老歌，中学时代的最爱，可惜每次唱这首都会跑调。[大哭],0,云杉牌青豆,106097803
850,2016,4,24,小颓废。。,0,阿芷kzy,254826264
851,2016,4,24,[亲亲][亲亲][亲亲],0,可阳快飞,115746724
852,2016,4,23,酒神说坚持自己之前要学会伪装自己。每过一段时间我都拿出来想想，还是觉得很对。   先满足你们，再满足自己，我还远远不能令自己满意呢。,0,霍去没有病,75566997
853,2016,4,19,我就是觉得比梁静茹的《我不快乐》要倔强 也没戴佩妮的《Amen》那么蛋疼 我姿威武[发怒][发怒][发怒],5,月色摇晃树影_,113465322
854,2016,4,18,明明心情灰 的歌，却很欢快！喜欢！,2,吴买乐帅到荒唐,52969110
855,2016,4,15,完全不一样的一首歌，无关风月，励志歌曲～,1,Van小宝,46951915
856,2016,4,11,踩着不同的key在键盘上行走[跳舞],1,什么昵称都可以,81333757
857,2016,4,11,不自觉抖腿的   请赞,2,鸡骑猫,32964280
858,2016,4,10,The Big Aunt ,0,ccccccchhh,86881797
859,2016,4,10,这么棒的歌    算是所谓的冷门金曲吗,1,一只巫雀,124781102
860,2016,4,8,很爱这一首,0,小瓦匠sun,16355045
861,2016,4,8,电梯门开了都吓了一跳，然后又惺惺相惜地说着，这个点能遇到一块走的真不容易[晕][晕][晕],0,帐号已注销,44991129
862,2016,4,3,爱这首[吐舌],0,海卫Neso,60112700
863,2016,4,3,遗珠之憾！,68,你离去那天忽然倾盆大雨,6727948
864,2016,4,2,现在的我到底是怎样的我,0,阿芷kzy,254826264
865,2016,3,29,唱的好可爱又好忧伤,1,别人半日闲,55271906
866,2016,3,29,[流泪],0,番茄1991,15367898
867,2016,3,29,想要看着你的微笑。,0,帐号已注销,125462797
868,2016,3,21,看完演唱会版再来补一下cd，还是更喜欢我姿唱现场[亲亲][亲亲],1,尙小文,122276890
869,2016,3,21,太喜欢啦！,0,totorodolami,48878578
870,2016,3,20,27时的歌，表达的心境也如我现在27岁的时候 太神了,1,哈库拉马塔,255727822
871,2016,3,18,站在窗前~感觉就算世界少了我~其实也无所谓,0,-十三多-,16548232
872,2016,3,17,和声很棒、,0,能猫桑,563187
873,2016,3,16,[幽灵][幽灵][幽灵],0,女七,130800356
874,2016,3,13,这么好听的专辑当年那样销量不好也是费解，这歌多么神啊,0,sojeiand-,107726242
875,2016,3,12,觉得孤独想大声哭，觉得活得累,0,hyahyah,120785173
876,2016,3,12,看着这张陌生的脸，自己都讨厌，觉得心情起伏不定，没有人了解,1,hyahyah,120785173
877,2016,3,9,很能表达心情的感觉，心情不好的时候听着很爽然后会好很多，嗯，燕姿的歌总有种神奇的魔力,0,Echo_i_i_,52627843
878,2016,3,9,好喜欢~,0,Echo_i_i_,52627843
879,2016,3,9,真是越听越耐听,2,善鄯,247709392
880,2016,3,6,那真能封神,0,孙燕姿的嘴,53748727
881,2016,3,6,这首歌人气这么低啊……《完美的一天》和《逆光》是我印象最深的两张燕姿专了，风格简直多变到拍胸脯的良心，慢情歌、快歌、奇幻趣味、shuffle什么的。当年另一张脸这首歌在完美的一天里超级惊艳啊！！听一遍就记住的那种，节奏太带感了！！,2,ctstess,53185523
882,2016,3,2,这首歌在世上也许只有十三姐能驾驭的了，如果真的不幸有第二个，那我假装没看到🌚,5,帐号已注销,78462297
883,2016,3,1,这个歌确实棒[强]🏻[强]🏻[强]🏻[强]🏻[强]🏻[强]🏻感觉会有一天火起来！！！！！！！,2,云寻-非著名青年艺术家,69795143
884,2016,2,29,23333这都能被发现，缘分啊,1,霍去没有病,75566997
885,2016,2,26,燕姿这也有老鸡的头像[可爱],0,漂浮群島,79736691
886,2016,2,25,👍👍👍👍,0,你的视线是谅解,48728206
887,2016,2,21,等这首歌火的时候也许我就可以上热门了[开心],12,且把回忆炖了,76532462
888,2016,2,20,有时间觉得自己也是有另一张脸，谁说都听不进，贼颓废。回过头来自己发现不认识自己了  PS好几年没听过了呢,0,Begin丶again,100242187
889,2016,2,19,这歌难唱,1,即墨洛,271016
890,2016,2,4,我想像个傻子一样 笑着过一天,2,举个西木,60673274
891,2016,2,1,这首歌真的很难唱,2,Adam_King_,31201873
892,2016,1,29,[禁止],1,甜一分苦九分ya,50669579
893,2016,1,26,我就像个傻子一样过一天,1,study中whoops,48435532
894,2016,1,26,终于听懂了,0,昵称那么长应该叫什么,85682974
895,2016,1,17,只有燕姿才能完美表现出这种笑里的悲痛,107,霍去没有病,75566997
896,2016,1,14,好听,1,hyahyah,120785173
897,2016,1,14,很喜欢这首歌 感觉特别有意思,1,那个米饭,8910787
898,2016,1,11,心情很灰的时候听另一张脸简直想把自己抽死,1,请叫我小正太,2687425
899,2016,1,11,"我想象个傻子一样
笑着过一天
想要看着你的微笑
相信有明天[大哭]",1,亿吨奶糖,54428686
900,2016,1,10,ktv见！[开心],1,柿子饭,51580104
901,2016,1,10,这首典型燕子style 任性 潇洒 从小压抑到释放的情绪 等都给满分[爱心][爱心][爱心][爱心][爱心],2,闪泥啦啦啦,88079495
902,2016,1,9,唱功很棒！,1,春天里的虫虫,3401416
903,2016,1,9,[亲亲],0,可阳快飞,115746724
904,2016,1,5,嘿 男神你还记得这首歌吗！,0,Nazute,34114803
905,2016,1,3,[吐舌],0,黑暗骑士-TDKR,37793064
906,2016,1,2,这首曲子换别人唱准跑调,187,遮羞布罢了,33532401
907,2016,1,2,我们一个女同事年会上一首这个歌曲，从此在公司封神,257,一遛十三招,30098408
908,2015,12,29,[撇嘴],0,926454274-,55659958
909,2015,12,25,帮燕姿把评论顶到999+[亲亲],2,stef陆师一,102265478
910,2015,12,24,[可爱][可爱][可爱],0,夏飘雪啊,100913913
911,2015,12,22,[可爱],0,可阳快飞,115746724
912,2015,12,20,被洗脑了😳,0,Ewiin,62829634
913,2015,12,14,小戴赐我力量[皱眉][皱眉],0,番碱泡入边系虹,81481243
914,2015,12,13,嗯！果然是首怎么唱都要跑的歌！！喜欢！！,2,番碱泡入边系虹,81481243
915,2015,12,12,不知道是新砖还是下次巡演来得更快[呆][呆],1,ehhhh_7,34619116
916,2015,12,9,这张专辑简直太棒了！让我想起孙燕姿的笑容，微眯着眼睛露出上齿，水蜜桃一样啊[亲]！！！！,1,葡萄地瓜,90802989
917,2015,12,8,怎么这么好听[流泪],0,梵寺6,95354686
918,2015,12,6,说得对，我唱到一半感觉他们实在没听过就切了 😂,0,爱燕姿的猥琐共,99190907
919,2015,12,5,主要是唱不来，我姿的歌能唱的人太少了,0,孙燕姿的嘴,53748727
920,2015,12,4,这首歌超难,0,Tim_Huang0216,42792776
921,2015,11,24,好听[呲牙][呲牙][呲牙][呲牙],0,夏飘雪啊,100913913
922,2015,11,21,[亲][汗][痛苦][惶恐][惊恐][亲亲][亲][惶恐][亲亲][生病][生病][怒][大哭][口罩],0,HCQ666,42852790
923,2015,11,19,前奏就烧起来,0,似水流年难回头,34384895
924,2015,11,19,本周最爱～,0,小秋秋爱谁谁,19910126
925,2015,11,16,～～～,0,举个西木,60673274
926,2015,11,16,有一种感觉，连着听 另一张脸 和 懒得去管，会产生奇妙的感觉[大哭],0,爱燕姿的猥琐共,99190907
927,2015,11,16,这才是冷门隐藏神曲啊～每次都嗨到不行，然而在ktv没人会唱[大哭],0,爱燕姿的猥琐共,99190907
928,2015,11,16,很好很好,0,忘不掉的明天r,101795664
929,2015,11,13,心情不好的时候最喜欢唱,0,啊凉_,69387037
930,2015,11,9,谢谢,0,嘘_听我说_,65369415
931,2015,11,9,看的还可以吧，属于正常发挥。,0,嘘_听我说_,65369415
932,2015,11,8,站在窗前感觉 就算世界少了我 其实也无所谓,0,雨陨,31875806
933,2015,11,4,一定考high了考好了吧,0,段段段LAY,6818757
934,2015,10,31,好怀念,0,草房子1,91887787
935,2015,10,30,刮了一阵大风/莫名其妙变天,0,itsmexixi,42466784
936,2015,10,26,今天的天气真的好适合第一句歌词,0,橘咲_,52079797
937,2015,10,26,十三姐突然为我十三姐怒发冲冠的样子好可爱，哈哈~,0,帐号已注销,44991129
938,2015,10,26,yanziyanzi.,0,帐号已注销,44991129
939,2015,10,25,灰的脸 我的脸,0,大眼睛的刘胖子,55734389
940,2015,10,21,这张脸，在我一直脆弱无奈又胡思乱想害怕时，就出现。,0,九大碗,69037851
941,2015,10,19,啊，有没有人记得十年前天涯美食版有一个斑竹叫陌生的另一张脸,2,w白梨,48608215
942,2015,10,16,[亲亲][亲亲],0,举个西木,60673274
943,2015,10,16,～～,0,举个西木,60673274
944,2015,10,16,真的很好听阿[呲牙][呲牙],0,举个西木,60673274
945,2015,10,14,洗粉专辑和洗粉神曲。,1,肖冲动,133108
946,2015,10,8,～一个人～,0,举个西木,60673274
947,2015,10,7,[大笑]全都虚伪,0,study中whoops,48435532
948,2015,10,2,德性,0,Poorrun,67355182
949,2015,9,30,我错了[哀伤],0,孙燕姿的嘴,53748727
950,2015,9,30,你理解错了。。我说这首不火确很好听的歌。。。[汗],0,大眼睛的刘胖子,55734389
951,2015,9,30,她不火？[汗],0,孙燕姿的嘴,53748727
952,2015,9,24,我姿不火却很好听的歌好多,1,大眼睛的刘胖子,55734389
953,2015,9,22,刚2048死了心情不爽来听歌[大哭],1,闪泥啦啦啦,88079495
954,2015,9,20,好听耶,0,X中生,93115075
955,2015,9,9,不了解 看不见,0,请叫我石头JL,51495703
956,2015,9,9,[爱心],0,用户41965267,41965267
957,2015,9,7,如果不是真烦躁，就不会想起这首歌，如果不是想起这首歌，就不会想起曾经买过那么多孙燕姿的磁带…,1,-Elis,77384535
958,2015,9,6,一开始无感 后面莫名耐听[呲牙],0,闪泥啦啦啦,88079495
959,2015,8,25,bomb！！！有一种摔碎玻璃杯的畅快的感觉,2,wanebai,82549005
960,2015,8,21,发现这些歌只有之前买磁带的时候会认真的听每一首，以后就再也听不到了，现在听还能想起当时用复读机听的感觉。,1,可爱酸酸小柠檬,37622553
961,2015,8,20,虽然词很悲伤，但曲就是让我high起来了,0,焦躁的木,52977934
962,2015,8,18,[爱心],0,野猫伞丶,15824864
963,2015,8,17,[皱眉],0,Santorini以梦为马,13167121
964,2015,8,15,这种莫名其妙的感情表达的刚刚好,0,王小野子,45050196
965,2015,8,14,多好的歌，今天才发现,0,丁丁猫胖成熊猫,1123100
966,2015,8,10,留名，万一火了呢,0,三黄解毒片,20559601
967,2015,8,8,这是我最喜欢的一首歌，不为别的，歌词入心。这首歌只有懂得人才懂。,1,Rihansun,48875081
968,2015,8,7,听多了燕姿，就会爱上这种调调的歌,2,水晶山-,53833883
969,2015,8,2,伴奏很有磁性。。,0,我是沉默的存在,77248239
970,2015,8,1,赞！,0,禁忌魔法师,2454019
971,2015,7,31,我也最爱这首,1,少年林,72763177
972,2015,7,31,这专最爱的歌，当时年纪其实偏小，但却对歌词很有共鸣。天知道，也许我正抑郁着,1,sam普,81065066
973,2015,7,23,分享了#易风扬电台#的节目《《孙燕姿的非主打》（三）》: http://music.163.com/program/10726046/29681188/  燕姿非主打系列电台节目第三期节目，燕姿的粉丝and小流氓们别错过了,1,易风扬,29681188
974,2015,7,11,终于听懂了所有感受,1,踩到朕小裙子了,17713269
975,2015,7,7,燕姿[大哭],1,睡觉大王快去睡觉,77434326
976,2015,6,30,是偶尔【觉得孤独想大声哭、觉得活得累】……不过还是可以【我想象个傻子一样、笑着过一天】……,0,Miss_苶,29264358
977,2015,6,28,[亲亲],1,湖人死忠,7776579
978,2015,6,28,调子给了我一种苏妙玲《蓝友》一般的欢快感，歌词让我五十度灰了,0,路人彦小二,76285353
979,2015,6,28,奇怪的死循环,1,thesilk,54791080
980,2015,6,17,是否成人的世界背后总有残缺 我想像个傻子一样笑着过一天,0,qXz7x,45689724
981,2015,6,12,音量调掉最大 开跑,0,用尽所有思念,33731939
982,2015,6,10,必要塞弗,0,孙燕美,542076
983,2015,6,8,我赞的是头像,0,假面舞灬会,3405636
984,2015,6,5,莫名其妙心情灰。,0,黑马洁,62902698
985,2015,5,23,上学的时候听不懂只是听节奏，上了班之后觉得唱的都是心声，这种心境表达的很准确,2,安宁yezi,43101204
986,2015,5,22,[哀伤],0,用尽所有思念,33731939
987,2015,5,18,嗓音好 所以什么都好听 能唱出感觉 其实歌好像没啥吸引人的旋律 一般人唱出来得全跑,271,唱得响亮-,63487478
988,2015,5,17,说得有理,0,第二Round,3843193
989,2015,5,17,后知后觉，燕姿之前从来没被其它歌手吸引过，以前听歌不论人，后来发现人品好的人唱歌才有感觉 ，就象一个无良的人唱深情的情歌，你都不会信他,0,油深深饼蒙蒙,53554899
990,2015,5,17,演唱会后遗症,0,羊咩咩喂,50148750
991,2015,5,16,看不见   灰的脸    我的脸,0,小花狸375,41004530
992,2015,5,12,好可惜，理论来说，应该喜欢王菲早一些,0,第二Round,3843193
993,2015,5,10,曾经最喜欢的女歌手。。。曾经以为没有人会替代她在心里的位置，不幸被王菲替代了,0,油深深饼蒙蒙,53554899
994,2015,5,6,看着这张陌生的脸,0,修改昵称后的新昵称,34816628
995,2015,5,6,不了解,0,LunaLuna会一直当个憨人的,55887119
996,2015,5,2,我的常态 讨厌自己,0,blingbling的大冰儿,41255558
997,2015,4,27,[爱心],0,力的宏,34361818
998,2015,4,26,继续听~~~[亲亲],0,wangxikunyz,16394068
999,2015,4,25,我想像个傻子一样，笑着过一天，[哀伤],0,傻子-笨蛋,1331490
1000,2015,4,24,就算世界少了我，也无所谓。,2,嘘_听我说_,65369415
1001,2015,4,24,当年在高考的考场上，嘴里哼着这首歌，做完了数学.....,368,嘘_听我说_,65369415
1002,2015,4,23,看着这张陌生的脸，觉得自己都讨厌,1,帐号已注销,61270268
1003,2015,4,20,我就像个傻子一样笑着过一天 想要看着你的微笑相信有明天,0,苏小涵不借钱么么哒,37635957
1004,2015,4,14,跟我度过很多艰难的日日夜夜 ,0,suegsq,44809786
1005,2015,4,11,這歌這麼少評論？很好的一首歌啊。,1,普林思斯,52585977
1006,2015,4,11,[哀伤],0,xixihahaoh,7822530
1007,2015,4,7,燕姿,0,HikkiKenji,31403033
1008,2015,3,27,傻瓜一样笑一天,0,半曰仙,19528463
1009,2015,3,20,另一张脸,0,dou_zhen,47679189
1010,2015,3,20,有一段旋律和铃凯的那首歌好像啊。。,1,张小宇哒,35908036
1011,2015,3,11,这首歌很有味道！,1,天边有一座城堡,35300057
1012,2015,3,7,站在窗前感觉就算世界少了我，其实也无所谓,1,说放弃要放哪里,9683208
1013,2015,3,7,人艰不拆。。。。简直就是现状[惊恐],1,帐号已注销,47354686
1014,2015,3,5,记得有个电台栏目截取前奏  做节目来着。。,0,熊熊烈菠萝,52434555
1015,2015,3,5,"觉得孤独想大声哭
觉得活得累
觉得一切一切
全都虚伪
我想像个傻子一样
笑着过一天",0,娇弱的食人花,40359395
1016,2015,3,4,[强],0,hold_your_hand_,37699532
1017,2015,2,10,这首歌真心好。节奏很舒服，很随意悠闲,0,kg113,46687183
1018,2015,2,9,燕姿 最对味 ,1,我是花生米555,19827081
1019,2015,1,14,[爱心],0,Moonache,2118820
1020,2014,12,24,最喜欢的女歌手了,0,Moonache,2118820
1021,2014,12,15,"多好一首歌儿
觉得心情起伏不定 没有人了解",2,巴巴罗萨-,36679286
1022,2014,12,2,觉得孤独想大声哭，觉得活得累，觉得一切一切全都虚伪,156,娇弱的食人花,40359395
1023,2014,11,25,。,0,西门崔西,41399188
1024,2014,11,23,脱下伪装的面具，不是对每个人都要报以微笑。[禁止],1,闫小言,41561279
1025,2014,11,8,高中就超喜欢磁带里的这首。。。。原来我那时候就心情那么起伏不定吗。。。。,1,ehhhh_7,34619116
1026,2014,9,14,"就
",0,所有人问摩西,30074422
1027,2014,9,14,"算世界少了我
其实也无所谓",0,所有人问摩西,30074422
1028,2014,9,10,看着这种陌生的脸 自己都讨厌,0,Ivril,29922360
1029,2014,7,21,好多年的歌，终于能听懂里面的哀伤。,105,Yogiila,30511184
1030,2014,6,13,[禁止][禁止][禁止][禁止],0,Anxin_,12952659
1031,2014,6,5,[大哭],0,Stefanie_xs,7426357
1032,2014,5,23,站在窗前感觉，世界少了我，其实也无所谓，蠢蠢欲动黑暗那一面，不停的在变形，吞掉我的极限，现在又冷又黑的卑观里，就像出现另一张脸，看着这种陌生的脸，自己都讨厌，这的心情起伏不定，没人了解，觉得孤独想大声哭，觉得活得累，这的一切一切，全都虚伪，我想象个傻子一样，笑着过一天。,0,Whosshe_,3348933
1033,2014,5,8,刮了一阵大风，莫明奇妙变天，无缘无故心情灰。站在窗前感觉，就算世界少了我，其实也无所谓。,0,黄_小仙儿,9569803
1034,2014,4,26,刚才有个特别搞笑但是不适合发微博的梗！去超市买卫生巾回来！停了一会我拆开发现全是夜用的！本来是想买混合装！我跟小八说：“啊买错了买成全是夜用的了！”小八说：“哎呀那有什么关系反正你白天也是在床上！”所以我不是在发微博我是分享歌哦！,1,llllobster,15393501
1035,2014,4,17,歌词~,0,麦个铛,14228518
1036,2014,2,22,看着这种陌生的脸，自己都讨厌。,0,mengmiao,1437145
1037,2014,1,22,[撇嘴][撇嘴][撇嘴][撇嘴][哀伤][哀伤][哀伤][哀伤]我会继续开心,0,哈哈菲,5846493
1038,2013,10,26,哈哈哈哈哈哈[亲亲],1,闪耀你阴暗的下落,3584052
