index,year,month,day,content,likecount,nickname,user_id
1,2019,11,27,怎么这么好听啊,0,Alien_Allen,111242099
2,2019,11,27,小时候妈妈的手机里只有这首歌，不知道为什么那部手机不能下歌，所以一直就听这一首，一直就记得了,0,一盆小黄花,373617051
3,2019,11,15,我会告诉你某一天坐公交车的时候，我把这首歌循环了24遍吗！幻想自己是偶像剧女主哈哈哈~,0,悠嘻嘻嘻猴,29667971
4,2019,11,14,最喜欢的一张专辑，所有歌都很爱,0,Lynette_Gao,1316226681
5,2019,11,10,anycall,0,网易索尼,316465030
6,2019,11,2,好听！！！,1,Stefanie_sun_taylor_Swift,1520826834
7,2019,10,31,志明与春娇,1,王贰的云音乐,440749251
8,2019,10,24,好听,0,我的队长脑膜炎,261581552
9,2019,10,23,19应该上大学了吧，这么多钱挺正常,0,像暗杀似的绕到背后给你一Jio,1359745788
10,2019,10,23,萧贺硕出品,0,gerry_xg,79016046
11,2019,10,22,哈哈哈,0,站在红土大陆上,328457863
12,2019,10,21,好听～❤️期待巡演,0,Ze_Zzzzzzzzzz,257903632
13,2019,10,21,D828-S7120U-i8262d-Note 4-S6 Edge-S10,0,青空-Aosora,33740839
14,2019,10,20,这样的歌可不就得燕姿唱吗,1,s酸牛奶s,1838933174
15,2019,10,15,盲生，你发现了华点[幽灵],0,取啥名都被告知昵称已被占用的人,63944747
16,2019,10,13,2007年单曲循环的一首歌,1,喜悦125,485621289
17,2019,10,7,14周年打卡,2,图片控-yanzi,281347420
18,2019,10,3,19岁的你，为什么这么有钱,0,The989,33261379
19,2019,10,1,这首很耐听,0,OK农夫,256952164
20,2019,9,26,我爱孙燕姿 永远,2,訾央伪装小漠漠,247480354
21,2019,9,21,换手机铃声了😂,0,找那首歌,105116724
22,2019,9,17,我记得有的。,1,爱鲤于的炒菜手Jay,261366700
23,2019,9,17,今天才发现这首歌的前奏真是好听，感觉仙乐飘飘啊！,2,碧湖漫步,134764
24,2019,9,16,好作品收藏起来[憨笑],1,淡氺河邊,1860116349
25,2019,9,10,今天一直循环，宝藏歌曲,1,tsuki在心里,625635078
26,2019,9,9,我是先听萧贺硕的版本，有不一样的感觉，或者说更有感觉。,1,动次打次520888,1580815043
27,2019,9,5,我们十三姐也是老司机了,0,isNn丶,362158056
28,2019,8,30,真好听。,0,超级赛亚人1号,60842835
29,2019,8,28,天黑得有一点快。,1,ENZOZX,261025423
30,2019,8,26,三星！,0,虎斑的大橘,1397932568
31,2019,8,21,8年了,1,Pepisi,328769525
32,2019,8,21,做了好久铃声,2,Pepisi,328769525
33,2019,8,21,我听的第一首,2,Pepisi,328769525
34,2019,8,17,车开得有点快[呆],2,Jonny1120,31156342
35,2019,8,15,流浪的地图,1,霉头霉脑云散月现自在飞花slay,42294326
36,2019,8,11,过去了就过去别再为难,0,luobo77lele,97888661
37,2019,8,9,看来是校友啦 祝前程似锦,1,小王子Henrik,373150249
38,2019,8,8,这首歌适合开车的时候听，音响开大，速度加快～,2,7things_,1318437548
39,2019,7,29,《流浪地图》像孙燕姿一贯的风格，似曾相识但又有点不同的感觉。这首应该是整张中比较中规中矩的一首。,3,识刀客,623315109
40,2019,7,28,"眼泪差点跑出来",0,我是180他老婆,503914594
41,2019,7,27,如今毕业工作了吧，祝一切顺利,1,小姿迷一个,31430708
42,2019,7,23,老乡啊,0,墙的回音,44852432
43,2019,7,23,这张专辑中这首歌很不起眼，但是是我最喜欢的一首歌,3,蛋挞挞挞蛋,101347281
44,2019,7,13,[可爱][可爱][可爱]是啊！记一辈子的事！,0,取一个你找不到的名字1,73340775
45,2019,7,13,卡,0,Chertime,83946830
46,2019,7,6,哈哈哈哈哈哈哈哈哈爱姿,1,一位不愿意透露姓名的十三姐,266784552
47,2019,7,6,十三姐？莫非你是燕姿[大哭],1,霉头霉脑云散月现自在飞花slay,42294326
48,2019,7,6,哇，好美好啊,1,一位不愿意透露姓名的十三姐,266784552
49,2019,6,30,超喜欢这首的啊,0,RainbowAfterTheRain,59825347
50,2019,6,25,伤心也没用，我已经走在流浪的地图。,1,Stefanie71,410964408
51,2019,6,15,巨喜欢这首！！！！！,2,林守乐,55243746
52,2019,6,11,循环中,2,愿君依旧笑,559237310
53,2019,6,10,好久没听了。感觉都不一样了啊,1,春水煎茶zzz,298330273
54,2019,6,9,太久没听这张专辑，这首真是意外的舒服,1,虎虎的14,40661749
55,2019,6,8,前几天脑内忽然出来了NANANA的旋律，一直想不起来是哪里的…回顾我姿专辑的时候才反应过来是这首！不得不说完美的一天这一张真的很耐听。,2,桑巴卡卡,112724165
56,2019,6,6,有幸在常州看过她的演唱会[可爱],0,姿此一生,101120344
57,2019,6,4,就当作没看见吧,0,十四阿七,106519156
58,2019,6,4,"作曲：萧贺硕
作词：萧贺硕
编曲：黄韵仁

已经添加修改，请小伙伴们重新刷新歌词",0,作词_作曲_编曲_MV导演天下第一,546057330
59,2019,6,3,小时候4-5的时候在我大娘家的幼儿园。因为爸妈工作没时间照顾我我和奶奶在我大娘家住。拿着我大娘的三星翻盖手机天天听。记得早上起来大娘逼着我和一杯盐水还有我大哥我不爱喝牛奶大娘逼着我喝我还哭过哈哈哈。那时候爱吃涮羊肉大娘天天给我和我哥做最后吃恶心啦。哈哈哈想想都好玩。现在长大了。,1,AKa国民女神,452300947
60,2019,6,3,这是哪家？四十三楼那家吗,0,清流渊野,137686190
61,2019,6,3,夏天来啦,1,奶茶还是好喝,5773686
62,2019,6,2,2020演唱会,0,狮子小猫,125984587
63,2019,6,1,流浪地球。。。,1,HufflepuffHogwarts,253324312
64,2019,5,30,看成了流浪地球,1,软爷__,131224051
65,2019,5,30,小时候爸爸诺基亚里的回忆，好快啊，我现在已经长大了,1,是今妹妹呀,426732380
66,2019,5,30,非常喜欢的一首歌，每个人都有自己的流浪地图吧，无关感情,0,青玉2333,87243010
67,2019,5,23,果然是先流浪地图，再流浪地球！,1,最近的晶,344842993
68,2019,5,22,[多多无语],0,唐某不沾刘女,347702944
69,2019,5,18,这首歌评论刚过千？不可思议,0,皇马名宿东契奇,71347717
70,2019,5,15,坐车上刚好听到了这首,0,姑苏客st,79800447
71,2019,5,10,假的，看他主页歌单就知道了…,2,可风zz,51380113
72,2019,5,10,突然想起小时候在妈妈的三星手机里听到的这首歌，那部手机里只有这一首歌，如今一听到前奏，过去的画面都一幕幕在脑海浮现了，真是美好的一段光阴,2,Eggs_33,560039337
73,2019,5,6,2019年立夏，突然想到这首久远的歌。,2,污水塘没有1707,351223183
74,2019,5,2,过去了就过去别再为难,0,Stefanie的小熊,389165231
75,2019,5,2,那种攀比垃圾评论也能上热评？？？萧贺硕可是这首歌的作词作曲[大笑],1,__Ereshkigal,112637723
76,2019,4,28,有太久了没听了  ，还是像第一次听的那么舒服,0,h_ullo,599921560
77,2019,4,23,"大学时第一次独自流浪，坐上南下深圳的火车，耳机里放着这首歌。和谈了100天的女友分手，人生第一次表白，不愿意再因暗恋错过，最初你并没有答应。我爱的孙燕姿阿加莎，第一次牵手后清晨落雨的体育场，想与你分享。费尽心思做了一切幼稚的""浪漫""事，从头到尾都是我虚构的恋爱，所以就让我静静离开。",1,天南十字星,17942317
78,2019,4,21,这首歌几乎完全展现了孙燕姿唱腔最舒服好听的部分。太适合她了,4,时间逆行流浪,475966614
79,2019,4,16,我是一年级,0,LouisConne,341880095
80,2019,4,16,萧贺硕唱的也蛮好听,2,九城一光年,96994603
81,2019,4,14,破千后的沙发由我守候,0,无处安放的某某,256097427
82,2019,4,14,1000！,0,终于天真,91789462
83,2019,4,14,999！,0,终于天真,91789462
84,2019,4,13,打破999[大哭],0,HYOUNG-,36261825
85,2019,4,12,还差3条 999+ 亲们 疯狂打call呀,0,sevenshty,293626129
86,2019,4,12,马上就999，安排！,1,May_fisher,1672347857
87,2019,4,12,？？？居然没有999+ 这是真实的吗,2,berry-Ms,84337047
88,2019,4,10,小时候听这盘磁带超级喜欢的歌呀 是听着闭着眼睛转圈圈的歌呀,1,Swamplandia,505298528
89,2019,4,10,刷起,0,尻面筋专业毕业,331908379
90,2019,4,9,好好听,0,爱拼的朵瑞思,369724318
91,2019,4,9,早安,0,爱拼的朵瑞思,369724318
92,2019,4,9,快999了,1,愿君依旧笑,559237310
93,2019,4,8,孙燕姿,1,如我-梦中人,1556368224
94,2019,4,8,突然很想听这首歌,1,如我-梦中人,1556368224
95,2019,4,8,惜君卸妆什么样子？[大哭],2,如我-梦中人,1556368224
96,2019,4,7,神专...十四年了！！ 我也三十的老男人了[流泪][流泪][流泪],3,柠檬X可乐,342722514
97,2019,4,6,每次开车听到这首歌就特别有感觉,0,Jianbo_Lee,345934294
98,2019,4,5,这首歌真的很适合开车时候听,1,杜长夏,498428779
99,2019,4,4,把地图放心里带着它流浪,1,哈哈哈哈是你呀,368789478
100,2019,4,2,        地图,0,DAn想,1811025924
101,2019,4,2,  燕姿,0,DAn想,1811025924
102,2019,4,1,夏天的感觉,0,O_oHULLO,343829645
103,2019,3,28,万事顺意,1,旻綠,317674840
104,2019,3,27,过去的就过去别在为难,0,我爱夏天在我耳边碎碎念,90943482
105,2019,3,24,完美的一天真的很棒呀！,0,酸酸辣豚骨面面,35716722
106,2019,3,24,999+,0,judelc,99703579
107,2019,3,24,只有你听流浪地图，我们就是好朋友,3,茂冒帽毛猫貌矛,76861000
108,2019,3,23,我用了好几年的手机铃声居然还不到999,2,夏天盖棉被的男神,51015045
109,2019,3,23,"静静地就让我离开 过去了就过去了别再为难 脑袋很乱了让我留一个出口 说好了不哭泣别再遗憾 ...",0,MrBeards,415186295
110,2019,3,20,助力999+！她的声音怎么都听不腻🥰,4,ysyya,1481982894
111,2019,3,20,留一个出口 一定要出来,1,郭亮Stef,287006489
112,2019,3,20,哎呀,0,黑夜给我了我一双黑色的眼睛,283398331
113,2019,3,19,每次听到nananananana就像回到八九岁的时候，那个刚刚开智的年纪[大哭]那个三年级的夏天,1,_Kamu1,61743774
114,2019,3,19,助力999,0,我见过刘惜君卸妆的样子,334865174
115,2019,3,18,明人不说暗话，我喜欢燕姿，最爱的偶像,1,Joyce的橙子,1665584207
116,2019,3,18,2020演唱会能帮我捎张票吗？我怕抢不到，喜欢燕姿那么久没成功去过演唱会[大哭],7,Joyce的橙子,1665584207
117,2019,3,18,名字是的，不知道是不是本人,5,Joyce的橙子,1665584207
118,2019,3,18,来自朋友安利，太好听了。,0,-如慕流年-,1414525862
119,2019,3,18,马上999啦！,0,fortpoi,124239758
120,2019,3,17,流浪地球的流浪地图💁,2,帐号已注销,1500623220
121,2019,3,17,打卡,0,玉暖红燕,74436896
122,2019,3,13,过去那段 不是虚构的恋爱,0,纳小子真帅,427219096
123,2019,3,12,有人说，当网易云给你推荐评论是999＋的时候，是在试探；当网易云给你推荐不足999＋的时候，是网易云专门给你准备的礼物,1,笑不笑都高冷,260152048
124,2019,3,11,说不出的欢快感，听了心情愉悦,1,JayHebe1707,536567712
125,2019,3,10,哈哈哈哈 然后呢,0,这儿有一支未来牌香烟,86402378
126,2019,3,6,[多多大笑],0,正在更新请勿关机,567302213
127,2019,3,5,所以你和孙燕姿是姐妹？,3,我放的屁逗是香的不信你闻,23149297
128,2019,3,4,打卡,0,咕叽咕叽WOTM,364196459
129,2019,3,4,2020巡演走起,2,很摇滚滴事,98010521
130,2019,3,3,好听惨了,0,来自琅琊阁的外星人,49231933
131,2019,3,3,赞呢,0,Entrance__,395091007
132,2019,3,2,日推让我来助力999,1,Lorenzo_Tom,135155
133,2019,3,1,我来助力999！,0,fortpoi,124239758
134,2019,2,28,我也是云南的呢 万一我们是同一个小城hhh,1,对呀对呀对呀对呀对呀对呀,109020330
135,2019,2,28,为999添砖加瓦…,1,永不島之風,13033115
136,2019,2,28,太好听了,1,Caklo3,284569009
137,2019,2,28,自由的味道 就像薄荷糖和我姿的声音,0,Snow慢_,288819348
138,2019,2,26,我觉得完美的一天里最好听的一首歌,0,Y淘淘,283975376
139,2019,2,26,燕资快开演唱会吧！！,0,蝉鸣的小贝壳,63026807
140,2019,2,24,流浪地图需要出口,0,伴我同行come,81410179
141,2019,2,23,无敌的声线,0,TOO-OO,296090497
142,2019,2,23,为999贡献力量,0,大广川,425306916
143,2019,2,23,流浪地球也需要看一下地图,5,安多木子,470530002
144,2019,2,22,是孙燕姿啊,0,魚丁糸的青峰粉,258894768
145,2019,2,22,在你的时间线女爵是2001年出的？,0,巖巖,260090118
146,2019,2,22,陈绮贞给杨乃文写歌是2001年 这首2005年 穿越借鉴？,0,相遇之地,550603206
147,2019,2,21,很好听呀,0,NicoleLee88,53221809
148,2019,2,17,十四年了,0,小胜酱,287766794
149,2019,2,17,冷门金曲,0,李校尉,40378169
150,2019,2,17,不只是狗的片段。。是我一个人吗。。听岔多年了,1,Nembutal,285968582
151,2019,2,16,流浪地图+流浪地球🌍=飞出太阳系💫,2,Soybean-y,305094439
152,2019,2,16,咋这点评论,0,misscoral,54792200
153,2019,2,14,今日日推[大笑],0,瞎子de星星,367546748
154,2019,2,13,燕姿所有的歌都循环一遍，这首是能循环最多遍不腻的,1,Stefanie张,263567099
155,2019,2,10,流浪地球最好的地图,1,涂小鹿,405333288
156,2019,2,9,哈哈哈哈哈哈哈 我才看完 想听流浪地图时  才发现和地球只有一字之差,0,UNtitled冷,1448262145
157,2019,2,8,"流浪地球太悲壮了，还是燕姿温暖～
大家一起写下感触，让它变成999+[钟情]",5,IcyinJuly,566777928
158,2019,2,7,流浪地球的地图,1,想起的名字被起了,258247372
159,2019,2,6,这是零几年在妈妈三星手机里听到的歌，十几年后我又翻出来听好几十遍。儿时的我一个人在家躺在沙发上拿着手机一遍一遍跟着哼唱。那时候听歌得买cd，小学时期我买得最多的就是这玩意儿，别人家小朋友过节过生日家人给买玩具买玩偶，我是买cd。解放碑新华书店2楼，一直记得。,3,波卡利酸,1348826165
160,2019,2,6,从偶然相识，到现在，过去这一年点点滴滴，很感激上天，给我一段珍贵的回忆，过去的的就过去了，没有遗憾，也没有为难，人生苦短，及时行乐，每个人都是一个旅客，没能在一个地方安家，那就重新背起行囊，开始下一段旅程，2019年才刚开始，感恩过去，珍惜当下，也期待明天。,2,眼里有星辰的喵,265050372
161,2019,2,4,19岁就有两万存款了 真棒,3,赤名莉香shmily,296000241
162,2019,2,1,差点看成 流浪地球,4,Demonsse,338854776
163,2019,1,31,有点淡淡的忧伤，又有点希望的感觉。,2,驿站小憩,2897791
164,2019,1,30,又听到啦,0,小米糕啊,1436371488
165,2019,1,29,今天再听才发现是萧贺硕的词曲👏,1,皓月疏竹,107806840
166,2019,1,28,我需要一个出口,0,我今天很好你呢,1358216476
167,2019,1,27,"sorry,涉及版权问题，既然这首歌被她卖给了燕姿，她只能是翻唱",0,围绕错觉,19086948
168,2019,1,26,网上有寻人启事那位，哈哈哈哈哈哈哈！,0,小米糕啊,1436371488
169,2019,1,25,曲子都是出自陈老师,0,巖巖,260090118
170,2019,1,24,杨乃文的比这首早了好多年…,0,gerry_xg,79016046
171,2019,1,23,余音绕梁。,0,GOTPOI,566878519
172,2019,1,22,没有999,0,YZKEPLER,42348015
173,2019,1,21,买了份中国旅游地图,2,暮至明,94756999
174,2019,1,20,周末落雨 听歌想你,2,Mollyforest,327758240
175,2019,1,18,我居然第一次听这个版本,0,阿拉土肥鸡蛋卷,69617016
176,2019,1,14,十多年前三星手机里面有这首歌[大哭],3,HYOUNG-,36261825
177,2019,1,12,"你不要再来找我啦，因为，我已经走在流浪的地图上了。
有点
Let me take you down, 'cause I'm going to Strawberry Fields.
Nothing is real and nothing to get hung about.
的感觉",0,_C栗子,95419591
178,2019,1,12,好听,0,孙燕姿的人,627071379
179,2019,1,11,真好听,0,雨陨,31875806
180,2019,1,11,人要学会，停止流浪，我也一样。,3,小可爱祝大宝,127697489
181,2019,1,10,这首是真的太好听了,0,_C栗子,95419591
182,2019,1,10,第901🤗,0,Heart冰曦儿,529576216
183,2019,1,10,我是第899的人哦 后面那100+就靠你们了哦 哈哈哈🥳,0,匿名的匹诺曹,269630507
184,2019,1,10,我是第899的人哦 后面那100+靠你们了哦 哈哈哈,0,匿名的匹诺曹,269630507
185,2019,1,10,喜欢你很久啦,0,Stefanie71,410964408
186,2019,1,9,陈绮贞的烟火同杨乃文的证据大概是借鉴了这首歌,0,巖巖,260090118
187,2019,1,4,爱过的痕迹会一直存在,0,喻我与你,107031866
188,2019,1,2,首页给我个位置  我要来表白孙燕姿~ ,0,孙燕姿的小迷妹啊,327977684
189,2019,1,2,希望2019 燕姿和 姿迷都开开心心， 如愿以偿。 ,1,孙燕姿的小迷妹啊,327977684
190,2019,1,2,我不想离开呀~,0,孙燕姿的小迷妹啊,327977684
191,2019,1,1,居然连999都没有(>﹏<)不应该,0,我才是夏小曼,66716805
192,2018,12,28,💙💙💙,0,你这颗烂白菜,317113523
193,2018,12,28,啊哈哈哈哈哈！我06年上的大一！,5,取一个你找不到的名字1,73340775
194,2018,12,28,你暴露年龄了，，，我大一时候我还偷过超市贴的她代言的冰红茶海报，哈哈哈,12,__beibei__,1644131821
195,2018,12,25,后来呢,0,海外小仙人,65586509
196,2018,12,23,原创和原唱不是一个意思，这歌原唱是孙燕姿。同例很多，如王菲的旋木，王是原唱，后原创作者也唱过。严格意义上说，原创者的也属于“翻唱”。,0,掩耳听歌,109474460
197,2018,12,22,惊了 当年我妈妈的手机里的唯一一首自带歌曲！,1,马了婷大,262136407
198,2018,12,21,发现宝藏啦!,0,lylmiy,1328219937
199,2018,12,20,我要一座大房子,0,lincause,340025618
200,2018,12,16,为什么没有999+？,0,Clearlove-Jack,107105088
201,2018,12,12,哈哈哈哈你歌单真是,2,加油啊开飞船的大哥哥,1368279288
202,2018,12,11,原唱当然是孙燕姿啊，看原唱又不是看谁写的,0,彼得潘与狼,261245021
203,2018,12,6,过去了就过去别再为难,0,未完成322,1640324721
204,2018,12,4,我要单曲循环了！,0,江城出猎,315536215
205,2018,11,30,严格意义来说燕姿应该算是首唱,0,alecsun,83500310
206,2018,11,30,萧贺硕的词曲作者写给燕姿唱的，她自己后来发专辑也重新唱了自己的版本，说她是原唱也不为过,0,alecsun,83500310
207,2018,11,29,燕姿才是原唱呀,0,H-S_Sun,296312220
208,2018,11,28,原唱是孙燕姿，谢谢,1,宇多田污,39336051
209,2018,11,24, 让一下  我占个位置。,2,孙燕姿的小迷妹啊,327977684
210,2018,11,23,啦啦,1,Sktt1_deft,263550078
211,2018,11,20,真是燕姿妹妹啊,0,想风就前行,90797457
212,2018,11,18,燕姿,0,狼皇wolf,442271789
213,2018,11,16,满满的回忆,0,ZY-7,17531038
214,2018,11,16,过去了就别再为难。,0,Stef-木魚,70036533
215,2018,11,16,飞吧,1,暮至明,94756999
216,2018,11,16,燕姿的声音很适合唱歌，无论什么旋律都能加上一层滤镜,4,用户277381598,277381598
217,2018,11,15,虽然是燕姿粉，但这首还是原唱萧贺硕的版本更棒,0,alecsun,83500310
218,2018,11,8,以前错过了 越听越好听[钟情],0,南溪程,260917953
219,2018,11,8,我妈用的是银色的翻盖手机， 当时好像2000多呢,0,设身楚地,40703845
220,2018,11,6,听了萧贺硕的版本，还是更喜欢燕姿嘻嘻，是勉强愉快的流浪～,0,石见白,106928866
221,2018,11,6,我妈以前三星手机里的歌，越听越好听,1,郁李ovo,308936756
222,2018,11,6,越听越喜欢💛,0,树wm,123279055
223,2018,11,2,神曲,0,彼得潘与狼,261245021
224,2018,10,31,非常喜欢萧贺硕的流浪地图，才知道燕姿也唱过[呆],0,Ookcheoniii,70778529
225,2018,10,30,少时听熟的歌，竟在而立之年才真正听懂，感谢陪伴[拜],2,牛栏山二锅喵,421956370
226,2018,10,28,[亲亲],0,野小玄,44137665
227,2018,10,25,棒棒哒！有没有奖品？,0,取一个你找不到的名字1,73340775
228,2018,10,22,哈哈这可是燕姿耶，怎么可能没人听,3,乐色我就是一个乐色,115752028
229,2018,10,15,我也是一样的,0,用户1565762831,1565762831
230,2018,10,14,当然是我燕姿,0,漂浮群岛走吧,121974190
231,2018,10,14,听这首歌想放下 有一瞬间,0,失眠的火山X,124581787
232,2018,10,13,橙色的翻盖手机,1,不能傻里傻气的奋斗,115882390
233,2018,10,12,突然觉得好好听，可以旅行的时候听，或许更有感觉,1,R_Stone,1296115051
234,2018,10,11,隐形神曲,0,zlovestef,37262024
235,2018,10,6,流浪  喜欢 喜欢,0,树wm,123279055
236,2018,10,5,[爱心],0,两只荆棘鸟,359212051
237,2018,10,5,[色],0,两只荆棘鸟,359212051
238,2018,9,27,三星滑盖手机,0,战场老司机,545307
239,2018,9,27,第一部手机[可爱],0,船长的虾,112471061
240,2018,9,25,[撇嘴]不会是家里的存款吧,0,姿迷,7559252
241,2018,9,23,隐藏神曲,0,121个逸儿,129095979
242,2018,9,20,初三的姐妹很喜欢这首[哀伤],0,Cagurls,57342479
243,2018,9,17,[爱心],0,lvzx_,35626627
244,2018,9,12,过去的就让它过去别再为难,1,高分少年丶,397032372
245,2018,9,12,神曲,0,徐鸟,79462360
246,2018,9,11,一个破手机自带的歌，时间太久远了,0,风吹寒雪乱,51983424
247,2018,9,11,爱过的痕迹，会一直存在[可爱],0,O_oHULLO,343829645
248,2018,9,11,这首歌非常好听！！！,0,O_oHULLO,343829645
249,2018,9,10,为什么这首歌评论这么少？不科学!,0,davidhbb,1454691622
250,2018,9,7,助攻999+,0,栗子小野,295352715
251,2018,9,6,这首歌评论不过千 大家都在听什么啊 燕姿啊,0,唔与徐公孰美,136378251
252,2018,9,5,好听,0,jinjie66,340777958
253,2018,9,5,美好的旧时光 in my heart,0,jinjie66,340777958
254,2018,9,5,太好听了,0,鲸与天空ocean,294942951
255,2018,9,4,小时候我爸手机闹钟的铃声，以前听到这首歌就知道该起床上学了…现在一听到这首歌就会思念家乡，想回到童年，回到我还没长大爸妈还没老的时候,0,EtihwXD,58216420
256,2018,9,4,这首歌没有999+不正常,0,家叔抵万金,246101366
257,2018,9,2,很早听过，后来怎么也搜不到，没想到今天一搜竟然出来了，激动啊[吐舌],1,Pika--Chew,269591440
258,2018,8,28,大学的回忆。。渐渐老去的85后。。,1,逝去的记忆盒,572386799
259,2018,8,23,这首也好听,0,蜂蜜小蜜蜂030,103472140
260,2018,8,22,那么 原唱是燕姿还是贺硕,0,长大后我们成为了自己讨厌的人,509865359
261,2018,8,20,大爱我燕姿[亲亲][亲亲][亲亲][亲亲],0,你有软趣味,413803844
262,2018,8,20,真好听真好听真好听[色][色][色][色],0,你有软趣味,413803844
263,2018,8,18,还能怎么着，宠着呗，我们都爱孙燕姿哈哈哈,3,芸蝈蝈,355128266
264,2018,8,18,傻逼室友闹着要听这首歌,4,芸蝈蝈,355128266
265,2018,8,17,这么好听，,1,1YZYOUNG,1386944755
266,2018,8,16,这首歌愉悦了我,2,孑孓27,1330635077
267,2018,8,15,小时候听磁带，一直以为，不只是狗的恋爱，原来是，不只虚构的恋爱哈哈哈哈[大哭],1,左歌Caelyn,40774970
268,2018,8,14,好听啊,0,宇伦,44210086
269,2018,8,4,竟然没有999+？？？？？,0,裴珠泫男友,396114919
270,2018,8,4,终于找到这歌了，童年的第一台手机附带的铃声，那个时候手机只有一首歌，我又不懂怎么录歌进去，于是就经常单曲循环，尽管是这样，还是听的蛮开心的。[大笑],1,lianglinge,448728300
271,2018,8,3,爱过的痕迹会一直存在。,0,_诗芊,81037679
272,2018,8,2,我和你一模一样 云南高中 广州大学 很喜欢孙燕姿,2,小猫渣渣渣,94769742
273,2018,7,31,我已经走在流浪的地图。,0,众生皆一色,115725217
274,2018,7,30, 每次听这首歌总能想起一个姿迷朋友，朋友最喜欢的就是这张专辑这首了，那个夏天我们互相安慰失恋的对方，也一起去音乐节看燕姿，还相约以后一起去花莲，虽然现在各自都很忙，也已经很久没再聊起各自的生活，但你在我心里仍然是一个值得的朋友！感谢燕姿让我遇见你，我永远不会忘记那个夏天,0,孙霉菲,486142030
275,2018,7,30,这首歌依然是最爱 为啥不是999 不科学呀,0,delayflower,570945448
276,2018,7,29,夏天的傍晚，吹着风，特别适合听这歌,4,NovakDamon,65603302
277,2018,7,28,"我能流浪到哪兒？
北方太冷，南方太熱，地球要淹沒了",1,布鲁斯37号,454262282
278,2018,7,25,"以前听歌从不评论,就只有你的歌总是去评论...哈哈是不是太矫情了",0,杰杰已注销,355106905
279,2018,7,23,没有999？不科学啊 ,0,dorianamot,362553349
280,2018,7,23,生日快乐🎈,2,dorianamot,362553349
281,2018,7,22,我以为我得到了整个世界，原来一切都只是我想象的样子而已！为了你，我不顾一切，我伤害别人，伤害自己，我多么可悲可怜可恨！我的两次伤害，你是否能愧疚一点，心疼一点，心疼一点！你给我的除了伤害就是无尽的谎言，希望你的余生能过的心安理得！这里是你们的美好回忆！多么可笑！为什么可以这么傻…,0,清清清清清风徐来,334963933
282,2018,7,21,想在歌词最后一句话流浪的地图后面加两个字，“之外”，因为总有一天我们终会在流浪地图之外,0,夏柯Vayan,46022174
283,2018,7,18,FM97.5放了这首歌今天,0,MaggieMengMeiQI,570159918
284,2018,7,18,当起床铃声,0,7leave,41611268
285,2018,7,17,太好听了,0,钻漾闪闪,97828101
286,2018,7,15,西华师大.....反正你也不知道.....,0,取一个你找不到的名字1,73340775
287,2018,7,15,哈哈哈哈！棒棒哒！,0,取一个你找不到的名字1,73340775
288,2018,7,12,没有999……不科学啊 ,0,dorianamot,362553349
289,2018,7,12,"这两天单曲循环这一首。
",0,雨还是不停地落下_,100825170
290,2018,7,12,我也因为唱同类拿了校园歌手奖[呲牙],0,莫濔濔,107328555
291,2018,7,9,大家听听萧贺硕（词曲作者）的版本吧，求您咧,1,尻面筋专业毕业,331908379
292,2018,7,9,和萧贺硕都好听,1,窗外不归的风,915971
293,2018,6,29,6.29。事情没解决。这次可能真的完了……,0,CSNrebrth,531162774
294,2018,6,26,06年夏天听的歌，少不更事唱着歌无忧无虑，对即将发生的事没有预见,0,H晓晓,134004303
295,2018,6,23,这个独自享受就很有灵性。,0,当然是GEM啦,441791395
296,2018,6,17,06年我的第一部手机，三星彩屏翻盖，自带歌曲，这首歌很能提现音质的，回想一下，还是有很多的回忆的。。[呆],1,大象牙膏,249365611
297,2018,6,16,I don't think so！！！！！都好听,0,天天hugh,330746624
298,2018,6,13,大概05年妈妈三星手机自带的来电铃声,1,老鱼同学的梵阿琳,339079820
299,2018,6,12,FM88.0今天是不是放了这一首歌？,0,覃卡卡,105212943
300,2018,6,12,[憨笑],0,喘了也累了,539823778
301,2018,6,10,多年前曾经循环的歌，今天突然想起这个旋律，又来听[大笑],0,timotimotimolg,136709274
302,2018,6,9,我觉得是leave,0,跳舞的克卜勒,122786310
303,2018,6,9,隐藏神曲。,1,跳舞的克卜勒,122786310
304,2018,6,9,这歌听起来特别舒服,0,Limerence--lk,89008112
305,2018,6,6,最爱孙燕姿,0,跳舞的梵谷yanzi,318974517
306,2018,6,6,爱燕姿,0,跳舞的梵谷yanzi,318974517
307,2018,6,5,啦啦啦啦啦啦，我猜你也在期待流浪，陌生人你好吗,0,家叔抵万金,246101366
308,2018,5,31,05年买这张专辑的时候在上高中，今天刚到单位没事又听了这首歌，已经30岁的我莫名的想到了那些高中的岁月,0,yyy_Link,63679777
309,2018,5,29,车开的有点快[憨笑],0,Kepler-_-,300077987
310,2018,5,29,今天又随机播放到这首歌了，嘻嘻，依旧没有999+，嘘，独自享受[呲牙],0,豆花DOUHUA,69401322
311,2018,5,29,nanananananan  这段有毒,0,feiffffelixxxxxlin,336271654
312,2018,5,27,我也觉得是假的,0,Erika_Linder,305117600
313,2018,5,20,吐槽一下 歌词好多错误,0,晴时有风阴有时有雨,94303860
314,2018,5,19,歌词为什么是错的还不改！！,1,Stefanie的小熊,389165231
315,2018,5,18,"那时宿管放的起床歌，还有那首完美的一天。。。听完就精神抖擞的备战高考了。。。
   听着听着，总会莫名其妙回忆一些伤感的流逝的关于青春的东西，想哭，但是你让一个奔三的爷们如何哭得起来？？？？？",2,所谓的果兄,48728411
316,2018,5,17,你是不是真的啊？,0,设置旋律昵称,269901296
317,2018,5,17,真的是燕美吗 😳,0,有爱姿病的程序圆,290885829
318,2018,5,15,此刻真想流浪。。,0,Andy田儿,405724796
319,2018,5,11,舅服你,0,Delicious_way,343809808
320,2018,5,8,小屁孩,0,reallyudian,31079401
321,2018,5,7,过去了就过去,0,ddarkwhite,548737444
322,2018,5,7,别在为难，脑袋很乱了,1,鲸与天空ocean,294942951
323,2018,5,2,妈妈08年三星手机里自带的歌一晃十年啦,0,我的队长脑膜炎,261581552
324,2018,4,27,听了燕姿8年的歌，这首第一次听到，然后单曲循环,1,大笑balabala,370379906
325,2018,4,23,[哀伤][哀伤],0,CSNrebrth,531162774
326,2018,4,20,"好久没有听这首歌了
",1,Goon66,122002802
327,2018,4,20,神曲,0,离开释怀很短暂又从来,253572516
328,2018,4,17,听完这首歌睡觉，晚安😊,1,nidemingzi你的名字,586048443
329,2018,4,16,+1,0,神的孩子_在跳舞,126259407
330,2018,4,16,一念之间。我也不知道。其实很多没有放下但是也从没有拿起过。既来之则安之。                                                                      晚安 弟弟。❤️@路人甲GB ,0,Ulva派星,120338945
331,2018,4,14,居然还没有999+😒,1,nidemingzi你的名字,586048443
332,2018,4,5,这个 超级好听啊,0,鳄鱼吃大嘴猴,117944397
333,2018,4,5,天，这么好听。,0,跳舞的yanzi,287088787
334,2018,4,5,所有的故事想说却说不出口…走在流浪的地图，一个人流浪吧。,0,跳舞的yanzi,287088787
335,2018,4,5,嗯，有些时候是，所有的故事想说却说不出口~经历过的人想必对这首歌特能理解,0,夏小莫,869908
336,2018,3,31,常听燕姿的歌，但这的确是一首不常听的歌，在某些时候听时会发现原来燕姿这首歌还是很feel！[大笑],2,世说Xin语,122790135
337,2018,3,29,这首歌太适合搭车的时候 看风景听了 ,1,Nianniannnnnnnnnnnnnnn,607038617
338,2018,3,28,慢慢听，很适合跑步听,0,33轉的LP,630862795
339,2018,3,26,[亲亲],0,赟光,454310581
340,2018,3,26,确实是啊 ,0,訾央伪装小漠漠,247480354
341,2018,3,23,萧贺硕作品集,0,害淡,45874458
342,2018,3,20,所有的故事想说却说不出口。错过的就是错过。,1,林西iii,291098156
343,2018,3,19,这首歌真的超好听,0,Stefanie_kf,260396530
344,2018,3,16,以前跑步时常听这首歌,0,33轉的LP,630862795
345,2018,3,16,车开得有点快[呆],1,Jonny1120,31156342
346,2018,3,8,懊恼现在才听到这首歌。,0,z夜阑卧听风吹雨,271671755
347,2018,3,7,各有各的特色,0,盐水房子,101001124
348,2018,3,6,看到这么少的评论数，我就放心了。毕竟好东西舍不得跟别人分享。说的我好吝啬[吐舌],1,颜欢997192380,275831895
349,2018,3,6,[色],0,颜欢997192380,275831895
350,2018,3,4,"很久没有和自己提起你 久违感纷至沓来 不是没有想过
以什么样的关系结束最为妥当 自然而然作鸟兽散
不如沉默 然后看时间选哪边",0,云衡Winnie_,485359751
351,2018,3,4,开口跪,1,路过的狂歌者3,484443340
352,2018,3,4,燕姿的歌曲 好多都有na 数不过来了都,0,意达哟,71599944
353,2018,2,25,不需要虚构的恋爱,0,BLADE-羽帆,280916072
354,2018,2,23,是长春人么[大哭],0,悠嘻嘻嘻猴,29667971
355,2018,2,22,可以算是神曲了吧！居然没人？,0,St4Y丶,529533263
356,2018,2,22,这么好听的歌没人？,0,St4Y丶,529533263
357,2018,2,22,居然没人！,0,St4Y丶,529533263
358,2018,2,22,居然没人？,0,St4Y丶,529533263
359,2018,2,22,没人？,0,St4Y丶,529533263
360,2018,2,19,999+助力,0,St4Y丶,529533263
361,2018,2,19,音色一出来就是90分起跳。,0,帐号已注销,407362159
362,2018,2,17,竟然没到999 ？忽然怀疑世界,0,刘刘刘你妹,370538110
363,2018,2,16,新年快乐！！,0,Strangeree,278526814
364,2018,2,13,无意间随机随到了，就变成了单曲循环,1,走误,111744225
365,2018,2,11,超有画面感,0,更迭的人海里,559434243
366,2018,2,6,想要出去走走,0,认真减肥的囧小V_,273883230
367,2018,2,6,回忆中的味道,0,THAT男人,271111650
368,2018,2,4,打卡,0,180cm一,115012093
369,2018,2,2,每天都给我推资妈的冷门神曲,0,桎唔语,130707175
370,2018,2,2,岁月痕迹,0,王金1711,632842409
371,2018,1,26,青春岁月里的记忆,2,尚好的青春慢慢来,363000916
372,2018,1,17,车开的有点快 (°ο°)~@ 晕倒了..,1,o0-listener-0o,131095397
373,2018,1,14,17:07,1,字迹微寒,100562566
374,2018,1,10,谨以这首歌告诉大家，车不要开太快谢谢[拜],1,赫里尔德,410343541
375,2018,1,8,为啥要踩一个才能赞扬另一个？热评有些奇怪啊,2,暗夜人妖,35303820
376,2018,1,6,感觉神曲系列,0,鲸与天空ocean,294942951
377,2018,1,4,17:33,0,林守乐,55243746
378,2018,1,4,这张专辑刚开始不喜欢，后来发现都好好听,2,NathanNi98,356414454
379,2018,1,3,2017年最钟爱的歌手孙燕姿，听得最多也是燕姿的歌，喜欢燕姿10年，青春充满燕姿歌声，真的很幸运！,3,猪猪盗飞车,117928688
380,2018,1,3,隐藏歌曲,1,梁楨卓,102698690
381,2018,1,2,上一次 是一个人的西双版纳 为了梦想 这一次 是一个人的武汉 为了逃亡 下一次流浪 还会单曲这首歌呀 躺在第一部手机里的回忆[憨笑],1,燕芬啦,78955687
382,2017,12,31,燕姿的歌 每 首 都 好 听！！,2,959怡,262591717
383,2017,12,31,加完班，在车上听到这首歌。爱过的痕迹会一直存在。,0,饭莽莽Florencia,18462670
384,2017,12,31,过去了就过去了 别再为难  2017再见 2018你好,3,张港运,247108035
385,2017,12,29,说出了我的心声啊,0,LZAKU,56740392
386,2017,12,28,两个人唱的各有各的感觉,0,MoonYolanda,119771133
387,2017,12,28,冷门金曲，高三的一段时间里几乎每天都在单曲循环,1,someone96,556870722
388,2017,12,24,每次听这首歌，脑袋里都是当年和妈妈在大润发的班车上，妈妈的手机放着这首歌,1,cccc-hh,267352346
389,2017,12,22,应该是 说好了 不哭泣 别再遗憾 吧,0,xiaowss1993,338800894
390,2017,12,22,脑袋很乱了 让我留一个出口,0,xiaowss1993,338800894
391,2017,12,21,爱你的二姐[亲亲],0,等不到的晚安与我无关,375186998
392,2017,12,21,所有的故事想说却说不出口。,0,帐号已注销,129677332
393,2017,12,14,这张专辑是被姿迷以外的人 诟病最多的一张专辑，姿迷觉得燕姿的每张专辑都是超好听的。其实我个人觉得燕姿这张专辑很好听，很耐听，虽然转型之作总是被不认可，也有了《第一天》这样的大热的歌曲。其实《完美的一天》就超级抓耳，很好听。很喜欢，比如《隐形人》《眼泪成诗》都很好,1,东东夜奔,321394485
394,2017,12,14,好听  最近好爱这首,0,一濑知,334341348
395,2017,12,13,卧槽，我初中的时候玩我妈的三星，里面也有这首歌，还有一个《隐形人》mv，我没事就拿出来循环，难道这首歌是当时三星宣传曲？[惊恐],3,熊小young,63286584
396,2017,12,13,流浪的地图,1,跳舞的yanzi,287088787
397,2017,12,13,[爱心],1,跳舞的yanzi,287088787
398,2017,12,11,好好听。,1,跳舞的yanzi,287088787
399,2017,12,11,"萧贺硕的歌，好好听
",1,713而不是731,257572836
400,2017,12,10,第一次听这首歌是在我姐的Q5上，一遍而已就爱上，神奇，居然没有999,0,聆听随风中,252862124
401,2017,12,7,西华师范大学.....,0,取一个你找不到的名字1,73340775
402,2017,12,6,woc，哪个学校？,1,StefanieWY,408156180
403,2017,12,3,真的很好听一首歌 燕姿的歌像一瓶愈久愈香的老酒，要不时拿出来品尝，每次都有不一样的味道。当初完美的一天 这张专辑被看作是燕姿的滑铁卢，但在当时也是燕姿尝试突破的一张专辑，总之我是很喜欢。不过总是被《第一天》这样的太具代表性的歌，掩盖很多好听的歌。可以拿出来听听吧,0,东东夜奔,321394485
404,2017,12,2,流浪的地图,0,Silence_ym,12702521
405,2017,11,30,媳妇你的歌每首都好听!!!!,0,万勼勼,51074354
406,2017,11,29,不是谁狗的恋爱？,2,神梦宗,312574800
407,2017,11,28,别再为难……好的！,0,不关我的事啊_,278554860
408,2017,11,27,不是狗的恋爱~[可爱],0,万勼勼,51074354
409,2017,11,25,"听听萧贺硕唱的吧，也好好听
",0,水蜜桃啵啵鸡,92912093
410,2017,11,25,30了[呆][呆][呆],0,取一个你找不到的名字1,73340775
411,2017,11,24,星期一天气晴 我离开了你 ,1,十一年后我,2504800
412,2017,11,23,咋还有人不信？,0,取一个你找不到的名字1,73340775
413,2017,11,23,啊，难道我还编啊……[惊恐],0,取一个你找不到的名字1,73340775
414,2017,11,23,来成都嘛，我们去唱歌[奸笑],0,取一个你找不到的名字1,73340775
415,2017,11,22,不知不觉孙燕姿都快40了，岁月这把刀真是谁都躲不了[流泪][流泪][流泪][流泪],0,顶级你们,37738729
416,2017,11,22,评论停在677。那我就678吧。好想遇到个温文尔雅幽默风趣的好男生呀，像陈信宏那样的，哈哈,1,叶亲亲的,271055149
417,2017,11,21,跟前女友分手6年多，可以好好的听这首歌了,0,软炸西瓜,36334562
418,2017,11,20,更爱燕姿的版本[奸笑],0,我是Aquarius,126158989
419,2017,11,20,这歌很带感,0,黒色柳丁,278651159
420,2017,11,20,评论才这么点儿,0,黒色柳丁,278651159
421,2017,11,20,过去了就过去别再为难,0,傲慢的上校yao,17748403
422,2017,11,19,三星、D808,0,蛋猪,48066417
423,2017,11,18,居然不是999,0,邹亮亮leon,29972256
424,2017,11,17,静静的就让我离开 没有的 离不开的,0,我患有严重的脸盲,253600069
425,2017,11,17,虽然666，但是我来占个667[亲],0,痱子-,130935979
426,2017,11,15,又一首隐藏的好歌,0,燕儿大城小爱,104857830
427,2017,11,14,初中时候第一次拿到mp3 躲在被窝单曲循环最多的一首歌 那个时候还不知道燕姿 只是就记住了这个声音 ,0,xinbabay,72359953
428,2017,11,14,窗外初冬的阳光明媚，心已经飘向远方,0,茉的岛屿,437714758
429,2017,11,7,今天随机播放又放到这首歌了，仔细一看评论这么少，不科学😂,0,豆花DOUHUA,69401322
430,2017,11,6,其实大部分郑怡认为我不够好的结果，都是我不够爱她的表现，而我也确实没有那么爱上她，从一开始的嫌弃她的家庭背景，嫌弃她的负面情绪，到后来在马路上离她很远并没有想黏在一起的快乐和冲动，都说明了我没有那么爱她。我真正珍惜的深深爱上的是吕惊鸿,0,涂晓宇Sure,39764739
431,2017,11,5,旅程的时候听这歌，非常棒,2,xf帆,91895203
432,2017,11,5,好喜欢这首,2,逆光汤,130355653
433,2017,11,5,电子编曲出色,0,青空日和,44806789
434,2017,11,5,熊腾是猪,0,第二天fat,455798472
435,2017,11,4,在长途客车上，最前排，夜幕降临，华丽的夕阳拉出了粉红色的霞光，伴着城市的灯光，歌声响起,0,置玖高殿上,342758843
436,2017,11,3,哈哈哈又看看到你了,0,半座城池丶,500055772
437,2017,10,31,我的青春里住着一个孙燕姿❤,3,追疯政的二愣子,376916018
438,2017,10,29,"前奏不能更好听，不不不  整首歌都是神曲啊",1,跳舞的反骨,33249451
439,2017,10,29,在火车上，硬座，最好是老式的绿皮，能打开车窗，单曲循环，别问我目的地，流浪的人，没有目的地,2,畢锋棋,102557390
440,2017,10,28,这位歌手的惊艳在于：瘦弱的身形，歌声却很有力道，副歌高音很稳，外形和声音的反差带来的震撼。,0,海藻大麦田,609566703
441,2017,10,28,童年记忆,0,233悟空,432209151
442,2017,10,27,现在是日韩女团的作品大行其道的年代了，但是她是我心中最美的小姐姐。不要再代言冰红茶了，答应我，小姐姐。,1,海藻大麦田,609566703
443,2017,10,25,听着燕姿的歌，有种淡淡的伤感，思绪一下子飞回了高中时代，青春懵懂,0,极风,204043
444,2017,10,21,为什么不是999+?!这么好听,3,_托斯卡纳艳阳下,282151256
445,2017,10,21,总想在绿皮火车上听这首歌。,1,蜡笔小欣A,75685074
446,2017,10,20,小时候，我妈用的翻盖手机里面本地音乐只有这一首歌，我和我表姐就一直放，没有选择余地的单曲循环。十年前的娱乐单一，一个小小的橙色手机能带来这样的愉悦，真是很神奇了。后来在家里偶然翻到那个手机，就想着来重温一下这首歌，还是很动听，但总归还是有点不一样了。我跟表姐再不像从前一样了。,2,纪也ya,283306734
447,2017,10,18,我每次听到这首歌就想起我坐在长途客车上[汗],0,Tay泰爱杰伦勒,336009316
448,2017,10,16,别再为难，别再遗憾。,0,野生决,115446084
449,2017,10,13,对对对！,0,she1992,422043081
450,2017,10,9,日推,0,張_贰,42585757
451,2017,10,7,打卡  我要去威海上学啦,0,燕姿173,80579864
452,2017,10,7,就是舒服,0,八月长安x,263542124
453,2017,10,6,你的铃声#八年##诺基亚N95#,0,芒果干骚年,46838498
454,2017,10,4,今天是2017年10月4日，中秋节，一个人在日本，吃着打折的便当，听着孙燕姿的歌。,5,unflaggingseki,33660854
455,2017,9,30,艾玛，同样的经历，在丽江不知名山路，不知名的美丽,1,张小野123,246138377
456,2017,9,27,绝对的隐藏神曲,0,甘蔗炒猪肉,273303312
457,2017,9,25,17年了 依然爱你,0,豫西小天王,594110291
458,2017,9,25,我想要在看我姿的演唱会,1,豫西小天王,594110291
459,2017,9,24,每次出远门，坐在车上看着窗外飞逝的风景就一定会听这首歌,0,小兔子不爱萝卜爱燕姿,571426650
460,2017,9,23,FM.101.2,0,HelloIT,59187446
461,2017,9,21,三星Anycall,1,cccc-hh,267352346
462,2017,9,18,听起来超舒服,2,lancelotee,71321835
463,2017,9,18,虚构读错了吗,0,lancelotee,71321835
464,2017,9,18,助攻999,0,lancelotee,71321835
465,2017,9,18,好听,0,lancelotee,71321835
466,2017,9,18,打卡,0,lancelotee,71321835
467,2017,9,17,啊啊啊啊,0,destroysenpai,408809766
468,2017,9,14,濒临崩溃的一天 突然觉得还是应该出去走走 于是骑上了单车 耳机里循环播放着这首歌 在偌大的北京城里 觉得自己就像流浪一样 一个人来到了这里  对这里没有一点点的眷顾 因为在这里可以有机会见到燕姿 所以生活中多了些许期待,4,飞跃东南海,409885845
469,2017,9,14,啊啊啊啊,0,destroysenpai,408809766
470,2017,9,13,爱姿,0,姿意燕为,263726012
471,2017,9,13,我爱你,1,destroysenpai,408809766
472,2017,9,13,老司机开车,1,追蚊子的羊羊,96054708
473,2017,9,12,车开得有点快[奸笑],2,养只大脸猫和秋田柴犬,77243909
474,2017,9,9,前奏很抓耳啊，适合兜风听,0,丶以父之名,18653487
475,2017,9,6,流浪,0,鄒爸比,85768778
476,2017,9,4,好听！,0,饶舌的太子,428155563
477,2017,9,1,好听,1,我见过刘惜君卸妆的样子,334865174
478,2017,8,31,天黑的有一点快，车开的有点快？看了一遍歌词确认是我听错,2,十三哥z,290982236
479,2017,8,28,因为喜欢一个男生他喜欢孙燕姿，没在一起过，喜欢了几年就不喜欢了，而喜欢燕姿我一直持续了15年,1,念舊的峰,49351360
480,2017,8,28,那些年听的烂熟的专辑之一,0,念舊的峰,49351360
481,2017,8,26,燕姿有好多不被人发现的好歌,2,慢慢步过人生路,324081860
482,2017,8,23,我爱燕姿,1,-明天晴天,77585284
483,2017,8,23,又是第一次听,0,贺善柯-Jack,336305233
484,2017,8,22,好喜欢,0,跳舞的yanzi,287088787
485,2017,8,21,轻快的滴答滴答,1,石楠的荒原,92607144
486,2017,8,21,初中用的翻盖三星里自带的这首歌[呆],3,Aeon8955,282285173
487,2017,8,21,特别好,0,二小大象,112527118
488,2017,8,21,喜欢上一个人好像失火焚心烧肺 痛的 热的我渴望的 我惧怕的都是你,2,張凱琦-,382580258
489,2017,8,20,听哭了……,0,用户72759547,72759547
490,2017,8,20,听这首歌让我觉得很轻松,3,刘薄荷和阿楚,505373104
491,2017,8,19,有的时候，当世界浮躁了我的内心的时候，明明还是好好的，确实提不起精神，只有燕姿的音乐能让我放松，能遇见你真好啊。[大笑],0,rock默然,39572304
492,2017,8,16,不试试狗的恋爱[大哭]我是亏欠了燕姿多少年啊...,0,即使遍体鳞伤丨吾亦誓死不枉此生,23564808
493,2017,8,16,完美的一天真的是神专,1,forbe,125980582
494,2017,8,13,流浪归来是不是就不会再记得你？,0,0水蓝冰0,482857897
495,2017,8,12,原谅来的那么晚,1,把耳朵吵醒,96739146
496,2017,8,7,是的啊,0,九磅没有十五便士,137422833
497,2017,8,5,为什么评论还是这么少,0,伟大的失眠,324615179
498,2017,8,5,"过去了就过去别再为难
",2,早上好早上好早上好早上好,484933545
499,2017,8,4,我大昆明欢迎你。哈哈,0,夏天的初告白,2306050
500,2017,8,3,又是一首燕姿评论少的好歌。,1,归人与过客,248548109
501,2017,7,30,还有这比赛,0,SngEeTzeSng,104396853
502,2017,7,25,情绪不知道什么时候开始的，但在那一刻已经崩塌了。,0,就爱哈哈笑的你,16793131
503,2017,7,25,有天路上骑着车下着雨发现很好听哦,1,CherryKoala,61924421
504,2017,7,24,燕姿迷 麻烦尊重一下原创 ,0,他辭君,267344867
505,2017,7,23,爱姿7.23 生日快乐,1,姿意燕为,263726012
506,2017,7,23,姿姿生快啊，这首歌超好听的。,1,codelegant,276017704
507,2017,7,20,我感觉这前奏和海明威的落叶好像。,0,结夏i,250114450
508,2017,7,19,不是谁狗的片段。。。,0,飞翔的屎壳狼,61295707
509,2017,7,17,。。。不是狗的恋爱[大哭],2,skie1329,377545353
510,2017,7,16,我在流浪,0,苏三伞,111844957
511,2017,7,11,三星的回忆，那时候那种按键机里面只有一首歌，那就是流浪地图,3,海鸥筅笙-,280858073
512,2017,7,7,旋律动听，歌词代入强，听了好多歌，还是我姿的歌好听,0,vivihah,116338342
513,2017,7,7,Yan-zi.,1,孤独小孩o,273175427
514,2017,7,5,未被发现的好歌(✪▽✪),1,-MEteor__,339745277
515,2017,7,5,过去了就过去别再为难  都过去了,2,石原里美江苏分美,291857208
516,2017,7,4,爱姿,3,姿意燕为,263726012
517,2017,7,1,特别耐听,0,medsir,70093854
518,2017,7,1,高中时候去上晚自习的路上听到歌，总在想着路上是不是能遇到那时的男神，穿白衬衫打篮球的干净少年，总希望上学的路长一点多听两遍🎶,1,鲸鱼在漫步,443663371
519,2017,6,29,所有的故事想说却说不出口,5,高桥介辣,438748772
520,2017,6,29,心怎么越放不开,1,高桥介辣,438748772
521,2017,6,28,喜歡！,1,oranlee,131736371
522,2017,6,28,爱姿,2,姿意燕为,263726012
523,2017,6,26,以前听萧贺硕版本，挺多了感觉好悲伤，不知道为什么,0,朝天猪,44792187
524,2017,6,25,简直神曲,0,-账号已注销____,318623237
525,2017,6,23,爱姿,2,姿意燕为,263726012
526,2017,6,22,评论居然没到999+，一定是我打开方式不对,1,与冕共勉,418928555
527,2017,6,20,爱姿,2,姿意燕为,263726012
528,2017,6,20,爱姿,2,姿意燕为,263726012
529,2017,6,18,旅行必备！！！🚄,2,大眼睛的刘胖子,55734389
530,2017,6,17,说好了我哭泣别再遗憾,1,我很愉快ake,272625011
531,2017,6,17,静静地就让我离开,0,我很愉快ake,272625011
532,2017,6,17,想来今年最酷的事情就是 长发剪成弟弟头,3,帐号已注销,109925502
533,2017,6,17,整张专辑都好听,1,懒得取名纸,506349583
534,2017,6,16,小时候的二手的步步高学习机的第一首歌,0,----Destiny---,258657123
535,2017,6,15,有燕姿的地方就有我,4,微笑_sunshine,283086391
536,2017,6,15,爱姿,2,姿意燕为,263726012
537,2017,6,14,[亲亲][亲亲][亲亲][亲亲],0,开点药给你吃好吗,36843947
538,2017,6,14,一个好朋友推荐我的，，原来不觉得好听。。,2,1米53叔叔丶,79885964
539,2017,6,12,爱姿,2,姿意燕为,263726012
540,2017,6,10,非常喜欢流浪地图这种有些释然的悲痛,4,NathanNi98,356414454
541,2017,6,10,以前老爸的三星手机里带的一首歌，记得那年夏天坐了一晚上硬座回武汉，一直单曲循环一晚上。看着窗外的风景，一直想着那个女孩子。现如今已近而立之年，再听这首歌，物是人非，一声叹息,1,独行侠的爸爸,264357644
542,2017,6,10,哈哈哈哈，我想笑,0,漂浮群岛走吧,121974190
543,2017,6,10,神曲,0,甘蔗炒猪肉,273303312
544,2017,6,9,好喜欢这首歌，不想分享的那种喜欢🍉,2,爱吃鱼的喵喵喵,70201674
545,2017,6,7,我姿真棒,0,Cherubim绿如蓝,7413935
546,2017,6,6,从电台听到燕姿的歌声好动听,0,庞大的音乐观,276907598
547,2017,6,5,完美的一天,0,进撃-皮卡丘,30706016
548,2017,6,5,因为燕姿好听歌太多了，突然听这首有种听新砖的赶脚[鬼脸],1,时间是个大长腿,17444335
549,2017,6,3,整张都好听啊！,0,dorianamot,362553349
550,2017,6,1,居然没满，我不相信[惊恐]。快来人啊！！！！！！,0,G318狗一丁,435289202
551,2017,5,30,三选一啊,0,lyso0528,40704994
552,2017,5,29,读博还有时间流浪嘛[大哭][大哭][大哭],0,飞跃东南海,409885845
553,2017,5,28,爱姿,2,姿意燕为,263726012
554,2017,5,25,看来不止我一个,1,用户61912565,61912565
555,2017,5,25,然后炸了,0,用户61912565,61912565
556,2017,5,25,埋没的金曲，需要支持[可爱],0,问真心,325873166
557,2017,5,24,原来那么多人都是因为三星自带来的06年做手术躺在病床上那时候还小没有手机，也没带mp3，我爸手机里只有这首歌，这首歌陪我走过了最难的时候,1,Moonshine5,316191370
558,2017,5,15,想我儿时和你一样   充满期待,0,取昵称请大家记住,483151892
559,2017,5,15,当时在炫舞时代时，第一次听这首歌，我觉得我走在了一个旋转的世界,0,吃再多的菜也是个胖子,426601961
560,2017,5,15,🖤,0,Amberr14,412244927
561,2017,5,13,爱姿,2,姿意燕为,263726012
562,2017,5,12,走在去上课的路上 天蓝蓝的 一朵云也没有 夏天真的来啦,0,Gum-,95065283
563,2017,5,10,对对对，当时就是三星自带的曲子，好怀念,1,-Georgett,348243047
564,2017,5,9,好听～,0,鱼丝鱼,394197997
565,2017,5,8,车开慢一点   我还没上车啊 ,1,不吃药之后每天都萌萌哒,58640297
566,2017,5,6,D808,0,蛋猪,48066417
567,2017,5,6,[色],0,残云8留恋,326811360
568,2017,5,5,读博 工作 去哪里流浪啊…… 啊……,0,lyso0528,40704994
569,2017,5,5,不是 谁狗的片段,0,冷咖啡_99135,52575284
570,2017,5,5,有燕姿的地方就有我,0,气氛来了就要醉,308485041
571,2017,5,4,伤心也没有 我已经走在流浪的地图~       就让我静静地离开 流浪 流浪！,0,蜜橘柠檬,3068191
572,2017,5,3,静静得让我离开去流浪在感情的边缘,0,对立统一王子面,60729859
573,2017,5,3,好久不见啊,0,codelegant,276017704
574,2017,5,1,躲在被窝里听，从前奏开始完全被带走,0,马夕蕾,298500141
575,2017,4,29,我爹曾经的手机铃声，前奏好听极了,1,甲虫花乱步,285048248
576,2017,4,26,爱姿,1,姿意燕为,263726012
577,2017,4,25,想你姐姐了,1,laocaoO,38565128
578,2017,4,25,同广州的大学姿迷握个爪,0,laocaoO,38565128
579,2017,4,23,流浪在全地图,0,DanCingVanGogh,263043497
580,2017,4,20,耳朵中毒,0,举个西木,60673274
581,2017,4,18,拆开的有一点狂……你以为在拆快递啊……？,0,未完成s,52426699
582,2017,4,18,车开的有点快[呲牙],1,一只小爷爷,332937582
583,2017,4,11,爱姿,2,姿意燕为,263726012
584,2017,4,8,适合……想事情,1,苏三伞,111844957
585,2017,4,7,有燕姿的地方就有我,1,气氛来了就要醉,308485041
586,2017,4,5,偷偷过来留个言诶嘿 不知道会不会被发现233,2,KaleidoscopeQwQ,68020411
587,2017,4,5,我只听过她这一首歌，小学的时候把这首歌作闹铃，都说闹铃会让你恨死一首歌，可是我还是很喜欢。٩( ᐛ )۶,3,Spicphare,401325715
588,2017,4,3,姿迷打卡！,3,孙燕姿你是光芒果,77464742
589,2017,4,2,十九岁那年 身上有200块我能高兴一整天,0,Ryan-Chan,46343701
590,2017,3,28,最早是听孙燕姿的版本，后来才发现原唱是萧贺硕，但是明显这个版本丰富很多,0,叫我简狗,71058471
591,2017,3,25,超喜欢这首歌，爱燕姿[亲亲][爱心][钟情],0,春天之恋,258758924
592,2017,3,25,心情不好时最爱这首,3,H-S_Sun,296312220
593,2017,3,24,流浪地图，就是浪迹天涯麽,1,DanCingVanGogh,263043497
594,2017,3,24,不是很懂为什么这张专辑会掉粉，很好听啊！,3,用户92732031,92732031
595,2017,3,21,需要你在我心中能排进前十[禁止],1,蓝石头55,56061551
596,2017,3,19,把通缉令说的这么文雅干嘛？,2,Shura悲言,252405622
597,2017,3,15,开口就被吸引了,1,小二呀小二_,16713348
598,2017,3,15,20:30,0,林守乐,55243746
599,2017,3,15,听这歌，有一种洒脱旷达的感觉,1,我只会乱乱唱,272309134
600,2017,3,10,需要你,0,唔与徐公孰美,136378251
601,2017,3,10,很好听,0,Season-or-Nemo,100424826
602,2017,3,10,【说好了我哭泣别再遗憾。】这首真是越听越有味道 一气呵成的情感抒发,1,Season-or-Nemo,100424826
603,2017,3,9,这个算是冷门遗珠嘛？,2,鳝鱼可可,45477760
604,2017,3,9,老孙有不好听的歌吗？求推荐 真tm神了每首都这么好听,1,假装在碎觉,135385126
605,2017,3,6,才知道是翻唱，各有风味呐,0,RainbowAfterTheRain,59825347
606,2017,3,5,23:14,1,林守乐,55243746
607,2017,3,5,车开的有点快 事实证明孙老师也是老司机哦,5,林守乐,55243746
608,2017,3,5,daka,0,孤单---个人的狂欢,263901035
609,2017,3,4,我觉得流浪的地图与逃亡所要诠释的东西有些相象，只是逃亡里面的情感积极一些，爆发力强一些。,1,_阿柚_,133272939
610,2017,3,4,来啊 这首也突破999+好吗！,0,大梦呀,108233675
611,2017,3,3,打卡,1,Zinger77,275131578
612,2017,3,3,越听越好听的一首,0,假装在碎觉,135385126
613,2017,3,3,车开的有点快，好听,0,今天日记空白,351485114
614,2017,3,2,好像记起来曾经喜欢的感觉,1,雾沥-,111109341
615,2017,3,2,再听这首歌，想起以前的事，仍会难过,0,雾沥-,111109341
616,2017,2,25,没看歌词 听成不是狗的片段 不是狗的恋爱,1,吉吉拉,52058347
617,2017,2,24,打卡,0,Zinger77,275131578
618,2017,2,23,突然好喜欢这首,0,oranlee,131736371
619,2017,2,22,来晚了 ！！,1,rushrock,383290832
620,2017,2,21,这个怎么就没红,0,Coarlw,62239633
621,2017,2,17,过了这么多年再听发现 以前觉得平平的现在变得好喜欢啊,0,夏魚浅堤,93811883
622,2017,2,17,终究在流浪在地图上？,2,DanCingVanGogh,263043497
623,2017,2,17,盐城+1,0,KingWongSTEF,318828147
624,2017,2,13,才知道萧贺硕有一版～,0,图弗洛,315079736
625,2017,2,13,[可爱],0,hhm0323,267366002
626,2017,2,13,为啥没人,0,我见过刘惜君卸妆的样子,334865174
627,2017,2,12,你不爱我了 于是我出走 走在流浪的地图。,0,Season-or-Nemo,100424826
628,2017,2,12,.打卡,0,孤单---个人的狂欢,263901035
629,2017,2,8,流浪地图[亲亲],0,徐先生-1314520,372079899
630,2017,2,5,爱姿,0,姿意燕为,263726012
631,2017,2,4,其实真的这首歌，才是真的经典,0,Fen涛,271660946
632,2017,2,3,地图也流浪了[可爱][可爱][可爱],0,在年轻的时候,406400176
633,2017,2,1,第一个手机里的第一首歌,0,奕laine,61934301
634,2017,1,31,[爱心],1,羊来了007,274893087
635,2017,1,29,好喜欢这首,2,going_up_stef,372536854
636,2017,1,29,春节快乐！,0,going_up_stef,372536854
637,2017,1,28,感觉，每听一首歌都会想起一个故事，而这首歌让我想起的就是还是小学那会儿，用着老姐的录音机一遍又一遍听这首歌。,0,掌柜的来壶茶,256141271
638,2017,1,28,"""直到现在我才明白 
  再深的感情都可能在一瞬间疏远 
  那是说不出口的辛酸 
  是一旦有了裂痕
  就再也不可能回到原样的玻璃 
  也是永远都合不上的缝隙 
  你只能眼睁睁看着那些
  你曾经以为重要的人渐行渐远"" ​​​",1,梵高少女,317842347
639,2017,1,27,喜欢姿妈很小众吗[撇嘴]周围的同类好少[发怒],6,李大大和李果果,303458585
640,2017,1,20,不知道为什么，听着这歌，反而鼻酸得想落泪,0,闷闷闷子,349132621
641,2017,1,20,感觉燕姿的歌没有冷门的，每首歌都曾经单曲循环过～而且不管过多久，再听的时候总会回忆起当时的经历和感觉，这种依附在歌曲的记忆比其它的要牢一些～,2,yanzicst,79056105
642,2017,1,20,我记得我妈妈05年买的三星手机，带mp3功能但是没有内存卡槽，里面预置了这首歌,3,自由的银翼,100718631
643,2017,1,20,不多说，好听！,0,冲冲冲冲冲冲冲冲冲冲冲冲啊,285179231
644,2017,1,20,[憨笑][憨笑],0,姿此一生,101120344
645,2017,1,20,老乡啊哈哈哈,0,yiiiiiing,283772059
646,2017,1,20,不错,0,銀河散策,84763146
647,2017,1,20,磁带我都有[吐舌],1,老王头的稀罕事,383777831
648,2017,1,19,呐呐呐 嗯呐,0,loadinged,123899841
649,2017,1,19,好好听,0,Ahermit,58333005
650,2017,1,19,心怎么也放不开，面色有点苍白[哀伤],0,徐先生-1314520,372079899
651,2017,1,11,爱姿,1,姿意燕为,263726012
652,2017,1,8,"我滴天这是我小学的时候我妈的手机铃声...哎 童年等等我  我还没上车
",0,我的我的西瓜,104053540
653,2017,1,8,对对，应该是歌词错了,0,Chemsun,43151968
654,2017,1,8,这个歌词错的吧，就是车开的有点快,0,我只会乱乱唱,272309134
655,2017,1,6,认识你之前 我一点也不正常 自从有了你 我变正常了 我喜欢这种感觉 你带给我的不是一丁点 ,2,姿此一生,101120344
656,2017,1,6,好吧，原来如此！you-future  of  forestry,0,清清清清清风徐来,334963933
657,2017,1,5,这首歌的名字叫 You-Future of Forestry ,0,姿此一生,101120344
658,2017,1,5,你们这是求爱吗？祝福,1,温柔o丶,91851067
659,2017,1,5,你是一个承诺 你是一首歌 你就是夏天 你就是太阳 你是沙漠平原 野马漫游的地方 深如泉 甜如溪 你就是夏天 ,2,姿此一生,101120344
660,2017,1,4,人生就是这么意外，那年你为了她，而如今我为了你，我没有你的疯狂～,3,清清清清清风徐来,334963933
661,2017,1,4,爱姿,1,姿意燕为,263726012
662,2017,1,4,爱姿,1,姿意燕为,263726012
663,2017,1,2,我特别喜欢燕姿在歌里很洒脱的样子,1,8阿里郎8,307973145
664,2017,1,1,前奏好听,1,他他他TM魔图,31478737
665,2017,1,1,那那那那～,0,二小大象,112527118
666,2017,1,1,本专最爱,0,幼龄科学家,61785649
667,2016,12,31,萧贺硕的听着有洒脱无所谓的感觉，燕姿的听着有点心疼，自我逞强，只有自己一个人孤独的流浪,0,mona_sue,31816245
668,2016,12,29,燕姿声音的特点在这首歌里太明显了,0,刘林凯,135873777
669,2016,12,26,啦啦啦啦啦啦啦 静静地就让我离开～,0,图弗洛,315079736
670,2016,12,20,爱姿,1,姿意燕为,263726012
671,2016,12,14,爱姿,1,姿意燕为,263726012
672,2016,12,13,这是我买的第一张专辑 哦！,0,himeinhein,77418949
673,2016,12,12,爱姿,1,姿意燕为,263726012
674,2016,12,11,谢谢你的鼓励,0,AreUTheMoon,34420387
675,2016,12,10,早,1,一道惊光,304742403
676,2016,12,10,爱姿,1,姿意燕为,263726012
677,2016,12,9,脑袋很乱了，让我留一个出口。伤心也没有，我已经走在流浪的地图。,0,Chemsun,43151968
678,2016,12,9,听成:车开的有点快,0,Chemsun,43151968
679,2016,12,5,你的网名  Zyh.,0,LoveIive,100138480
680,2016,12,3,爱姿,1,姿意燕为,263726012
681,2016,12,2,为什么这么冷清，难得好听的歌[色],1,卖吧噗的老伯丶,258593475
682,2016,11,27,爱姿,1,姿意燕为,263726012
683,2016,11,25,我7年的手机铃声。最爱的歌，没有之一,0,我的肌肉拦住了上流的洪水,349350931
684,2016,11,25,歌词好多错啊,0,姬小光,45267390
685,2016,11,20,这张专辑是我高中的时候出的，那会儿天真的以为，有好听的歌和喜欢的人就好，以为永远都那么无忧无虑，永远都那么美好,5,鬼模样,157896
686,2016,11,18,爱姿,1,姿意燕为,263726012
687,2016,11,17,拆开的有一点狂是什么鬼啊[大哭][大哭],1,柔软九歌,97249582
688,2016,11,17,听这首会有一种前所未有的洒脱感🍃,5,福尔卯斯,89911294
689,2016,11,16,爱姿,1,姿意燕为,263726012
690,2016,11,16,光是有孙燕姿的声音 就该999+,0,过期水蜜桃,120109566
691,2016,11,15,第一次听这首歌的时候，是在小学，那时候还是听得磁带，磁带还在，随声听还在。想流浪的那颗心却不在了,0,掌柜的来壶茶,256141271
692,2016,11,14,不错,0,1220hxy,322288365
693,2016,11,9,歌名很美,0,帐号已注销,313515779
694,2016,11,5,我妈三星手机自带的那首歌，五年级的时候，那部手机带给了我太多欢乐。,0,节约用电喔,127401350
695,2016,10,30,流浪的地图~~~,0,花老师小课堂开课啦,353426857
696,2016,10,24,只听歌不评论，这个习惯不好。我得改,0,一叶扁舟_____,98760641
697,2016,10,22,车开的有点快[吐舌],0,李是推理的推UMR,17513717
698,2016,10,21,人要学会停止流浪——时光小偷,0,极美幻景,329752101
699,2016,10,20,喜欢这首歌开阔的感觉,0,Zinger77,275131578
700,2016,10,18,流浪，真觉得干不出来这事。不过，我可以为了谁，翻山越岭去见她,0,掌柜的来壶茶,256141271
701,2016,10,18,[亲亲],0,我只会乱乱唱,272309134
702,2016,10,17,喜欢的男神推荐我来听的.,0,CLL_hs,334366079
703,2016,10,13,"我第一次听的就是萧贺硕的，我觉得她的也不错的啊。
",2,这就是小仙女啊,133318918
704,2016,10,13,过去就过去了,0,温柔o丶,91851067
705,2016,10,13,[色[色[色[色]燕姿的歌始终这么好听，不管什么时间,0,马lululu,55810097
706,2016,10,13,我已无法分辨什么是冷门什么是热门 每一首歌都是一个回忆片段 都是我的青春宝藏,1,花椒吖好麻,9592890
707,2016,10,10,啦啦啦啦啦啦啦啦啦啦啦啦,0,海绵1874,298588296
708,2016,10,6,离开待重逢，但你在北我在南,0,鱼说这旅行,339264776
709,2016,10,6,听了10个月了。为什么还是只有这么点评论，不该啊。明明这么好听,1,二月leaf丶,102633788
710,2016,10,5,爱姿,2,姿意燕为,263726012
711,2016,10,3,啦啦啦啦啦啦,0,追蚊子的羊羊,96054708
712,2016,10,2,哈哈哈哈,0,求一切顺利的王多多,272099714
713,2016,9,28,给我一张流浪地图吧 ,0,7leave,41611268
714,2016,9,28,顶下，有没有人觉得有些旋律和大木老师的晴天像点,0,2015克卜勒,40866198
715,2016,9,27,为啥听声音有一点点感冒了的感觉[呆],1,蜜蜂炒柚子,41101597
716,2016,9,27,现在生命中缺少的东西，以后一定可以找到的，加油,1,JNU田,79996331
717,2016,9,25,怎么你们好多故事,1,许木头殿下,122431652
718,2016,9,24,燕姿的歌始终这么好听，不管什么时间,0,二月leaf丶,102633788
719,2016,9,21,后来呢 你和那个女孩呢,0,小甜宁儿,83641296
720,2016,9,21,嗯 谁的青春里总有磕磕碰碰 不管怎样都会过去 祝你好运🍀,0,姿此一生,101120344
721,2016,9,19,现在觉得超好听耶,0,没人能例外_,55686446
722,2016,9,18,听说有人在网易评论交到女朋友了，于是我在每首我喜欢的歌留言，然并卵啊，爱神之箭快射我！[哀伤],0,承认吧-,70448479
723,2016,9,12,💬,0,Byeeos,86576039
724,2016,9,11,巧了，我爷爷用的滑盖的三星，只有一首流浪地图和一首隐形人！,0,林允儿我好想你l,81004590
725,2016,9,10,何必呢，捧一个踩一个,1,英历,54464974
726,2016,9,8,差点就信了。。。,1,大喵说多谢啊,295671049
727,2016,9,8,其实身为燕姿的老歌迷我真的感觉到很幸福，十几年了，从小学五年级开始听起，第一个mp3也是为你买的，你那个时候每张cd都会买，看到你的娱乐新闻都会关注,1,阿炳777,326097077
728,2016,9,7,我老爸的手机里有这首歌,0,柏拉图式的大提琴,62312441
729,2016,9,7,"以前 三星也有这首歌 
",0,蒋特霭8,123030271
730,2016,8,31,在路上。。。停不下来。。。,0,EZRI,80265977
731,2016,8,29,[大哭],0,AWAKEBAEBAE,46831491
732,2016,8,26,我爷爷以前的手机铃声是这个，用的翻盖的三星,2,绫罗寇色,256199846
733,2016,8,24,每每听起这歌，让我想起旅行时候坐在飞机看着云层的那种触动[大笑],0,恋之巴黎,321391691
734,2016,8,20,抠脚大汉如何在ktv里演绎这首歌呢？,0,JorksX,59926799
735,2016,8,19,多好的歌,0,一卿芳泽,107352388
736,2016,8,17,我是来看有多少被anycall拉入坑的[呲牙],2,oncecollapsing,311083468
737,2016,8,16,我总感觉这张专辑里燕姿的声线和别的专辑很不同。录音效果很干净，不发虚。,0,巴然和日,72196949
738,2016,8,15,好听的💓,1,-翁胖胖-,300063669
739,2016,8,9,而且放了一個屁？,0,Rain出品,3181631
740,2016,8,9,心在漂泊，哪裡都是流浪。PS:雖然是孫燕姿歌迷，但是原唱蕭賀碩唱的也不賴。各自有各自不同的味道。蕭賀碩聲音，有點范瑋琪味道。,0,Rain出品,3181631
741,2016,8,9,骚gay..,0,Fat-帆,105886925
742,2016,8,9,这首歌好适合开车听好吗？,3,joeou,3867966
743,2016,8,8,常州的,0,白日宴火,137697475
744,2016,8,7,老乡哪里,0,姿此一生,101120344
745,2016,8,7,会玩的老乡,0,白日宴火,137697475
746,2016,8,5,高中时代，夜自习前，班上几个漂亮女生总喜欢聚在教室后面唱歌，真怀念那段时光。我总是很装逼，不搭理她们，特别是她，心里却决定要考相近的分数报同一所大学。成绩出来，我高出一本30她高出一本40，似乎有希望哦。可惜她最后选择了我永远都去不了的提前批。我的故事教育大家，提前批也要报啊…,2,HA_NABI_,248314908
747,2016,8,5,时间一下回到十年前。。[流泪],0,晴天__,5558392
748,2016,8,3,既然那么有缘，你还不快点来认识我[开心],0,Reaznn,103895241
749,2016,8,3,相似的经历啊，三年前的radio上听到，三年后在广州读大学,0,laocaoO,38565128
750,2016,8,2,这首歌的编曲有毒啊喂    超级喜欢！,0,爱燕姿的猥琐共,99190907
751,2016,8,2,lalalalalalalalala~,0,爱燕姿的猥琐共,99190907
752,2016,8,1,三星的回忆……,0,iiTuTii,312512357
753,2016,7,30,打卡,0,就叫nagii想怎样,63902185
754,2016,7,23,燕姿录这首歌的时候患了很严重的感冒！鼻塞伴有低烧和咳嗽！当时在录音室的时候，音乐一起，她眼泪就落下来了，然后她停下来，休息了半个小时，情绪恢复以后一次录好这首歌！不要问我怎么知道，因为我乱编的！[憨笑][憨笑][憨笑],1,banana4231,45248667
755,2016,7,23,我的青春！燕姿生日快乐[蛋糕][蛋糕][蛋糕],1,-有姿有菋-,129649056
756,2016,7,22,好好听,0,一隅不知深浅,270717935
757,2016,7,22,真的？,0,左手hero,117703453
758,2016,7,22,这种天就适合葛优瘫在床上,0,帐号已注销,3616642
759,2016,7,20,很好听,0,鹿公子的小跟班,300195170
760,2016,7,16,越听越好听,0,rrr最晴天,61726329
761,2016,7,13,我已经走在流浪的地图，静静的就让我离开,0,syz19780723,286808908
762,2016,7,13,燕姿,1,万青何,137267398
763,2016,7,12,好听，支持下,0,rrr最晴天,61726329
764,2016,7,12,[星星][星星],0,帐号已注销,3616642
765,2016,7,11,这首歌太tm适合开车时候听了！,0,爱在斯德哥尔摩Stockholm,51485651
766,2016,7,8,田馥甄新专辑的余波荡漾的主题让我想到了这首歌的歌词 爱过的痕迹会一直存在 ,2,蚊子____________,2853859
767,2016,7,8,信任他，用月光取暖　给自己力量　才发现关于梦的答案一直在自己手上,0,帐号已注销,124859943
768,2016,7,7,老妈的白色三星滑盖...只有这首歌，小时候缠着老妈要手机，偷偷下各种Java游戏...各种玩自拍，玩累了点来点去，但是歌只有这一首，记得特清楚。,0,缺徳道人,31023539
769,2016,7,6,前奏秒M[亲亲],1,Korosaretanastu,78602016
770,2016,7,6,完美是我心中的神砖，流浪是我心中的神曲,0,部落的滑翔翼,2839650
771,2016,7,6,我是王海峰我喜欢孙燕姿,0,爱姿海,126397948
772,2016,7,3,流浪的灵魂没有地图～,0,夏小泽Lucas,44916611
773,2016,7,3,流浪地图,0,夏天盖棉被的男神,51015045
774,2016,7,3,那时候的三星还是anycall…买的滑盖手机自带的一首曲子…从此喜欢上了燕姿…,1,喵喜欢厚厚一叠秋刀鱼,245929308
775,2016,7,2,流浪地图,0,shmilyun0313,74017991
776,2016,7,1,第一只手机的默认铃声也，好像好多人都一样。这个暑假如果要去云南，要在火车上听这首歌,1,燕芬啦,78955687
777,2016,6,29,爱过的痕迹会一直存在。。。我的老同学们，你们给我都好好的！[流泪],0,南宫政廷,78978256
778,2016,6,29,不行 我要睡了,0,WOOOOMwang,275225493
779,2016,6,28,夏天解暑神曲mark起来,0,一听网云就中毒,83276316
780,2016,6,28,喜欢她的音色 感觉自己真的在路上 流浪,0,-阿拉伯芥,73963564
781,2016,6,27,太好听的旋律！,0,迷离姐,267590348
782,2016,6,27,我能想象一个人开着车在高速上，从佛州奔赴德州,1,jeanya,54511844
783,2016,6,26,我的女神啊你的黄金时代一直在,1,举起手来跟我一起摇摆,78132797
784,2016,6,25,心若没有栖息的地方，到哪里都是流浪。,0,mootine,14212161
785,2016,6,24,好听,0,小鬼的史迪仔,118453326
786,2016,6,24,"虚构
",0,minichong,108944182
787,2016,6,22,孙燕姿的声音总是一种率直感所以这歌虽然不怎么样我还是听下去了,1,张弄影,72605956
788,2016,6,22,燕姿,0,motorcycles,283973423
789,2016,6,21,棒,0,西域猫妖楊二狗,64950644
790,2016,6,21,我姿的歌首首都好听🙌,0,3-Changer,274543789
791,2016,6,21,思绪飘回到06年那个春天，哎,0,红尘小小生,73020014
792,2016,6,20,真的好听，单曲循环,0,迷彩小妞爱星空Q,255679978
793,2016,6,19,零四年我爸第一个手机 三星的 这个是默认铃声,0,real真是喜悦,53317561
794,2016,6,19,13:08,0,林守乐,55243746
795,2016,6,18,你曾说你喜欢孙燕姿     我也曾听了很多她的歌,0,你的字眼能否当手枪,64363600
796,2016,6,18,听到一首好听的歌就想评论诶...,0,afoolD,122240909
797,2016,6,18,[圈],1,Sosadeyes,63021612
798,2016,6,18,旋律很舒服,0,小宇melody,63768730
799,2016,6,17,@Lion里昂 而能谈的上经典的更是少的出奇  孙燕姿 算是比较奇葩的存在   虽然谈不上多经典  但是她的风格 太深入人心,1,明儿是个好天气,105853860
800,2016,6,16,超爱前奏😘,0,Korosaretanastu,78602016
801,2016,6,16,23333,0,非洲酋长扛猪跑,128951997
802,2016,6,16,"嘎嘎
",0,CrispyTrolls,270085843
803,2016,6,16,"看到您的评论 感觉好感动 小时候真好 可惜我没有爸爸 我父母离异了 那段时间我一直听这首歌 现在想起来感觉生命中总缺少了点什么
",3,AreUTheMoon,34420387
804,2016,6,15,燕姿最棒了,0,看我可爱咩,65911192
805,2016,6,15,上小学时我妈手机铃声……用了好几年呢,0,睡眠失联,117124157
806,2016,6,15,是不是一个很小的三星滑盖 还挺厚的,0,董九筒,248131993
807,2016,6,15,喜欢前奏,0,玉子米米,278592361
808,2016,6,14,好听,0,willow柳儿,261518282
809,2016,6,14,以前还是用翻盖机的时候，这是我妈那个三星翻盖上的唯一一首歌，拿着她的手机玩的时候没事就放这首歌。现在听来感觉又回到了小学的暑假一样，电风扇呼啦啦的吹，我在听着流浪的地图想着长大后自己也许会流浪的某个城市······,0,axiayohhh,125759227
810,2016,6,14,歌词错得有点严重,0,澪夕,131755428
811,2016,6,14,我姿一直这么美,1,real_seven7,268112158
812,2016,6,13,我想你了真的好想,1,宇宙无敌小阿娸,252071527
813,2016,6,13,其实萧贺硕唱的也还好，只是孙燕姿嗓音太美[色],1,英历,54464974
814,2016,6,12,前奏想起了童年时代,0,老坛香菜,105715802
815,2016,6,9,萧贺硕。。,1,手倦抛书午梦长,91245443
816,2016,6,9,[幽灵],0,帐号已注销,133723499
817,2016,6,9,记忆与歌是有联系的,0,Sao爷骑马客京华,119645725
818,2016,6,9,这首歌的画面感好强,0,Limerence--lk,89008112
819,2016,6,6,nananananananana……,1,姑苏客st,79800447
820,2016,6,5,高中爱听，很多回忆,1,KatPat,1693319
821,2016,6,4,开在高速公路的感觉,0,Kepler_Milan,49291780
822,2016,6,3,这首歌是萧贺硕写的 萧贺硕是创作人 孙燕姿是歌手 怎么能两者对比呢,0,郑伊圳喜欢音乐,103426113
823,2016,5,30,多年前就爱这首歌。,0,潘婷许多年,97782504
824,2016,5,29,一样[大哭][大哭][大哭],2,Sign78,91818300
825,2016,5,29,适合开车的时候听的一首,3,柒星雪,85911992
826,2016,5,28,只是现在 不是虚构的片段,1,小也君的玻璃梦,136240834
827,2016,5,27,不行了，我来加个评论[鬼脸],0,北极之狐,18473968
828,2016,5,26, = =  真的假的啊。。。。[惶恐],0,融化的鸟蛋,15991494
829,2016,5,20,一些好歌只有掩埋于岁月中，90后的我还在舍不得抛弃它们,0,海恋星年,56042120
830,2016,5,17,我是非常喜欢这首歌曲[爱心],0,星宿光环,115426424
831,2016,5,15,刚才对比了燕姿和萧贺硕的两个版本，感觉还是燕姿的好听，不仅伴奏好听，而且燕姿唱的更有感觉，就像自己不是在流浪一样而是在享受过程的惬意[可爱],1,xPxaradise,118553266
832,2016,5,14,恩恩，就是这个手机。每次去姥姥家帮姥姥调弄手机 。突然发现了这首歌，太好听了！！！,0,祎昕啊_KOP,126669995
833,2016,5,12,确实是隐藏冷门好歌,1,园园听世界,105867501
834,2016,5,10,刚醒。,1,什么鬼名字都取不了,121750376
835,2016,5,9,我又回来了。第一次听的时候难过的不行，还迷茫。现在也是。只是多了点勇气。,0,什么鬼名字都取不了,121750376
836,2016,5,9,每天一听,0,丷小猪泡泡,116908770
837,2016,5,7,好美的声线,0,于你旧故,45536863
838,2016,5,2,希望燕姿能现场多唱一点这些冷门歌，好稀饭,0,一叶扁舟_____,98760641
839,2016,5,2,这首评论竟然没999+？不可思议。,0,克拉夫,52584919
840,2016,5,1,不只是狗的恋爱,0,Nick丁丁丁满,202795
841,2016,4,30,这种感觉好棒,0,看我可爱咩,65911192
842,2016,4,29,燕姿应该唯一喜欢过的歌星吧。有你了就像有了张地图，就算漂泊也能找到回家的路，这张地图标记的不是流浪的路线而是回家的路。[可爱],4,fangyuanroom,100611118
843,2016,4,28,最喜欢的一首孙燕姿的歌，评论竟然这么少。,2,Maggie6,9856792
844,2016,4,28,那年我大一，我什么时候也会这样说着现在的自己,1,纳纳姿,120546705
845,2016,4,27,单曲循环第三天，觉得燕姿唱出的是另一种味道,1,丷小猪泡泡,116908770
846,2016,4,24,我想去流浪，忘记那个遥不可及的梦,2,Sharaly,116024331
847,2016,4,20,下载好歌，出发，新的一天。,1,海水芷蓝_Echo,31445898
848,2016,4,19,伤心也没用,0,那个米饭,8910787
849,2016,4,16,当然😊,0,朝言夕卜,79162369
850,2016,4,14,快回昆明来。哈哈。,0,夏天的初告白,2306050
851,2016,4,13,我最近才路转粉的，那我也是真正资迷喽,0,星星月亮和她,91845230
852,2016,4,9,你是燕美？,1,酵母减盐味苏打饼干,112989248
853,2016,4,5,循环了一天了……太舒服了[憨笑][憨笑][憨笑],1,麦可栗,41797296
854,2016,4,3,[色][色][色],0,hhm0506,33460856
855,2016,4,3,阴霾的心情，听到这个真挚动人的声音，逐渐变得晴天起来~,0,franklife,16809383
856,2016,4,1,Na na na na na 毕业后再一次感受到Friday的愉快～,2,bravoLeah,39729641
857,2016,4,1,第二段拆开的有点狂是什么鬼🙄,0,长路缓行,47446938
858,2016,3,29,燕美你这是做网红的节奏啊，好多首燕姿的歌置顶评论都有你一个[强],0,Stef小傻,95849389
859,2016,3,29,我觉得这张专辑都很耐来回翻着听，我还有这张的磁带,1,TrappistesRochefortNo10,34573315
860,2016,3,29,知音。,0,潘婷许多年,97782504
861,2016,3,26,天黑的有一点快，车开的有点快,1,雨陨,31875806
862,2016,3,25,一首只有真正姿迷才能听懂的歌[憨笑],2,朝言夕卜,79162369
863,2016,3,24,我有的第一部手机里面自带的歌曲从此我开始听流行歌曲,0,horaciaoliveira,113973937
864,2016,3,24,因为这张专辑有很多好听歌曲，另一方面，当年听的时候还不懂这歌词写得有多好。,0,Hyn89sg,677983
865,2016,3,19,过去的就过去别再为难……这是孙燕姿唱给我和像我一样疗伤的朋友,1,星星月亮和她,91845230
866,2016,3,18,这首专里面每首都好听,0,CXiN_w,88317658
867,2016,3,18,当年因为封面而爱上了这张专辑,0,今天也不想说话_,1190921
868,2016,3,18,离职愉快哈哈哈,2,梁小璐,9868084
869,2016,3,17,等待是为遇见生命里的那个人，她会来，或早或晚，或近或远,0,愚人的国度V,90406979
870,2016,3,17,很多歌，乍听好像不怎么样，像喝茶，品着品着，总会回甘。燕姿很多的歌，没有太多传唱，但并不代表不是好歌呀。亲，你觉得呢？,0,愚人的国度V,90406979
871,2016,3,17,隐藏的最神曲是明天晴天。,0,SonOfGun,7560784
872,2016,3,15,对啊[惊恐][惊恐][惊恐],0,取一个你找不到的名字1,73340775
873,2016,3,12,暴露年龄了[惊恐],0,Ewiin,62829634
874,2016,3,12,我也是，以前爸爸的三星手机里就这首歌，那是我第一次听燕姿的歌[大笑],0,卖报的小行家--,54538762
875,2016,3,11,点点滴滴,0,午夜蒙太奇,55434618
876,2016,3,11,不为人知的好听的歌曲，很久以前我的滑盖三星有这首歌,0,你居然在屁里下毒,128039138
877,2016,3,8,[爱心],0,Fannyzm,2059857
878,2016,3,7,[可爱][可爱]还是听惯了我姿的声音,0,CGNH,65593562
879,2016,3,6,like[大笑],0,第101只千狗GO,94443812
880,2016,3,3,过去那段不是虚构的恋爱,0,Tim_Huang0216,42792776
881,2016,3,3,不是狗的恋爱==,8,mamenie,128739513
882,2016,2,28,听着这首歌就想一个人去流浪,0,遇见stefanie,34739370
883,2016,2,28,"""所有的故事想說卻說不出口~""",1,amber0209,104616198
884,2016,2,26,来匆匆去匆匆,0,大眼睛的刘胖子,55734389
885,2016,2,22,借你吉言 我会的 ,0,姿此一生,101120344
886,2016,2,22,恭喜你啊哥们，好好珍惜[可爱],0,11月10日,116990748
887,2016,2,22,词曲萧贺硕也不错,0,33332222222111,64254728
888,2016,2,22,可以啊，有一个好结果吗,0,11月10日,116990748
889,2016,2,21,真的假的，我就是金华的,0,11月10日,116990748
890,2016,2,21,大学时候有个好朋友 当时在KTV他笑着跟我说这首歌充斥了他高中 那个时候他放学骑车回家耳机里就单曲着 这调子陪着他穿过傍晚街巷的霓虹与人潮 一切都显得放松与惬意  到现在我都能记得他当时说话时沉浸于回忆里纯粹的表情,1,MicroSharKaye,30197583
891,2016,2,18,紧跟粉丝的步伐,0,Magic1lin,86285214
892,2016,2,17,[憨笑],2,孙燕姿的粉丝,36733053
893,2016,2,16,❤❤❤❤,0,帐号已注销,89562071
894,2016,2,15,[亲亲],0,hhm0506,33460856
895,2016,2,13,[憨笑][可爱],0,hhm0506,33460856
896,2016,2,12,喜欢这首歌 ！,0,Chigga_yuan,78497725
897,2016,2,6,她的歌适合旅行的时候听,1,星星月亮和她,91845230
898,2016,2,6,过去的就过去别再为难，对自己，对走不出来的人的忠告[拜],0,星星月亮和她,91845230
899,2016,2,4,[撇嘴]今天早上一醒来一边回想着昨晚送快递的梦（=。=）一边哼着这首冷门歌曲是肿么回事。。？[撇嘴],0,巴尔哈,18372393
900,2016,1,30,原唱就是燕姿，所以说不要说成 燕姿也唱过。,1,当然不可以,61007636
901,2016,1,30,坐在车上最爱的歌。,0,当然不可以,61007636
902,2016,1,29,前奏爱哭,1,30km_s,44683705
903,2016,1,29,天黑的有点快啊。冬天。,0,甜一分苦九分ya,50669579
904,2016,1,29,很适合在旅途上一个人静静的听。,0,salabetty,74954471
905,2016,1,29,这首真的超棒,0,咩哥无敌帅,108654308
906,2016,1,27,两版各有千秋,0,百变星辰猫,70929093
907,2016,1,27,和你打完电话，脑袋很乱……突然听到这歌，我想过去了就别再为难，我早已不是迷失在你地图的那个小女孩了……,1,CC201411,42714161
908,2016,1,26,打开网易云，我停不下来了,2,流川枫儿,53122736
909,2016,1,25,最初听的萧贺硕的版本，后来删掉了。现在听回我姿，还是我姿最棒👍,62,AmanoAki,44216242
910,2016,1,25,陪伴度过的那些高中岁月,0,等风来_zZ,111199936
911,2016,1,24,以前都听的是萧贺硕版的，才知道原来燕姿也唱过,0,梦剧场守门人,65541449
912,2016,1,22,过去的别再为难,0,旧箱,100474483
913,2016,1,21,开车的时候听,0,Stefcat,108658558
914,2016,1,18,脑子里一直循环这首歌，,0,成小姿S,84991554
915,2016,1,17,姿迷一家亲,0,姿此一生,101120344
916,2016,1,17,为你头像和名字点赞,1,Chigga_yuan,78497725
917,2016,1,17,这盘专辑老子买的是正版[呲牙][呲牙][呲牙],0,Chigga_yuan,78497725
918,2016,1,17,好喜欢云南,0,欢鑫爸,85231518
919,2016,1,17,第一个手机的自带铃声 怀念,0,Quutamo,49538813
920,2016,1,14,等大等大大诶也诶,0,那个米饭,8910787
921,2016,1,9,[爱心],0,o-myrkursins,52465684
922,2016,1,8,孙燕姿  王力宏都是天王天后  评论有点少哈   [大哭],0,一个香芋派丨谢谢,53417339
923,2016,1,6,买完这张，听第一次就喜欢上的,0,antigravity,43110608
924,2016,1,6,小学的时候妈妈早上的闹铃，每次一响我就害怕，因为我也要一起去上学了 ，我现在已经要大四了,0,尘与橙,65824687
925,2016,1,5,你流浪，在我的地图,0,石头也有故事CL,110143162
926,2016,1,5,本专最爱哇,1,aaabya,101383437
927,2015,12,30,[呲牙][呲牙][呲牙],0,消失的盛夏,54553630
928,2015,12,30,我也是.感觉到了一个童话世界.开始一个奇妙之旅,0,豆蔻南瓜Eddie,52011854
929,2015,12,27,我咋沒看到。,0,白马寺吴彦祖,69673253
930,2015,12,26,所有的故事想说却说不出口 爱过的痕迹为一直存在 流浪的地图 伤心也没用 我已走在流浪的地图 还差的太远了 每天都有学不完的东西,0,linlinriver,71345235
931,2015,12,24,过去老是玩妈妈的滑盖手机，看了热评似乎当时三星都有这首流浪地图,0,窝瓜的刀,18530706
932,2015,12,18,[憨笑][憨笑][憨笑],0,消失的盛夏,54553630
933,2015,12,18,前奏好喜欢,1,消失的盛夏,54553630
934,2015,12,17,三星D808里面藏的这首歌。,0,蛋猪,48066417
935,2015,12,17,不说了，我去买专辑,0,宝宝琪Rachel,64843232
936,2015,12,13,第一部完全属于我自己的手机的自带铃声，现在听完全没有过去那种感觉了，但还是很怀念。那时候才读高二，一转眼9年过去了。,0,shennyi,19674779
937,2015,12,13,这歌耐听，当然姿妈耐听的歌数不过来,2,冰镇番茄,84753531
938,2015,12,12,喜欢 ,0,sylarty,38918883
939,2015,12,9,流浪的地图,0,太阳底下0723,16072610
940,2015,12,8,我是由三星d908引起的回忆，还记得手机是权相宇代言的，是翻盖手机，手机就自带这首歌，当时我以为这是Stefaine最好听的歌了，唉，都是回忆啊,1,用户40713978,40713978
941,2015,12,8,我也是的！还记得很小的时候我妈买了一个三星手机，1800呢，手机里面自带十几首歌，我就觉得这首流浪地图最好听，虽然那时候还不知道孙燕姿，现在想起来满满都是回忆啊,0,用户40713978,40713978
942,2015,12,7,999,0,姿势格调丶,94915641
943,2015,12,6,晚安,0,帐号已注销,65219742
944,2015,11,30,@云音乐小秘书 歌词好多错误…,0,yourkepler,77073478
945,2015,11,30,19岁那年 在网上认识一个女孩 和我一样大 她在金华 我在盐城 那会儿和家里人吵架 我就拿着两万元的存款坐上了去往金华的大巴 一路上听的就是这首歌 我已经走在流浪的地图 至今难忘 一个礼拜后 网上有了我的寻人启事……,183,姿此一生,101120344
946,2015,11,25,随时随地都需要来一剂孙燕姿～,0,妙手回春朱医师专治各种疑难杂症,61776320
947,2015,11,25,怎么我燕999这么少,0,姿势格调丶,94915641
948,2015,11,24,32天，加油✨,1,SophiaHwang,31312161
949,2015,11,16,～～～,0,举个西木,60673274
950,2015,11,16,我姿的冷门之一[大哭],0,爱燕姿的猥琐共,99190907
951,2015,11,15,😊😊,0,火蔷薇,33165039
952,2015,11,14,好好听,0,再看把你怼进linbi,86692740
953,2015,11,8,歌詞報錯,1,Stef-木魚,70036533
954,2015,11,8,[呆],0,Stef-木魚,70036533
955,2015,11,8,天黑的有一点快,0,雨陨,31875806
956,2015,11,8,听见夏日午后,0,大螃蟹和老虞,73835054
957,2015,11,5,过去就让它过去 决定了today 11月5日,0,conyhiro,56557335
958,2015,11,3,好听～,0,陈君耀-kiko,34120201
959,2015,10,26,yanziyanzi.,0,帐号已注销,44991129
960,2015,10,22,字幕错了好多呀，这个…,0,阿尔托莉雅啊,84352491
961,2015,10,17,过去那段，这个“段”字的鼻音真的好性感！,0,御手冼红豆,34947475
962,2015,10,14,[亲亲],1,西瓜麻麻鸭,96088841
963,2015,10,12,@西瓜麻麻鸭 带上耳机，认真享受,0,雷先森melo,6937894
964,2015,10,10,破百[鬼脸],0,机智De翅仔,76036349
965,2015,10,9,流浪吧，直到你在我身边,0,咏叹调Jessi,35182387
966,2015,10,6,@虚荣的栗子姐姐 帮我听听,0,不爱孙燕姿,513073
967,2015,10,6,大一刚进校，学院举办了一场燕姿模仿大赛，那时的她是冰红茶的代言人。我唱了一首她的“同类”，得到了第一名：一张完美的一天燕姿签名专辑，好高兴！直到现在依旧在听她，让我觉得温暖。。。每一首都喜欢！,290,取一个你找不到的名字1,73340775
968,2015,10,6,咦这么迟来才95评论[呲牙],0,那个米饭,8910787
969,2015,9,30,随性洒脱感淋漓尽致,0,驿站小憩,2897791
970,2015,9,29,只是现在我怀念那个洒脱的自己。,0,我是小凌宇,82863074
971,2015,9,29,那年大一，终于说服爸爸帮我买了一台手机，三星的，很小，那款手机号称音乐手机，音质非常棒！但是。。内存只有16mb！而里面竟然只有一首歌，那就是这首流浪地图啦，占了6mb内存，我又下了一首千里之外，那会还是发送短信到一个号码，2块钱一首！后来这两首歌陪伴了我好久，每每听到这首歌，满满的回忆,4,李小灰灰,17671619
972,2015,9,27,我上高三时，熬夜做数学卷子特喜欢放这首歌，会让我特别清醒，惬意的清醒。现在迷茫的工作了，才明白，套用电影里一句话，其实与其说爱这首歌，不如说爱听那首歌时努力的自己。,1,ReSummER,52551683
973,2015,9,23,完美的一天中我觉得最打动我的一首,1,Brentlin杨,38569257
974,2015,9,22,如果有一天，转身发现过去的还在那里等待，静静的等待……,1,丑爆了,51639030
975,2015,9,13,我听不出情感来，所以说还是原版好。感觉就是随便唱唱、,0,等一只喵呜酱,3617289
976,2015,9,10,通宵时唱这些姿迷才知道的歌[爱心],1,闪泥啦啦啦,88079495
977,2015,9,5,呐呐呐呐呐呐呐呐呐,0,大眼睛的刘胖子,55734389
978,2015,9,5,过去了就过去 别再为难,1,大眼睛的刘胖子,55734389
979,2015,9,4,[亲亲]都好听，各有千秋，不同时候有不同的感悟也不奇怪,0,superbiaa,65407111
980,2015,9,1,每周三回工大坐53路必听曲目，十年前了。[晕],0,leftlatte,54220348
981,2015,9,1,我在街头都听不到这歌，不过这是我最爱的神曲之一,1,部落的滑翔翼,2839650
982,2015,8,28,我反而觉得萧贺硕的更好听[流感],0,azurehill,3392670
983,2015,8,24,顶好赞,0,化身孤岛的籣鲸,954267
984,2015,8,13,某个下午一个人在街头听着这歌有种想哭的感动…流浪的地图,2,遇见stefanie,34739370
985,2015,8,3,确实,0,大螃蟹和老虞,73835054
986,2015,8,1,同。,1,青空-Aosora,33740839
987,2015,7,26,个人感觉还是你姿的声音更能唱出流浪的洒脱，萧贺硕的唱腔稍有点沉重,2,肮脏的python交易,45638475
988,2015,7,23,[亲亲],0,湖人死忠,7776579
989,2015,7,20,适合独自旅行时听,1,absolutelyray,3796444
990,2015,7,19,大概三四年前吧，还在云南中部的一个小城读高中，放假爸爸就会开车带我去郊外兜风，那时候特别喜欢在车里放这首歌的CD，记忆里的有着蜿蜒的盘山公路，漫山遍野的绿色和星星点点的野花，特别喜欢那种自由和旷达的感觉，那时候总是期待着未来会到新的地方遇见不同的人，而如今在广州上大学，但最怀念从前,367,JNU田,79996331
991,2015,7,16,每一首歌都是不可复制的特别，只是因为是你。,1,帐号已注销,15441173
992,2015,7,12,[亲亲],0,湖人死忠,7776579
993,2015,7,11,来听,0,举个西木,60673274
994,2015,7,6,由三星d808引起的回忆....,196,西风吹落叶,20203785
995,2015,6,27,闹钟[吐舌],1,咏叹调Jessi,35182387
996,2015,6,25,小时候在表姐家过暑假 舅妈的三星里面只有这一首歌据说还是自带的 玩了一个月的贪吃蛇听了一个月的流浪地图 现在想想还是好神奇。。。,104,啵鸡,68453436
997,2015,6,24,我小时候的回忆…,0,窝瓜的刀,18530706
998,2015,6,23,这张专辑和未完成那张是我很偏爱的,1,张村长如我,56544622
999,2015,6,22,[亲亲],0,湖人死忠,7776579
1000,2015,6,22,所有的故事想说却说不出口，爱过的痕迹会一直存在在流浪的地图,1,野菜尤,73768777
1001,2015,6,17,放在眼泪成诗和隐形人后面真是被埋没了啊,1,qXz7x,45689724
1002,2015,6,8,高中失恋晚上在寝室边听边落泪啊。。。。。。,2,Tim_Huang0216,42792776
1003,2015,5,31,去了就过去，别再为难--我说，得之我幸，失之我命，到底是释然还是悲观的积极,1,MissAnnabel,51564066
1004,2015,5,22,[憨笑],0,用尽所有思念,33731939
1005,2015,5,22,58,0,打卡环游网易云,29965618
1006,2015,5,22,57,0,打卡环游网易云,29965618
1007,2015,5,22,56,0,打卡环游网易云,29965618
1008,2015,5,22,55,0,打卡环游网易云,29965618
1009,2015,5,22,54,0,打卡环游网易云,29965618
1010,2015,5,22,53,0,打卡环游网易云,29965618
1011,2015,5,22,52,0,打卡环游网易云,29965618
1012,2015,5,22,51,0,打卡环游网易云,29965618
1013,2015,5,22,50,0,打卡环游网易云,29965618
1014,2015,5,22,49,0,打卡环游网易云,29965618
1015,2015,5,22,48,0,打卡环游网易云,29965618
1016,2015,5,22,47,0,打卡环游网易云,29965618
1017,2015,5,22,46,0,打卡环游网易云,29965618
1018,2015,5,22,45,0,打卡环游网易云,29965618
1019,2015,5,22,44,0,打卡环游网易云,29965618
1020,2015,5,22,43,0,打卡环游网易云,29965618
1021,2015,5,22,42,0,打卡环游网易云,29965618
1022,2015,5,20,燕姿声音真好听,0,远行的节拍,12611935
1023,2015,5,17,比萧贺硕唱得好听,67,superbiaa,65407111
1024,2015,5,12,当我不再那么喜欢燕姿，少听她的歌的时候，我转向了五月天,1,第二Round,3843193
1025,2015,5,6,旧友说“有兴趣+有时间=有机会”  熬过去就立马飞奔 ,0,偏偏是和阿年,65224206
1026,2015,5,5,[亲亲][亲亲][亲亲]燕姿,1,MissMiko,34099761
1027,2015,5,3,[憨笑]神曲。,0,小竹子的云音乐,7773570
1028,2015,5,2,[痛苦][痛苦][痛苦][痛苦][痛苦],0,当地不知名美少女,53050167
1029,2015,4,30,这个这么好听 怎么才31条？！不懂！,0,mini小柠檬,16524280
1030,2015,4,30,Na~Na~Na~Na~Na~~~~~~~~~~~~~~~~[爱心],0,ITI-O,3102468
1031,2015,4,25,[亲亲]隐藏神曲,0,HYOUNG-,36261825
1032,2015,4,20,过去了就过去 别再为难,0,是个屁球,35826037
1033,2015,4,16,我觉得这张专辑超级棒！除了梦不落每首都好听极了,1,不知今夕何夕,46848056
1034,2015,4,10,[流泪][流泪],0,suvibulan,9369158
1035,2015,4,6,先听的 居然是 萧贺硕 版本的,0,铅笔小玲,33969357
1036,2015,4,4,隐藏神曲…,0,主要成分,33848219
1037,2015,4,3,没打歌的好多神曲[呲牙],0,Jonny1120,31156342
1038,2015,4,2,一直觉得[流泪]特喜欢心愿,0,keyney,54567274
1039,2015,4,2,哈哈哈 ,0,乔豆玛袋,35806306
1040,2015,3,25,作者很有才。,0,大怪兽的小公举妹妹,34639147
1041,2015,3,25,Vibrant day. @看不见荒诞的城堡 ,0,苏塔可可,265043
1042,2015,3,24,超喜欢[奸笑],0,Jacquenicole,44626711
1043,2015,3,16,同！我超爱这张,1,部落的滑翔翼,2839650
1044,2015,3,12,为什么我觉得是这张专辑的隐藏神曲,685,Jonny1120,31156342
1045,2015,2,26,萧贺硕版本的 也不错  不过还是喜欢燕姿版本的  慵懒的感觉,0,熊熊烈菠萝,52434555
1046,2015,2,11,…,0,我要努力修行,48553272
1047,2015,1,21,好听啊好听,0,我要努力修行,48553272
1048,2015,1,11,这首歌还是燕姿版的更耐听些。,0,Fredasyd,1251476
1049,2015,1,8,所有的故事想说却说不出口，过去了就过去别再为难......拿起书，翻到最后，直接了解结局。鼓鼓掌 我微笑 挥挥手，ladies and 乡亲们，好戏到了散场的时候，谢谢 bye bye...,1,Fannyzm,2059857
1050,2014,12,30,想起了高三那年晚上回家坐在车上混着夜风听。,0,杰弗利_,39354044
1051,2014,12,30,过去了就过去 别再为难,0,HYOUNG-,36261825
1052,2014,12,4,过去了就过去别再遗憾,0,-Frankenstein,40565617
1053,2014,11,30,看见评论有人想我了。。。,326,孙燕美,542076
1054,2014,11,27,天黑的有一点快,0,GunsNbeers,42850916
1055,2014,11,25,大爱~,1,快放开,31517382
1056,2014,11,17,好爱,0,用尽所有思念,33731939
1057,2014,11,6,燕美怎么还没到？,2,fixingto,33150095
1058,2014,10,14,好好听,0,Jonny1120,31156342
1059,2014,10,10,坐个板凳,0,诺拉德,37732013
1060,2014,1,18,过去了就过去，别再为难，说好了，别再遗憾。@啦啦啦,0,Fannyzm,2059857
