index,year,month,day,content,likecount,nickname,user_id
1,2019,11,24,也曾努力做个让人放心的人,1,愿君依旧笑,559237310
2,2019,11,19,这首在我的前二十，别问我前面的是啥，燕姿的歌我太爱了[多多笑哭],0,一定一定要微笑呐,1697911570
3,2019,11,19,她的每张专辑怎么都这么好！,0,chenyuru0924,266077689
4,2019,11,19,心目中想要的东西是否都一样,1,chenyuru0924,266077689
5,2019,11,17,这首歌评论这么少，可我觉得很好听啊！！！,0,chenyuru0924,266077689
6,2019,11,9,冷门也特别好听啊,0,ddarkwhite,548737444
7,2019,11,4,高中春游的车上随身听听的 印象深刻,0,Kaierala,284160087
8,2019,10,29,燕姿的转音真的太好听了，每首歌都是只能姿去唱才有这种味道，btw笑声也好好听[呲牙],2,翻车的果子狸,271298911
9,2019,10,20,真的好爱这首歌,1,全都不知道,451914667
10,2019,10,19,谁都不是好惹的，如果你上这个软件只是为了惹别人的话，我劝你还是别上来了。,0,钙莉,260207642
11,2019,10,19,惹 你居然说惹 big 胆,0,LeTicket,434949529
12,2019,10,14,小时候用攒了好久的钱去买了《风筝》专辑，睡前悄悄的把磁带插入复读机，带上耳机，月光正好洒在床上，睁开眼就可以看见皎白的月亮，这一幕我一直记得。,3,心情哼尘歌,250190587
13,2019,10,14,双,0,8楼永远爱3楼,80342819
14,2019,10,2,这首我也可！！！,0,也不是猪只打呼,355734135
15,2019,9,28,2020年的演唱会我能听到这首歌吗？,2,相隔着银河,90200106
16,2019,9,26,日常表白孙燕姿,1,扛起孙燕姿就跑,2594529
17,2019,9,23,哟吼,0,kyoku可,46291608
18,2019,9,22,gay,0,左冯翊扶风,357529549
19,2019,9,22,上头,1,sunjiahang,375838001
20,2019,9,19,十多年的老姿迷，不听副歌部分真的想不起有这首歌了[多多大哭],0,清寒ro,259550556
21,2019,9,18,停一会儿，再往前,1,泡泡是小太阳,421058825
22,2019,9,16,"差点不记得有这首歌惹",1,钙莉,260207642
23,2019,9,4,gay,0,冰河铁马都是你,115854161
24,2019,9,1,又来听这张专辑。,1,Erika_Linder,305117600
25,2019,8,30,明明不用明明这两个字,1,iamalvinwoo,346832507
26,2019,8,27,居然不是999+,0,nidemingzi你的名字,586048443
27,2019,8,24,这里，双[奸笑],1,sweettteee,416746687
28,2019,8,21,KTV唱她的歌的男生给我举个爪。然后说出你的性取向[大笑],9,kyoku可,46291608
29,2019,8,21,我也特别喜欢她😂,0,硪餉醭鋤濑,1845968188
30,2019,8,17,01年，风筝这张专辑刚出的时候，就超级喜欢这首歌，喜欢了这么多年…,3,Stag17,96083844
31,2019,8,16,无法理解这首歌热度这么冷，这明明是我的最爱TOP5,3,mikarly,316903361
32,2019,8,12,刚一出道就听了，一直到现在。所有的歌手里最喜欢的还是她。,2,蛇蛇蛇皮走位,135555095
33,2019,8,9,这真假音转的让人上头,5,提猜,312531759
34,2019,8,6,练习生,3,Snow---吹雪---,1749844984
35,2019,8,4,我超喜欢燕姿的这首[大笑][大笑][大笑],2,一定一定要微笑呐,1697911570
36,2019,8,3,此时，一位练习时常两年半的个人练习生路过。。,17,我在2020年等你,1615304892
37,2019,8,3,转音绝了,1,我很鱼块,125768521
38,2019,7,30,两年半,3,他绝对不会,1616768760
39,2019,7,30,两年半,3,账号已注销___-----,557280508
40,2019,7,29,练习生？,0,BTS-Springday,495001062
41,2019,7,29,好听又励志,1,Sparrrrk,270935914
42,2019,7,16,嘿，日出以前，我就要醒着开窗等待光线!,3,标量-时间,1467060801
43,2019,7,14,笑的美[呲牙],3,一个有着80后情愫的90后,47638914
44,2019,7,12,这首歌真好听,3,超人类Jf,254080732
45,2019,7,12,孙燕姿的声音真的很抓耳。,3,木匠邓,637691119
46,2019,7,11,这么少评论？,2,XDDDDDDP,515508896
47,2019,7,10,日出以前我就要醒来开窗等待光线,2,haiicandy,1328043669
48,2019,7,10,初中天天听阿,1,姿家人,263952201
49,2019,7,6,突然这首以前的歌听出了新的感觉，很适合现在的心情,1,ZolaLisa,1288304205
50,2019,7,6,当年《风筝》里面非常喜欢的一首，欢快又励志~,3,amberhupo,117417048
51,2019,7,5,燕姿还有多少两字歌曲是我没听过的[呆],3,酷酷的阿姿,261060427
52,2019,7,3,停一会儿，再往前,3,泡泡是小太阳,421058825
53,2019,7,1,打卡,0,Chertime,83946830
54,2019,7,1,好想停下来一段时间，不论是心态还是生活乱七八糟，还被各种事情赶着往前走，闷,1,不如给我王子面,126788845
55,2019,6,30,也曾努力做个让人放心的人,1,Stefanie71,410964408
56,2019,6,29,听刘德华的练习，听孙燕姿的练习，我是真的已经开始练习，开始慢慢着急，着急这个世界没有钱,5,许嵩的左手,274077807
57,2019,6,28,2001流星花园的热播 每次听练习追剧吃泡面 真好,1,o呆毛,407968
58,2019,6,28,停一会，再往前,2,素心一颗,97792416
59,2019,6,26,是啊，一想到燕姿的老歌都有18 9年了，就很感慨。。,1,Z___Robin,1653972546
60,2019,6,25,我来组成999。,1,s1ck1000,1471605268
61,2019,6,25,学渣都是这么操作的,0,3an3,107437168
62,2019,6,23,为嘛还没999，来吧，评论走起来，走走走！,1,山丘王者,124580067
63,2019,6,23,复读机都不是拿来学习的哈哈[开心],0,山丘王者,124580067
64,2019,6,23,好听,1,tree-river,2464568
65,2019,6,23,好想练习去爱一个人呀,0,长相思-_,274810126
66,2019,6,23,燕姿。,0,可楽米酱,317299362
67,2019,6,19,小时候这个歌mv好激励人心,0,置玖高殿上,342758843
68,2019,6,16,燕姿的声音真的很特别。,0,wanghai10,507827829
69,2019,6,13,这歌存在了18年啊…,1,糖很甜呦,314909851
70,2019,6,12,为10W+打卡,0,国民男神孙小东,381910253
71,2019,6,10,一直在练习耐心呢，嘻嘻,1,一定一定要微笑呐,1697911570
72,2019,6,3,以前磁带的第一首歌！,0,心情哼尘歌,250190587
73,2019,6,2,打破555,0,云云云云流,1334766690
74,2019,5,24,听来听去，还是觉得曾经的歌好听，听得人想哭呢，这盘磁带陪我度过了很多个一个人写作业的晚上,3,lysc237,292664986
75,2019,5,20,mark,0,vicic__,91105065
76,2019,5,19,每天都要往前呢,0,想你快点死,267056560
77,2019,5,18,爱姿患者,2,爱姿患者,376450780
78,2019,5,11,我是551，今天我考过了演艺经纪人资格证[亲亲],1,远野白树,58560157
79,2019,5,9,我是550。我有爱姿病~[多多大笑],2,远野白树,58560157
80,2019,5,4,美！舒服！,0,是小豹子哦,376298268
81,2019,5,1,stefanie sun hello,0,ANTHONY_CHAN_,480447477
82,2019,4,30,嘿呀嘿呀999呀！,0,深深呼吸fate,1547633662
83,2019,4,26,《风筝》这张专辑真的是个宝藏啊,2,燕姿钻石,325132325
84,2019,4,23,感觉孙燕姿是一个很清澈的女孩子，安静的做着关于爱情，关于梦想，关于在生活里点点滴滴的无奈的音乐。,3,RevolverHKD,1509538174
85,2019,4,11,错了，现在才是545,1,我就是一个有娱乐精神的人,128854763
86,2019,4,11,545，我是我，哈哈,0,我就是一个有娱乐精神的人,128854763
87,2019,4,10,停一会儿，再往前。,0,泡泡是小太阳,421058825
88,2019,4,8,抱抱,1,君宝兔,261175084
89,2019,4,6,喜欢,0,O_oHULLO,343829645
90,2019,4,5,燕姿陪伴了我很多很多个时刻,1,Taraaaaaaaa,135854354
91,2019,4,5,大爱,0,s1ck1000,1471605268
92,2019,4,3,太喜欢了,0,王柿子_,590294985
93,2019,3,29,我要把中间那个笑声剪切为手机提示音,1,暴暴文,136263931
94,2019,3,25,十几年前了,1,訾央伪装小漠漠,247480354
95,2019,3,21,我太惨了！不是一般的惨！想哭[流泪][流泪][流泪],0,Gadugudu,385319363
96,2019,3,15,特有的声线，最好的燕姿,1,lilldan,1336492706
97,2019,3,8,好舒服的声音，很放松,1,迷幻shinee,400625173
98,2019,3,7,前奏的哼唱也太好听了qwq,0,GingerbreadGurl,551482826
99,2019,3,6,也曾努力做个让人放心的人[心碎],3,阿姚Lukaa,134806930
100,2019,3,5,啊啊啊啊 小时候听的歌,0,B计划1,301527844
101,2019,3,4,承包526楼，发现了宝藏,0,森疼,248611081
102,2019,3,2,练 习 那个 想 达到的 高度。也许我现在自己都瞧不上自己的样子。那些伤疤不让别人轻易看见，我要展现我最美的样子！练习！[可爱]想我所想，做我所做！,2,光絵,94243137
103,2019,2,28,哈哈，这首歌还真的没有现场,0,Chris_FieldT,119838752
104,2019,2,27,这歌燕姿要是唱现场会圈一大批粉[多多比耶],0,皇帝宠姿,263527508
105,2019,2,26,这么巧？我也是[大哭],0,经纬180729,1536664663
106,2019,2,26,521燕姿😘,0,我猜远远是丸子,114368537
107,2019,2,26,520燕姿❤️,1,蝉鸣的小贝壳,63026807
108,2019,2,25,怎么被那个笑声吓到了,0,___A_m,74347046
109,2019,2,24,太冷的歌不适合让太多人知道，只有真正爱她的人才了解,2,五月某日,127184252
110,2019,2,23,残暴的转音[亲],1,城西毛小湖,269213871
111,2019,2,18,青春啊,0,好汉酱,294652383
112,2019,2,14,这歌也就录音棚唱吧。。这假声转音现场可能会崩坏。。,1,Nembutal,285968582
113,2019,2,12,我的妈呀 18年前得歌！,2,Willsonmm1706,487278954
114,2019,2,2,坐了十二个小时的车，停了十二个小时的孙燕姿。致敬第十九年,0,Demo等红灯,107986266
115,2019,1,26,希望这首永远别火,0,寇乙,32081960
116,2019,1,25,浓眉毛我也很喜欢,1,Dear娜咪,417905137
117,2019,1,25,好喜欢这首歌，我是姿迷[亲亲],1,Dear娜咪,417905137
118,2019,1,14,加油,1,楼增色,1535817163
119,2019,1,9,燕姿的歌都太好听了，就是都太不好唱了[大哭],3,starnoo,39399561
120,2019,1,6,最羡慕不动声色却把日子过的很好的人。,5,暗时云渡月,453652318
121,2018,12,27,也曾努力做个让人放心的人,1,在-也不会见,263534933
122,2018,12,23,好听,1,反叛的银时,570490151
123,2018,12,22,这首竟然这么冷,2,另-张脸,56020714
124,2018,12,21,我想把你听的歌曲都评论一遍，这样你能想起我吧，傻丫头！,2,敷衍衍_,497186987
125,2018,12,21,做个让人放心的人好累啊,1,Big_loli,66068203
126,2018,12,18,才500评论,0,Jimusic,2396151
127,2018,12,14,超喜欢中间的笑场,2,半岛餐盒,442339553
128,2018,12,14,让世界听见关于你的名字[可爱],0,半岛餐盒,442339553
129,2018,12,12,有赞美，有不对,1,-雪后初晴,37382648
130,2018,12,9,日常打卡,0,孙燕姿的小迷妹啊,327977684
131,2018,12,1,这首歌真的喜欢～～,0,onceleo,30675713
132,2018,12,1,签到,0,s1ck1000,1471605268
133,2018,11,23,别闹，你是个妹子，臭不要...（逃）,0,LZAKU,56740392
134,2018,11,19,把嘿呀唱的如此好听也就孙燕姿了,1,壹叶落而知秋丶,326176798
135,2018,11,12,但是你的id本孙燕姿老公不得不反驳,1,扛起孙燕姿就跑,2594529
136,2018,11,11,听了十五年了[惊恐][惊恐][惊恐],1,石头一直在唱歌,1965893
137,2018,11,6,看着窗外飞来飞去的燕子，日常表白燕姿！,0,一只水母正在飞,403396655
138,2018,11,5,停一会儿再往前,1,巖巖,260090118
139,2018,10,20,练习跨界限,0,A-KUONG,577837024
140,2018,10,16,练习跨界限,0,A-KUONG,577837024
141,2018,10,15,初中时超爱这首歌，十几年后再听依然好听[亲],0,梦不落飞行者,259872483
142,2018,10,15,练习换感觉,2,A-KUONG,577837024
143,2018,10,15,真假音转换的简直无人可比，不接受反驳我姿最厉害,7,没人比我更爱韶涵和燕姿,1332471327
144,2018,10,13,比浓眉毛好听呢,2,寇乙,32081960
145,2018,9,27,感觉孙燕姿最适合唱这种节奏的歌~随性轻快,5,一巻,475600609
146,2018,9,16,燕姿的和声好听,2,尘埃FayeWong,265990546
147,2018,9,11,燕姿只有两种歌，一种是热门金曲，一种是冷门金曲,79,愚人的国度V,90406979
148,2018,9,8,好好听啊,1,桑树家的小太阳,288507626
149,2018,9,6,她在绿光的阴影下呆的太久了,1,聆听的人m,443844982
150,2018,8,29,一方面是这张专辑里面《绿光》太火了，另一方面是后来刘德华唱了一首歌也叫《练习》,5,周杰伦的睡前故事,276183683
151,2018,8,28,燕姿的歌我最喜欢的就是这首,1,经纬180729,1536664663
152,2018,8,27,低配版浓眉毛,0,逝去的记忆盒,572386799
153,2018,8,27,当年本专辑最喜欢这歌。。,0,逝去的记忆盒,572386799
154,2018,8,26,超爱这首歌,1,皇帝宠姿,263527508
155,2018,8,25,重新听听燕姿,0,厂区门卫大爷2,572919258
156,2018,8,23,一首非主打歌，可在燕姿的声线中听到了歌曲的美妙旋律。燕姿棒棒哒[强],0,Henry_HK,104155058
157,2018,8,22,+1我想＋到999,0,白浪河的浪-白浪了,418353345
158,2018,8,22,+1,0,白浪河的浪-白浪了,418353345
159,2018,8,19,超级喜欢的一首歌,1,你有软趣味,413803844
160,2018,8,15,只为那声笑声就值得单循无数次，当年在宿舍里辣看MV，那明媚的短发女孩，应该就是所谓的女神吧,2,够味儿99,6761741
161,2018,8,10,@简简单单小生活MFY ,0,长亭缱绻,19515209
162,2018,8,10,词曲作者是？,3,Ericjhon,50675977
163,2018,8,10,好听,0,抠脚刀男骚,345308381
164,2018,8,7,👣,0,H小流氓,297607033
165,2018,8,4,让世界听见～,0,林34,400839327
166,2018,8,2,练习走向前,1,_诗芊,81037679
167,2018,7,30,小燕姿poppy来了❤，表白燕姿无限遍,2,33轉的LP,630862795
168,2018,7,28,我練習寫字畫畫唱歌記詩歌國家名稱，都是我父母逼的,0,布鲁斯37号,454262282
169,2018,7,22,姿迷报道，天籁之音,0,金龙180709,1514766829
170,2018,6,28,练习,1,Kkmiami,455050359
171,2018,6,26,今天提了离职，干脆一点结束这种尴尬的状态吧。可能会走的很慢，但是不会停下来，对吧~,32,豆花DOUHUA,69401322
172,2018,6,25,为什么好歌评论这么少,2,1YZYOUNG,1386944755
173,2018,6,23,小时候第一个mp3里第一首歌，十多年过来了，今天突然想起来，还是那个味道，我的童年。,4,痞_小伙,354121626
174,2018,6,22,发现宝藏,1,Youllbemystar,29846079
175,2018,6,17,这歌别人唱就是，你换假音啊，我换死你！,1,酱爆腰花,3324113
176,2018,6,7,小时候觉得世界好大。现在觉得世界真大。,5,我就是天青色等的烟雨啦,129210929
177,2018,5,29,这盘专辑全都会唱 小学的时候天天用步步高复读机反复播放 哈哈哈哈 ,6,3an3,107437168
178,2018,5,27,当时还是23岁的少女姿，当时还是童年时期的我[哀伤],5,33轉的LP,630862795
179,2018,5,22,"这首非常好听了。
",0,辉仔Huiman,92679814
180,2018,5,19,笔芯，我的孙燕姿,2,暖心甜y,540336727
181,2018,5,19,今天我也很喜欢你,0,暖心甜y,540336727
182,2018,5,13,[爱心]燕姿唱的都好听[爱心],1,-----Stefanie,454876432
183,2018,5,11,闪一万[星星],0,ZYRuss,44715482
184,2018,5,11,[亲亲],0,ZYRuss,44715482
185,2018,4,21,个人觉得孙燕姿是华语女歌手中吐字最清晰的歌手之一。,7,你说时间煮雨我煲鱼,371367700
186,2018,4,21,是的😁,3,子之选天,1391150898
187,2018,4,21,珍惜YANZI 999-的经典,2,mikarly,316903361
188,2018,4,20,好听,0,Goon66,122002802
189,2018,4,20,再也没有一个二十二岁的女生，像她一样唱歌,3,33轉的LP,630862795
190,2018,4,14,日出 以前,1,A-KUONG,577837024
191,2018,4,10,好听,1,Stefanie_kf,260396530
192,2018,4,9,从来没有一个二十二岁的女生，像她一样唱歌！,4,子之选天,1391150898
193,2018,4,8,[鬼脸],0,子之选天,1391150898
194,2018,4,3,听到那一声笑，心都化了[憨笑],4,那个ser,95369030
195,2018,4,3,心情都好了,0,33轉的LP,630862795
196,2018,4,3,很好听的,0,33轉的LP,630862795
197,2018,4,2,这首歌无敌了,1,奇异的多尼羊,52523428
198,2018,3,28,特别好听,0,旧电影cc,113083596
199,2018,3,24,打卡,0,可可西里云大朵,256103155
200,2018,3,20,不知道为什么，喜欢听你的每一首歌[爱心]最喜欢的歌手，以前到现在[爱心],0,查令十字街84号_2345,444469028
201,2018,3,15,孙燕姿我爱你！！！！！,3,富贵小馒头,333203248
202,2018,3,15,真的呢,0,嘉欣Junlar,112889814
203,2018,3,14,嗨呀嗨呀嗨呀,1,33轉的LP,630862795
204,2018,3,11,"日出  以前 [可爱]
我就要醒着开窗等待光线[可爱]",0,不得不爱2016,125751389
205,2018,3,8,我十七年过去了…难过,2,豫西小天王,594110291
206,2018,3,8,425 ？不科学,1,豫西小天王,594110291
207,2018,3,6,不开心一扫而空~,1,Re_HuMan,136702367
208,2018,3,6,不是999？,0,不问余生T,448307823
209,2018,3,5,评论居然不是999,0,elintu,86547115
210,2018,3,4,那是有钱人用的,2,湖人死忠,7776579
211,2018,2,25,看到有人说孙燕姿跟梁静茹过气了，我都笑出声了好吗？,4,生活也许不能更好但我可以,563090237
212,2018,2,25,都爱,0,aaayaaaf,37655839
213,2018,2,24,燕姿,0,未完成19991230,503310441
214,2018,2,24,很轻快,0,未完成19991230,503310441
215,2018,2,21,好听。在刘德华的《练习》下一首，刚煽情一下就换个风格，很好[可爱],3,三段茶道妈妈桑,82174885
216,2018,2,20,超级赞个一首歌，轻快唯美(≧^.^≦)喵~,1,西门二小,357347742
217,2018,2,16,初中听的歌，当时流行买明星的贴画，我买的就是她的，12年过去了,0,彐加油,386836644
218,2018,2,13,嘿，日出以前，我就要醒着开窗等待光线。    此刻，早上4.36分，拉开了窗帘。,4,_色-音,86244090
219,2018,2,7,百听不厌[亲亲],1,淘淘宁宁,308800601
220,2018,1,30,打卡打卡,0,疯_jf,262379467
221,2018,1,28,一晃十六七年，听Walkman的年代，好怀念...,2,zhujay,37403043
222,2018,1,28,孙燕姿就是孙燕姿，无人能取代,1,王金1711,632842409
223,2018,1,28,很好听，音色太好听了，太特别了,1,王金1711,632842409
224,2018,1,27,冷门歌曲又好听又感动,0,未完成33,443476411
225,2018,1,26,心目中想要的二胎是否都一样,6,跳舞的反骨,33249451
226,2018,1,25,冷门好歌啊,1,低调毅点,15764674
227,2018,1,24,一路向前,1,畏畏同学,529439960
228,2018,1,23,很有燕姿style 的一首歌 ,2,五一路的奇迹,55432576
229,2018,1,22,宁愿 往前 去预见下个情节 停一会 再往前,2,姿迷Kepler,62776498
230,2018,1,18,隐藏神曲,3,你男神的男朋友,300455862
231,2018,1,17,你再转你再转，我跟不上啊燕姿,1,清凉油A,255667395
232,2018,1,16,非常yanzi style的歌了，喜欢,2,渋谷喵,1306598868
233,2018,1,16,小小嘻想小小吴了,0,lx0c,48975438
234,2018,1,14,关于 累赘 练习 了解 极美 很好 不同 自然 安宁 眼神 懂事 风衣 风筝 害怕 和平 梦游 飘着😱😱,7,字迹微寒,100562566
235,2018,1,12,最爱燕姿这首999-的好歌,2,mikarly,316903361
236,2018,1,11,这是我自己买的第一个专辑磁带，当时还只能放在步步高复读机里半夜偷偷听，每次磁带转动到这首前奏心中的不开心的事瞬间没有了[大笑],2,心情哼尘歌,250190587
237,2018,1,3,哈哈哈，再见青春,2,fruitding,95966970
238,2018,1,3,不是999？,1,累世情深_-_-,365594740
239,2018,1,1,顶上去,1,马勒小喇叭,86647632
240,2018,1,1,今年第一诶*罒▽罒*,0,取一个昵称让你们记得我,305297416
241,2017,12,26,[憨笑]喜欢,0,帐号已注销,292673029
242,2017,12,24,不行不行，燕姿每张专辑都太优秀了[流泪][流泪][流泪][流泪],2,赫里尔德,410343541
243,2017,12,21,好歌的评论永远不会多,0,想听点什么,62954320
244,2017,12,17,＋,0,切萨皮诺,55918326
245,2017,12,15,灰常好听得歌！当年也是爱的不得了！,0,寻找四叶草Oo,47587184
246,2017,12,13,那年暑假,0,湖人死忠,7776579
247,2017,12,4,不过时，任何时候都很好听,1,念舊的峰,49351360
248,2017,11,29,十几年了 还是听不腻,2,Sofi518,471985517
249,2017,11,27,同类，我的最爱，世界有时候孤单的很需要另一个同类,1,废物书生,409940812
250,2017,11,27,我为爱迎接任何考验！！！,1,废物书生,409940812
251,2017,11,26,暖暖的微笑💓,1,Kepler-3,378301025
252,2017,11,25,没有责任,0,歌吻鲧,368917990
253,2017,11,25,我也不知道，反正一直单曲循环[爱心],2,s卢金b,474325857
254,2017,11,22,反正都好好听 评论不多也行,3,胃里缺个小土豆,263073924
255,2017,11,19,旧专辑 每首都爱,0,daydreamerxx,49917785
256,2017,11,18,打卡,1,孙燕姿的小迷妹啊,327977684
257,2017,11,18,练习,0,字迹微寒,100562566
258,2017,11,13,所以在这里提杨丞琳干什么，很不礼貌,1,得布西森林,95937066
259,2017,11,11,唱嘿呀嘿呀都那么好听,1,活着只求好玩,266447964
260,2017,11,11,好,2,湖人死忠,7776579
261,2017,11,9,关于我的名字,1,米痛苦基罗,280741748
262,2017,11,1,典型的燕姿冷门记忆型歌曲，每张都得放几首，连克卜勒里都放了首围绕,5,丐丐龙,61471970
263,2017,10,31,《很好》也很好听啦，可是，这首叫《练习》,2,地球上最后一只龙傲天,322606745
264,2017,10,30,虽然现在不太听中文歌曲了  但是艳姿的声音和唱功是特别和扎实的，学生时代的陪伴！,0,桂桂880827,468590961
265,2017,10,28,黑鸭 黑鸭 黑鸭 周黑鸭🦆,0,厦大侯亮平,305902677
266,2017,10,27,让世界听见关于你的名字,0,心情哼尘歌,250190587
267,2017,10,22,听上了就不舍得换歌,1,蜗牛壳上盼望,313308274
268,2017,10,7,这首歌是燕姿的歌里面最喜欢的一首歌,2,haicewei,122044289
269,2017,9,29,心情不好的时候就得听这种元气满满的歌！,0,钨锚锚,392814131
270,2017,9,24,好听，是表达原来一个习惯单身的人在碰到一见钟情的人后突然想要去追的感觉吗,0,Southern_South,264719636
271,2017,9,22,自然也不错,2,幸福来敲门999,487608383
272,2017,9,21,听着cd翻评论，惬意[可爱],1,风云无霜,101464143
273,2017,9,19,练习一个人，练习去笑，练习去面对，练习离开……,1,用户77622058,77622058
274,2017,9,11,读初中的时候，每天骑着自行车一个人唱的歌，特别阳光，特别好听！,2,RichardColumbiaUniversity,246229682
275,2017,9,11,找刘德华练习路过进来的举手[星星][禁止],4,清清水中虾,373510117
276,2017,9,8,燕姿首首好听😊,1,雪花气息,408899309
277,2017,9,7,孙燕姿孙燕姿爱你哦,3,瞿婕吖,125721075
278,2017,9,6,翻着燕姿的歌，看着你们的评论，时间一下过去了[惊恐],2,慢慢步过人生路,324081860
279,2017,9,1,这首在我记忆里有点模糊了。 今天听来特别好听,5,海伦小不点,570037313
280,2017,8,29,小学的时候本来想想刘德华的练习，意外听到燕姿的这首歌，那个年纪便觉得很好听，莫名的好听，一直听到现在。,6,小城旧音,292465669
281,2017,8,29,常常幻想时下的选秀节目能多翻唱几首燕姿的冷门歌曲，让大众认识到燕姿到底是有多厉害，不过，仔细想想，好像燕姿的歌还是她自己唱最登对。,7,将渡未渡,92940839
282,2017,8,28,十多年过去了，只有燕姿还在曲库里，而年少时喜欢的蔡依林王心凌张韶涵随着时光流逝早已陌生,5,流淌在耳边的旋律,51377741
283,2017,8,27,燕姿我永远爱你[亲亲],3,Jimmy_pagee,122238280
284,2017,8,23,燕姿的每一首歌每一次听都好像第一次听一样有种惊喜的感觉，为什么这么好听呢[色],2,瑾涩seven,264034419
285,2017,8,22,啊～,1,强靖林真好,272542382
286,2017,8,22,一直很喜欢这首歌，但从没有听过现场版诶，好想听燕姿唱Live！,2,8B8BHOME,288500186
287,2017,8,21,我来啦，999+加油！！！,1,春天之恋,258758924
288,2017,8,21,力挺999~靠咱把她刷上去[奸笑],5,看见我一肚子坏水了嘛,527839419
289,2017,8,21,燕姿所有的歌，历久弥新，终有全部999+的一天,1,休Xiu,289640047
290,2017,8,18,什么时候瞎到这首歌了，老伙计,1,风游光,3052114
291,2017,8,15,😆😆😆,0,今天数学上一百了吗,404682649
292,2017,8,15,来了,1,我见过刘惜君卸妆的样子,334865174
293,2017,8,14,❤️,0,YAMDFL,506447294
294,2017,8,14,我放下原则想另一面,0,刘宇轩的黄晶燕,560423577
295,2017,8,14,练习[憨笑],1,停留二八佳人,303475299
296,2017,8,13,有点,0,用户398615730,398615730
297,2017,8,11,缘 妙不可言。,0,归人与过客,248548109
298,2017,8,11,燕姿,0,春水煎茶zzz,298330273
299,2017,8,11,元气燕姿,0,倏一,438498023
300,2017,8,11,怎么可能算冷门呢？这儿这么多人呢,2,太阳系的熊,484852316
301,2017,8,11,到了不知道该去喜欢谁的年纪了。,0,刘翰_,117798341
302,2017,8,11,不是999很奇怪！！！,0,A7艾,550046009
303,2017,8,10,耶,0,欤柒_P,423736424
304,2017,8,10,[爱心],0,鱼一滴点儿,80627121
305,2017,8,10,笔芯,1,一二听听歌略略,397142410
306,2017,8,10,感觉燕姿有点像朱茵,5,黄大大呀呀呀,484941870
307,2017,8,10,一句喜欢你我也需要许多次憨笑的练习，一次没礼貌的拨你头发也需要巨大勇气，可是我爱你就如这内心欢喜的跳动甜蜜感情般嘻嘻哈哈啊，我要和你一起，还要多多练习呢，毕竟我们都是青年呢。,4,mjss1丶sea,131150557
308,2017,8,10,留名,0,48子,253846186
309,2017,8,10,不知道这个歌为啥没有火,1,愿你走来,341255831
310,2017,8,9,嘿呀嘿呀嘿呀,0,壹叶落而知秋丶,326176798
311,2017,8,9,在我的歌单里，我的前三是同类、相信、我的爱。不过我指的冷门是不作为主打歌的歌曲。,0,colashin,7597951
312,2017,8,8,看来我们口味很相似哦[呲牙][呲牙],1,李鴆-,30140630
313,2017,8,7,在我心中和遇见有的一比，是真的好听。,2,壹叶落而知秋丶,326176798
314,2017,8,7,去豆瓣她的主页去找 一般豆瓣收录的专辑比较全,0,Jaqueline30,270658719
315,2017,8,7,同类真不能算是冷门 是最璀璨的一首之一,0,Jaqueline30,270658719
316,2017,8,6,01年 冬天 早上六点半左右 那时候电视总会在那个时候放些歌 好像是告诉人们 电视台快上班了  在我一只脚刚踏出客厅 听到了这首歌 《练习》 今天是2017年8月6日   感谢燕姿陪我这么多年！,5,MyLove孙燕姿,277419131
317,2017,8,5,❤❤❤,0,不及雨zz,283529123
318,2017,8,4,好巧 能认识吗,0,不及雨zz,283529123
319,2017,8,3,哇好巧哦我们同城诶[可爱],0,肖思安,117207978
320,2017,8,3,[爱心],0,陆依萍打雪姨,27896374
321,2017,8,2,燕姿的很多双字名的歌，冷门又漂亮。比如《相信》《我想》《不同》《练习》《很好》，还有不那么冷门而又是我最爱的《同类》。,4,colashin,7597951
322,2017,8,1,网易云所有姿妈都有了，如果都听了还不是你要找的歌，那可能不是她的歌了,0,Halo_Stefanie,44758870
323,2017,7,31,你好,1,不及雨zz,283529123
324,2017,7,31,中间的笑声甜化我心[爱心],2,wokansheihewoyiyang,113113844
325,2017,7,31,其实我是从我有一个秘密里找到这首歌的，不过真的好听[可爱],1,肖思安,117207978
326,2017,7,30,[可爱][可爱],0,_唧复唧唧,137480153
327,2017,7,30,[惊恐],0,我正经799,129203055
328,2017,7,28,不管开不开心都能听的孙燕姿~,0,yangerr,268612128
329,2017,7,26,耶，三百,1,风居住的街道W1707,549830624
330,2017,7,25,寻找孙燕姿很早期一首冷门歌，不是专辑里的，MV中貌似是燕姿坐着在独唱，第一句好像是“我过得好吗。。。”歌名极有可能是两个字，翻遍了网易云音乐没找到,0,xiaolin050000,434588632
331,2017,7,23,[可爱]每次不开心听你的歌特别治愈,0,想去吹太平洋的风,431966292
332,2017,7,23,每一首都是惊喜,1,超级森少年,288694280
333,2017,7,22,滴滴,1,半座城池丶,500055772
334,2017,7,21,爱你 ,0,lm_stef,258724583
335,2017,7,21,294😃😃,1,这个名字不太污,440297369
336,2017,7,20,听了十六年还是很爱的一首歌,2,喵小姐深夜发神经,394439897
337,2017,7,20,这首歌的力量感可以说是姿歌里最到位的了吧，这么多年了…,2,氢气心,546390665
338,2017,7,12,让世界听见关于你的名字,3,MRmessup,20557971
339,2017,7,11,[爱心],0,wokansheihewoyiyang,113113844
340,2017,7,10,这个专辑封面图，我觉得有好多好听的歌,0,啊啊胖吧,131421113
341,2017,7,9,😀,0,素丸子Kwok,17385100
342,2017,7,9,😊,0,素丸子Kwok,17385100
343,2017,7,9,☺,0,素丸子Kwok,17385100
344,2017,7,6,[色][色],1,_唧复唧唧,137480153
345,2017,7,4,燕姿冷门金曲之一[色][色],1,forbe,125980582
346,2017,7,3,燕姿,0,rafanie,506647664
347,2017,7,2,yan-zi.,0,孤独小孩o,273175427
348,2017,6,29,超喜欢，爱燕姿[亲亲][爱心][钟情],1,春天之恋,258758924
349,2017,6,28,好听，声音干净，咬字清脆，转音漂亮！[可爱],4,带着箱子去旅行,17382948
350,2017,6,27,真的好好听啊啊啊啊，开头那几句，超级好听,0,爱燕姿的猥琐共,99190907
351,2017,6,27,随机到的这首歌，本来还好，听燕姿一笑瞬间化了,1,甚嚣尘上丶,35033675
352,2017,6,25,这笑声苏,0,甜甜辣辣就是我,475642194
353,2017,6,25,这首是众多燕姿冷门好听歌之一 早晚会999+ 现在是275 大家送我上去呀！,1,不是达芬奇,48303750
354,2017,6,23,转音牛,3,我有努力和这个世界变熟,394296679
355,2017,6,23,打卡,0,我有努力和这个世界变熟,394296679
356,2017,6,23,我姿,0,我有努力和这个世界变熟,394296679
357,2017,6,22,日常打卡,0,跳舞的克卜勒,122786310
358,2017,6,18,特喜欢拉长的尾音,1,biggerbiggerthanyou,99863322
359,2017,6,16,好听,1,Y浩Y浩,503888137
360,2017,6,13,好听的批爆,3,纳小子真帅,427219096
361,2017,6,10,那时候的燕姿很美好，那时的自己太懵懂。,1,DLZluvDFZ,316867433
362,2017,6,7,每周打卡,2,过往云烟视而不见,305289320
363,2017,6,5,这笑声好甜,0,茹音_绕梁,289036607
364,2017,6,4,超干净的声音,0,scarllet17,52570441
365,2017,6,3,这首超好听，爱燕姿[亲亲][爱心],0,春天之恋,258758924
366,2017,6,3,日常打卡 ,1,dorianamot,362553349
367,2017,5,21,这首歌也是神曲,1,老子是真的气,263551031
368,2017,5,15,我的神曲,0,长路缓行,47446938
369,2017,5,7,[憨笑][憨笑][憨笑]失恋后的励志歌！,0,G318狗一丁,435289202
370,2017,5,6,能把嘿呀嘿呀都唱得这么好听的还有谁[憨笑],9,甲壳猫1704,455487789
371,2017,5,6,能把嘿呀嘿呀都唱得这么好听的也只有你了[吐舌]换了一个人一开始就嘿呀嘿呀我会觉得是神经病,3,甲壳猫1704,455487789
372,2017,5,5,黑牙～黑牙～黑牙黑牙已黑牙～,4,江城出猎,315536215
373,2017,5,1,好听,0,2016猫猫呀,434837481
374,2017,5,1,哈哈哈，你好啊……,0,疯狂的颠茄,122461513
375,2017,5,1,思绪一下回到初中，12年前,0,Jasmine_啦啦啦啦啦,64420625
376,2017,5,1,我也是 幸会[可爱][可爱][可爱],0,云卷也云舒,17837019
377,2017,5,1,是啊,0,疯狂的颠茄,122461513
378,2017,4,30,你生日是411么？,0,云卷也云舒,17837019
379,2017,4,30,17年，尚好的青春都是你❤️,1,是小27吖,106458515
380,2017,4,27,孙燕美还没来🤔,1,佐加野,48033530
381,2017,4,22,内心纯净，没有啥杂念，阳光好明媚的感觉,1,有只小狗叫小米,116046871
382,2017,4,20,这转音我给130分!!!,0,柒星雪,85911992
383,2017,4,20,为什么这种好歌都只有两百条评论。？,1,LapIace,355418011
384,2017,4,20,年轻时没有皱纹，年老不可避免。岁月是没有办法的事情。但演唱会现场依然很好。,1,9号天台,53103092
385,2017,4,11,青春的味道,1,朱丽叶继续平凡之路,49081203
386,2017,4,11,真的好听！,1,寻找四叶草Oo,47587184
387,2017,4,8,这首歌不叫《你的名字》？[开心],1,猫阿奴,59860741
388,2017,4,6,感觉那几年燕姿专辑里的每一首歌都应该999+啊，我来添砖加瓦,2,-_爱与诚_-,292612263
389,2017,4,3,爱燕姿[亲亲][爱心][钟情],0,春天之恋,258758924
390,2017,4,3,喜欢超快感的口哨，至今学不会[流感],0,文十七,248739095
391,2017,4,2,这转音 无解,1,降解y,99755269
392,2017,4,1,还记得第一次听这首歌是六年前，也是从那时候起喜欢孙燕姿的。觉得世界上再也找不到第二个像孙燕姿这么有灵气的女子了。,2,1895勇,431138311
393,2017,4,1,燕姿清澈薄荷味的大声笑唱里，有多少人二十多岁的青春。,4,5dana,11073813
394,2017,3,29,好听！,0,妖妮sama,385714254
395,2017,3,26,高中课堂后 沿着操场跑步 灿烂的阳光直泻而下 就是这种感觉 ,2,云卷也云舒,17837019
396,2017,3,26,改变是必然，爱她的人始终爱她,1,ymlzasyz,133781720
397,2017,3,23,对啊，好可惜，这两年很伤心的一件事就是燕姿的声音变了，变得不再那么干净利落了。伤心中~[心碎],0,好想吃西瓜,32400929
398,2017,3,22,:),0,luuuxu,2671213
399,2017,3,19,孙燕姿best！,0,孙燕姿best,46251605
400,2017,3,19,"鼻梁很美
",0,我是丑王,127718208
401,2017,3,13,很好听[强],2,拭目以待h,307323920
402,2017,3,9,盖戳[爱心]我姿,1,我不难过只是为什么眼泪会流,346043023
403,2017,3,4,她和风格类似的蔡健雅都是来自新加坡，孙燕姿远比后者更为家喻户晓，以至于让我对她长久以来的印象只限于<遇见>和KTV大屏幕的滚动播放。这首歌和这张专辑听得出时代感—九十年代流行摇滚的编曲质量；但没有过时感—不同于对西方流行音乐的拙劣模仿，她极具个人特色，或许是这些歌能够长久的原因。,4,loveswhore,53227151
404,2017,3,2,想知道他说了什么,0,林守乐,55243746
405,2017,3,2,22:23,0,林守乐,55243746
406,2017,2,25,别跟我说谁谁谁，我的青春只有孙燕姿，有且只有一个,2,孙燕姿你是光芒果,77464742
407,2017,2,21,那个夏天，那个令人难忘的暑假，这张专辑陪我走过了那个夏天，那时的同学，现在一辈子的兄弟,1,肖楠1715,119975298
408,2017,2,18,封面好漂亮！,0,明明就没,120910047
409,2017,2,9,回忆中带着轻快.....,0,-黑色柳丁,397193035
410,2017,2,9,天啊！这首歌越听越好听！超级耐听[爱心][爱心][爱心],2,芬兰的孤岛鲸,115963271
411,2017,2,6,晚安呀 嘿呀[爱心],0,Lemon-Y-,287848998
412,2017,2,5,燕姿，爽,0,诺坎普拉玛西亚,83009512
413,2017,2,1,大爱这首歌曲mv姐喜欢,0,流烟雨4526,412627547
414,2017,1,29,@_唧复唧唧 ,0,_null___,121949161
415,2017,1,29,我就要醒着开窗等待光线  和声 nice,1,_null___,121949161
416,2017,1,19,嘿呀,0,Stef小傻,95849389
417,2017,1,5,[爱心],0,湖人死忠,7776579
418,2017,1,2,晚安[爱心],3,云村Lv10老流氓,323850206
419,2017,1,1,真的真的,4,帐号已注销,258664711
420,2017,1,1,嗯嗯 不是靠说的  谢谢你[拜],1,云村Lv10老流氓,323850206
421,2017,1,1,加油,1,老志头,391588624
422,2017,1,1,[强],2,拒撩怕上瘾,391358331
423,2017,1,1,加油,2,帐号已注销,134812395
424,2016,12,31,完美,0,会见萨科的快乐,123075272
425,2016,12,29,最好听的歌,0,kk小磊,293655886
426,2016,12,28,燕姿~~！,0,Mrrrrr大昕,82448569
427,2016,12,27,犹记得当时买这张卡带时，就认定了这首歌是燕姿最好听的歌，这么多年过去了，还是没有其他歌占据它的位置…总感觉这首歌调调很鼓励人啊！,0,帐号已注销,42269276
428,2016,12,26,奇怪  当年听了无数遍的专辑，居然不记得有这么一首歌,0,JuneZ,3426369
429,2016,12,24,高三那年最喜欢听了！,2,缺席的黑夜,126886342
430,2016,12,24,[爱心][爱心],0,Belamin,71873861
431,2016,12,18,感觉很清爽，很久没有过的感觉了，喜欢,1,FOUR在夜间飞行,78460827
432,2016,12,13,中间的笑声让我感觉真美好,1,豆浆加点糖,267196998
433,2016,12,7,这首歌不是最有名 但总是在不经意之间回想并哼唱起来,1,EVA8008,94316728
434,2016,11,29,嘿耶 唱腔和旋律绝配,1,jjjg134,120773673
435,2016,11,26,孙燕姿最牛逼的就是。。。首首都好听，上哪说理去,202,谁用了我的次生古玩,252045343
436,2016,11,24,一直在练习，做好准备,0,长路缓行,47446938
437,2016,11,19,跟着唱了下，要累死了,2,总换名字使人头昏眼花,20519840
438,2016,11,11,这才是好的励志歌,3,AcDzVle,3890901
439,2016,11,11,燕姿,0,你比烟花好看,61518983
440,2016,11,7,嘿呀～,0,小聂要做种花家的好兔子,248265269
441,2016,11,7,最后部分有20个黑呀,0,lonely王-铁柱,41087192
442,2016,11,6,停一会再往前~,0,账号还是注销吧,17481219
443,2016,11,2,燕姿。,0,字迹微寒,100562566
444,2016,10,31,喜欢孙燕姿快八年了，她所有的歌我都会唱，我现在只听她冷门的歌曲,1,女神孙燕姿,352268957
445,2016,10,26,现在燕姿没有这么青涩的假音和转音了，不过还是很喜欢,3,ymlzasyz,133781720
446,2016,10,26,评论怎么这么少,0,安静周-,270919553
447,2016,10,26,啥,0,安静周-,270919553
448,2016,10,17,晚安。,0,一只不完美的海星,3241795
449,2016,10,13,我已无法分辨什么是冷门什么是热门 每一首歌都是一个回忆片段 都是我的青春宝藏,0,花椒吖好麻,9592890
450,2016,10,8,爱姿,1,姿意燕为,263726012
451,2016,10,6,我也听了十多年了[大哭],0,木水鸟,249333031
452,2016,10,5,是资最喜欢的歌曲,0,RonanKeating男孩地带,130007110
453,2016,10,4,超级神曲,0,野小玄,44137665
454,2016,10,4,我要的幸福之后最喜欢的姿音,0,大妈海贼团首席料理师,50644898
455,2016,10,1,爱姿,1,姿意燕为,263726012
456,2016,10,1,练习走向前[爱心],2,克卜勒上的雀斑女孩,272227296
457,2016,10,1,爱姿,1,姿意燕为,263726012
458,2016,9,29,知道听这歌多少年了么[呲牙],4,西瓜七瓜瓜,86094657
459,2016,9,28,ฅ(⌯͒• ɪ •⌯͒)ฅ❣,1,逆光FACE,88730935
460,2016,9,27,我有爱姿病，很严重！！！[憨笑],6,帐号已注销,282183275
461,2016,9,27, 对于现在的路人来说，燕姿的冷门金曲真是太多了厚[奸笑],3,我只会乱乱唱,272309134
462,2016,9,26,喜欢那句管谁！,2,林守乐,55243746
463,2016,9,25,跟燕姿的声线很符合,2,遮羞布罢了,33532401
464,2016,9,23,好听好听好听，重要的事情说三遍,1,柒星雪,85911992
465,2016,9,18,每首都留言，都留言，留言，燕[色],2,方圆已被注册,63103560
466,2016,9,17,小的时候听这歌正好是夏天 四点多醒来没把自己整死就因为歌里唱要在日出前醒着开窗等待光线 哈哈哈哈,2,訾央伪装小漠漠,247480354
467,2016,9,14,这个“管谁”真好听啊,0,FingA,309634805
468,2016,9,13,练习走向前,0,太阳底下0723,16072610
469,2016,9,11,好听到醉～,1,帐号已注销,124859943
470,2016,9,7,💜最💚爱💗姿💙妈💛,0,杨亿嬅,273788048
471,2016,9,6,[爱心][爱心][爱心],0,FiJiWind,118328372
472,2016,9,1,这种歌作曲的时候是不是就为燕姿量身定做的？,1,baby-hongdou,82874935
473,2016,9,1,超级超级爱！十几年了。旋律太好听，mv也好看，那妙暑假弟弟每天用音箱放这首把我叫醒，我的青春～,0,baby-hongdou,82874935
474,2016,8,30,好听哦,0,林守乐,55243746
475,2016,8,20,我放下原则想得出另一面,0,love西西Li,262386758
476,2016,8,20,练习走向前，练习想明天。,0,love西西Li,262386758
477,2016,8,19,姿式小调～前姿吧考古队[奸笑],1,kk小磊,293655886
478,2016,8,18,这首歌最喜欢的就是中间的笑声[可爱],1,大大QvQ,117908934
479,2016,8,17,[可爱],0,shpaiw,16083854
480,2016,8,15,嘿呀嘿呀嘿呀～～,2,七七r有只小鱼仔,81956820
481,2016,8,10,完全可以大火的一首歌啊，旋律很烂大街啊,0,一个执着的boy,312054405
482,2016,8,3,练习走向前，练习想明天。,0,easyvita,107233073
483,2016,8,3,最爱燕姿的一首歌！,1,easyvita,107233073
484,2016,7,31,我也好想认识一下22岁的你姿,0,徐人大,83142096
485,2016,7,28,转音好好听啊！！！！！！！,0,babyaries-,62220726
486,2016,7,23,真想认识一下22，23岁的孙燕姿,2,未完成s,52426699
487,2016,7,18,好听,1,恍惚的人这名字居然被人给抢了,136635212
488,2016,7,17,我的燕姿时代,2,大魔王6分,64880761
489,2016,7,11,适合在清晨汽车的时候听～,0,Jane_Beam,67307832
490,2016,7,4,谢谢！,0,疯狂的颠茄,122461513
491,2016,7,4,年轻无极限,1,风的边沿,7509652
492,2016,6,30,燕姿的招牌真假音转换，如行云流水般顺畅，听燕姿的老歌就是让人年轻又活力,7,神兽草踏马,1309013
493,2016,6,29,这张专辑最爱就是练习和逃亡，,2,宁静的鱼,264894683
494,2016,6,27,日出以前  我就要醒着开窗等待光线,3,你在风的另一边13,111264925
495,2016,6,27,我为爱迎接任何考验,3,你在风的另一边13,111264925
496,2016,6,27,让世界听见关于你的名字,3,你在风的另一边13,111264925
497,2016,6,24,12:26,0,林守乐,55243746
498,2016,6,23,我姿的练习是欢快的，华仔的练习是悲伤的。,2,Song我的憧憬,51600636
499,2016,6,23,這首歌還是第一次聽,0,小蝦米奇奇,130686480
500,2016,6,23,很喜欢前面的（嘿呀）,1,高尔夫GTII,37133611
501,2016,6,20,19:16,0,林守乐,55243746
502,2016,6,18,评论好少[惊恐],0,懒杨杨大大,75499792
503,2016,6,18,我姿[亲亲],0,孙燕姿的粉丝,36733053
504,2016,6,16,燕姿陪伴我们走过青春,0,大野猫姑娘,68003363
505,2016,6,11,笑声好好听[呆],0,loveyou11111111,66338364
506,2016,6,8,跑步的时候听简直飞起,1,_小邱同学,50147153
507,2016,6,7,MV 很好看啊  就喜欢看我姿笑[憨笑],1,WOOOOMwang,275225493
508,2016,6,4,[爱心],0,孙燕姿的锁骨,17714009
509,2016,6,2,初二的夏天每天放dvd陪着做作业，喜欢每一首，记得每一首。,0,放云菇头,84572634
510,2016,5,30,超快感 浓眉毛 leave me alone 零缺点 真的 逃亡 任性 练习 someone;silent all these years;that i would be good;作战；直来直往；不同；我想；未完成；学会；休止符；没有人的方向；太阳底下；祝你开心；种；梦游；安宁；飘着,1,神奇女侠R,112765474
511,2016,5,27,让世界听到关于你的名字,1,孙燕姿的手,100429699
512,2016,5,25,練習走向前，練習能改變，喜歡短髮的燕姿,0,金鎖記,64228833
513,2016,5,23,我为爱迎接任何考验,1,Moro炳,134976472
514,2016,5,22,20:34,0,林守乐,55243746
515,2016,5,21,WTF这首居！然！没！有！评！论！,0,LZAKU,56740392
516,2016,5,19,[憨笑],0,成小姿S,84991554
517,2016,5,19,最喜欢的一首孙燕姿[爱心],2,Who-is-GamblerA,54687170
518,2016,5,15,没有评论！！！WHY!!!,0,leemdong,79466764
519,2016,5,12,[奸笑][奸笑][奸笑],0,65418,519706
520,2016,5,11,[鬼脸][鬼脸][鬼脸],0,可阳快飞,115746724
521,2016,5,11,[亲亲][亲亲][亲亲],0,可阳快飞,115746724
522,2016,5,7,日子都过去这么多了，练习中向前，练习去改变，加油！,0,长亭缱绻,19515209
523,2016,5,6,真的适合长发，有点太瘦。[可爱],0,rock默然,39572304
524,2016,4,29,来怀念我的小时候~,1,陪你从小猫咪到大老虎,127848722
525,2016,4,27,评少不科学[晕],1,Cypress_Nectar,52419940
526,2016,4,23,[亲亲],0,若风阿,70091588
527,2016,4,17,[爱心],0,孙燕姿的锁骨,17714009
528,2016,4,9,练习走向前～,0,懒喵懒喵,9499116
529,2016,4,8,超级爱！那时候还把歌词写在黑板报里了！,0,疯狂的颠茄,122461513
530,2016,4,7,一天循到两遍 努力做到让人放心的人 果然是有赞美 有不对哦[奸笑],0,申暖暖,98528559
531,2016,4,4,从小学一直到现在都喜欢的歌手~,1,野味浪鲜,105893622
532,2016,4,4,看到评论说喜欢这笑声，我也超喜欢,2,enchantedu,34117321
533,2016,4,2,爱这首歌,0,绚颜,74383190
534,2016,3,30,爱燕姿，大爱~,0,永远-_,250024524
535,2016,3,28,从这张专辑开始听燕姿的，一听就是这么多年。,0,你的前夫,135373545
536,2016,3,25,听歌的时候有种走在山头迎接日出，清风徐来的感觉，很舒服～,0,毫米汞柱,123283859
537,2016,3,18,[呲牙][呲牙][呲牙],0,蓝石头55,56061551
538,2016,3,18,暂时让我一个人,0,蓝石头55,56061551
539,2016,3,17,挺好听啊。 为什么没人听呢,0,二两稍麦,129818029
540,2016,3,17,还记得小时候家乡的电视台有点播频繁、可以看到别人点歌的过程、每次都是找刘德华的练习、最后放出的是我姿的练习…哈哈、心里窃喜、点一首两块钱座机费,2,能猫桑,563187
541,2016,3,14,我不忍心看到 评论数连99+都没有,0,xf帆,91895203
542,2016,3,14,ktv点这首 从来没人听过[哀伤],0,是咸鱼儿,251598371
543,2016,3,13,最早听燕姿  后来听梁静茹  上大学听王菲  毕业听阿妹  刚上班听beyond  如今回到听燕姿,1,AcDzVle,3890901
544,2016,3,12,高中晚自习回到宿舍睡觉前都要听听这首，我做了多少数学练习，你真的懂了吗？听到燕姿天真无邪的笑声一切烦恼都抛在脑后了。,1,Tim_Huang0216,42792776
545,2016,3,9,我要变网红了么💆🏻,3,孙燕美,542076
546,2016,3,9,@孙燕美 你出来,0,HYOUNG-,36261825
547,2016,3,8,这么好听的歌，让我回到十六岁～,1,AcDzVle,3890901
548,2016,3,5,喜欢了十几年的歌，现在才懂，我要练习做可能的任何事情，然后在我们在一起之后，再陪你做一遍。,1,长路缓行,47446938
549,2016,3,3,没看到孙燕美啊,3,听一下hoho,109122829
550,2016,3,1,嘿呀嘿呀[亲亲][亲亲][亲亲][亲亲][亲亲],0,所有马尼归我,20350890
551,2016,2,27,醒着开窗迎接光线,0,无印良痞,33890876
552,2016,2,24,这笑声萌化了。。。。,0,不只是逆光,68467295
553,2016,2,17,我觉得我要去听燕姿的演唱会 也是我的一个心愿吧[呲牙],1,Magic1lin,86285214
554,2016,2,16,记得高考的时候这首歌就是我的励志歌。燕姿一直在陪伴我。加油，练习走向前。,1,追求自由王国的疯子,46100692
555,2016,2,13,评论这么少什么鬼,0,永夜的序曲,114495042
556,2016,2,3,只有真正的姿迷才听得懂这首歌的好[大笑],242,李鴆-,30140630
557,2016,1,29,超喜欢“我为爱迎接任何考验”的假音了！,1,我是丑王,127718208
558,2016,1,24,嗯，好多年没听了，再次听到还是会让人从心底生出莫名的愉快。,0,HMsZ,125571114
559,2016,1,23,居然这么少人,0,向往北方的日子和乐子,75903833
560,2016,1,17,我一开始练习，开始慢慢熟悉[大哭],0,我想就这样牵着你的手去优衣库,3542985
561,2016,1,17,词曲俱佳，声音更是赞,0,yanzicst,79056105
562,2016,1,13,这歌这么好听 居然没评论,0,美国村长王德彪,61862193
563,2016,1,8,[爱心],0,一叶扁舟_____,98760641
564,2016,1,6,[星星][星星],0,那天与你邂逅的薇薇,7004245
565,2016,1,3,从绿光开始喜欢上燕姿，会喜欢一辈子[色],0,西瓜z丶,38183002
566,2016,1,2,人好少,0,黑暗骑士-TDKR,37793064
567,2015,12,30,为什么评论这么少,0,下沉式绿地,98637395
568,2015,12,25,伴奏钢琴满分[呲牙],1,胖丁噢,46038318
569,2015,12,22,[亲亲]真带感,0,CGNH,65593562
570,2015,12,22,给我前进的力量,0,chris153709,108684847
571,2015,12,13,[爱心],0,雨陨,31875806
572,2015,12,13,嘿呀嘿呀嘿呀～,0,雨陨,31875806
573,2015,12,12,500273750227,0,欧阳小小小小小小小小小小小小小,18879459
574,2015,11,27,"练习走向前
练习等明天
这世界随时可以体验
",2,长亭缱绻,19515209
575,2015,11,16,～～～,0,举个西木,60673274
576,2015,10,25,这首歌让我想起一个人，唱歌时很柔情，与形象形成反差。又很喜欢燕姿的歌~专唱女生的歌~大概是想听他唱歌了~可惜不是你~[开心],0,追萌赤子之心,89872669
577,2015,10,19,"已经下班啦，人却还在办公室，人总有忙不完的事儿。偌大的空间，来首歌吧\^O^/
哈哈哈，蛮享受这样安静的时刻。",0,水印蓝,22361416
578,2015,9,24,真轻快,0,麻雀呆呆,50385982
579,2015,9,21,这首歌旋律听起来很轻松很爽,0,御手冼红豆,34947475
580,2015,9,15,这首歌就是唱给18岁如风的少年…每次听得、眼前总是曾经的年少,1,能猫桑,563187
581,2015,9,6,百听不厌的歌。。。。,1,只此一次G,50284003
582,2015,9,2,我也很奇怪,0,ranavatio,74318620
583,2015,9,1,但是为什么评论那么少？？？？,0,Nicole-lkz,29444742
584,2015,8,26,好听,0,克卜勒白,75871330
585,2015,8,25,善良，挺正能量的小女生感觉,1,忧郁的猪肉王子,3067331
586,2015,8,24,风筝这一张最爱的歌了 晴朗的周末早晨 单车穿梭在林荫路,2,逆光逃亡,2872164
587,2015,8,7,哈哈，谢谢纠错！！,0,Rita蔻,75043971
588,2015,8,6,挑个刺，这张发的时候她23,0,神请赐我任意门,70758465
589,2015,8,6,yanziyanzi.,0,帐号已注销,44991129
590,2015,7,11,很好听吖,0,举个西木,60673274
591,2015,7,3,也曾经努力做个让人放心的人，有赞美有不对…在往成人转变的路上，谁不是梦想照进现实。最喜欢的就是这张专辑，有成长的跨度，有停下来再上路的坚定，25的她表达态度，我们持之以恒,1,Rita蔻,75043971
592,2015,6,29,对啊，为什么这么好听的一首歌评论这么少,1,刘见霄,32589170
593,2015,5,27,以前听磁带，我用复读机听，听不出声道。有次一个家里很有钱的同学借我索尼随身听，听到立体声时感觉太惊奇了！,1,驴子桑,30782347
594,2015,5,15,嗯 练习是那种不快也不慢的歌 处境尴尬,0,zhuweittt,396050
595,2015,5,15,吵吵闹闹，宁可清净品味,0,随风卡农,2073206
596,2015,5,12,当年的爱华随身听，吟唱的“嗨呀”会在左耳和右耳间来回穿梭。对于听惯了单声道的我，第一次感觉到立体声真舒服。,2,douglasxing,30481910
597,2015,5,8,也曾努力做个让人放心的人,1,GettingOnMyWay,29302257
598,2015,4,27,风筝这张每一首都是经典[爱心],0,九片棱角_,19807524
599,2015,3,31,那时候的孙燕姿和我们。,0,沒力超人,391424
600,2015,3,31,明明这首歌旋律好听，歌词励志，燕姿的味道特别明显，转音很漂亮~~~~~~·,277,渣男给我滚粗,2743414
601,2015,3,24,燕姿陪伴好多年,0,老potter,29586143
602,2015,3,21,这首歌评论少为什么,0,zhuweittt,396050
603,2015,3,19,这歌很有feel啊,0,寻找四叶草Oo,47587184
604,2015,3,9,情歌抚慰人心，非情歌励志给人正能量,0,说放弃要放哪里,9683208
605,2015,3,4,喜欢中间的笑声[憨笑],153,kalewong,33359539
606,2015,2,26,去看MV 更有感觉,0,熊熊烈菠萝,52434555
607,2015,1,15,嘿呀～做最好的自己,0,Crystacl,42702099
608,2015,1,13,这开头我就醉了,0,Halo_Stefanie,44758870
609,2014,11,28,那时候的我们，听着燕姿的歌，幻想着无限可能的未来,0,gumuyueying,17971778
610,2014,11,21,青春已经过去。但还是很喜欢。,3,Dexter_Cu,1910592
611,2014,2,8,相比苦情歌深情歌，还是喜欢那时的燕姿的感觉，也许是对青春怀念？,9,云二,6351686
