index,year,month,day,content,likecount,nickname,user_id
1,2019,11,22,心平安了，意念干净了，世界都会对你微笑。当你自己对自己微笑，世界上就没有烦恼的事情能缠住你；当你对自己非常真诚的时候，世界上没有人能欺骗你。—20170828,1,养浩然正气888888,387224947
2,2019,11,21,少了成熟的韵味，却多了少女的天真痴情，燕姿每个样子都很迷人❤️,0,六块少女,1555680543
3,2019,11,9,这张真的神专！！！,1,7things_,1318437548
4,2019,11,2,我爱孙燕姿！,0,苑子潯的小号,1548957065
5,2019,11,1,轻快自然，超好听,1,错生不错过,422192437
6,2019,11,1,眼花缭乱让全世界颠倒,0,Wobushibinggan,56939631
7,2019,10,30,现在的不知道了，你可以找下她公司的吧，应该是有的，[大哭][大哭][大哭],0,小鸟不想飞,67037865
8,2019,10,28,HEREWEGOHEREWEGO到老,0,不遑多让o_O,1944277967
9,2019,10,24,安东尼·戴维斯 2021-2022赛季NBA常规赛MVP,1,柯工-斯所设计,59707840
10,2019,10,22,我喜欢的那个人，他有浓眉毛，只是可惜，那眉毛我不会再看到。,1,Scar-SJ,75355406
11,2019,10,21,想知道email,0,坛井柱梦,304510673
12,2019,10,20,惊叹号，哈哈哈哈哈,0,Tinymix,395623871
13,2019,10,14,初一因为孙燕姿剪了短发,2,海棠菜,385541026
14,2019,10,12,为猪塚健太而来[吐舌][亲亲],0,阿容啊啊,58841853
15,2019,10,8,为啥这个歌这么有喜感,2,bebetterw,530036486
16,2019,10,4,"像得到游乐园的入场门票。
只一秒 快乐便升高 太美妙。",2,也不是猪只打呼,355734135
17,2019,9,22,那倒是[呲牙],0,mooka,56763445
18,2019,9,19,当年燕姿的声音好像更少女~初中时第一次听就迷上了,3,绿巨人Clar,117055290
19,2019,9,14,害，真是好像你,0,林居秋,397132168
20,2019,9,12,和你一样啊，可惜变成叔叔了都还没找到[皱眉][皱眉][皱眉],0,Derek_k0,559866643
21,2019,9,12,多幸运我是我.和你喜欢同一个偶像.站站，中秋快乐。,0,脖子以下全是腿,49886338
22,2019,9,12,让我想起我高中的暑假。,0,yellooowww,545543289
23,2019,9,11,喜欢眉毛浓浓的男人,1,Weiwill90,32207346
24,2019,9,10,转眼16年,0,Derek_k0,559866643
25,2019,9,8,喜不喜欢燕姿的歌跟是不是善良的人没什么关系吧。,3,我是Mazda迷,1523522581
26,2019,9,5,前奏西城男孩既视感,2,bronzer123,346599653
27,2019,8,30,没有呢 不仅要遇见她还要发现她 不仅要喜欢她还要被她喜欢 不简单啊,3,BlameUxy,254023106
28,2019,8,28,熟悉的旋律，原来很久之前就听过[多多可怜],0,璀璨人生2019,123860
29,2019,8,28,开个花店好吗？,0,萌小兔乖乖,339432828
30,2019,8,28,姿唱什么都会喜欢,1,萌小兔乖乖,339432828
31,2019,8,28,你会唱的更好,0,萌小兔乖乖,339432828
32,2019,8,28,娶到了吗,0,萌小兔乖乖,339432828
33,2019,8,27,好喜欢这首啊！,0,Sparrrrk,270935914
34,2019,8,26,每天日推一首我姿,0,lm_stef,258724583
35,2019,8,25,这张专辑发行于2000年，到世纪转角拥抱，那就是双双100岁啦！,2,一个人的天空w,403894272
36,2019,8,22,老熬夜 头也秃了 浓眉毛也越来越淡了 我该怎么拯救我的毛发[多多捂脸],0,我-要-回-到-风-里-了,75780315
37,2019,8,21,哈哈哈哈哈,1,Bad3oolguysgod,1359837892
38,2019,8,18,我也会唱燕姿八十多首歌，只是唱的不好[憨笑],3,天涯木桩,318254408
39,2019,8,15,我的天，甜死我算了,0,一悄,125578435
40,2019,8,14,是眼花缭乱     ,0,我的确不是我便是你的,137037493
41,2019,8,11,打卡,0,未完待续点丶,310368992
42,2019,8,9,听着老歌，感动了自己，是老了的缘故嘛,3,Mel123456,129635454
43,2019,8,3,我的初恋是浓眉毛，我一直忘不了,1,daliyu1630,277711702
44,2019,8,1,希望明年的演唱会，燕姿会唱这首歌。😌,6,mooka,56763445
45,2019,7,25,就像耶稣拥抱我们的罪恶一样，我们也要学会拥抱残缺的自己。,0,RevolverHKD,1509538174
46,2019,7,25,拥抱残缺不全的自己,1,RevolverHKD,1509538174
47,2019,7,23,想当商城里卖电视的，每天看燕姿的mv,0,sternum,100831909
48,2019,7,23,黑喂狗~黑喂狗~,2,Durrat,61051105
49,2019,7,12,突然从胡渣开始有点不可描述[憨笑],2,_抽水烟的爱丽丝,31522766
50,2019,7,12,第一张专辑真是清新自然,0,gerry_xg,79016046
51,2019,7,10,我，勒布朗粉听到了浓眉的歌哈哈哈哈有些惊奇,4,浮夸李先生,345217050
52,2019,7,8,燕姿唱什么都好听！,3,霉头霉脑云散月现自在飞花slay,42294326
53,2019,7,8,孙燕姿脍炙人口的歌实在是太多太多太多了！知名度不很高的歌也巨好听。,3,新风go,1300703582
54,2019,7,4,那肯定整体很开心,0,啊啊啊阿窈,578848548
55,2019,7,3,我也！！！太幸福了,1,西瓜树W,406352074
56,2019,7,1,不说还真没发现。TS这首歌我也很爱，不过晚了几年发行。,1,梦不落飞行者,259872483
57,2019,7,1,天哪，我也超喜欢她的睫毛！！,0,路钱钱,134044979
58,2019,7,1,哈哈，我也有这种想法,1,帅帅sameen,577090176
59,2019,6,30,燕姿的歌太多好听和喜欢的了 都选不出来哪一首最爱[大哭][大哭] 听一首爱一首 难搞哦,1,StefX,300674075
60,2019,6,26,[多多无语],0,唐某不沾刘女,347702944
61,2019,6,25,想要开一家店，一整天都放的孙燕姿。,7,s1ck1000,1471605268
62,2019,6,23,永远年轻,0,三层木娄,1616517835
63,2019,6,23,浓眉的歌,2,momoxxxxxxx,41379324
64,2019,6,19,打卡,0,阳光灿烂的日子___,450814785
65,2019,6,17,掌声欢迎浓眉哥,4,你的赤木晴子a,363924176
66,2019,6,11,嗯，怎么?,0,witt--,1312787620
67,2019,6,11,这张专辑燕姿，正是青春年华[奸笑],1,Jay爷,600324080
68,2019,6,11,哈哈，同音,0,Jay爷,600324080
69,2019,6,11,最爱[亲亲],2,钢镚儿170407,452867298
70,2019,6,9,初恋唱给我这首歌的时候我心都要化了，还给她傻乎乎的互相小心翼翼做了两年朋友,3,40先森,570922053
71,2019,6,8,你的眉毛是一只骄傲的鸟🐤,2,moniisi,37783140
72,2019,5,27,前奏好像tear drops on my guitar,0,Yiifuu,32044694
73,2019,5,26,又是一首不想分享出去的歌呢,1,徘徊_列车,257122156
74,2019,5,25,浓眉大眼😳,2,暮至明,94756999
75,2019,5,23,小学五年级第一次听这首歌，还是在姐姐给的MP3中，单曲循环了不知道多少遍……“你的眉毛，我的惊叹号”，我惊叹的是为什么时间会如此不动声色的流失……,1,路过人间的小雪花,347247110
76,2019,5,18,我也没有男朋友啊,0,予禾寒,286544821
77,2019,5,18,这歌可不好唱啊，感觉跨度好大,0,健翔哥附体,386128201
78,2019,5,17,举手赞同呀,5,sunyanzi33,40958518
79,2019,5,15,所以我母胎solo到现在。,5,蜗799St,1479258294
80,2019,5,15,喜欢😍，但我没浓眉毛[奸笑],0,丶只是年犹少,262197171
81,2019,5,11,同城的喜欢这首歌 喜欢燕姿的 都可以认识 哈哈[哀伤],0,土豆msu,378688842
82,2019,5,10,甜到爆炸！最喜欢“就像弹珠那样闪耀！！”,4,噜塔尼你在干嘛呀,105896381
83,2019,5,10,每次听都是恋爱的感觉,2,抹茶佛卡夏,1521565284
84,2019,5,8,嗯,0,暮至明,94756999
85,2019,5,8,这样嘛,0,安非他命miss,29903601
86,2019,5,8,眉毛浓密的人一般都很情深义重,6,繁繁繁士林,73577284
87,2019,5,4,这才是脱离了低级趣味的喜欢啊！,10,Original源_,68005848
88,2019,5,3,奇怪。对赵又廷就会有“夺妻之恨”，但对燕姿就是祝福。奇怪奇怪,10,乌江亭长死在南方,101776362
89,2019,4,28,好爱孙燕姿,0,O_oHULLO,343829645
90,2019,4,24,到世纪转角拥抱[亲][亲][亲],1,马lululu,55810097
91,2019,4,19,燕姿！！！！,0,留痕2010,406467541
92,2019,4,17,小学五年级的我第一次听到这首歌 没想到影响了自己择偶标准：浓眉毛,4,sever911,122831687
93,2019,4,16,早安,0,2016猫猫呀,434837481
94,2019,4,14,有浓眉毛就会有浓密的胡子,0,暮至明,94756999
95,2019,4,12,好想拥有浓眉毛哈哈,1,_不加糖有点甜,128108088
96,2019,4,9,好听好听好听，这个专辑好棒啊，喜欢这首歌的副歌,1,LynnYOLO,415636680
97,2019,4,5,连点赞数都是燕姿的生日，大家用心了！,5,迷途的船,423555503
98,2019,4,3,拥有善良，转化慈悲。慈悲是一个人最大的实力，是纯洁干净的心。做事，要言行一致，学会包容，随顺众生，海纳百川，上善若水。,1,养浩然正气888888,387224947
99,2019,3,31,打卡,0,Goon66,122002802
100,2019,3,24,hahahhahahhah,0,粟米热,30106719
101,2019,3,24,是你让我记得自己不是一个人……,0,贰叁叁叁子,560196021
102,2019,3,17,同年,0,灵魂橡胶,9693916
103,2019,3,11,22岁的孙燕姿的音色杀我！,5,121个逸儿,129095979
104,2019,3,10,到世纪转角拥抱...here we go,0,没人比我更爱韶涵和燕姿,1332471327
105,2019,3,9,夏天又要来了-,0,图弗洛,315079736
106,2019,3,6,咬一口，咬一口，咬一口,0,叫化活该,294211599
107,2019,3,3,快来巡演吧！,1,王丑丑已被注册,351121577
108,2019,3,1,好甜！,0,wwwnewsnet,45373464
109,2019,2,24,@千叶桃太郎 ,1,当你来找我時,99055680
110,2019,2,21,燕姿好美,1,隔壁MATA,1513934974
111,2019,2,21,在kfc听歌识曲，以为是你的美貌……,3,一颗柠檬阿,305113830
112,2019,2,20,滴  滴滴,0,zL该去往哪里,99989498
113,2019,2,17,几年又听，再回忆起那种感觉,0,翩翩儿郎,301878022
114,2019,2,16,爱燕姿[亲亲],1,静静听-首歌,619430089
115,2019,2,7,你的眉毛，我的惊叹号[吐舌],4,YXstefanie悦兮-求黄金守护保护,394037658
116,2019,2,1,蜡笔小新[大笑],0,软爷__,131224051
117,2019,1,27,以后唱给你听❤️,1,橙cc同学,450220746
118,2019,1,27,神仙专辑[流泪],1,没有一步之遥,53340270
119,2019,1,24,我的眉毛很浓,0,GodShen2,249141698
120,2019,1,20,我也是，而且我还给孙燕姿发过邮件[大哭][大哭][大哭][大哭],12,小鸟不想飞,67037865
121,2019,1,17,我以后要给男朋友唱这首浓眉毛,0,予禾寒,286544821
122,2019,1,17,此话当真?,0,予禾寒,286544821
123,2019,1,16,每一首歌都好听,1,飞鸟和新酒170723,548176898
124,2019,1,12,这词的灵感来源于阿菲的《脸》吗,1,帐号已注销,61957976
125,2019,1,11,在我最深处  有过你祝福 有花瓣的飞舞  泪水的凝固--明天的记忆,2,_-太阿,441964684
126,2019,1,9,11:42,0,林守乐,55243746
127,2019,1,8,如果有女孩对我唱这首歌，我一定要娶她,4,_Kamu1,61743774
128,2019,1,6,我更爱孙燕姿,0,Devotiontome,545406421
129,2019,1,6,我爱法理,1,Devotiontome,545406421
130,2019,1,6,燕姿的每一张专辑都是整张听的好吗,2,阿襄吧啦,108285716
131,2019,1,4,藏住所有的好,0,小谣爷,96193057
132,2019,1,4,唱片时代很多整专可听的鸭 可惜现在就蔡依林在线 出整专可听的,0,大河Sang,22029267
133,2019,1,3,同岁老阿姨，来抱抱,2,长腿国的哈比人,447437239
134,2018,12,30,肯德基歌单,2,silly_葳,294260809
135,2018,12,29,燕姿前几张专辑跟杰伦一样都是可以整张听的,0,Stefanie_Chou,108346735
136,2018,12,26,我的青（破）春（处）瞬间，像凡尔赛玫瑰，又爽又痛又多刺又鲜艳——王子面,3,森海一只鱼,119354431
137,2018,12,24,我32哈哈😄,0,经纬180729,1536664663
138,2018,12,24,这首歌前奏放在2018也是很棒的电音了,0,禾岚yu,66430788
139,2018,12,22,有志向,1,海外小仙人,65586509
140,2018,12,20,哈哈哈刚好我喜欢燕姿也喜欢杰伦,2,Juicyo,112511048
141,2018,12,19,老歌真香,3,新昵称还没想好,67339684
142,2018,12,16,你浓浓的眉毛。,0,布鲁斯37号,454262282
143,2018,12,6,那我燕姿几乎所有歌都会唱该得瑟一阵子了呢,3,s1ck1000,1471605268
144,2018,12,2,你的眉毛是一只骄傲的鸟！[大笑],0,O_oHULLO,343829645
145,2018,11,29,世上怎们会有阿姿这么妙的人啊！,4,会飞的小毛象,32342654
146,2018,11,28,当然 ……  没有  可遇而不可求啊,2,BlameUxy,254023106
147,2018,11,27,你成了吗？,2,douya0530,305433463
148,2018,11,26,太好听了，晚安大家,0,O_oHULLO,343829645
149,2018,11,24,青春。,0,孙燕姿的小迷妹啊,327977684
150,2018,11,24,哈哈哈哈哈哈哈哈   其实是接吻  不要太污、,3,孙燕姿的小迷妹啊,327977684
151,2018,11,16,同年,0,朱古力呐,39472955
152,2018,11,14,同年,1,ZEBARWANG,254717915
153,2018,11,11,大眼睛 浓眉毛,0,一棵奋进的树,127724217
154,2018,11,9,你的胡渣是我快感末梢，看不到却听的到呼吸在笑，这是什么画面,3,阳光灿烂的日子___,450814785
155,2018,11,8,哈哈哈哈我是第1000诶,0,今天美好且平凡,551345119
156,2018,11,8,999+！,0,今天美好且平凡,551345119
157,2018,11,8,加油,0,五点姜茶,105617010
158,2018,11,8,哈哈哈哈哈哈,0,五点姜茶,105617010
159,2018,11,8,[色][吐舌][色],0,五点姜茶,105617010
160,2018,11,7,让燕资破999,0,青青亻草地,294525689
161,2018,11,6,995啦,0,-Hymer-,291182939
162,2018,11,6,994，能不能别删我评论，这哪不合理了？,0,李剑7,12795261
163,2018,11,6,993，不光限制了，还丢弃了三条评论,0,李剑7,12795261
164,2018,11,6,我猜测会限制我时间段内发评论个数,0,李剑7,12795261
165,2018,11,6,999+,0,Toooobrave,103575793
166,2018,11,6,所有的困难都会迎刃而解的💜,0,復調情種,376786626
167,2018,11,5,999蓄力,0,KevinChen93,573624190
168,2018,11,4,差12就999,0,念舊的峰,49351360
169,2018,11,4,评论999+的时候滴滴我,2,嗯哼991223,584906024
170,2018,11,3,你的浓眉毛,0,lithromantic170322,442355343
171,2018,11,3,怎么办现在一听到这歌脑子里都是小吴的眉毛,2,不再有蝉,92792139
172,2018,11,1,整个评论席 怕是没有人比我的眉毛浓,0,HMCHENACY,70392873
173,2018,10,31,好好听，燕姿好多冷门好听的歌啊,1,旧音乐懒散心情,417027050
174,2018,10,29,记忆里的闪光,0,溜边的黄花鱼儿,509383517
175,2018,10,25,喜欢男生浓眉毛有胡渣[大哭],1,用户322091123,322091123
176,2018,10,23,🐍,0,何事惊慌ing,67108064
177,2018,10,23,点到1000,0,相兄,18077526
178,2018,10,20,满满的青春味道，第一次听这首歌我才12岁，转眼现在已30岁，18年了，老阿姨热泪盈眶[流泪],2,文文易易,592155224
179,2018,10,20,弹珠？认真的吗。这可能是你姿咬字被黑的最惨的一次🌚,0,iamalvinwoo,346832507
180,2018,10,19,这么好听的歌评论居然还没有999+吗（ﾉ´д｀）,0,一口锅包肉w,292992030
181,2018,10,18,浓眉毛，说的不是我吗[奸笑],0,有橘生淮南,432411313
182,2018,10,15,喜欢燕姿～,0,MTT的音乐盒,444522820
183,2018,10,14,喜欢喜欢喜欢,0,BLACKTEAAFTERLUNCH,44184094
184,2018,10,14,是青春的味道！！,0,乖乖做姐的新宠吧,421681150
185,2018,10,10,为了歌词押韵什么都做得出来系列,0,幸会米奇,1478057940
186,2018,10,10,牛🐮,0,starrylee,29431936
187,2018,10,10,孩子终于长大啦,0,starrylee,29431936
188,2018,10,9,高三下半年，逃课去网吧看《犬夜叉》，关掉动画原声，配着《浓眉毛》单曲循环。现在这首歌前奏一响起，哇！莫名热泪盈眶。,2,小李要哪样,279707293
189,2018,10,9,啊呢哦yz ,0,尉迟疯子,128554575
190,2018,10,9,h,0,quiet170430,475774942
191,2018,10,5,我有这张碟。，，，我还有孙燕姿所有的碟，记录的、演唱会的、CD、MV、VCD，DVD，燕姿出版过的都有，而且还是双份，一份已拆 一份未开拆[开心],4,诗遇上歌__,34575941
192,2018,10,5,好吧[吐舌],0,阳光灿烂的日子___,450814785
193,2018,10,2,浓眉毛,0,另-张脸,56020714
194,2018,9,30,一遍也叫单曲循环？难道不是100遍吗,1,阳光灿烂的日子___,450814785
195,2018,9,28,你的眉毛是一只骄傲的鸟,0,For_FruitsBasket,46176502
196,2018,9,27,[奸笑]你的眉毛我的惊叹号,0,槑槑玫槑槑,42225102
197,2018,9,26,恍惚发现这个歌单循环了一遍了，大爱,0,鸡蛋芋头泥,447200439
198,2018,9,26,来跟着我念棱（leng）角,2,跳舞的克卜勒,122786310
199,2018,9,26,打卡,0,跳舞的克卜勒,122786310
200,2018,9,25,超赞,0,咸鱼少女吃芒果,122703243
201,2018,9,24,如果没有那几句嘿喂狗，我会觉得满分,1,December酱,367836522
202,2018,9,22,纳叔的胡子 甜,0,星岛的妳,48746821
203,2018,9,20,我爱燕姿,0,毛毛虫0912,323067104
204,2018,9,20,我是安东尼戴维斯,0,旅行箱1973,103706359
205,2018,9,16,好多年没听到这首歌了，今天出现在日推，是意外的惊喜,1,苏槿Summer,116752351
206,2018,9,16,助力999+，哈哈哈,1,Lacey要去那里,322427873
207,2018,9,15,孙燕姿 [色][色][色]为什么那么迷人,0,liooHu,133689341
208,2018,9,14,我是浓眉毛,0,拉笔克大魔王,273049270
209,2018,9,13,很喜欢😍,0,芦苇浅水边,65678344
210,2018,9,13,你的眉毛，我的惊叹号❗️,1,我是大鹏鹏呀,641401623
211,2018,9,10,我是浓眉毛,0,徐鸟,79462360
212,2018,9,9,日常打卡,0,阳光灿烂的日子___,450814785
213,2018,9,9,好听,0,你姿我姿,466537747
214,2018,9,9,这么好听的歌没有999，能不能像周杰伦的粉丝一样活跃起来呀,1,彼得潘与狼,261245021
215,2018,9,1,十多年前，这张同名专辑真是巨大的惊喜,2,karonhw,408587109
216,2018,8,29,单曲循环了好几天,0,陪你喝醉看天涯,309856347
217,2018,8,29,怎么每一首都这么好听哇,1,xuyinwen,76245856
218,2018,8,28,好听冷门系列,1,gz小小白,266066452
219,2018,8,28,喜欢,0,小盐开开,127468312
220,2018,8,28,美妙,0,毛毛虫0912,323067104
221,2018,8,28,我有一双浓眉毛[大哭],0,暮至明,94756999
222,2018,8,27,帮上999,0,Autumn小秋,339899996
223,2018,8,27,超级好听！啦啦啦。,1,windbreaker风衣,1482000199
224,2018,8,26,喜欢,0,小盐开开,127468312
225,2018,8,26,燕姿的每一首歌都要留下足迹[大笑],0,你的丶头号粉丝,287098884
226,2018,8,20,我都喜欢，你的浓眉毛和胡渣。,1,橘子味汽水180816,599402816
227,2018,8,20,为什么会这么说呢？[可爱],0,正经点儿儿儿儿儿儿儿儿,611897806
228,2018,8,20,打卡,0,AniDee,81140889
229,2018,8,19,百听不厌的燕姿,2,铭记de,70529304
230,2018,8,19,回来听歌了,0,铭记de,70529304
231,2018,8,19,听这首歌心情会变得很好哦,0,你有软趣味,413803844
232,2018,8,19,好喜欢这首歌[色][色][色],0,你有软趣味,413803844
233,2018,8,17,我喜欢浓眉毛的他,0,你的李六六,115387336
234,2018,8,17,我的眉毛是真的像她唱的，是一只骄傲的鸟！,1,只有你170721,542388467
235,2018,8,17,半夜听不错哦,1,我想我只需要一把吉他,131864962
236,2018,8,16,你的眉毛,0,孙燕姿的老迷妹_,336924316
237,2018,8,15,+1哈哈哈,1,0爱姿病0,123961913
238,2018,8,14,最爱的专辑 满满的回忆[大哭][大哭],0,花菜17,1410556695
239,2018,8,14,18年前的作品,0,Shylock绿晨,96270415
240,2018,8,14,听的都是回忆,0,Jolie_Joie,107867098
241,2018,8,13,到现在车上都还一直有这首歌,0,成什么琳,403474150
242,2018,8,11,你的胡渣我的胡渣，总蹭的彼此脸痒痒的,1,安非他命miss,29903601
243,2018,8,11,999+助攻[大笑],0,不在此限,107626823
244,2018,8,9,有没有帮忙的兄弟,0,ASAP-Harper,379780000
245,2018,8,9,我想冲到999,0,ASAP-Harper,379780000
246,2018,8,9,为什么评论这么少,0,ASAP-Harper,379780000
247,2018,8,9,这首歌很欢快呀，竟然没有超过999+的评价？,0,不过不过-,252114839
248,2018,8,8,我想剪燕姿那样的短发,0,佳瑶stef,307806566
249,2018,8,6,浓眉毛❤️,0,与科,248140987
250,2018,8,6,999加助攻,0,青书ll,252759524
251,2018,8,5,特别喜欢这首歌，超可爱，超俏皮。,0,原SAMA,34449733
252,2018,8,4,这首歌gaygay的，男生可以唱,2,火山bu是山,33721731
253,2018,8,2,你的胡渣是我快感末梢,1,_诗芊,81037679
254,2018,8,2,“Here We Go ”居然听成“咬一口”，也是没谁了，今天才看到正确歌词！,3,星空知书达理,280499010
255,2018,8,1,最爱孙燕姿,2,跳舞的梵谷yanzi,318974517
256,2018,8,1,刷999,1,跳舞的梵谷yanzi,318974517
257,2018,7,30,我也是这么想的[开心],0,一格一格一格一格格,504443450
258,2018,7,30,还是喜欢燕姿的快歌,0,一格一格一格一格格,504443450
259,2018,7,30,+1,0,差不多先生-18,268543332
260,2018,7,28,孩子浓眉毛,0,布鲁斯37号,454262282
261,2018,7,24,快感末梢[大哭],0,骑士1989,75521112
262,2018,7,23,你的眉毛 我的惊叹号,1,Someonekepler,271898612
263,2018,7,23,生日快乐[色],0,没那么幸运z,477204429
264,2018,7,22,喜欢浓眉毛的举手[强],2,我药你不得,361320537
265,2018,7,22,"超爱这首歌
超爱浓眉毛",0,草莓花蜜,427605380
266,2018,7,20,报道,0,郑旭1983,623072266
267,2018,7,18,这首歌太可爱了,1,逆光的Kepler,59452383
268,2018,7,17,评论说是888，我该不该打破这个和谐的局面，哦，不好意思。我决定了，我要每晚听一张专辑，从头开始认识一遍燕姿，有一起的小伙伴吗。,1,青蛙也吃西红柿,360254282
269,2018,7,15,加油，燕姿,0,嘎癌晚期姿癌后期,1397174116
270,2018,7,15,打卡999,0,嘎癌晚期姿癌后期,1397174116
271,2018,7,15,没有999 我来打卡,0,偆馬,506394898
272,2018,7,15,这首歌为什么没有999,0,姜优秀s,317692350
273,2018,7,15,我的燕姿，快999+,0,倾乐声,120197077
274,2018,7,15,你的眉毛，她的睫毛,0,夏小莫,869908
275,2018,7,12,想念另外一座城市浓眉毛的你,1,许辣辣La,411039211
276,2018,7,11,最爱燕姿,0,冰岛bin,302417474
277,2018,7,11,嗯，我蓝票，浓眉毛,1,张半仙的耳又又,290409407
278,2018,7,10,我,0,孙大猫骑士,409713049
279,2018,7,10,啊啊啊！,0,孙大猫骑士,409713049
280,2018,7,10,支持燕姿,0,孙大猫骑士,409713049
281,2018,7,9,我的美姿发微博了哈哈哈。,0,倾乐声,120197077
282,2018,7,9,还没到999+我来打卡，,0,倾乐声,120197077
283,2018,7,8,很久不见面 终于一次约会在公园的石阶椅上  我说这首歌放完我就走了 边放边偷看你的眉毛 多希望音乐不会停 时间不会走 我永远属于你,1,Angel--Demon,117359389
284,2018,7,8,连绵陡峭到天涯海角,0,Angel--Demon,117359389
285,2018,7,6,燕姿啊～～～,0,Missing芽,129376696
286,2018,7,4,看看离开了,0,我的爱遇见雨天,626267369
287,2018,6,30,喜欢燕姿也是值得被爱的人，哈哈,0,AL缱绻,1378205062
288,2018,6,28,美妙,0,Kkmiami,455050359
289,2018,6,26,旋律非常好听,1,Jay爷,600324080
290,2018,6,18,我在看不见的地方等我的浓眉毛，勇敢长大，回心转意，找到骄傲。,4,阿尘尘sun,44607673
291,2018,6,15,当年确定这是首单纯美好的歌，如今再看歌词，秒懂了 [吐舌]  ,1,晴子啊啊啊哦,389785748
292,2018,6,14,重温党～[发怒]加油999+,1,Spark纯白,91154091
293,2018,6,9,😘😘,1,GRAPEy,118431735
294,2018,6,7,当初听到这首的时候感觉都要被甜化！,1,DIONYSUUUS,100299940
295,2018,6,3,[可爱][可爱],0,维特的高架桥,422462249
296,2018,6,3,2018.6.3在家马上要坐高铁回学校了[心碎],0,Nicoley77,376942198
297,2018,6,1,这首真的是迷之甜蜜。,1,心晴下雨,251724032
298,2018,5,31,殷志源，你的眉毛是一只骄傲的鸟,0,林深时见鹿晗,125413239
299,2018,5,31,这专最爱这首。,0,Miccioio,297601793
300,2018,5,25,燕姿幸福永远,0,吉吉不是陶吉吉,1442720064
301,2018,5,24,你的眉毛是骄傲的鸟,0,暮至明,94756999
302,2018,5,23,冲了会员下载是ncm这格式。。。。。。。。。。。。。。。。。。。。。。。。白冲的,0,ghui1,130886147
303,2018,5,22,你所有的好 怕藏不好 会有烦恼。表白我7哥[亲亲],0,崔C_77,124051455
304,2018,5,20,+1,0,北极之狐,18473968
305,2018,5,19,到世纪转角拥抱，世界终结爱永不变。,0,guoyuxiangyuxiangguo,511723860
306,2018,5,18,真的很好听啊,0,老谭老王的迷妹,1347469785
307,2018,5,18,为999+助力,0,老谭老王的迷妹,1347469785
308,2018,5,14,只想找个燕姿这样的女孩谈个恋爱，可以遇不到,2,GodShen2,249141698
309,2018,5,12,00后，举爪,0,兰陵缭乱聊聊,1371693610
310,2018,5,11,打卡,0,喘了也累了,539823778
311,2018,5,11,浓眉胡渣我都有怎么办[大哭],3,有6块腹肌的boy,117476108
312,2018,5,9,居然没999+不科学！,0,埃尘粒一一,109235038
313,2018,5,8,也不知道台下那位听懂没[狗],1,NTUfail,71924954
314,2018,5,8,当年并不是主打歌曲 放到现在当做单曲发出来估计都能火,0,荣耀新安洲,51175005
315,2018,5,5,这首唱腔好可爱,1,陪你从小猫咪到大老虎,127848722
316,2018,5,1,我靠 我以前一直没感觉 你一说我。。。,1,信仰是小兰,321133050
317,2018,4,27,这首真的很好听,0,金瑟琪踮脚才能吻到的我,1315858826
318,2018,4,26,听这歌心情会变好哈哈哈哈哈,0,长草的耳朵,59825103
319,2018,4,22,单纯的想找个同城的姿迷一起去KTV唱我姿专场,2,孤独喧闹者,29782374
320,2018,4,22,哈,0,润小泽Ronny,1326160889
321,2018,4,18,我的第一位歌手偶像很爱stefsun,1,送鸟儿归途,1433235244
322,2018,4,18,很有味道,0,bocai09,74680193
323,2018,4,17,我爱孙燕姿！,0,赟光,454310581
324,2018,4,15,我是大眉毛,1,coolstoneyoung,340443152
325,2018,4,15,yeah，很俏皮的呢。。。哈哈😄,0,seektruths,547280150
326,2018,4,13,以前超喜欢的一首歌，现在想想当年的品味真是好的没话说！[奸笑],0,zyfmxx,270782102
327,2018,4,13,现在是829，嗯999不远了。阳光的骄傲调。打卡。20180413早上好。,0,seektruths,547280150
328,2018,4,11,初中数学补课 老师电视里听到 从那时 青春里有了yanzi,0,Colijn,126977756
329,2018,4,11,喜欢,1,Lacey要去那里,322427873
330,2018,4,10,超喜欢,1,宇宙超级无敌动感霹雳陶桃子,319224892
331,2018,4,4,好听啊,0,kkkkkk生锈了,251745223
332,2018,4,3,假声部分好好听[憨笑],0,lovelife897,51872419
333,2018,4,3,拥有浓眉毛的中年老阿姨飘过,3,Chloe-Amoy,505639091
334,2018,4,1,这首竟然不到...,0,嗯嗯嗯嗯怎么了,35100413
335,2018,3,31,这首居然不是999？？？？,0,sony喵,1398415117
336,2018,3,31,999+,0,潇潇de麻麻,275880158
337,2018,3,31,哈哈。最满意的是自己的浓眉毛，没想到燕姿正好有个这个歌[色][色],2,小小愿望就快实现了他在笑,124506618
338,2018,3,30,为999而努力,0,吃可爱长大的我呀嘻嘻,69288438
339,2018,3,28,这首歌的声音充满少女感,0,玩滑轮的火烈鸟,551001271
340,2018,3,26,你的眉毛，有年轻的棱角,1,飞飞哥918,123724242
341,2018,3,26,觉得自己就好像在风平浪静的海面上航行,0,杜容大帅哥,404401465
342,2018,3,22,最爱的燕姿,1,倾乐声,120197077
343,2018,3,18,好听,1,FoLyy--,1359587662
344,2018,3,18,one more time,1,又复往之旦求无悔,1321958570
345,2018,3,18,居然没过999，不科学,0,又复往之旦求无悔,1321958570
346,2018,3,17,听着你的声音怎么都能够让内心平静下来,0,君阿阿阿,642201001
347,2018,3,14,太好听,0,白麟天,537765270
348,2018,3,14,"歌词写得特别好
",0,白麟天,537765270
349,2018,3,13,找到了吗？,0,阿怪的洪流,288665676
350,2018,3,12,浓眉吗,0,王金1711,632842409
351,2018,3,10,爱你和你的浓眉毛[爱心],0,不可爱的joker,268046869
352,2018,3,10,一直都以为是 你的护照 。。。,0,stefanie138,44809391
353,2018,3,9,但愿别人都不会看到,0,那是一朵花呀,427600529
354,2018,3,9,18年了这首歌，18年无论青春期、大学时代、工作心情再不好听到这首歌心情都能飞扬起来，爱燕姿💗,1,Kepler170731,556130174
355,2018,3,9,[爱心]只要是燕姿唱的都好听[爱心],2,-----Stefanie,454876432
356,2018,3,9,我也这么觉得[憨笑],0,33轉的LP,630862795
357,2018,3,5,证明我们的品味不俗,3,开根号2中,54849335
358,2018,3,4,吃吃旧粮,2,毛毛虫0912,323067104
359,2018,3,3,哈哈，谢谢,0,Heaven-Gu,552566186
360,2018,3,1,我是浓眉毛 小眼睛 但我是这歌评论的第800名！！！,1,善莫大焉sq,251634959
361,2018,2,28,祝99,0,帐号已注销,446076213
362,2018,2,27,很早很早就喜欢这首歌，但直到现在才出现符合歌词意境的那个人，可以唱给他听了,1,Heaven-Gu,552566186
363,2018,2,27,孙燕姿所有作品里，最喜欢的一首。,0,孙轩宇-,83923556
364,2018,2,26,这首歌也好听,0,kepleren,263836534
365,2018,2,26,这么好听的歌居然没破999?,1,人菜可嘴不菜,300248052
366,2018,2,25,昂,0,未完成19991230,503310441
367,2018,2,24,燕姿！！,0,未完成19991230,503310441
368,2018,2,24,甜蜜,0,未完成19991230,503310441
369,2018,2,22,我也是啊，一个浓眉毛的人,0,我喜欢的人是他不是她,317382097
370,2018,2,21,说我呢,0,33轉的LP,630862795
371,2018,2,21,玩实况足球2014的时候的背景音乐，游戏机上音质不咋好听歌识曲花了很长时间呢,1,独孤沧羽,252849789
372,2018,2,17,其实不是特别喜欢这首歌，但是看到歌名总是想起一个人,0,牛肉干的客人,281952046
373,2018,2,17,想看一场燕姿的演唱会[流泪],0,Jonah乔纳,478575663
374,2018,2,11,Here we go 聲音好像小精靈,5,鄒爸比,85768778
375,2018,2,7,姿妈[爱心][爱心][爱心][爱心][爱心][爱心][爱心][爱心][爱心][爱心],1,薄荷糖叶,62397318
376,2018,2,5,喜欢燕姿，爱吃鱼丸的姑娘，[憨笑],1,linda且听风吟,444533377
377,2018,2,5,我名字的出处[可爱][可爱],4,浓眉毛的克卜勒,358961299
378,2018,2,4,为自己盖座楼吧,1,是西柚不是SeeYou,87332646
379,2018,2,1,燕姿最被低估的一首歌,1,希德MeSid,40781650
380,2018,2,1,⭐,0,一只徐小徐呀,308490330
381,2018,1,30,对的呢，阳光温暖,0,未来gxz,1353431152
382,2018,1,29,还不是999+，没人评论吗？没人我刷了啊[呲牙][呲牙],0,丶打酱油的丶,444065885
383,2018,1,29,感觉错过了一部分青春,0,丶打酱油的丶,444065885
384,2018,1,28,我的专用网名[大笑],0,Cheri祖远,281090136
385,2018,1,28,12:15,1,林守乐,55243746
386,2018,1,27,你问我发生了什么,0,sternum,100831909
387,2018,1,27,未接来电是你给我残酷的关心,0,大衣可以照顾我的体温,115722918
388,2018,1,27,听见你最爱的那首歌曲,0,sternum,100831909
389,2018,1,27,打卡,0,sternum,100831909
390,2018,1,27,[可爱][可爱],0,大衣可以照顾我的体温,115722918
391,2018,1,26,早上好,0,帐号已注销,99274130
392,2018,1,22,你爸妈看见情以何堪,0,--早安-,121725114
393,2018,1,20,这首歌很特别诶,0,名叫三毛,449344295
394,2018,1,20,这首歌百听不厌。时不时下载下来听一听。,0,klrmqq,490841512
395,2018,1,18,皮,0,软爷__,131224051
396,2018,1,18,她是女孩子，我是男孩子hhhh,0,Bowen梁,34584240
397,2018,1,17,请问你是男生还是女生,0,软爷__,131224051
398,2018,1,17,我就是蜡笔小新,0,软爷__,131224051
399,2018,1,13,浓眉毛，安妮，sun三大神曲，懂得自然懂[大哭][大哭][大哭][大哭],0,另类新cxzzzzz,584672651
400,2018,1,10,很爱这张专辑[色],0,迪恩思诺琳,348661256
401,2018,1,8,[可爱][可爱],0,__阿远,509458213
402,2018,1,7,听这首歌每次都自动脑补阮经天,1,胖子医生陈,18931448
403,2018,1,4,你猜,0,feifeii13,309479010
404,2018,1,4,敢问妹子是燕姿款么,0,原来已经8点了,108821835
405,2018,1,4,睡啦,0,林守乐,55243746
406,2018,1,4,00:20 ,0,林守乐,55243746
407,2018,1,3,最喜欢的她的歌,0,一悄,125578435
408,2017,12,31,啦啦啦,0,维生C加E,379203995
409,2017,12,30,到世纪转角拥抱,0,冰糖第二杯,584663
410,2017,12,30,有姿迷想做我男朋友吗 没有的话我再问第二遍的,0,feifeii13,309479010
411,2017,12,28,你的胡渣是我快感末梢。这句话太甜了哈哈,0,where先森,333727880
412,2017,12,20,#孙燕姿#,0,H小流氓,297607033
413,2017,12,19,其实燕姿有很多传唱度没那么高但是很好听的歌曲，要是能静下心来，慢慢欣赏，绝对会让人更加喜欢[亲亲],4,Stefanie_kf,260396530
414,2017,12,18,要把燕姿所有歌都听完！！！,2,只有音乐才是胡桃夹子的解药,277648200
415,2017,12,18,这首歌里面有阳光 听着感觉全身都温暖舒服 灵动跳跃,0,Linoxgallagher6,90383492
416,2017,12,17,卸网易云音乐是不可能的，这辈子都不可能卸。没钱又没女朋友，只能靠着网易云，瘫在床上听听网易云、抖抖腿过日子，有空的时候翻翻评论，里面的老哥，老妹个个都是人才，故事又多，经验也多，说话又好听，装起B来一个比一个像！,4,H小流氓,297607033
417,2017,12,16,17年前的歌了…,2,小四的酱油,493214532
418,2017,12,14,我明年6月大学毕业，找到男朋友了没,0,shejiaying,115048949
419,2017,12,13,加油999,1,燕姿的小粉丝,398250032
420,2017,12,13,幼姿音色真迷人,0,湖人死忠,7776579
421,2017,12,7,这么好听的歌  吓到了 评论这么少,0,帐号已注销,378980656
422,2017,12,6,戴维斯的专属歌曲[大哭],1,MingsukLee,112204951
423,2017,12,2,让一个人,1,孤单---个人的狂欢,263901035
424,2017,11,29,纳叔呗[呆],0,_栗子酱呀_,103547353
425,2017,11,29,燕姿的声音很有特色很清亮很纯净很好听但是居然没有999+,1,哇咔咔二圣又来了,348527341
426,2017,11,27,好听死了！,0,-婧-,345444889
427,2017,11,25,你的眉毛,0,未完成19991230,503310441
428,2017,11,25,打卡  最近越来越迷这歌,0,孙燕姿的小迷妹啊,327977684
429,2017,11,22,💖,1,Kepler-3,378301025
430,2017,11,19,[爱心][爱心][爱心],0,逆光FACE,88730935
431,2017,11,19,[爱心][爱心],0,春水煎茶zzz,298330273
432,2017,11,18,打卡,0,孙燕姿的小迷妹啊,327977684
433,2017,11,18,奇怪哎以前我喜欢梁静茹蔡依林萧亚轩王心凌张韶涵，就是没喜欢过孙燕姿。。。,1,方大同表妹,50038941
434,2017,11,18,卧槽这，没有999？？？？？,0,方大同表妹,50038941
435,2017,11,18,[呲牙]这首燕燕姿真不像燕姿,0,斗銳咪發嗖啦嘻兜,59375832
436,2017,11,17,一张瘦削的脸,0,非飞kouha,622117806
437,2017,11,17,谁,0,Pawcl,56137424
438,2017,11,15,我最钟情前三张专辑,0,xiaolin050000,434588632
439,2017,11,15,为999+出一份力 ,1,赖赖Fly,58842829
440,2017,11,15,真的  每一首都很喜欢,0,C93_Barbershop,377735059
441,2017,11,14,超级喜欢浓眉毛的男生！,2,MR鹿_,279752134
442,2017,11,14,来听听原来的声音，现在声音虽然不比以前，你还是我的最爱…,0,codyccc,40831959
443,2017,11,13,燕姿发新专了，大家走过路过不要错过，很好听,2,不关我的事啊_,278554860
444,2017,11,12,那年我刚上初中，姐姐用她的随身听放了这首歌，从此我喜欢上了这个女歌手。那是2001年的暑假。,0,1886公里,113790989
445,2017,11,12,偶像的偶像。爱你[亲亲],0,水知山知,72961455
446,2017,11,11,网易云能圆我找到个女盆友的愿望吗[流泪],0,盱眙仙道彰,250074713
447,2017,11,11,听到副歌真的觉得自己在旋转环绕,0,活着只求好玩,266447964
448,2017,11,10,你的眉毛那么粗，可是再也看不到你了。每次听到这首歌都会想到你的眉毛…,0,MX-0525,72422001
449,2017,11,6,多少年后周杰伦出了一张惊叹号,2,小王子浣熊,308134477
450,2017,11,5,甜,0,另-张脸,56020714
451,2017,11,2,你的眉毛我的惊叹号,0,远离这颗星球,337526423
452,2017,11,1,我在2017，看2000年的mv,0,千丶吻,337783150
453,2017,10,31,起床与早餐之间的歌曲，太美妙，深秋,0,买面包的小胖,604970842
454,2017,10,30,此人已疯,0,花间壹壶酒-,293184965
455,2017,10,29,真甜。❤️姿妈,0,泡粒儿,86952525
456,2017,10,27,………,0,天星若河,505503204
457,2017,10,27,哈哈~,0,天星若河,505503204
458,2017,10,27,意外发现这么好听的歌[爱心],2,清欢wanqing,345731969
459,2017,10,26,早期声音真的是好清亮哦我姿,0,辉仔Huiman,92679814
460,2017,10,24,浓眉！！！,0,舒十二,330907219
461,2017,10,24,没有眉毛咋怎,0,被窝青春的墓,30744406
462,2017,10,23,你的胡渣是我快感末梢,0,楼开心,257889755
463,2017,10,23,[憨笑],0,楼开心,257889755
464,2017,10,23,孙燕姿 永远最爱,0,幸福小盆幼,491547729
465,2017,10,23,695打卡，这首也是很喜欢啊啊啊,0,Fann大帅比,275040745
466,2017,10,22,[亲亲][亲亲][亲亲],0,高力丰,309630104
467,2017,10,22,[亲亲]帮燕姿所有的歌破999+,0,高力丰,309630104
468,2017,10,22,为999+加油,0,高力丰,309630104
469,2017,10,20,重新刷燕姿的歌，好听,1,莉莉酱sia,357878863
470,2017,10,15,你的胡渣是我快感末梢，这句完美诠释了为什么我那么喜欢摸我老公的胡渣[开心],2,阿汤很简单,345712290
471,2017,10,14,hi楼下,0,气氛来了就要醉,308485041
472,2017,10,13,我打赌楼上的眉毛没我的浓！赌一瓶老干妈！,1,卡刚涂鸦,86612894
473,2017,10,11,我就是浓眉毛！！,0,湖人死忠,7776579
474,2017,10,11,评论加一发,0,花老师小课堂开课啦,353426857
475,2017,10,10,第一张专辑 磁带A面最后一首歌,3,Sunny_ZhangAi,14118047
476,2017,10,8,我的青春我的青春我的青春 真的是我的青春,2,钱德勒不冰,94398260
477,2017,10,7,上学的路上 打卡,0,燕姿173,80579864
478,2017,10,4,嗯！,0,秀则同学,345743706
479,2017,10,1,唯一一定会去听演唱会的歌手,1,elvis1291706,528901823
480,2017,9,30,日常打卡,0,sternum,100831909
481,2017,9,28,发现燕姿好多歌都突破999了,0,大喵说多谢啊,295671049
482,2017,9,28,期待新專[色],0,SET天月山,247550745
483,2017,9,27,[奸笑][奸笑][奸笑],0,尘枫君,349782876
484,2017,9,25,我学了好多歌想唱给你听,0,唐慕宣,82254848
485,2017,9,18,这位小哥好特么帅[色],0,Linoxgallagher6,90383492
486,2017,9,17,我就是浓眉毛，我是女孩。[大笑][大笑][大笑],1,汤圆莲宝杂草粥,92604136
487,2017,9,15,[大笑][大笑][大笑],0,不不不的了,105725896
488,2017,9,14,[色],0,忘不掉的明天r,101795664
489,2017,9,12,“华纳音乐，用时两年，打造超级发声体--孙燕姿”！这是2000年孙燕姿发首张同名专辑时华纳的推广语。,3,熊大的时光鸡,304058797
490,2017,9,10,cuarenta y tres,0,九品猫叔,467953382
491,2017,9,8,越听越好听,0,katyBOB,308700710
492,2017,9,6,这么纯净的声音，又他娘的真是难唱！这就是2000年初中的我当时的想法。,3,迪飛科特,269076578
493,2017,9,4,开心就好[大笑],0,Sao爷骑马客京华,119645725
494,2017,9,1,燕姿燕姿！！[爱心],0,玩个破游戏还要微博真神烦,67295620
495,2017,8,31,嘿嘿希望她明年能在深圳开演唱会！！！,0,油酱汁,115801952
496,2017,8,30,哇，我刚才是666诶[憨笑],1,keystroke,99220196
497,2017,8,30,今年估计不太可能了，期待明年！！！,0,keystroke,99220196
498,2017,8,29,孙,0,JayGoku,279996144
499,2017,8,29,燕,0,JayGoku,279996144
500,2017,8,29,姿,0,JayGoku,279996144
501,2017,8,28,今年很想听一次她的演唱会,1,油酱汁,115801952
502,2017,8,24,吓死我了，我名字前两个字都和他一样，我以为是我的名字[大哭][大哭][大哭],1,陈思安三er,289291635
503,2017,8,23,4年前，在水滴拿着300块的门票听到这首歌、从此喜欢上了这个人[大笑],3,Stef-Sunshine,60482947
504,2017,8,23,初恋说以后要娶孙燕姿，后来还不是老老实实跟我在一起了。,8,不聋菲尔德,65418353
505,2017,8,22,here we go,0,我心之所向便是光,117234650
506,2017,8,21,她今天刚刚给我分享的这首歌💓,0,用户363726318,363726318
507,2017,8,21,别说了 我爱你,0,用户363726318,363726318
508,2017,8,20,听这首歌总会想起那个浓眉帅气的同桌,3,刘薄荷和阿楚,505373104
509,2017,8,19,[亲亲][亲亲][亲亲],0,swaqyzz,394011292
510,2017,8,19,我还以为只有我喜欢这首~,1,Y咕叽咕叽,565166499
511,2017,8,16,喜欢她的节奏,0,Missing20,409582513
512,2017,8,15,来了,0,我见过刘惜君卸妆的样子,334865174
513,2017,8,15,虐死单身狗,0,基本脱线偶尔靠谱,101796937
514,2017,8,15,评论这么少不科学,0,lulu哈哈哈哈哈,510329381
515,2017,8,14,暑假早起爬山！,0,劳拉_快跑,53194790
516,2017,8,13,张远眉毛够浓,3,素丸子Kwok,17385100
517,2017,8,13,[男孩],0,巴特沃斯-,128162283
518,2017,8,13,在这里的我想都是很温柔的人吧,0,-Saron,284865115
519,2017,8,12,一定是指向纳叔,0,田馥假Hebe,301436730
520,2017,8,11,[禁止]你还没帮我修眉呢,0,西风此夜凉,279484492
521,2017,8,11,我超爱这首歌,0,倏一,438498023
522,2017,8,11,棒,0,你才是呆逼桑-,43172453
523,2017,8,10,好听啦,0,heycl_,302915232
524,2017,8,10,喜欢孙燕姿,0,一杯苦艾,444225059
525,2017,8,10,唉。,0,你才是呆逼桑-,43172453
526,2017,8,10,我一个单身的人天天听这种迷妹歌，迷~,0,呼吸灯闪烁,418176620
527,2017,8,10,那么好听怎么没有999评论,1,__休眠火山,560771610
528,2017,8,10,我要刷它的评论,1,__休眠火山,560771610
529,2017,8,10,其实当一个男生真正喜欢上一个女生，他会觉得自己身上的每一个部位都要最完美展现给她，他会天真，会憨笑，会憋屈，会独自一人发呆，他会如眉毛黑色般，只会让她看见，看见那个笑着的孩子。,0,mjss1丶sea,131150557
530,2017,8,10,都说浓眉毛的人重情[爱心][爱心],2,--知了---,477203463
531,2017,8,10,我也想问找到没,0,机智玉030,326556029
532,2017,8,10,[18][圈][圈][叉][叉],1,二葳,53340545
533,2017,8,10,你的眉毛   哈哈画得好好,0,-RADIO,489175504
534,2017,8,7,找到没，哈哈,0,J-----fla,318432888
535,2017,8,7,喜欢,0,J-----fla,318432888
536,2017,8,5,爱燕姿…,0,归人与过客,248548109
537,2017,8,2,你的想法很奇怪，我有说不对吗？,0,燕姿的粉丝,121753978
538,2017,8,2,同觉得，特别是年龄大了以后。但是我不会在粉丝群里说出来[大笑],0,Halo_Stefanie,44758870
539,2017,8,2,我只是觉得你的想法很奇怪，喜欢逆光不对吗。,0,Halo_Stefanie,44758870
540,2017,8,2,逆光啊未完成啊,0,燕姿的粉丝,121753978
541,2017,8,2,你的意思是逆光？？？,0,Halo_Stefanie,44758870
542,2017,8,2,这张专辑其实很好啊，为什么都喜欢逆光什么的,2,燕姿的粉丝,121753978
543,2017,8,1,嘿嘿,0,素丸子Kwok,17385100
544,2017,7,31,翻来听燕姿的歌，依稀想不起什么时候好似听过,0,芭蕉无华,324094804
545,2017,7,31,好听,0,Erika_Linder,305117600
546,2017,7,29,这首感觉不比超快感差，不知为何不火,1,时代旋律,32788067
547,2017,7,25,初中，高中,0,走走婷婷L,358128925
548,2017,7,24,here we go here we go到世纪转角拥抱here we go here we go 到老,2,只有你170721,542388467
549,2017,7,24,燕姿生快 ,0,今天也想早下班,100940086
550,2017,7,24,黑粉有很多种啦，有些是表面很喜欢这个明星，然后跑到其他明星的作品底下说什么我家xxx的比你的好多了，之类带节奏的，比如说现在某b站越来越低龄化的弹幕，真正喜欢燕姿的是不会这样的哦,0,kepleradio,279594179
551,2017,7,24,是嗎？我一直以為喜歡罵某個明星才叫黑粉[流泪],0,蕭亞軒MISSELVA,110351319
552,2017,7,24,很喜欢的前奏,0,溱溱君,475516475
553,2017,7,24,这种人就是黑粉啊[大笑],0,kepleradio,279594179
554,2017,7,23,燕姿生日快乐,0,世上竟有如此出尘绝艳的女子,114314450
555,2017,7,22,以前在一個群裡，我說燕姿live不是很穩定，有個姿迷罵我媽[大笑],0,蕭亞軒MISSELVA,110351319
556,2017,7,22,[亲亲],0,春虫虫毛毛,122214894
557,2017,7,21,浓眉毛，180度，honey honey这几首歌听得都很舒服，让人期待恋爱的美好，然而我还是个单身狗[撇嘴],2,冰霜凯撒,120987944
558,2017,7,20,[禁止],0,wokansheihewoyiyang,113113844
559,2017,7,12,我啊,0,倪倪的猫猫,129565041
560,2017,7,12,！,0,凉芈芈,115476334
561,2017,7,10,顶💗,0,Birdget,46489035
562,2017,7,9,那你找到了呗,0,手机上的倒立鸡蛋丿,74868529
563,2017,7,6,哎呀妈呀好污,1,从前冷,7553250
564,2017,7,6,音乐初恋 爱上燕姿的第一首歌,0,曾经的樊队已不在,97703286
565,2017,7,4,好甜,0,只爱女歌手,133624517
566,2017,7,3,[呆]来呀,0,孙燕姿的Kepler,295226673
567,2017,7,3,呦呦呦[奸笑][奸笑][奸笑]come on,0,my_Kepler,375631675
568,2017,7,3,看这里看这里[幽灵],0,孙燕姿的Kepler,295226673
569,2017,7,1,立志找个男票一定也要是喜欢燕姿的[爱心]一定会是个善良的小仙男,1,my_Kepler,375631675
570,2017,6,28,MV里笑靥如花。专门收藏了MV,2,TOO_MOO,515693811
571,2017,6,28,虽然不出名但是好听呀！,0,oublir,9293380
572,2017,6,27,YANZI,1,以最温柔的眼睛看世界,37324152
573,2017,6,25,哇，好少人，蹦个迪,0,盧卡斯的吻,414387032
574,2017,6,24,好好听 好难唱 [钟情],1,呢喃的小虎牙,271819175
575,2017,6,22,狗哥，你的眉毛我的惊叹号～,0,脱发公开赛一号种子选手,283846768
576,2017,6,21,你的眉毛 我的惊叹号,0,嗯嗯嗯嗯怎么了,35100413
577,2017,6,20,来这首歌的都是燕姿真爱。我举手！,0,贰月拾三,57139702
578,2017,6,20,啦啦啦啦,0,贰月拾三,57139702
579,2017,6,19,评论这么少,0,马舒葡萄柚,274164492
580,2017,6,16,居然没有999+  2000年的记忆。。,1,congtu,7545633
581,2017,6,16,[可爱],0,阿濑啊,294534242
582,2017,6,16,小太阳你好☀️,2,我的心有你穿过-,2812312
583,2017,6,16,捶你,0,你才是呆逼桑-,43172453
584,2017,6,16,醒醒，该搬砖了,0,拜拜卡迪拉,356412560
585,2017,6,16,轻快的不要不要的,0,拜拜卡迪拉,356412560
586,2017,6,16,希望你在部队好好的 这首歌咱们一起听了9年了[大笑],0,孟小北s,493105779
587,2017,6,14,为什么这么多年之后挺还是觉得好听,0,你是彩虹大金刚,452208486
588,2017,6,14,只有我觉得燕姿这首歌跟以往的音色都不一样么（很好听）,0,飞翔的石头223,432794222
589,2017,6,12,能驾驭各种风格的歌手，每首都好听！,0,小城旧音,292465669
590,2017,6,11,飛兒樂團的《你的微笑》，有點像這個旋律。,0,夜路生花__,278101022
591,2017,6,10,高甜💞,0,Lam_aliee,103286174
592,2017,6,9,爱姿,1,姿意燕为,263726012
593,2017,6,9,那些来找男朋友女朋友的人，你们找到了吗，反正我还没找到。17。,0,我是乖宝宝但有小情绪,110723263
594,2017,6,9,想到了卡姿兰。。。,0,避小,2674140
595,2017,6,9,[爱心][爱心]出道17年了,0,GRAPEy,118431735
596,2017,6,9,超有活力的一首歌，听完心情好，17年前的歌听来也不过时❤,0,GRAPEy,118431735
597,2017,6,6,爱姿,1,姿意燕为,263726012
598,2017,6,3,你的胡渣是我快感末梢，这句歌词又直接又隐晦又可爱。,0,revital,17653189
599,2017,6,2,我就是浓眉毛,1,starrylee,29431936
600,2017,5,29,端午节快乐呀,0,你才是呆逼桑-,43172453
601,2017,5,29,我正在听第一张专辑，十五年了，今天再细细的听一遍，真是好听的不行不行的。,0,凌晨三点不睡觉的雨果,120801740
602,2017,5,29,high five,0,你才是呆逼桑-,43172453
603,2017,5,29,跟我的想法不谋而合,0,凌晨三点不睡觉的雨果,120801740
604,2017,5,29,你的胡渣是我快感末梢------这句好性感,0,凌晨三点不睡觉的雨果,120801740
605,2017,5,28,作为上周眉骨缝了七针的人…我干嘛要点进来？？？？？,0,黑光白夜_,46616707
606,2017,5,22,你的眉毛是一只骄傲的鸟！,0,维特的高架桥,422462249
607,2017,5,18,💖,0,Nalakuvaraz,279289147
608,2017,5,18,哈哈哈哈冷门 超爱,0,你才是呆逼桑-,43172453
609,2017,5,18,翻开浓眉毛来听，今天拍系部毕业照了，56天后就离开大学，要坚强勇敢走下去啊~,1,粒立子,299247167
610,2017,5,17,嘻嘻,0,两份甜点,332485835
611,2017,5,17,总觉得评论里有认识的姿迷,1,两份甜点,332485835
612,2017,5,13,我的眉毛好浓，哈哈，忽然想到姿吧有个叫眉毛的，全名叫什么来着，我的眉毛？记不清了,0,杨否佑,324904669
613,2017,5,12,眼花缭乱让全世界颠倒,0,DanCingVanGogh,263043497
614,2017,5,12,助攻。燕姿,0,一地故里,118066649
615,2017,5,8,快选我,0,迦勒0510,257358755
616,2017,5,7,我姿居然有歌不到999+，坚决不能忍啊,0,我不卿卿谁复卿卿,307978899
617,2017,5,7,咬一口，咬一口，到老 [亲亲]我就喜欢燕姿的咬字,0,你喜欢我喜欢你喜欢我的喜欢,69051876
618,2017,5,7,哎呀这首也好好听呀,0,999里有一个我,120605470
619,2017,5,5,刚出道也就22岁，没有人穿背心比她有味道[亲亲],1,拉贝特塔,47664967
620,2017,5,5,想學會每一首姿媽的歌。,0,鄒爸比,85768778
621,2017,5,5,今天看了我想和你唱 眼眶湿了一次又一次,4,less7c,347159335
622,2017,5,4,想起了周杰伦的《她的睫毛》,0,jason饭特稀,85246698
623,2017,5,3,为什么一直在唱优衣库优衣库,0,麻花wt,251561989
624,2017,5,3,忍不住的喜番ᕕ(ᐛ)ᕗ,0,GreenCanon,82312057
625,2017,5,1,想看燕姿演唱会,0,2016猫猫呀,434837481
626,2017,5,1,老司机！,0,特瓦格瑞人,17343324
627,2017,5,1,哈哈！,0,特瓦格瑞人,17343324
628,2017,5,1,这个时候的声音还有点童稚啊,0,臭臭哥布林,127163118
629,2017,4,30,这首歌不是999？🤔,0,fireemblem,269821350
630,2017,4,30,节奏超舒服,1,编舟一页独为舟,104235832
631,2017,4,30,希望喜欢燕姿的你们幸福,2,欲盖弥彰ove,254470139
632,2017,4,27,听起来就很快乐啊！果然快乐的日子更要听燕姿的歌！,0,Y7MOON,90084212
633,2017,4,24,我看见评论数是521...,1,Hwol,89107091
634,2017,4,22,我一直觉得唱的不是here we go,0,sers,1829494
635,2017,4,22,520   520  [色][色],0,易爆炸的王狗蛋,37824213
636,2017,4,22,听着很欢快,0,易爆炸的王狗蛋,37824213
637,2017,4,21,敲黑板：关键词“鸟”“不要停（停不了）”“推倒”“胡渣是快感末梢”“一秒快乐便升高”here we go!!![大哭],1,张著,375557
638,2017,4,20,你的眉毛是一只骄傲的鸟,0,121个逸儿,129095979
639,2017,4,18,[痛苦],0,两份甜点,332485835
640,2017,4,17,999我来了,0,冷嘻嘻,365939692
641,2017,4,15,安东尼戴维斯：黑人问号脸jpg。,0,乔治咖喱森,130826027
642,2017,4,11,在燕姿身上看到人格魅力是多么多么地加分~~~,1,Funky-Monkey,39171645
643,2017,4,9,"没有人来说话？
",0,willHo,78825251
644,2017,4,8,老歌真好听 啊,0,陳多虾,3453480
645,2017,4,7,这应该是燕姿很年轻的时候唱的  小女生的感觉😊,3,第101只千狗GO,94443812
646,2017,4,6,[憨笑],0,HYPEROOM,78643739
647,2017,4,5,有胡子的人都喜欢这首歌吧[大哭],0,姚大爷啊,30124073
648,2017,4,3,好甜哦~~~[大笑],2,ymcactus,43909339
649,2017,4,3,要是并不太喜欢这首歌，人的品味真的是会慢慢变化的，现在挺喜欢的,1,郑鹏的云音乐,46720728
650,2017,4,2,主要是   想不起来那个人叫啥，原来叫张远啊,0,太陵不是大陵,360551058
651,2017,3,31,短发、平胸、爱运动~,4,北冥古月,339807279
652,2017,3,28,当年还是看快乐大本营的时候燕姿的小迷妹黄雅莉唱的,2,太陵不是大陵,360551058
653,2017,3,27,这首是最爱，浓眉毛[可爱],0,吴肖恩,52393517
654,2017,3,26,如果有一天我的手指能划过你的眉毛,1,iyy_zoe,98775359
655,2017,3,25,这首歌很甜~,0,帐号已注销,124859943
656,2017,3,24,表白燕姿,0,苏库里尤,120971789
657,2017,3,24,这一天正开始，昨天发生过坏事！,0,苏三伞,111844957
658,2017,3,23,爱燕姿[亲亲][爱心][钟情],0,春天之恋,258758924
659,2017,3,23,当年听首，没看歌词，还在想说这个女孩子为什么这么爱吃？？？“又一口，又一口。。。”[汗],1,zacfang,52354191
660,2017,3,22,和平神曲！！！,0,蓝石头55,56061551
661,2017,3,22,就像弹珠那样闪耀[钟情],1,蓝石头55,56061551
662,2017,3,16,[流泪][流泪][流泪]穿越回当年，一个人的回家路上,0,楚天祥的_20,41309090
663,2017,3,16,这是我听的第一首燕姿的歌，2001年。,0,摇滚葱头,368862780
664,2017,3,14,[公鸡],0,軻卜樂,109010820
665,2017,3,12,棒棒哒,0,绚颜,74383190
666,2017,3,10,你的胡渣是我快感末梢,0,silencevoice,43091117
667,2017,3,10,我有浓眉毛~~~,0,silencevoice,43091117
668,2017,3,9,后来我真的找了一个浓眉毛的老公[可爱],0,摸云王,348846643
669,2017,3,6,从前依附着高中的青涩，那男孩忽高忽低的眉毛左右着我的心情。如今褪去天真，想到身边已有如此爱我的一个人，满是幸福,1,哆来咪010,432903954
670,2017,3,3,他眉毛可浓了，有次给他唱了，然后他就对我说“我爱你”[憨笑],2,True云朵朵,318066360
671,2017,3,2,20:05,0,林守乐,55243746
672,2017,3,1,这么好的歌为什么评论这么少！,0,迪迪要努力,101914113
673,2017,2,26,我的第一盘磁带~~~,1,蘑菇大大王,90942687
674,2017,2,25,[憨笑]心情起飞,0,扛起孙燕姿就跑,2594529
675,2017,2,20,现在找到了么？,1,克卜勒_wu,97556018
676,2017,2,20,嘻嘻,0,軻卜樂,109010820
677,2017,2,19,听这首歌时喜欢的人已经不在了😀,0,帐号已注销,102875226
678,2017,2,19,hys你在不在,1,Stef小傻,95849389
679,2017,2,15,情人节过后的夜晚，突然想听这首歌，晚安。,0,孙燕姿迷妹-,256542659
680,2017,2,14,我的眉毛是一只骄傲的鸟,0,浅-袖,53327476
681,2017,2,13,亲爱的陌生人，“晚上要少熬夜，躺在床上也不要来回刷手机。胃不好就少吃辣少喝冷饮，受了委屈就哭出来 学会珍惜身边的人，如果还没有人牵你的手，自己要照顾好自己。” 陌生人从来不给我赞[爱心]，希望下一个陌生人会变化。[爱心]爱自己[狗] 点点头像试歌 总有你喜欢的，谢谢大家,1,ojwt,414851946
682,2017,2,12,找我吧,0,MR俊杰007,9018418
683,2017,2,8,谢谢指正\(//∇//)\,0,_solovely,407495260
684,2017,2,8,是怕藏不好,1,别再奋力逞强,122065677
685,2017,2,7,你所有的好 会藏不好 也有烦恼 但愿别人看不到,2,_solovely,407495260
686,2017,2,6,好听耶，吼吼吼[钟情],0,本账户已弃用,77632717
687,2017,2,3,好听，怀念,0,驭龙散仙,344688256
688,2017,2,3,连绵陡峭到天涯海角[爱心],0,121个逸儿,129095979
689,2017,2,2,@  郭子凡 好喜欢你噢,0,一潋,257221945
690,2017,2,1,16:25,0,林守乐,55243746
691,2017,1,31,我资不过999！还有天理嘛！还有王法嘛！,5,RAWMAN,90306463
692,2017,1,26,here we go,0,going_up_stef,372536854
693,2017,1,24,here  we go!我们开始吧！,1,苏三伞,111844957
694,2017,1,24,那现在继续了吗,0,苏三伞,111844957
695,2017,1,24,看我看我   我每首可以,0,苏三伞,111844957
696,2017,1,24,和平  也超押韵,0,苏三伞,111844957
697,2017,1,17,这种快节奏的情歌总能让人一下回到中学时代，回到喜欢的人对你笑一下就开心得要跳起来的年纪。那个时候，我全部的幸福就是你的笑啊。,3,Siren蛋,43101273
698,2017,1,16,听小岳岳的相声 里面提到 孙燕姿 所以 找到这首歌来 ,2,周周鱼啊,69257022
699,2017,1,15,😑,0,帐号已注销,98513658
700,2017,1,12,原来这是一首小黄歌。[呆],4,所以那些可能都不是真的,40632438
701,2017,1,5,晚安,1,路丛丛从今夜白,123311173
702,2017,1,5,我和闺蜜说，好开心啊他找我啦。闺蜜说珍惜这一刻的欢乐吧，我说怎么好像下一秒我就要哭了一样。她说，因为你的快乐已经掌握在他手上了啊。我竟然无言以对，怕自己太过沉迷。,1,路丛丛从今夜白,123311173
703,2017,1,4,对浓眉毛的女生呢？[害羞][逃跑],1,caujyut吖,135626815
704,2017,1,3,我就是浓眉毛[奸笑],3,爱发疯的猴,250414252
705,2017,1,2,然而呢,4,Christina-Aguilera,76483469
706,2017,1,1,燕姿晚安,0,YZ芣苢,330392808
707,2017,1,1,男有周杰伦，女有孙燕姿！,4,芯雨丶,125185012
708,2016,12,30,六月份毕业，现在都十二月份，你在网易找到男朋友没呢啊,2,l-_--l,109359541
709,2016,12,30,也还好啦嘻嘻,1,你才是呆逼桑-,43172453
710,2016,12,24,燕姿刚出第一张专辑的时候，我每天walkman循环听两遍以上，直到买了第二张专辑才听的少了一些。所以第一张的每一个节拍每一个音符到现在还是记忆犹新。,1,萝卜大神我,107404911
711,2016,12,23,可是我偏要听,2,蓝皮阿椭,112193519
712,2016,12,23,刘美辰嫌弃我听这首歌,3,蓝皮阿椭,112193519
713,2016,12,21,以前一直喜欢听慢歌，是燕姿让我喜欢上了快歌，尤其是这首，好爱啊[亲亲],3,纯粹lala,256614236
714,2016,12,21,怎么办我是眉毛控。,0,蓝皮阿椭,112193519
715,2016,12,21,名字棒极了哦,1,蓝皮阿椭,112193519
716,2016,12,17,咬一口，咬一口[大哭],0,他是猫迷,129825864
717,2016,12,16,回忆,0,A型君,8680013
718,2016,12,14,摸着眉毛说爱我,0,帐号已注销,264599198
719,2016,12,13,"凭这一句，收获了不少男粉吧
",0,l-_--l,109359541
720,2016,12,10,我也能凭头像留给言吧[憨笑],3,他是猫迷,129825864
721,2016,12,9,莫名喜欢这首,0,null76,102987738
722,2016,12,6,这首歌好快乐，每次听到忍不住表情眉都要跳起来了,1,乐呵乐呵爱折腾,87411107
723,2016,12,6,我小时候眉毛都连在一起的…,1,StopThisTrain,256153538
724,2016,12,4,对眉毛浓的男生特别有好感,3,Turejade,132405786
725,2016,11,28,燕姿歌词最押韵的一首歌。,1,520孙燕姿,366315851
726,2016,11,24,哈哈哈哈哈哈哈……哦,1,熊猫先森爱摇滚,61206477
727,2016,11,23,[可爱][可爱][可爱],1,百年不禾,278251661
728,2016,11,19,here we go,0,天狼刃,278161657
729,2016,11,16,满满的回忆,1,双鱼座爱燕姿,130390823
730,2016,11,14,还不到999？这不科学！！,1,栁成荫17,358867309
731,2016,11,14,here we go..为什么我听成了优衣库.优衣库[惊恐],1,似疯亦枫,64507929
732,2016,11,13,给大家推荐首杰伦的《她的睫毛》一样好好听哦😊,1,_而生命,114149979
733,2016,11,7,我引以为傲的浓眉毛 听见了这首歌学会了高挑眉这个技能,3,黑瑞特丶Cloud,29905475
734,2016,11,3,这歌听了十几年，才知道真正的名字。听歌思过往,2,夏夏小言,329559098
735,2016,11,3,每个人都有一首 孙燕姿 ！,0,一丝念_V,55454881
736,2016,10,30,安东尼戴维斯。。。,3,33号后卫,47114974
737,2016,10,29,你的眉毛像只骄傲的鸟。,0,忧郁有雨,130489032
738,2016,10,28,这么好听的歌，没过999。。。,0,鸡哥哥哥哥哥,272098379
739,2016,10,28,是为了那句歌词特意来看评论的请举手。。当年怎么完全听不出猥琐劲,0,liaya,41287850
740,2016,10,28,今年才喜欢上燕姿,2,风画在纸上啊,308344359
741,2016,10,25,初恋小女孩的心理,0,天阶夜色凉静姝,307692235
742,2016,10,23,你的记忆里是不是也有两道浓眉毛，过了好几年都还那么清晰！,1,逆着光听着歌,325971015
743,2016,10,23,我姿原来是戴维斯球迷[大哭],2,Stefanie-klay,123617553
744,2016,10,22,网易云音乐也有听歌识曲啊[撇嘴],2,十万嬉皮Live,28589307
745,2016,10,18,希望时光倒流,2,左耳见到鬼,89169190
746,2016,10,13,纳叔~,0,花椒吖好麻,9592890
747,2016,10,12,here we go  here we go,1,海绵1874,298588296
748,2016,10,12,为什么辣么好听,1,嵩花江,69475663
749,2016,10,11,在超市听到，用QQ听歌识曲找到这首歌，再用网易云音乐播放[憨笑][憨笑][憨笑],2,不败的永恒,54128895
750,2016,10,10,单身狗[奸笑],0,叶猫子c,328636831
751,2016,10,10,我超可爱的,0,举起手来跟我一起摇摆,78132797
752,2016,10,10,没有浓眉毛怎么办呐[流泪] 没女孩喜欢,1,我正经799,129203055
753,2016,10,8,男盆友就是浓眉毛 每次听都会想到他,4,清水煮蚕豆,50468714
754,2016,10,8,太美妙啊！我的惊叹号！但愿别人都不会知道！——我的《浓眉毛》[爱心],2,DanCingVanGogh,263043497
755,2016,10,8,你的浓眉毛太美[爱心],0,DanCingVanGogh,263043497
756,2016,10,7,浓眉毛～,0,Diafreen,106294129
757,2016,10,3,[呆]到底是有还是没有呀,0,陈总请珍惜,246108285
758,2016,10,3,嘻嘻,0,你才是呆逼桑-,43172453
759,2016,10,3,半年过去了 你脱单了吗,0,陈总请珍惜,246108285
760,2016,10,2,嘻嘻,0,你才是呆逼桑-,43172453
761,2016,10,2,又看到你了[大哭],0,想飞的笨笨,124113457
762,2016,10,2,我最喜欢她的第一个专辑，简单青春大方靓丽。,0,零点烈焰,15443423
763,2016,10,1,这是幸福的滋味,1,李小沫呢,297216071
764,2016,9,28,[色][色],0,恋之巴黎,321391691
765,2016,9,28,爱姿,0,姿意燕为,263726012
766,2016,9,28,噗……,0,无限大94,72774904
767,2016,9,28,一分十二秒的鼓声,0,下沉式绿地,98637395
768,2016,9,27,姿迷圈小case,0,饥饿而疯狂,41709442
769,2016,9,27,想起高中时候喜欢过一个眉毛浓浓的人，那时候就老听这首~哈哈现在再听只希望自己也有浓眉毛~,2,一位鸭先知,17412670
770,2016,9,24,14年 没事就来打卡,0,accidentalbaby,304114483
771,2016,9,23,哈哈哈，我也一直以为是咬一口,0,柒星雪,85911992
772,2016,9,22,你眉毛   我的惊叹号！！！惊叹号！！！,0,早睡早起的软妹,310020153
773,2016,9,21,姑娘不要开玩笑了[可爱]  我取向这么正常的男人  [亲亲],0,向左走方向,54198997
774,2016,9,21,你们在一起吧,0,ahebdhxgsk,283135944
775,2016,9,20,多么年轻的声音啊,0,syz19780723,286808908
776,2016,9,19,这么好听居然不是999！！,1,胡小刀忧郁的土豪,277585720
777,2016,9,18,每首都留言，都留言，留言，燕,0,方圆已被注册,63103560
778,2016,9,17,因为这首歌，初中毕业时候的同学录都填的是【浓眉毛】~,2,克里斯斯,89173106
779,2016,9,17,@梦中的houses ,0,张三2333333,247066569
780,2016,9,17,时隔五年 有种再换为手机铃声的冲动。,0,W若莲,121363070
781,2016,9,16,第一张专辑，很甜蜜的歌,0,绚颜,74383190
782,2016,9,14,大叔控歌,0,山榎,80069229
783,2016,9,14,感觉好有男友想象力 可是我还是没有蓝朋友❌,1,你有清歌的味道,119821030
784,2016,9,14,浓眉毛的我点进来了[大哭],1,年年的毛栗子h,306641707
785,2016,9,13,嘻嘻,0,軻卜樂,109010820
786,2016,9,13,好可爱,0,llvvyyy,51954460
787,2016,9,13,我一直以为是咬一口，不经意看了下歌词，原来是here we go。。,0,紫百合的小提琴,28947085
788,2016,9,13,最喜欢这首,0,依穆炎-妍妍,282415516
789,2016,9,13,yes,0,你才是呆逼桑-,43172453
790,2016,9,13,66666大学生涯结束了？,0,我怀念yz,105929216
791,2016,9,12,惊叹号~,0,眼神的前方,9933114
792,2016,9,12,[亲亲][亲亲][亲亲],0,可阳快飞,115746724
793,2016,9,12,352。暴露年龄也要来评论[大笑],1,Chel5ea,131894938
794,2016,9,12,浓眉毛～,1,I-msrry,257762593
795,2016,9,12,当然纳叔,1,Tobecontinued2000,78731934
796,2016,9,12,我的眉毛很浓,0,哒哒大晴天,304161619
797,2016,9,12,如下次再见眉毛有多少给我数,1,你白里透香,82577444
798,2016,9,12,初一听的歌啊，这多少年了？那时还是磁带,0,薛定谔的橙,314738689
799,2016,9,12,以前有个女性朋友也是超喜欢燕姿，KTV里面可以一直K燕姿的歌,1,跑1103,273958276
800,2016,9,12,浓眉大眼的你,0,许执念,34170281
801,2016,9,12,我姿,0,lm_stef,258724583
802,2016,9,12,[大笑][大笑],0,study中whoops,48435532
803,2016,9,11,磁带啊,0,兮舢,116075497
804,2016,9,11,这歌评论的真少,0,想找未来的猫,246922069
805,2016,9,9,想到李佩斯和扎克瑞昆图 你们的浓眉毛我都爱,1,伏了个地魔的,118911582
806,2016,9,8,等等！胡渣眉毛，这不是纳叔吗,1,野小玄,44137665
807,2016,9,6,第一张专辑里第一首听到的歌'从此喜欢上了燕姿的八零后'支持下,0,胖亮喜欢MUSIC,61750179
808,2016,9,5,那你呢,0,Eddie小迪,275826911
809,2016,9,3,怎么才这点评论…,0,壹路修行,666572
810,2016,9,3,曾经认为喜欢孙燕姿，莫文蔚的女孩都有很多故事,2,渡桥下,268535186
811,2016,8,28,纳叔,0,说放弃要放哪里,9683208
812,2016,8,27,哈哈，和他在一块的时候手机铃声。现在，他应该结婚了吧。那位应该也很喜欢他的胡渣。希望这样。,2,W若莲,121363070
813,2016,8,23,谁呀,0,毛不休,98199748
814,2016,8,23,燕姿在我心里就像弹珠那样闪耀！,1,L丶Stefanie,7552281
815,2016,8,19,再等半个月.就找到了.[可爱],0,诅影,63479424
816,2016,8,19,初恋在ktv唱给我听的，现在她儿子三岁了。,1,Northshorelongwind,41652434
817,2016,8,18,木有啊,1,你才是呆逼桑-,43172453
818,2016,8,17,找到了没？[大哭][大哭][大哭],0,NBA名宿艾弗森,264049003
819,2016,8,16,原来，我们已经长大了，也老了。,0,Barry_1204,102529834
820,2016,8,13,燕姿，等我,0,左右与你,130883155
821,2016,8,12,我爱过的他也有着浓眉毛,2,帐号已注销,3616642
822,2016,8,12,狗粮来的猝不及防。,3,dis-play,132802796
823,2016,8,10,唱给喜欢的人听过。所以偶尔哼出来，就是因为在想他吧,1,Nana快跑,70871170
824,2016,8,8,[亲亲][亲亲],0,她就是小鸡腿子,80744018
825,2016,8,6, 评论这么少，不科学[禁止][这边][这边][这边],0,mStephanieXie,44476131
826,2016,8,2,还是喜欢我以前喜欢听的歌,0,lovetv5xqgirl,41340604
827,2016,8,2,[大笑],0,study中whoops,48435532
828,2016,8,1,我是王海峰我喜欢孙燕姿,1,爱姿海,126397948
829,2016,7,27,那年燕姿才22...,1,syz19780723,286808908
830,2016,7,26,燕姿燕姿我爱你,0,早早早小姑娘,18934576
831,2016,7,25,孙燕姿这种女生都很喜欢呀[憨笑],1,风的孩纸是云吗,82264475
832,2016,7,24,是啊 我麻麻超厉害 ,0,carrie_13,247567197
833,2016,7,24,[吐舌]嘻嘻，你打不着我,0,帐号已注销,99902158
834,2016,7,24,哪儿都有你！,0,你才是呆逼桑-,43172453
835,2016,7,24,[撇嘴]多听听绿光才能看到绿光,0,帐号已注销,99902158
836,2016,7,24,啊，快乐快变身高啊，,0,帐号已注销,99902158
837,2016,7,23,我不会说我听着听着就傻笑了～,0,飘着_,246618908
838,2016,7,22,妈妈的卡车？[呆],0,Trent_X,6278018
839,2016,7,19,我姿,0,motorcycles,283973423
840,2016,7,18,第300条评论[可爱],1,topxy,34791439
841,2016,7,14,以后希望听你的演唱会,0,拯救世界的小嘟,110354049
842,2016,7,14,才297，没天理！,0,清歌颂酒,121068506
843,2016,7,12,考完高数，不自觉的哼着这首歌出来了[色],1,JaxP1nkman,103385637
844,2016,7,10,这首歌的燕姿声音太甜了。。。,2,L仙笙,110146125
845,2016,7,9,就像弹珠那样闪耀 忍不住放开合唱这一句 太high,1,日光-镇,37334203
846,2016,7,9,如果我说每一首都可以，是不是更嘚瑟,1,9号天台,53103092
847,2016,7,9,[呲牙],0,帐号已注销,3616642
848,2016,7,8,我好像真的有点老啦,0,Barbara_,16334017
849,2016,7,8,先看懂我说的话,0,老师能赢吗,119649105
850,2016,7,8,我开玩笑说的 你怎么这么当真 不好玩,0,你才是呆逼桑-,43172453
851,2016,7,8,我不管我最棒,0,你才是呆逼桑-,43172453
852,2016,7,8,我或许都没有看不起你的能力，好好理解我的句子。是我根本没有发现，而不是我发现你根本没有[狗],0,老师能赢吗,119649105
853,2016,7,8,你看不起我,0,你才是呆逼桑-,43172453
854,2016,7,8,问题是我根本就没有发现你有霸占评论的能力,0,老师能赢吗,119649105
855,2016,7,7,姿迷是怎么回事 不听歌吗！,0,你才是呆逼桑-,43172453
856,2016,7,5,[哀伤]高中，因为这首歌喜欢了一个浓眉毛学长，去年夏天人家订婚了。我这个月大学毕业。,1,极懒虫,137065846
857,2016,7,4,如果我说《逆光》之前的我都做得到，是不是该更嘚瑟，哈哈哈,1,菜地守望者,115103872
858,2016,7,2,小时候 坐在妈妈的卡车上 永远都有孙燕姿的陪伴！爱你！,0,carrie_13,247567197
859,2016,6,30,这次就有点慢了,0,你才是呆逼桑-,43172453
860,2016,6,30,这首也是非常喜欢！,0,青山寻意,107552004
861,2016,6,30,回复还真快啊- - ,0,融化的鸟蛋,15991494
862,2016,6,30,就不,0,你才是呆逼桑-,43172453
863,2016,6,29,嘿嘿,0,CageMyBody,64737990
864,2016,6,28,这唱腔很俏皮,1,跳舞的反骨,33249451
865,2016,6,28,@ozhfstdo,0,睡觉吃饭逗飞飞,102707438
866,2016,6,28,一看到这首歌，就想到詹鸿飞[吐舌][吐舌][吐舌],1,睡觉吃饭逗飞飞,102707438
867,2016,6,28,👉👈,0,那是我仅有的温柔和我爱你的原因,126518790
868,2016,6,25,19:43,0,林守乐,55243746
869,2016,6,25,[可爱],0,咦桔几,39927061
870,2016,6,25,留名    一二二一    ,0,昕彻,32536012
871,2016,6,22,[亲亲],0,民谣与茶,61117291
872,2016,6,19,慢慢都是回忆！,0,willongs,249691932
873,2016,6,18,浓眉毛,0,姑苏客st,79800447
874,2016,6,16,99,0,散落漫天,52721033
875,2016,6,14,你的眉毛是一只骄傲的鸟   第一次看有这么说眉毛的~[大哭],0,迷人的以梦饮馬,42273856
876,2016,6,9,真好听,0,__Gravity,132108242
877,2016,6,4,当年喜欢的人也有着浓浓的眉毛，现在也喜欢，可是已经很久很久没联系了，五年了。他应该有了新的生活了吧。,3,行雨客,66872596
878,2016,5,31,你的眉毛,0,hello的kitty,99100773
879,2016,5,31,你需要去污粉了,0,亚尼林格,58642499
880,2016,5,31,结婚的时候要放这首歌的,1,高小布,48197311
881,2016,5,30,睡觉吧,0,iinahlu,105179025
882,2016,5,30,超快感 浓眉毛 leave me alone 零缺点 真的 逃亡 任性 练习 someone;silent all these years;that i would be good;作战；直来直往；不同；我想；未完成；学会；休止符；没有人的方向；太阳底下；祝你开心；种；梦游；安宁；飘着,2,神奇女侠R,112765474
883,2016,5,29,我也励志要取燕姿这样善良可爱笑容美活泼的女孩子   [可爱][可爱][可爱][可爱],2,向左走方向,54198997
884,2016,5,26,你的胡渣是我快感末梢，好污的一句话啊。。。,0,猪先先生,10114195
885,2016,5,25,以前听觉得只是个小插曲，到25岁再听就很好听了,1,全都是重复名字,80844862
886,2016,5,24,燕姿跟纳叔有那种表面上看不太出来，仔细一想觉得甜死人的小浪漫,0,9号天台,53103092
887,2016,5,23,你的眉毛！,0,为了他不懂偷狗都敢偷狗,87929042
888,2016,5,22,19:49,0,林守乐,55243746
889,2016,5,22,恋爱中的女人,0,牙牙在乐,275052344
890,2016,5,21,总是想象自己老婆唱歌和燕姿一样好听，感觉幸福死了[色],1,硒硒,258739742
891,2016,5,21,真的很想唱一首浓眉毛和她的睫毛给你听。你的每个部位我都好喜欢，不想离开。是否你也会像我迷恋你一样迷恋我呢？[开心],0,revital,17653189
892,2016,5,17,陈柏霖就是浓眉毛耶 我的陈先生 哈哈哈 你所有的好 怕藏不好 会有烦恼 但愿别人都不会看到 要学会这首歌用来表白[亲亲],0,饿魔m,7107990
893,2016,5,17,是呀是呀,0,你才是呆逼桑-,43172453
894,2016,5,17,最疼你,0,噢人生海海,76707658
895,2016,5,16,姑娘，你是呆逼桑么,0,米兰的小铁匠1267,256512850
896,2016,5,15,我姿[亲亲][亲亲][亲亲],0,Zinger77,275131578
897,2016,5,11,浓眉毛是在说我吗[憨笑],1,65418,519706
898,2016,5,11,[亲亲][亲亲][亲亲],0,可阳快飞,115746724
899,2016,5,9,你的胡渣是我快感末梢[汗],0,秋名山老司机要开车了,130890246
900,2016,5,9,你能保证你不是抠脚大汉吗[呆],0,帐号已注销,37875231
901,2016,5,8,你的眉毛我的惊叹号,0,于你旧故,45536863
902,2016,5,8,想得到游乐园的入场门票 ~,0,于你旧故,45536863
903,2016,5,7,初中单放机里循环的一首歌,0,腾少,246851
904,2016,5,6,[大笑],0,cinemacinemacinema,253612178
905,2016,5,4,才不是…人家还差几个月就成年了,0,呆在呆在房间的下雨天,93404937
906,2016,5,4,[大哭],0,听风猪猪猪猪,80073544
907,2016,5,3,至此，留名~~~  每听一首歌我都要留言刷存在，万一有妹子看上我呢╮(╯_╰)╭,2,玉扇白发只问道_,53787727
908,2016,5,3,小孩子别起哄,0,你才是呆逼桑-,43172453
909,2016,5,3,我从初中就立志要娶燕姿姐这样的女子,146,BlameUxy,254023106
910,2016,5,3,今天六月高中毕业，我也要找朋友嗯,2,呆在呆在房间的下雨天,93404937
911,2016,5,3,[爱心],0,雨陨,31875806
912,2016,5,3,我是大浓眉[开心],0,绿色蜥蜴,41334715
913,2016,5,2,我姿的歌竟然有不是999+，这不科学,1,右岚,17860647
914,2016,5,2,孙燕姿这封面美炸了,2,南方野啤,98868920
915,2016,5,2,[狗],0,你才是呆逼桑-,43172453
916,2016,5,2,我懂你的，说吧,0,你要吃花生吗,98616494
917,2016,5,2,那肯定是…,0,你才是呆逼桑-,43172453
918,2016,5,2,你要吴彦祖还是我,0,你要吃花生吗,98616494
919,2016,5,2,我害羞,0,你才是呆逼桑-,43172453
920,2016,5,2,赔你一个可以么,0,你要吃花生吗,98616494
921,2016,5,2,甜[可爱],1,伟伟叔,64601701
922,2016,5,2,一命偿一命,0,你才是呆逼桑-,43172453
923,2016,5,2,你男朋友被我杀了,0,你要吃花生吗,98616494
924,2016,5,2,HERE WE GO HERE WE GO,0,那都不是事丫,267903331
925,2016,5,2,惊叹号,0,花信1993,74635294
926,2016,5,2,好多歌越听越好听,0,北极星180,270654768
927,2016,5,1,这首好喜欢,0,lulalalalalalalalala,272383177
928,2016,4,28,第一次在电视上听到这首歌，从此开始喜欢孙燕姿,0,望着遥远星空发呆深思的小牧童,41750758
929,2016,4,28,一直觉得这歌是燕姿唱给我的或者别人唱给我的或者我唱给别人的,0,冰黄茶茶茶,56763740
930,2016,4,27,安东尼戴维斯[开心][开心][开心][开心],0,芦根甘草薄荷饶,248359022
931,2016,4,26,哈哈哈不觉得可爱嘛,0,GreenCanon,82312057
932,2016,4,26,注意安全咯,0,么苏,120998820
933,2016,4,26,浓眉毛[可爱],0,雨陨,31875806
934,2016,4,24,演唱会上听的心动,1,辛鹿麋,99000763
935,2016,4,24,呀,0,Cypress_Nectar,52419940
936,2016,4,21,我也这么觉得,0,a我们都是小行星,126569551
937,2016,4,21,节奏好舒服，就像弹珠那样闪耀～,0,从前从前有一把长剑,103995070
938,2016,4,19,骑着小噗噗哼着这首歌，在每天上下班的路上,3,GreenCanon,82312057
939,2016,4,19,对 浓眉毛的男生有种特别的好感,2,该昵称为空,31403214
940,2016,4,19,到世纪转角拥抱,1,呼呼的F,47743373
941,2016,4,15,初恋是个眉毛很浓的人 她因为我也爱燕姿 我以前总爱摸她的眉毛 然后唱 你的眉毛是一只骄傲的鸟 我的心随你而飞 忽低忽高,1,你好吗-藤井树,110903361
942,2016,4,14,好多年前就喜欢的歌，今天突然想听听,0,胖狗爱肥猫_s,100458493
943,2016,4,11,千万不要烦我,0,你才是呆逼桑-,43172453
944,2016,4,11,在n首燕姿评论区都看到你,0,抛物线Ai,75868101
945,2016,4,9,怎么可以长眉毛……我是认真的,0,404Errorrrr,70706492
946,2016,4,9, 骄傲的🐦,0,tosouth1111,14277208
947,2016,4,6,你的眉毛 我的惊叹号,0,鲸兮,61583973
948,2016,4,5,你所有的好 怕藏不好 会有烦恼💛（少女心事甜一脸）,0,UYGONL,96909728
949,2016,4,4,分开三个月 听歌才想起来原来你也是浓眉毛。总觉得我们未完待续。,1,睡不饱的小大子,65276349
950,2016,4,3,居然这么少评论，暴露年龄了嘛[大哭],0,柳叶鸣蜩绿暗,49625138
951,2016,4,1,真棒,0,钝刀尖,42580073
952,2016,3,31,哈哈哈哈哈哈,0,窝瓜22,125637019
953,2016,3,27,突然想到你的眉毛很浓啊[奸笑],1,用尽所有思念,33731939
954,2016,3,23,小时候简直迷恋这首歌,1,神奇女侠R,112765474
955,2016,3,21,[亲亲][亲亲],0,CGNH,65593562
956,2016,3,21,你懂的太多啦[撇嘴],1,_finch,56379620
957,2016,3,20,愿望之一[拜],0,小聂爱好火兰,5805359
958,2016,3,20,愿望之一[憨笑],0,小聂爱好火兰,5805359
959,2016,3,17,孙燕姿明明是风格更加明显了好么？音乐的质量我看并未降低。,0,竽瑟,90218087
960,2016,3,17,真的，听英文歌听的只是个节奏，一个范（外国歌手只要霉的听了会有感觉，毕竟初中开始喜欢的女神）。。。。。只有从小到大听过来的这些华语乐坛里面的歌手的歌听了才会有变化，可能心情好，可能变得沮丧，可能嗨起来，可能想睡觉,0,20134829,248418510
961,2016,3,17,之前没这个感觉，这几年慢慢的越来越认可这个观点了。,0,20134829,248418510
962,2016,3,15,以前出的都是好的对吧？,0,竽瑟,90218087
963,2016,3,14,封面图以现在的眼光来看依然觉得好好看呀~[爱心],0,optocus,89971148
964,2016,3,12,还要钱[弱],1,嘛辣个碧,100740539
965,2016,3,12,敲喜欢[吐舌],1,爱鱼又爱猫小姐,98538821
966,2016,3,11,我的惊叹号❕@周杰伦,0,silver兮,48052783
967,2016,3,10,唉，歌词描绘的太好，现实反差太大。,0,陆依萍打雪姨,27896374
968,2016,3,7,#孙冷姿#十四年之后终于唱给了对的人听,0,朱有趣,51307704
969,2016,3,7,现在出的都是什么玩意，以前的专辑每一首真的都是拿得出手的好歌,0,sojeiand-,107726242
970,2016,3,6,听起来有点像那首someone,0,弦上有春秋----,48671976
971,2016,3,5,冷门好听,0,亲爱的偏执的疯子,68653116
972,2016,2,23,这么多年，无论那一次听到，都觉得欢快又好听，亲爱的，我们在温莎初识时，你拿着话筒唱《浓眉毛》时，那迷人的会笑的眼眸,3,铜须是基佬,82575068
973,2016,2,22,孙燕姿,0,是谁展开了我的泰勒级数,137441963
974,2016,2,13,旋转跳跃我闭着眼～～～ 难怪和我淋素好姐妹,0,HeyJude今天会下雨吗,50039871
975,2016,2,13,旋转环绕～～～,0,HeyJude今天会下雨吗,50039871
976,2016,2,8,还是原来的味道，喜欢[色][色][色],0,徐佳瑩的小号,6793245
977,2016,2,8,又翻出一首快忘记的歌[色][色][色],0,徐佳瑩的小号,6793245
978,2016,2,6,最后真的找到了纳叔，浓眉毛[大哭],2,11_14,30493001
979,2016,2,3,听了许多歌最后还是会回到孙燕姿 ,3,正午的超级大雨,71529983
980,2016,1,26,❤️,0,CAOCUTE_,1988509
981,2016,1,26,孙燕姿啊,0,鸡皮爱好者,7372038
982,2016,1,24,[大笑],0,_null___,121949161
983,2016,1,24,纳叔[大哭][大哭][大哭],2,跳舞的小谷_,98206866
984,2016,1,22,孙燕姿所有作品里最喜欢这首浓眉毛，好听的飞起～,0,孙轩宇-,83923556
985,2016,1,18,喜欢眉毛浓浓的男生（≧∇≦）,0,达达小天才,107147955
986,2016,1,18,最近超愛這首歌[爱心],1,TiramisuGwj,47237709
987,2016,1,18,又翻出一首快忘了的歌。,0,丑Gu,80397136
988,2016,1,15,喜欢燕姿的人都很可爱[可爱],113,-蓝与灰,81008395
989,2016,1,14,一直想把這首甜甜的歌唱給他聽 幻想我們在一起的日子,1,真琴与猫,85368809
990,2016,1,14,@第五姿WF 我的眉毛 好像总能把人吓到(◐o◑),0,帐号已注销,47190347
991,2016,1,12,哟西哟西哟西,0,荐轩辕2014,84959270
992,2016,1,11,不能更欢快,0,卷积赫敏,77600286
993,2016,1,11,here we go here we go 听完这首就去背书！！！！！,1,似缘似情是童真,73024238
994,2016,1,6,唱得是不是有点喘？,0,我就是炮炮,67601728
995,2016,1,2,[色],0,可阳快飞,115746724
996,2016,1,2,[色],0,可阳快飞,115746724
997,2016,1,2,其实是想说，很漂亮了,0,李坚持胜利,20284674
998,2016,1,2,[亲亲],0,黑暗骑士-TDKR,37793064
999,2015,12,31,听成优衣库的我是一个人？,1,RED丶海,116152479
1000,2015,12,30,燕姿后来的确嫁了一个浓眉毛的男银 [色][色],1,anone--,110270463
1001,2015,12,25,我的昵称[可爱],0,无印良痞,33890876
1002,2015,12,24,喜欢燕姿都是善良的人[爱心],2,小林东,44178029
1003,2015,12,23,是吗?hahaaa,0,李坚持胜利,20284674
1004,2015,12,23,here we go 全部听成了优衣库[流感],0,玥玥的小马甲,67845564
1005,2015,12,22,浓眉毛的ex，当时不懂爱，还让你陪我瞎闹，祝你安好！,0,chris153709,108684847
1006,2015,12,14,这首歌明显写的是男生的眉毛吧……,0,杨贽,69994305
1007,2015,12,14,这首歌对姿妈来说算不算预言，哈哈 ,0,Halo_Stefanie,44758870
1008,2015,12,11,！~~,1,居洲,66473277
1009,2015,12,10,而且他也是大烙腮胡啊，哈哈,1,candicevip,69082208
1010,2015,12,10,她的歌伴随我整个初高中岁月，初中的时候很喜欢这首歌，没想到老公真的是浓眉毛，哈哈！,1,candicevip,69082208
1011,2015,12,6,很喜欢这首来着，,1,丁呵呵丶,35328263
1012,2015,12,6,你的浓眉毛我的细眉毛[色],0,果然是颗星,105522276
1013,2015,12,6,女神的第一首歌是对我的祝福 ,0,十七啊姑娘,73060797
1014,2015,12,6,早安[大笑],0,迷糊大王她是谁,88386672
1015,2015,12,5,第一反应是安东尼戴维斯……,2,阿龍的天空24,72456403
1016,2015,11,28,今天看燕姿的早期参加综艺节目的视频，她用舌头大卷，翻转，打樱桃结，看到这里，不由自主的想歪了[奸笑],0,海外小仙人,65586509
1017,2015,11,26,总是能让人心情舒畅的旋律，感谢燕姿~,0,伶歌子,72561866
1018,2015,11,25,同样看过快本 才知道这首歌的  觉得很暖,0,XXXIBTN,89532586
1019,2015,11,25,听着老歌，年轻了吧！[吐舌],0,纯子VV,42002725
1020,2015,11,22,自动脑补成李佩斯,0,TheDawning,69763756
1021,2015,11,17,哪都有你！[大哭],0,澜本姿语,76707783
1022,2015,11,16,～～～,0,举个西木,60673274
1023,2015,11,14,11.14 已听～孙燕姿女神无敌～,0,完成已注销,35832605
1024,2015,11,6,知道这首歌，还是在看快本的年代，当时录了节目组中一个女编导和她前男友的异地恋，依稀记得这是他们的定情歌呢，还是没走到最后，当时看完，难过了好久呢,3,我还能送-,79745741
1025,2015,11,5,爱就像弹珠那样闪耀,0,无印良痞,33890876
1026,2015,11,4,可他笑起来的苹果肌 真好看呀,1,花轮君就是一只小怪兽,5555097
1027,2015,10,25,唱给我的[吐舌],1,沖繩流浪貓,37786481
1028,2015,10,25,你的眉毛，我的惊叹号。,0,_夜阑仍有星,47603498
1029,2015,10,24,99我喜欢这个数字[憨笑],0,靴子和裤腿,72963396
1030,2015,10,15,最后一次给他发信息，我说浓眉毛，祝你幸福。。[爱心],3,晴天__,5558392
1031,2015,10,14,👋🏻,0,失控的王烦烦,54582518
1032,2015,10,6,留给幸福的脚印,0,肉饼君,44821925
1033,2015,10,3,哈哈,0,芷10,29600759
1034,2015,10,3,蜡笔小新,0,暴躁的凯恩,61179046
1035,2015,10,3,我也是这么觉得的,0,暴躁的凯恩,61179046
1036,2015,10,1,[色][色][色],0,孙燕姿的粉丝,36733053
1037,2015,9,29,无论何时听到孙燕姿 都是满满的元气呢[幽灵],2,bobomiho,3694186
1038,2015,9,28,好青涩的燕姿[亲亲],0,A_Dancing_VanGogh,29668623
1039,2015,9,25,我是善良的所以喜欢燕姿[大哭],0,莫孱孱,73825491
1040,2015,9,21,你的眉毛，我的惊叹号～,1,蜜丝丁,71536655
1041,2015,9,20,😐,0,沧海一声孝,612982
1042,2015,9,15,有一种超凡脱俗的洒脱感,1,爱斯基摩的风衣,45448312
1043,2015,9,15,优衣库~优衣库~~[幽灵],0,釉宥小子,6684811
1044,2015,9,12,我觉得男生浓眉毛挺好看的  不过前提是颜值过得去🙈🙈,2,芷10,29600759
1045,2015,8,20,最爱的一首,0,二黑仔要长肉肉,56862931
1046,2015,8,19,[爱心],1,zsydmey,12500269
1047,2015,8,10,回到了高中。😊,2,humblebury,77216520
1048,2015,8,10,我有浓眉我骄傲 正好这歌也美妙~,0,黑瑞特丶Cloud,29905475
1049,2015,8,10,声音好温暖,0,zsydmey,12500269
1050,2015,8,6,yanziyanzi.,0,帐号已注销,44991129
1051,2015,7,27,评论太少了！,1,丨虚头巴脑丨,82378266
1052,2015,7,9,燕姿第一张专辑里面不算特别有名的歌我也可以在演唱会上可以大声跟着唱这是不是一件很值得得瑟的事情？,162,PPoooo,31509584
1053,2015,7,9,[呲牙]乖,0,CHASE-X,62215182
1054,2015,7,9,不好意思哈，作为单身[狗]收到祝福不胜惶恐[拜]，觉得太难以置信了，词不达意词不达意,0,bityinjd,62502224
1055,2015,7,9,"我可以修改一下你的话吗？""你的祝福我收下了，谢谢[憨笑]""那""就当""用得我很不爽呢[禁止][叉]",0,CHASE-X,62215182
1056,2015,7,9,我就当做祝福收下了，谢谢[憨笑],0,bityinjd,62502224
1057,2015,7,9,加油噢～,0,CHASE-X,62215182
1058,2015,7,7,看法不同[大哭]爱浓眉毛的女生,0,睡觉大王快去睡觉,77434326
1059,2015,7,7,看法不同[奸笑]我觉得浓眉毛的女生美,0,睡觉大王快去睡觉,77434326
1060,2015,6,28,你的眉毛，我的惊叹号,1,maviswong123,61294290
1061,2015,6,13,你的眉毛是一只骄傲的鸟 我的心随你而飞忽低忽高💜,2,Wobushibinggan,56939631
1062,2015,6,9,你真是三妹？,0,黄云峰best,41668602
1063,2015,6,8,你真是无敌了。,0,你姿十三,71279167
1064,2015,6,6,连绵陡峭到天涯海角[呆],0,失眠的苏菲,48369143
1065,2015,6,3,最爱的燕姿啊~然后恰巧你也是浓眉毛，可惜再也见不到,0,清醒纪_苏啊苏,68594084
1066,2015,6,2,好甜！,0,七碗凉粉,3106164
1067,2015,6,1,但是我喜欢的妹子都是眉毛浓的  非常有神和质感   比如刘亦菲也是浓眉  还有  你还是常德的么～,0,紫川秀还是卢云,14168794
1068,2015,5,28,想起你  0727[大哭],0,用尽所有思念,33731939
1069,2015,5,22,天啦撸 被恩爱闪瞎[惶恐],0,Mervyn_Soliloquist,36142945
1070,2015,5,16,“你的胡渣是我快感末梢”，燕姿在台北克卜勒演唱会比划自己的下巴，然后指向了观众席上的某人[呲牙],644,说放弃要放哪里,9683208
1071,2015,5,16,浓眉毛的女生不漂亮 [可爱],2,李坚持胜利,20284674
1072,2015,5,13,你的眉毛 一只骄傲的鸟 黑色浮雕 我的惊叹号 我快感末梢,0,HACHITI,57949444
1073,2015,5,13,姐夫的浓眉毛。。,2,孙燕美,542076
1074,2015,5,10,如果我能找到女朋友的话我一定带她去看燕姿的演唱会！,1,bityinjd,62502224
1075,2015,5,9,为什么燕姿的很多歌都播放不了,0,胸口永戴红领巾,60778117
1076,2015,5,4,你~的眉毛~我~的惊叹号~嗷~,0,Eva_14,31106261
1077,2015,5,3,不会啊,0,屋檐下被淋湿的猫,56324911
1078,2015,4,30,前奏确实经典～～唱腔独特～～喜欢，听后难忘,0,风力轨迹,2198600
1079,2015,4,27,世纪转角啊 2000年,0,一腔诗意喂了狗--,42162146
1080,2015,4,27,这首的燕姿声音好甜[色],0,九片棱角_,19807524
1081,2015,4,26,最喜欢的前奏,0,毕竟Naive,33677655
1082,2015,4,22,"收到第一封情书,就是叫我去听这首歌........单纯,青涩的初恋[爱心]",1,魔鬼情敌,375764
1083,2015,4,16,孙燕姿第一张专辑，15年了…,1,___xp,62865023
1084,2015,4,3,这对眉毛已随我的心情忽低又忽高[憨笑],1,EileenMa-,15684623
1085,2015,4,1,建了个列表叫我梦中的女友，里面基本是燕姿的歌~,1,好想吃西瓜,32400929
1086,2015,4,1,正在听老大的歌呢~,0,好想吃西瓜,32400929
1087,2015,4,1,[呲牙],0,19710115号观众,2781851
1088,2015,4,1,呵呵，我也是！主要是你的名字好认~哈哈,0,好想吃西瓜,32400929
1089,2015,4,1,因为我喜欢孙燕姿[可爱],0,19710115号观众,2781851
1090,2015,4,1,竟然在评论里又看到你！！,0,好想吃西瓜,32400929
1091,2015,3,26,好想去长沙听演唱会～可惜没时间～学生狗伤不起～[撇嘴],1,掉进村里陷阱,41508937
1092,2015,3,26,[亲亲],0,掉进村里陷阱,41508937
1093,2015,3,25,纳叔之歌～[憨笑],0,大怪兽的小公举妹妹,34639147
1094,2015,3,20,喜欢姿妈越久，越感觉前几张专辑有味道。,0,刘小峥同学,12545122
1095,2015,3,10,清爽的情歌,0,着渔儿,34372501
1096,2015,3,10,心随你而飞！互低互高,0,星星-快乐,48588502
1097,2015,3,8,浓眉毛和她的睫毛 两首歌都好喜欢 欢快的痴汉脸,174,洒木幸Something,50889313
1098,2015,2,26,你的眉毛像一只骄傲的鸟,1,熊熊烈菠萝,52434555
1099,2015,2,17,手机好烫怎么办 跟网易有关系？,2,我要努力修行,48553272
1100,2015,2,15,😏,0,隐藏的失落,410988
1101,2015,2,11,…,0,我要努力修行,48553272
1102,2015,2,1,还能不能愉快的听歌了[惊恐],1,_terry_,17588380
1103,2015,1,24,喜欢燕姿的都是善良的人[可爱],861,Hk_chen,45175827
1104,2015,1,21,[强],0,我要努力修行,48553272
1105,2015,1,21,舅你要吗,1,帐号已注销,11890878
1106,2015,1,12,开熏,1,姿姿不倦,43678021
1107,2015,1,4,评论这么少！！,0,Cconstance-,45924820
1108,2015,1,3,每次听到前奏就很开心,0,19710115号观众,2781851
1109,2014,12,10,[爱心],0,dz689,34524872
1110,2014,11,26,你的眉毛是一只骄傲的鸟,1,毕竟Naive,33677655
1111,2014,11,26,燕姿声音好嫩内时候~不过还是很爱,1,hiddentrackkk,18334259
1112,2014,11,25,马德!!!台北站有这个歌!!!!,0,hiddentrackkk,18334259
1113,2014,11,20,Yoooo!心！情！好！,0,19710115号观众,2781851
1114,2014,11,2,14年前的老歌,1,谁把超子注册了,2564681
1115,2014,10,19,你的眉毛，我的惊叹号 (｡･ω･｡)ﾉ♡,1,猫斯特是一只有理数猫,3693570
1116,2014,10,10,再见了。,0,沒力超人,391424
1117,2014,10,7,#你的眉毛是一只骄傲的鸟# 下次会是什么时候，加油,1,李坚持胜利,20284674
1118,2014,9,19,[这边],0,我是超人不会飞--,20658434
1119,2014,8,8,怀念那个时候的华语乐坛，太多的经典,1,烈焰花火,7907287
1120,2014,5,19,记得第一次听就被吸引了。。。,1,空中的流沙,2881910
1121,2014,3,28,你的眉毛是一只骄傲的鸟。,1,SourceFree,7188160
1122,2014,3,23,[憨笑],0,忧郁的猪肉王子,3067331
1123,2014,2,18,哈哈哈哈！晚安！,0,清新无比李豆豆,2662779
1124,2013,12,26,你所有的好，怕藏不好，会有烦恼，但愿别人都不会看到。,0,信浓口音的武士,921148
1125,2013,11,26,[色],1,青君cn,2675162
