index,year,month,day,content,likecount,nickname,user_id
1,2019,11,25,巨好听,0,RichardColumbiaUniversity,246229682
2,2019,11,18,啦啦啦啦,1,跳舞的梵谷yanzi,318974517
3,2019,11,16,让我长大后不会对着灰色无奈,0,A-KUONG,577837024
4,2019,11,7,好温暖啊,1,苑子潯的小号,1548957065
5,2019,11,7,不说名字万一老师不知道呢,1,某秋nnn,1718811753
6,2019,11,4,天啊，这首歌的词，写得太好了吧。[流泪],3,Psycheee丶,314455084
7,2019,10,31,好温暖啊，孙燕姿总是在每个年龄段都留下来足迹,0,绿水悠悠1708,562044240
8,2019,10,31,明年演唱会希望有深圳！广州也🉑️,0,Krajinovic-,63010249
9,2019,10,29,"我：不是所有的歌曲都要规矩的唱
声乐老师：你说什么?再说一遍
我说：不是所有歌曲都要规矩的唱！！",3,锦谣儿,580361487
10,2019,10,29,词是谁写的呀好好,0,安生M,96932271
11,2019,10,27,难过的时候，孙燕姿总是很及时的出现,1,苑子潯的小号,1548957065
12,2019,10,20,歌词很棒,0,夏凉c,1764364663
13,2019,10,16,亲爱的世界，给我一个黑板，让我画一幅自由的向往,0,windbreaker风衣,1482000199
14,2019,10,14,早！,0,Kepler小姿,342372326
15,2019,10,13,是滴！超级爱,0,哈德邦要哭了,118016447
16,2019,10,13,适合当睡前童谣,0,识刀客,623315109
17,2019,10,11,时候未到吧,0,秋石丶,353543342
18,2019,10,7,"""
亲爱的世界给我一个黑板
让我快乐地画一幅自己的向往
其实你不该教会我太多黑白
让我长大后不会对着灰色无奈
""",1,吉卜力精灵,1346236272
19,2019,10,4,听的好温暖,0,Dr981707,552738719
20,2019,10,3,"其实你不该教会我太多黑白
让我长大后不会对着灰色无奈",4,秋瞳与孙璟,308508868
21,2019,9,28,啥时候发新专辑啊,1,酷酷的阿姿,261060427
22,2019,9,25,我透！可真好听啊[色][色],0,也不是猪只打呼,355734135
23,2019,9,19,额，只是吐槽一下啦，没别的意思[大哭],0,霉头霉脑云散月现自在飞花slay,42294326
24,2019,9,19,我意思是我阅历不够，听不懂吗大家，别吐槽我了[吐舌],0,全村吃火锅大赛冠军,381474769
25,2019,9,19,这有什么听不懂的... 我不懂你，不做评价,0,霉头霉脑云散月现自在飞花slay,42294326
26,2019,9,19,童谣ep，超爱,1,霉头霉脑云散月现自在飞花slay,42294326
27,2019,9,17,越来越远了,0,梅干菜动物园,410840024
28,2019,9,17,我离我的梦想   ,0,梅干菜动物园,410840024
29,2019,9,17,高二喜欢上你，大二依然听着你唱的童谣[星星],1,梅干菜动物园,410840024
30,2019,9,12,原作者梁文福1987年写下的这首歌,0,别来无恙__,78305650
31,2019,9,11,麻烦看清楚再张口喷人，谢谢你键盘侠,0,全村吃火锅大赛冠军,381474769
32,2019,9,11,你可能是属于唱歌五音不全跑调的人,0,518124,393138893
33,2019,9,11,哈哈，都走过来了！,0,成全是种孤独,511193776
34,2019,9,10,同龄,0,过往云烟视而不见,305289320
35,2019,9,10,嘻嘻，日常表白燕姿,0,扛起孙燕姿就跑,2594529
36,2019,8,31,为什么是1987？,0,Young_SMMU,59497811
37,2019,8,30,哪有一直失败的人，加油，都会好。现在马上九月了，是不是比起发评论时好太多了,0,今天星期五24,623180764
38,2019,8,27,很早就开始听燕姿的遇见和我怀念的，听旋律听歌词，但却不想着了解歌手。暑假听了肖战唱的克卜勒，他很喜欢她一定有一定道理，我开始百度孙燕姿了。先是被1978年出生惊了，和我妈妈差不多了，接着是她的毕业院校南洋理工（世界排名11），我从心底开始敬佩这样一个优秀的Singer了，现在真的好喜欢她,6,陈影飒,510456179
39,2019,8,22,质量非常高的歌曲了，燕姿给我们传达的不仅仅是音乐。燕姿，优质偶像!,3,海盗7号z,381001273
40,2019,8,19,好听吗，我为什么听不懂，阅历没够吗,0,全村吃火锅大赛冠军,381474769
41,2019,8,17,仿佛2007年就在昨天,0,cheeseandkisses_,109894617
42,2019,8,16,真的是好喜欢这个歌词啊,3,et-cetera_,102515477
43,2019,8,7,嗯,0,人血馒头薛之谦嘻不知道别来问我,1529460927
44,2019,8,6,人家孙燕姿本人专辑都爱写yanzi呢～你们就别质疑人家说yanzi sun了~新加坡华人是用汉语拼音的…,0,冲嘢,3433797
45,2019,8,6,抱抱，休息一下看看演唱会吧，风风雨雨宁愿相信明天晴天,0,扛起孙燕姿就跑,2594529
46,2019,8,6,日常表白孙燕姿,2,扛起孙燕姿就跑,2594529
47,2019,8,2,童谣1987实在太抓耳了，旋律好听燕姿的声音在耳边呢喃，歌词有态度浅唱低吟。又温柔又安慰人心，希望每个你们每天都好好的，慢慢地向前,6,加油太阳,1398176371
48,2019,8,1,说的太好了,0,加油太阳,1398176371
49,2019,8,1,这首歌让我想到最早那张自选专辑，虽是翻唱但是唱的却是最特别的自己，爱你如初，就这么淡淡的唱，听你唱到天荒地老,3,栅栏开始认真生活每一天,84111620
50,2019,8,1,本来觉得这首歌只是还好，但是今天遇到了一些不顺心的事情，让我不禁开始思考人生意义的时候，正好耳机里播了这首歌。真的，感谢永远有歌，把心境道破。,3,7things_,1318437548
51,2019,7,30,我们都曾希望可以迟一些再学会标准的笑脸,5,7things_,1318437548
52,2019,7,29,想到了baby song,0,xXxshaxlye,254502248
53,2019,7,25,Stefanie吧 ……,0,小小小小小的橘子,85533246
54,2019,7,25,西安那场第一次也是目前唯一一次看她演唱会,1,XavierKANGDuanxu,1296562228
55,2019,7,24,人生从出生开始就有很多条条框框，有很多规则和标准，但是，我们偶尔也想越界看看。但是，我们不会出走太远，我们的本心不变，只是想探索看看呢。,1,7things_,1318437548
56,2019,7,21,加油,0,苏苏苏苏苏苏苏禾呀,331479824
57,2019,7,17,谢谢，准备辞职调节一下自己，再重新出发,0,小燕姿呀哈,111565499
58,2019,7,16,你才24岁，还有大好时光等着你，请你一定不要放弃自己，一起加油！,1,一kepler,1409592056
59,2019,7,13,"[大哭]记得那是很久前，高考的一个提前的口语考试，那个老师也是问我喜欢的明星是谁，我说sun yanzi,他问why，我说因为他笑很迷人",1,风很狂,114764332
60,2019,7,10,每一期都看了三遍以上[大哭],0,霉头霉脑云散月现自在飞花slay,42294326
61,2019,6,29,其实你不该教会我太多黑白，让我长大后不会对着灰色无奈。,12,Superloser_Original,122495649
62,2019,6,24,有了几年的经历之后，再来听这首，嘴角不由得上扬。果然喜欢老大，不是她有多酷多好看，而是喜欢她的想法，喜欢她的精神,2,TracyZHG,123274574
63,2019,6,24,老大出这张专辑的时候，我没觉得这首歌很好听。,2,TracyZHG,123274574
64,2019,6,21,欢迎大家明晚锁定腾讯视频明日之子，看燕姿,4,跳舞的梵谷yanzi,318974517
65,2019,6,21,燕姿的英文名不是stefanie sun吗😬😁😂,11,跳舞的梵谷yanzi,318974517
66,2019,6,16,完全是自己的想法,0,Moon-D9,290922511
67,2019,6,16,好棒,0,Moon-D9,290922511
68,2019,6,15,祝你能查得一个好成绩！,0,波澜心电图,296945525
69,2019,6,15,真的好听,0,corlore,541731054
70,2019,6,9,喜欢的人发过的燕姿的歌里我最喜欢的一首。,3,墜落橘子,86574431
71,2019,6,6,"六年级的 遇见 考上重点初中
初三的 同类  考上重点高中
如今 高考前夕  回顾来路 一直陪伴我的 除了我的家人 就是燕姿的歌曲❤那些生命的匆匆过客 感谢你们教会我许多  十年寒窗苦读 只为今朝圆梦 一首童谣 带给我无尽的憧憬与遐想 一定再续辉煌
明年要去燕姿的演唱会 努力的人也是幸运的人 高考必胜",7,成全是种孤独,511193776
72,2019,6,1,我也是≥﹏≤，好怕,0,兔图图涂涂,1419427661
73,2019,6,1,儿童节快乐,1,兔图图涂涂,1419427661
74,2019,6,1,儿童节快乐,1,我们都回不去最初_,108656074
75,2019,6,1,六一快乐呀,0,不会吃腻的饼干,60881014
76,2019,5,31,明天6月1日,1,那不勒斯的遗憾,7590143
77,2019,5,30,要加油呀,0,帐号已注销,1713409237
78,2019,5,29,总觉得自己很失败，孙燕姿每天都在救我,6,Kepler的cellur,1424039498
79,2019,5,28,孙燕姿的温暖由内而外,0,Kepler的cellur,1424039498
80,2019,5,28,听哭了，听着就安心,0,Kepler的cellur,1424039498
81,2019,5,23,我也是[大哭],0,意儿妹妹,577290669
82,2019,5,19,这首好像是以前没版权,1,康桥的等待,361758473
83,2019,5,14,哈哈哈哈是哒,0,Always_with_ME_yuan,250234419
84,2019,5,14,这有什么好希望的，明年就有机会，存好钱就行,1,是螺纹呀,59982102
85,2019,5,13,"希望人生第一场演唱会是燕姿的",3,Always_with_ME_yuan,250234419
86,2019,5,12,我以为这张专辑只能听彩虹金刚……今天才发现爱别的歌曲……,0,在浩的天空,474071090
87,2019,5,9,燕姿，我现在活得好废好窝囊阿，我又是家里人的希望，我曾无数次想改变，可都失败了，现在大二下了。我真的很害怕明天到来[哀伤],3,从心的废柴,1476855930
88,2019,5,9,我都听哭了😭，燕姿，我好喜欢你,1,从心的废柴,1476855930
89,2019,5,8,懂了很多事之后就会很难再简单。,2,彩虹金刚---,339308962
90,2019,5,5,这首歌是Kenn C重新作曲的，原作是梁文福词曲。,3,转身是空,111727561
91,2019,4,30,为什么没有实体，好听到爆，为了这张直接itunus开了一年会员,4,Elite-boyu,475106307
92,2019,4,19,我一定是个假粉，现在才知道这首歌,9,穷君仔,507527058
93,2019,4,7,正在补清明假作业😭,1,晴天也在,1675043502
94,2019,4,5,没关系，喜欢了十几年的姿粉今天也才听这首歌而已。反正我姿在那，什么的时候听都不嫌晚。,1,新来的藕节小姐,45375900
95,2019,4,5,能唱童歌的天后都是最可爱的。燕姿活得像个童话故事的公主[亲亲],1,Song我的憧憬,51600636
96,2019,3,31,[亲亲]亲爱的爸爸，给我一个窗口,0,O_oHULLO,343829645
97,2019,3,27,其实你不该教会我太多的黑白，让我长大后不会对着灰色无奈。不要教我争先，让我从容一点。,3,从心的废柴,1476855930
98,2019,3,20,希望可以给我以后的孩子听这张专辑,6,黄昏鹿场里的它,62084912
99,2019,3,17,那你可以去听听这个ep里的其他歌，可能还会有新发现😂,0,把我的心放进你的口袋,501137259
100,2019,3,14,我很惭愧，作为孙燕姿脑残粉，竟然发现这首歌没听过……,3,元北墻,334704962
101,2019,3,13,每一种心情都有一首孙燕姿,0,夕颜May,442465991
102,2019,3,5,这首的ab有c,1,了不起的小虾米咯,360430969
103,2019,2,28,很喜欢这首歌，去听了原唱，惊叹！,0,转身是空,111727561
104,2019,2,8,让我喜欢自己才能接受文明的训练[爱心][爱心],2,nay_isLIN,409547483
105,2019,2,1,总能在燕姿歌里找到各种情绪,5,半成熟爱姿,410632973
106,2019,2,1,歌如其人 温暖,0,半成熟爱姿,410632973
107,2019,1,31,太好听了,0,护渣渣,117133318
108,2019,1,20,孩子四个月了，很可爱。孩子妈妈说是我俩上辈子修来的福分。才有那么乖，爱笑不爱哭的孩子！希望他一切都好。,1,凭尔几路来,75208281
109,2019,1,17,1987年出生的我，谢谢你，我爱了一整个青春的你,39,华_筝,15247544
110,2019,1,10,听过,0,墨芝INK,451890625
111,2019,1,9,@墨芝INK 一定要听,1,帐号已注销,124500049
112,2019,1,9,无奈 二字 太好听了,2,HYOUNG-,36261825
113,2019,1,8,好听,0,燕姿开演唱会了吗,624100542
114,2019,1,7,在这个女神泛滥的年代，燕姿是国宝……哈哈哈哈哈哈哈😂😂😂😂😂😂😂,0,安德鲁的狗,50568930
115,2019,1,7,[多多大哭],0,酷圆虎,247542768
116,2019,1,2,孙燕姿  是女神啊~~,0,孙燕姿的小迷妹啊,327977684
117,2018,12,29,妙极!单曲循环。。。,0,LapIace,355418011
118,2018,12,17,是不是因为快本！,3,H-S_Sun,296312220
119,2018,12,14,我的天  我还说姿迷....居然第一次听这个[流泪][流泪][流泪][流泪],5,我不行我不上我就哔哔,274446301
120,2018,12,12,我突然想到了这一段啦啦啦啦啦啦啦就来听了[呆],3,钰是一只乖鱼,262573492
121,2018,12,2,这音色真的绝了,5,星岛的妳,48746821
122,2018,11,27,犯困ING。,1,孙燕姿的小迷妹啊,327977684
123,2018,11,24,大白天听着 像夜里要迷迷糊糊睡去的感觉,3,孙燕姿的小迷妹啊,327977684
124,2018,11,12,感觉改编后，失去“谣”,0,在树上睡觉,338300569
125,2018,11,8,声音很美，歌很美，燕姿也很美，无论是人还是心都很美,7,彼得潘与狼,261245021
126,2018,11,7,可我却总以为我的童谣从 1978开始,3,Theodorus,268511757
127,2018,11,4,好好听啊 唔,1,就一姿迷,257349522
128,2018,10,30,对着灰色无奈,1,星岛的妳,48746821
129,2018,10,15,04报道。喜欢了六年。,5,壹原侑沙,1615348376
130,2018,10,14,深爱的人,0,那我可以抱你吗,331758437
131,2018,10,11,不要教我争先，让我从容一点,2,feifeii13,309479010
132,2018,9,20,啦啦啦啦啦啦啦啦~都好听,1,stef小流氓z,56720800
133,2018,9,15,搜了一下idol.出来一些惹人羞涩的图片[惊恐],0,大风吹吹包裹你,336287217
134,2018,9,12,到底是录取了呢哈哈哈哈,0,举起手来跟我一起摇摆,78132797
135,2018,9,12,笑吐,0,骂我的都死了,71133380
136,2018,9,12,用小学英语能过关吗,1,骂我的都死了,71133380
137,2018,8,25,是的,1,浮躁的异想世界,572631665
138,2018,8,25,哇，你才15,0,极美欢庆,351351231
139,2018,8,22,这张EP最喜欢的就是这首。,5,Yu天听雨天,469210568
140,2018,8,22,太好听了！啦,1,afghjjvhh,263259093
141,2018,8,22,小时候，爸妈说，他们这辈子对于我最大的心愿就是要让我幸福。,5,激昂的小提琴,120296393
142,2018,8,18,"其实你不该教会我太多黑白

让我长大后不会对着灰色无奈",9,aCandleThief,10729107
143,2018,8,14,我一定要考研,8,ooommmmm,387775330
144,2018,8,14,燕姿的父亲一直坚持孙燕姿念完大学再去当歌手，实是证明他是正确的,9,最最最喜欢听琴的声音了,608663333
145,2018,8,12,其实你不该教我太多黑白，让我长大以后不会对着灰色无奈,1,何拂拂,1369033129
146,2018,8,5,其实你不该教会我太多黑白 让我长大以后对着灰色无奈,3,_诗芊,81037679
147,2018,8,5,💛,0,_诗芊,81037679
148,2018,8,4,最爱孙燕姿,3,跳舞的梵谷yanzi,318974517
149,2018,8,4,燕姿的英文名是stefanie  sun[大笑],9,跳舞的梵谷yanzi,318974517
150,2018,8,4,童谣1987   燕姿那时候8岁[大笑][大笑][亲亲],3,跳舞的梵谷yanzi,318974517
151,2018,8,4,好想念啊,0,_無比滴,387009891
152,2018,8,3,喜欢歌词,0,LittleDaydream,327893100
153,2018,8,1,又有点难过了。[惊恐][惊恐],0,Gump-D,353246732
154,2018,7,30,姿迷群的？,1,浮躁的异想世界,572631665
155,2018,7,30,你是？,0,浮躁的异想世界,572631665
156,2018,7,30,在这看到你了,0,旻綠,317674840
157,2018,7,30,二胎妈妈辛苦啦,2,咦我耳朵呢,314745947
158,2018,7,26,这张专辑为什么不能买？,3,就叫浮夸吧,300905087
159,2018,7,25,燕姿，为什么你唱什么歌都这么好听？歌仙转世？,3,怠惰一瞬间,294941960
160,2018,7,24,我喜欢这个女人,2,otonocoo,131999177
161,2018,7,24,孙.把所有的歌变成自己的.燕姿,9,otonocoo,131999177
162,2018,7,23,"其实你不该教会我太多黑白

让我长大后不会对着灰色无奈",3,阿柒不是大喷嚏,1296167904
163,2018,7,23,生日快乐,1,林守乐,55243746
164,2018,7,22,[爱心][爱心][爱心],2,天空上的旋木,72991027
165,2018,7,18,哈哈😄,0,浮躁的异想世界,572631665
166,2018,7,18,厉害厉害[呆],0,拥抱每一个凌晨,252058443
167,2018,7,18,03表示不服,0,浮躁的异想世界,572631665
168,2018,7,16,01年报道,0,拥抱每一个凌晨,252058443
169,2018,7,14,其实美好不难啊,0,暮至明,94756999
170,2018,7,14,[流泪],1,180cm一,115012093
171,2018,7,13,其实你不该教我太多黑白，让我长大后不会对着灰色无奈,1,鲸息深海,66166504
172,2018,7,13,加油,0,宋三金呀,127933552
173,2018,7,12,听着听着心就平和了下来,1,33轉的LP,630862795
174,2018,7,12,十八岁的第一天就这么过去了呢,2,雪雪雪雪狐,78491688
175,2018,7,5,其实你不该教我太多黑白 让我长大后不会对着黑色无奈，这句真的完美的展示了孙燕姿的唱商，尤其是“灰色无奈”几乎都能感觉到她好像有泪噙在眼眶，可是后来的“啦啦啦”又转回了成年后的和解与释然，这可能是最打动她那些从青春走到中年的歌迷们吧！,9,能猫桑,563187
176,2018,6,27,唱的都是说不出来的心情,0,Perseus_Wang,320418744
177,2018,6,26,她的歌真的令人感动,0,彩虹金刚1705,479219153
178,2018,6,20,其实你不该教我太多黑白 让我长大后不会对着黑色无奈,2,流逸成岚中盛景,495867846
179,2018,6,17,老爸 父亲节快乐,1,迷路老麋鹿,289558931
180,2018,6,16,要当爹了，听到这首歌也是很及时。希望他一切都好。,5,凭尔几路来,75208281
181,2018,6,10,燕姿我好爱你啊。,1,咕叽-__,543531996
182,2018,6,8,封面好Q！,1,用户561222912,561222912
183,2018,6,6,高考加油:),3,要来杯温牛奶吗,73443866
184,2018,6,4,人生真的只是一场华丽的冒险,2,小小小小小的橘子,85533246
185,2018,6,3,来的似乎都是8090后,2,33轉的LP,630862795
186,2018,6,2,2004年6月7号我高考，2004年6月5号燕姿广州演唱会，我也错过了，这一等就是10年，可是，我等到了，没有留下遗憾。,4,用户330106533,330106533
187,2018,6,1,六一快乐呀,2,孙燕姿是光芒i,299308703
188,2018,6,1,节日快乐呀。愿地球上所有大小孩都快乐。,2,vInCent哇,48926777
189,2018,5,28,我因为考试错过了西安那场，遗憾了好久,0,梦游的隐形人,59631294
190,2018,5,27,听哭了。,3,tHeWyatt,250929882
191,2018,5,25,我真的好想去一次你的演唱会,4,梦游的隐形人,59631294
192,2018,5,21,燕姿唱的真棒，现在就唱给我女儿听。,3,青烟或白雾,375210338
193,2018,5,19,啦啦啦,0,Ohh_S_Op,574000351
194,2018,5,13,这里都是姿迷了,3,stef流年,1367583538
195,2018,5,9,听着，就会觉得，有满满的幸福！,0,腚大不是障碍,12327239
196,2018,5,9,是stefanie sun 啦,0,阿斯达卡诸阳汇,486639974
197,2018,5,7,这首歌的语感！,1,Islandofcyril,48634536
198,2018,5,7,talent in music/her strong personality,1,Islandofcyril,48634536
199,2018,5,2,整大我5岁@(/o･ｪ･o)@/,1,枝荔丶,381684350
200,2018,5,1,14岁听的爱情证书。87年报道,2,G318狗一丁,435289202
201,2018,5,1,871006兔！,4,G318狗一丁,435289202
202,2018,4,27,我的好朋友走了 朋友圈留下的最后一首歌就是这个 很乖的一个小孩  二十四岁 人生刚刚开始的年纪啊  希望你在天堂一切都好 ,8,淋魂火符,121932454
203,2018,4,26,哭了！,0,rfmjs,1357855390
204,2018,4,25,打卡[爱心],0,吉星Hani,129974706
205,2018,4,24,蒼茫天地，煙火人間,0,肆年河豚毒,79758910
206,2018,4,23,我有个朋友上周突发急性白血病去世了，这是他朋友圈最后分享的歌曲，希望他在那边可以像这首歌唱的那样无忧无虑。,17,哆尼猪,81364012
207,2018,4,22,好听,0,亲斤起点,62297627
208,2018,4,22,直到有一天回头张望，才会发现走着走着就长大了,1,所以是我啵,578836211
209,2018,4,17,燕姿的很多歌都很有正能量，有的很励志，可惜只有姿迷才懂,7,33轉的LP,630862795
210,2018,4,15,@举起手来跟我一起摇摆  她是我的baby girlfriend,2,举起手来跟你一起摇摆,361581067
211,2018,4,14,优秀的姿迷[吐舌],2,stef流年,1367583538
212,2018,4,14,考研成功啦,1,举起手来跟我一起摇摆,78132797
213,2018,4,14,1024个评论,0,白白又白有三水,1302005957
214,2018,4,14,那可还行,0,stef流年,1367583538
215,2018,4,13,❤️,0,121个逸儿,129095979
216,2018,4,13,从来没有一个二十二岁的女生，像她一样唱歌，20年后亦复如是！,2,子之选天,1391150898
217,2018,4,11,让我迟一些才学会标准的笑脸,1,黑人牙膏c,58357982
218,2018,4,10,过999啦 收藏的时候还没有呢,1,張_贰,42585757
219,2018,4,10,我的idol,0,墨颜熙2017,1351917786
220,2018,4,9,燕姿真的做到了“不是所有的歌词都要规矩地唱”,84,来自听歌客户端,431999092
221,2018,4,6,唱商高 ,2,说放弃要放哪里,9683208
222,2018,4,6,曲改编了，姿妈对词的理解力真的很好。加之，她还是很有内涵的，这首歌的表达就很丰富了。,1,小四的酱油,493214532
223,2018,4,5,这首是ep里的最爱。陪伴了多个夜晚,4,小四的酱油,493214532
224,2018,4,5,慢慢来,0,孙燕姿的锁骨,17714009
225,2018,4,5,[爱心],0,海底月亦是天上月,476816545
226,2018,4,5,what ？看到评论这么少 我觉得我的机会来了🌝要把这首歌藏起来,1,全是你的错觉1707,554520103
227,2018,4,3,好听不火系列，越听越好听[流泪],0,还霸,46860406
228,2018,4,1,小仙女在唱歌🎤🎤🎤,1,改个名字好难不改了,270338030
229,2018,4,1,我爱孙燕姿！,1,赟光,454310581
230,2018,3,31,那我来做1008,1,幕域,28530922
231,2018,3,28,这首歌感觉是仙女歌唱🧚‍♀️,1,彩虹金刚1705,479219153
232,2018,3,28,好听爆炸,0,彩虹金刚1705,479219153
233,2018,3,27,我真滴好像去听你的演唱会😭,1,komorebi_la,87522663
234,2018,3,26,破999+了！,0,H-S_Sun,296312220
235,2018,3,25,岁月蹉跎,1,引力-1,393876093
236,2018,3,24,好听,0,O_oHULLO,343829645
237,2018,3,24,"复试的时候老师问我 who's your idol. 我会说 my idol is yanzi sun. She is my favorite singer . I admire her not only for her talent in her music, but also for her strong  personalities [可爱]🎶 毕竟是我爱了十年的女神呀 我唯一的idol[亲亲]",167,举起手来跟我一起摇摆,78132797
238,2018,3,24,是！,1,CHENYUDAN--,279712105
239,2018,3,24,咦，我是1000嘛,2,CHENYUDAN--,279712105
240,2018,3,24,等等,0,bitterstartled,370597926
241,2018,3,24,啊刚刚v哥哥帮你你姐姐脚后跟疯疯癫癫,0,bitterstartled,370597926
242,2018,3,24,在,0,bitterstartled,370597926
243,2018,3,24,是,0,bitterstartled,370597926
244,2018,3,24,啥,0,bitterstartled,370597926
245,2018,3,24,书,0,bitterstartled,370597926
246,2018,3,24,啊,0,bitterstartled,370597926
247,2018,3,24,尬,0,bitterstartled,370597926
248,2018,3,23,其实你不该教我太多黑白,0,好好的马克笔,60906472
249,2018,3,23,990的我超喜欢这首歌,0,克卜勒星球,123482064
250,2018,3,22,我来989,0,Raincheck-,252828422
251,2018,3,22,终于可以听了....,0,沃兹尼亚奇的干儿子,250772383
252,2018,3,22,燕姿,0,大流氓音乐,5773483
253,2018,3,22,好听啊,1,大流氓音乐,5773483
254,2018,3,21,听起来好惨啊[亲亲],0,毛毛虫0912,323067104
255,2018,3,21,助攻,0,毛毛虫0912,323067104
256,2018,3,21,助攻983,0,zero6191,126489476
257,2018,3,21,[爱心],0,DH摄影设计工作室,551815746
258,2018,3,20,和原版完全不一样,0,stef流年,1367583538
259,2018,3,20,孙燕姿小时候真可爱，好好听(ง •̀_•́)ง,3,爱德华的Erye,132712235
260,2018,3,20,979助攻[鬼脸],0,Lyndon_Z,405657720
261,2018,3,19,好听,0,大流氓音乐,5773483
262,2018,3,19,喜欢,0,大流氓音乐,5773483
263,2018,3,19,999助攻,2,大流氓音乐,5773483
264,2018,3,18,975！,1,水仙1989,264123359
265,2018,3,18,好听,1,9点人,124168580
266,2018,3,18,我喜欢这首,0,9点人,124168580
267,2018,3,18,我爱孙燕姿,0,9点人,124168580
268,2018,3,18,999＋,1,Nick-Carter,419343091
269,2018,3,16,亲爱的老师不要那么紧张,0,going_up_stef,372536854
270,2018,3,16,其实你不该教我太多黑白，让我长大以后对灰色无奈[哀伤],6,白术k,314242359
271,2018,3,15,好听(✪▽✪),0,倾君1314,492995584
272,2018,3,15,额,0,戈德里克山谷_,120801422
273,2018,3,15,人人都不要当最后一名，那谁当最后一名呢[奸笑],1,大力叶,455351126
274,2018,3,14,好听,0,大流氓音乐,5773483
275,2018,3,14,慢慢成长。,0,YZ芣苢,330392808
276,2018,3,14,[大笑],0,Kepler-3,378301025
277,2018,3,13,[可爱][可爱][可爱],0,木末cool,127564916
278,2018,3,12,[憨笑]燕姿是我女神,0,我爱驼驼,423137447
279,2018,3,11,999助攻,1,帐号已注销,449146575
280,2018,3,11,好好听呀,1,帐号已注销,449146575
281,2018,3,11,让我从容一些,1,Ar-rival,383451791
282,2018,3,9,唱这首歌时嗓子状态超好有没有！,2,萝卜大神我,107404911
283,2018,3,9,这是燕姿小时候吗？,1,萝卜大神我,107404911
284,2018,3,7,"999助攻
",0,楠瓜小公主,1341827602
285,2018,3,7,我的燕姿,0,9点人,124168580
286,2018,3,6,这么好的歌,0,EveryoneIsGAY,75883349
287,2018,3,6,没有999？,0,再见就是在也不见,263645705
288,2018,3,5,其实你不该教我太多黑白,0,Kepler辉,300164590
289,2018,3,5,保护环境，保护我们的子孙后代,1,独眼石头人,89662755
290,2018,3,4,超好听,0,孙燕姿的锁骨,17714009
291,2018,3,4,999+,0,大流氓音乐,5773483
292,2018,3,4,燕姿,0,赟光,454310581
293,2018,3,4,燕姿,0,跳舞的反骨,33249451
294,2018,3,3,peaceful,0,swaqyzz,394011292
295,2018,3,3,越听越好听,0,菲楊磐,110503288
296,2018,3,3,你可以慢慢长大,0,Mia_77777,323473826
297,2018,3,3,哈哈,0,简爱_yanzi,2333895
298,2018,3,3,是999+,0,H-S_Sun,296312220
299,2018,3,3,啊呸,0,H-S_Sun,296312220
300,2018,3,3,居然还没破99+,0,H-S_Sun,296312220
301,2018,3,2,这歌评价好少,0,彩虹金刚1705,479219153
302,2018,3,2,"其实你不该教会我太多黑白
让我长大后不会对着灰色无奈",4,原昵称在修改_,91707115
303,2018,3,1,好温柔,0,不会吃腻的饼干,60881014
304,2018,2,28,[可爱],0,哪吒不哭,252648391
305,2018,2,28,这么好听吗歌评论好少！没人发现这歌很神吗[呲牙],1,彩虹金刚1705,479219153
306,2018,2,27,这歌太神,0,彩虹金刚1705,479219153
307,2018,2,27,这歌真好听,0,彩虹金刚1705,479219153
308,2018,2,27,加油,0,噢天下第二x,343306627
309,2018,2,27,999+,0,大流氓音乐,5773483
310,2018,2,27,破千助攻,0,大流氓音乐,5773483
311,2018,2,26,享受高三！加油！,1,片想少女,132759690
312,2018,2,26,助力,0,kepleren,263836534
313,2018,2,26,线,0,Tanya的小迷妹,286414809
314,2018,2,26,贡,0,Tanya的小迷妹,286414809
315,2018,2,26,点,0,Tanya的小迷妹,286414809
316,2018,2,26,做,0,Tanya的小迷妹,286414809
317,2018,2,26,＋,0,Tanya的小迷妹,286414809
318,2018,2,26,违,0,Tanya的小迷妹,286414809
319,2018,2,26,我,0,Tanya的小迷妹,286414809
320,2018,2,26,让,0,Tanya的小迷妹,286414809
321,2018,2,26,童瑶,0,未完成19991230,503310441
322,2018,2,26,好听,0,未完成19991230,503310441
323,2018,2,25,安静,0,强大的小明,287917064
324,2018,2,25,[心碎]听得好心碎，可是好好听,2,展蛋锅,55931496
325,2018,2,25,预定给我未来的儿子当儿歌[憨笑],1,苏靖岗,350976808
326,2018,2,25,哈哈,0,山伯伯pan,324631408
327,2018,2,24,＋1，这歌听得我好怜爱她,0,噢天下第二x,343306627
328,2018,2,24,助攻999,1,跳舞的反骨,33249451
329,2018,2,22,我爱 孙燕姿,0,Sun-ZK,263879307
330,2018,2,22,不是 原版是梁文宁的童谣1987 燕姿翻唱的 说过,0,说放弃要放哪里,9683208
331,2018,2,21,这首超好听啦,0,Yyhaaa,1316673
332,2018,2,21,助攻999,0,going_up_stef,372536854
333,2018,2,19,黑白灰~这个词好,1,香蕉超人,392045
334,2018,2,18,其实你不该教我太多黑白，让我长大后不会对着灰色无奈。,3,早点睡早点睡好吗,326278658
335,2018,2,18,ab西嘻嘻嘻嘻嘻,0,stef流年,1367583538
336,2018,2,17,才发现有版权了,1,童谣1987,264985996
337,2018,2,17,我爱这首歌 ，那你爱吗[可爱][大笑],0,supermarket_-_,117282878
338,2018,2,16,打卡,0,A-KUONG,577837024
339,2018,2,15,高三狗打卡,2,泽天很愉快,436985063
340,2018,2,15,滴,0,Jonah乔纳,478575663
341,2018,2,15,高三狗打卡,2,Jonah乔纳,478575663
342,2018,2,13,这么好听的歌,0,皇帝宠姿,263527508
343,2018,2,12,有点感人,1,wsshuang_12,339079500
344,2018,2,11,[爱心],0,nay_isLIN,409547483
345,2018,2,11,嗯,0,泽天很愉快,436985063
346,2018,2,9,助攻一波,0,奥尔良烤稽翅,325741193
347,2018,2,9,打卡,0,H-S_Sun,296312220
348,2018,2,9,助攻！,0,H-S_Sun,296312220
349,2018,2,7,高三党呐，还在补课啊~~还有120天，忽然之间感觉就要结束了，加油＾０＾~,6,噢噢噢然,439393871
350,2018,2,7,[可爱],0,在年轻的时候,406400176
351,2018,2,7,打卡,0,H-S_Sun,296312220
352,2018,2,6,去他的888,0,王小野子,45050196
353,2018,2,6,你也是高三吗？,0,180cm一,115012093
354,2018,2,6,为什么这首歌下载下来是不能打开的格式文件？？？？,0,嘿你在呀,344196835
355,2018,2,6,885打卡,0,可能自己就是个小可爱吧,96497098
356,2018,2,5,慢慢来,0,暮至明,94756999
357,2018,2,5,还有121天，燕姿带给我能量。加油,1,泽天很愉快,436985063
358,2018,2,4,打卡,0,180cm一,115012093
359,2018,2,2,这张专辑眼馋好久了[奸笑],3,和不知道先生,361535132
360,2018,2,1,亲爱的燕姿呀～,0,__神的孩子,308454680
361,2018,2,1,1987 谢谢燕姿[可爱],2,超人类Jf,254080732
362,2018,2,1,我1987,0,shisan1313,102518734
363,2018,2,1,好听哭了[色][色][色],1,小艾是艾草的艾,624948731
364,2018,2,1,好听,0,毛毛虫0912,323067104
365,2018,2,1,877 打卡,0,潜水大鲸鱼,476471883
366,2018,2,1,1987 谢谢 ,0,陀飞飞飞轮,80412866
367,2018,1,31,燕姿,1,跳舞的反骨,33249451
368,2018,1,30,别人都听很嗨的歌健身，我只听燕姿的，不管快歌慢歌快乐忧伤的，只要听到燕姿的声音就充满力量,3,萝卜大神我,107404911
369,2018,1,28,想哭,0,王金1711,632842409
370,2018,1,28,燕姿翻唱的歌都像是原唱，淡淡的好听,0,王金1711,632842409
371,2018,1,28,好听,0,王金1711,632842409
372,2018,1,27,燕姿老婆ovo,1,你想听我的秘密吗,136715361
373,2018,1,27,这么好听的歌你们居然没发现么,1,你想听我的秘密吗,136715361
374,2018,1,27,"我还在忙
忙着可爱
忙着长大",1,Chan-YL,572749827
375,2018,1,26,我的很多不好的习惯，很多坏毛病，都是男朋友像小爸爸一样在包容体贴，不会责怪我为什么这样或那样，而是一边惯着我一边教会我慢慢改，这个小爸爸真是太可爱了(•̀ω•́)✧,0,炒了绿豆王八笑l,580838834
376,2018,1,24,让我迟一些再学会标准的笑脸,1,旻綠,317674840
377,2018,1,23,贼好听,0,龙氏刀法,270575531
378,2018,1,23,在这首歌里，燕姿的嗓音状态真是炒鸡好。特别放松，张弛有度……很舒服……,1,Autism-H,50695673
379,2018,1,23,工作再烦也要坚持下去,1,气氛来了就要醉,308485041
380,2018,1,22,柔软,2,rollino,289494735
381,2018,1,22,亲爱的燕姿 给我一首童谣1987,2,姿迷Kepler,62776498
382,2018,1,21,真好听,1,微笑_sunshine,283086391
383,2018,1,21,别告诉我太多的黑白,2,暮至明,94756999
384,2018,1,20,很好听啊,0,xander_xx,504080018
385,2018,1,18,静谧,0,夜猫子与歌,365273278
386,2018,1,14,少女姿变姿妈，一样的爱[亲亲],2,姿迷Kepler,62776498
387,2018,1,14,喜欢她的任性,0,舞者的脚踝,389754412
388,2018,1,14,吃吃吃,0,warrois,128450378
389,2018,1,14,一切的ab西可以慢慢学[大哭],1,寻常孤单中毒者,131992621
390,2018,1,13,"亲爱的老师
不要那么紧张
不是所有的歌曲都要规矩地唱",1,还是过两天再改名字吧,342187440
391,2018,1,13,前奏太好听了,0,黑的不好啊,334467473
392,2018,1,11,听了那么久的情歌总会忍不住去怀念，还是感觉燕姿的欢快点～,0,天才小泽泽,38410750
393,2018,1,11,[色],0,无孤者_,411605539
394,2018,1,11,[女孩],0,无孤者_,411605539
395,2018,1,10,天黑黑的感觉回来了,2,爱上左右走,334692533
396,2018,1,10,慢慢长大,1,青山见我应如是矣,378862737
397,2018,1,9,永远保持一颗不急躁的心,1,哈卅西,354881720
398,2018,1,8,陪我走过童年的爷爷走了，留下我一个人循环听着这首歌,3,燕姿的小小歌迷丶,388799810
399,2018,1,8,好听,1,19-41,335393161
400,2018,1,7,助力999+,2,nay_isLIN,409547483
401,2018,1,7,lalalala,0,有求必应屋里的盆儿,57054752
402,2018,1,7,这些当天后的都太讨厌了，给孩子都能专门发首歌，让我们这些普通人怎么办？[流泪],2,长长长长长长长颈鹿,78486399
403,2018,1,7,来了来了，999+,0,叫黄绒绒就好,553706367
404,2018,1,5,啦啦啦~那一段简直天籁![流泪],1,NathanNi98,356414454
405,2018,1,5,入坑曲,1,NathanNi98,356414454
406,2018,1,5,竟然才刚听过[汗],0,甜齁齁,491342026
407,2018,1,5,竟然没有999 姿迷干嘛去了[撇嘴],1,StefanisSun,452383128
408,2018,1,5,😚,0,跳舞的反骨,33249451
409,2018,1,5,据说是挑了三首1987年的歌？为什么正好选到1987,0,张小雨在看风景,73552455
410,2018,1,4,终于可以听这张EP了 好开森,1,Mzrxyz,54991067
411,2018,1,4,因为是1987年创作的  燕姿后来翻唱,0,在-也不会见,263534933
412,2018,1,4,我会好好努力  给你们最好的生活❤️,0,其实是很丧很丧的一天,103250118
413,2018,1,3,是不是刚刚限免啊 评论这么少不科学,0,蒋闻斌,355158098
414,2018,1,2,1987年，孙燕姿九岁。好想穿越送你一颗🍭，给你唱《彩虹金刚》。🍀🐎🌻🎨,2,elisadagama,560780961
415,2018,1,1,温柔。,1,张小雨在看风景,73552455
416,2018,1,1,我的999+是迷路了？,2,我才是强强强,55800971
417,2018,1,1,感动，想哭,0,反舌无声-,267391030
418,2018,1,1,为什么这首歌是1987？,0,张小雨在看风景,73552455
419,2017,12,31,我家可爱李易峰19870504,0,VBLA836,1300667932
420,2017,12,31,听哭了。,1,Gabrielos,36378858
421,2017,12,31,999+快来,2,我才是强强强,55800971
422,2017,12,29,很棒,0,念海等风,436206306
423,2017,12,27,[爱心],0,风海流0629,121540251
424,2017,12,27,1987的我,1,乖乖兔,174056
425,2017,12,27,[可爱],1,Kepler-3,378301025
426,2017,12,26,你现在的气质里，藏着你走过的路，读过的书和爱过的人。 ​​​,2,云村二傻,353464478
427,2017,12,26,[亲亲][亲亲],0,Yesenia_ss,120981339
428,2017,12,26,我爱我姿[爱心],0,lm_stef,258724583
429,2017,12,26,其实你不该教给我太多黑白，让我不会对这灰色无奈...,3,海盗7号z,381001273
430,2017,12,26,听了,0,帐号注销了不用了,280036912
431,2017,12,25,可以听了,1,戈德里克山谷_,120801422
432,2017,12,25,到现在，都没学会，标准的微笑。,1,西红柿炒鸡蛋就是番茄炒蛋,246333358
433,2017,12,25,@木十喵 ,0,Galaaha,254463056
434,2017,12,24,[可爱],1,Kepler-3,378301025
435,2017,12,24,满满的感动,0,Elite-boyu,475106307
436,2017,12,24,一如既往，喜欢燕姿🍉,0,夜猫子与歌,365273278
437,2017,12,23,每次吵嘴后我都下定决心，长大以后我要带着猫再也不回头，可是长那么大了，我一直窝在爸妈的身边。不曾远离。[爱心],2,柿野,347022402
438,2017,12,23,居然感覺像是一首新歌！ 滿滿感動！,4,Tobeagentleman006,385404632
439,2017,12,22,晚安,0,乔囡儿,476570038
440,2017,12,22,总以为满地的芦花不再绽放，总以为漂泊的白云找不到家，那澄澈的婴孩的瞳孔里，装不下太多的世界。那散发着麦香和乳香的童谣已随风逝去，惟有清浅的童年清浅地映在湖面上，清浅地照射出我初放时安详的模样。,2,且听风怎么说,332841188
441,2017,12,22,其实你不该教我太多黑白，让我长大后不会对着灰色无奈,1,袅袅自生光,364246821
442,2017,12,21,姿[爱心],1,克兰河r,552458264
443,2017,12,21,爱,0,我是丑王,127718208
444,2017,12,20,好听哭,0,皇帝宠姿,263527508
445,2017,12,20,能听了,0,青春印記依舊在夢裏遊蕩,317908070
446,2017,12,19,[爱心],0,yourtinyairport,482087170
447,2017,12,19,居然推给我，哈哈,0,梵寺,86323898
448,2017,12,19,很好听,0,yourtinyairport,482087170
449,2017,12,19,这张专辑竟然在网易云里能听了，天啦噜[流泪],2,住在天堂的ronan,264082220
450,2017,12,19,孩子晚安,0,神经七八M,321636583
451,2017,12,18,2001年，在邻居哥哥的影响下，最先开始接触音乐。那时候还是用的卡带机，最早的几本磁带中就有一本孙燕姿的，天黑黑、橄榄树，绿光，都是当时最爱听的歌，转眼十几年，歌声犹在，童年却早已远去。,2,水水水慕年华,330303683
452,2017,12,17,凑个评论～,0,五月天ashin,336994508
453,2017,12,17,晚安世界,0,孙燕姿的锁骨,17714009
454,2017,12,16,这张 ep最喜欢的歌,1,孙燕姿的锁骨,17714009
455,2017,12,16,永远的最爱,0,ironbear,34758716
456,2017,12,16,999都没有啊,0,2416681743,319992418
457,2017,12,15,安靜的聽我姿的聲音 很美好,0,_六壹,260643251
458,2017,12,15,让我快乐地画一幅自己的向往。,1,不会吃腻的饼干,60881014
459,2017,12,15,感动，好听！,1,文晏几道,48585091
460,2017,12,14,每次听她的歌总能在心里震撼着，因为真的唱到了心里。不管是歌词还是旋律，都让我很着迷[爱心][爱心][爱心],2,菅井su,316862887
461,2017,12,14,看在你们也是第一次当爸妈的份上，原谅你们啦,3,开开心心天下无敌,96239921
462,2017,12,14, 每个人都会第一次当爸爸妈妈,1,姨妈翔,79447191
463,2017,12,14,我又来了,0,H-S_Sun,296312220
464,2017,12,13,不说故事就是想求赞[憨笑],2,Operater,128078002
465,2017,12,13,喜欢你声音中的温暖，不再是一个失恋的人了,0,诚诚和康康,103048454
466,2017,12,13,我去！唯一续费iPhone music 的理由不见了！,1,supernova36,466841336
467,2017,12,13,好像回到了零几年那时候的流行歌的调调。。,2,丶王晓东丶,290582342
468,2017,12,13,愿所有的一切不负。,0,Oocusta,293980638
469,2017,12,13,87年的姿迷打卡,1,天涯木桩,318254408
470,2017,12,12,这么好听,0,难以破解,17766703
471,2017,12,12,听了人会觉得很暖,0,黑的不好啊,334467473
472,2017,12,12,助攻999助攻999助攻999,0,让时间证明喔,99132814
473,2017,12,12,助攻999助攻999,0,让时间证明喔,99132814
474,2017,12,12,助攻999,0,让时间证明喔,99132814
475,2017,12,12,[可爱][可爱][可爱]整张最喜欢的,1,王子面oO,249311860
476,2017,12,12,[爱心][爱心][爱心],0,_g_q,100310008
477,2017,12,12,这可是去年最爱的歌。,0,Halo_Stefanie,44758870
478,2017,12,12,居然还没过999+,0,H-S_Sun,296312220
479,2017,12,12,1987年的我,0,九月十八晴天空很美很懒很清新,517434068
480,2017,12,12,终于有这了QAQ,0,一根藤上七个爸,323602331
481,2017,12,12,听到这首歌真心感动！娓娓道来，恍如时光流转，爱就像无声的细雨，慢慢浸润整个身心。。。童年的无忧无虑，长大后的烦恼，太快了。。,0,发光如星_,325051190
482,2017,12,11,好听 要999+,0,行8随你,500491937
483,2017,12,11,1987出生的我，粉燕姿转眼已经有十六年了，时间过得真快。,2,东大一棵草,17587357
484,2017,12,11,+1,0,我才是Lili79,333907033
485,2017,12,11,喜欢,0,我是囍哥啊,111754065
486,2017,12,11,[爱心],0,Kivosa,288972178
487,2017,12,10,童年时所有东西都是别人给的，现在20多了，大学三年级，还是要让爸爸妈妈不断的给予。很愧疚。等我再长大，我们不用忙来忙去，你们给我时间，我给你们陪伴，我们一起快乐的长大,4,AustinLang,395274063
488,2017,12,10,九零后的我已经老了,0,噢呀角,484285271
489,2017,12,10,"特别的燕姿
特别的嗓音
特别的音乐",2,走过路过886,388092669
490,2017,12,10,好喜欢你,0,唯弗居i,310127765
491,2017,12,10,真希望时间可以慢,0,城西里,322075206
492,2017,12,10,网上说的80后是中老年了[大哭][大哭][大哭],2,小冀崽崽,455717392
493,2017,12,10,1987的孩子已是而立之年,2,fightingyouth,98083533
494,2017,12,10,💤💤💤,0,Rufi0,87729212
495,2017,12,10,没错又是我,0,H-S_Sun,296312220
496,2017,12,9,生命是件很长的事情，你不要着急,1,暮至明,94756999
497,2017,12,9,即使你是一颗微尘，你也有飞扬的时候,2,奶油凯奇,548585739
498,2017,12,9,好听,0,大流氓音乐,5773483
499,2017,12,9,[色],1,Kepler-3,378301025
500,2017,12,9,[圣诞],1,Kepler-3,378301025
501,2017,12,9,燕姿加油,0,苏打气泡儿水,405993427
502,2017,12,9,助攻啊啊啊,0,澄倫,494651013
503,2017,12,9,助攻,0,澄倫,494651013
504,2017,12,9,好开心  能听了,1,大脸冉冉,285984934
505,2017,12,9,[爱心]听到了初中时的燕姿，想到了10年前的自己,2,赤糸-,117566197
506,2017,12,9,她自己,2,遥远的肉,252846286
507,2017,12,8,啊啊啊啊啊啊啊啊啊啊啊啊啊啊啊可以听啦啊啊啊啊啊啊啊啊啊啊啊啊啊啊啊不行了激动⊙∀⊙！,3,啄啄Olwen,516488308
508,2017,12,8,其实一直觉得这首歌很安静 但很低沉。就不要教我争先了吧，让我从容一点,2,近藤_,132963895
509,2017,12,8,不正常啊，我以为早就999了,2,猫的缓慢步伐,88175950
510,2017,12,8,日推♥️,1,張_贰,42585757
511,2017,12,8,我又来了,1,H-S_Sun,296312220
512,2017,12,8,感觉燕姿又精进了（不只是音乐方面）。她一直都在向前走。不断感悟，不断前进。听得特别感动。,6,Juno宝噗,125335803
513,2017,12,8,歌词写的都是人生很重要很重要的人。,3,-Ariana_Grande-,585410257
514,2017,12,8,嗯咯，写歌的人叫梁文福,1,留十元,69943827
515,2017,12,8,太好听了,2,海洋过森林,325742808
516,2017,12,8,居然有版权了,1,king亮股子,408271550
517,2017,12,8,！！！居然能听了！！！,1,即使天无雨_,51463696
518,2017,12,8,童谣1996,3,孤独独孤咕噜毒,246240275
519,2017,12,8,1987的路过～,0,Du_zHonG,67972916
520,2017,12,8,不要教我争先 让我从容一点,3,YofaeChan,323081753
521,2017,12,8,哇哇终于能听了,0,空白的调侃呀,433019002
522,2017,12,8,太温柔,0,H-S_Sun,296312220
523,2017,12,8,喜欢,0,H-S_Sun,296312220
524,2017,12,8,太好听了,0,coolbananas,79594889
525,2017,12,8,私以为这首SLAY跳舞的梵谷全专,2,Asheezus,110070215
526,2017,12,8,是梁文宁,0,陈诺Noe,74165390
527,2017,12,8,哇，可以听了  ,0,伙计我压着你头发了吗,432703715
528,2017,12,8,这首歌还是梁文福的原版好听,0,留十元,69943827
529,2017,12,8,循环几百遍,0,H-S_Sun,296312220
530,2017,12,8,此ep最爱,0,H-S_Sun,296312220
531,2017,12,8,安静,0,另-张脸,56020714
532,2017,12,8,去年夏天第一次聽的時候就要哭了，曲子好聽就不說了，燕姿一直通過歌聲來告訴我們一些看似淺顯實則深刻又沒有太多人真的能夠去做到的道理[憨笑],1,水仙1989,264123359
533,2017,12,7,原来燕姿是当年唱过这首童谣的孩子之一，果然啥都要从娃娃抓起[大哭],3,sasikikun,324892968
534,2017,12,7,其实你不该教我太多黑白，让我长大后不会对着灰色无奈,0,不愿透露姓名的知情人,632967018
535,2017,12,7,不要教我争先 让我从容一点。 下晚自习回来听到这个真的要哭，不晓得为什么每年这个时候都会这么丧，但还是要努力对不对,4,我独南行Z,133815629
536,2017,12,7,[大笑],0,梵谷不在山城,341827825
537,2017,12,7,谢谢网易云,1,星期一的红糖渣,40321555
538,2017,12,7,"前几天在扇贝看到有个全职妈妈,说她孩子才7个月,然后她就在努力提高英语好教宝宝英语,每天跟宝宝说话一半英语一半中文.说实话,我挺无奈的,现在的父母都这样,生怕孩子比别人慢.可这就真的对孩子好吗?也许小孩很早就会说英语了妈妈很开心,可是孩子完全分不清自己说的哪句是英语哪句是中文时他开心吗",1,FlowerDance23,369487345
539,2017,12,7,为什么1987?,0,FlowerDance23,369487345
540,2017,12,7,让我长大后不会对着灰色无奈,0,Ray_Eats_World,58272664
541,2017,12,7,同87的🤝,2,王不对称,254940840
542,2017,12,7,终于可以听了,0,王不对称,254940840
543,2017,12,7,1987，我的1987，出生那一年,0,小甜甜甜甜,32688970
544,2017,12,7,   生容易，活容易，生活不容易。  渐渐的成长，渐渐的理解。。。。,1,____xjz,373463624
545,2017,12,7,估计几天可以到999+,0,S丶a丶m,420200720
546,2017,12,7,听一遍第二天不断在脑海回旋，只要是燕姿唱的我都爱,0,齐无所矩,292872492
547,2017,12,7,这正是我爱姿妈的原因之一，总能翻唱出属于自己的韵味，而不是拘泥于原唱[奸笑],1,帐号已注销,41626519
548,2017,12,7,16年的专辑，前几天网易云才弄到版权，不算新歌了,2,熊熊烈菠萝,52434555
549,2017,12,7,"燕姿 啥时候出的新歌呀

",0,sunyongbao,497344819
550,2017,12,7,[可爱]❤️,0,ALLENHAH,84465918
551,2017,12,7,[亲亲],0,Stefzizi,440964997
552,2017,12,7,好听哭了😱,0,Facvien,364941490
553,2017,12,7,我想当爸爸了，但我还是单身,2,安博尔26237,401968990
554,2017,12,7,童心永在,0,新买的包包敲好看,343776638
555,2017,12,7,最爱燕姿[亲亲],0,既明既暗,336021474
556,2017,12,7,其实你不该教我太多黑白，让我长大后不再对着灰色无奈。生日这天，这首歌可以在网易云上听了。,1,chrisni,104929662
557,2017,12,7,[晕],0,醉卧沙场赏明月,60421215
558,2017,12,7,孩童只盼望欢乐，大人只知道寄望，为何都不大懂得努力体恤对方。,1,苦妓,111018992
559,2017,12,7,满满的幸福感觉,0,大大怪将军bui,56138342
560,2017,12,7,来报道,0,H-S_Sun,296312220
561,2017,12,7,感觉歌词有些还是有点深意的,1,迷人阿维,119914105
562,2017,12,7,好梦,0,王子面oO,249311860
563,2017,12,7,晚安,0,王子面oO,249311860
564,2017,12,7,Slow is better,0,wxpeihao,354280801
565,2017,12,6,那就坦然点，珍惜现在，尽量少去想逝去的时光，这样就好受点啦，祝你晚安🌙,0,帐号已注销,108458152
566,2017,12,6,1987的我现在是大叔了吗？[圣诞],1,小九九o,282683393
567,2017,12,6,1987-1996,0,senescence,267889376
568,2017,12,6,第一次听,0,得布西森林,95937066
569,2017,12,6,其实你不该教会我太多黑白，让我长大后不会对着灰色无奈。被戳中！[痛苦],1,飞鱼啦啦啦,40490228
570,2017,12,6,也许给我一点点空间，你会发现我在冒芽，慢慢成长。,0,Empty3君,131176303
571,2017,12,6,[爱心],0,RazIiubit,104327461
572,2017,12,6,可时间却总是匆匆溜走，我怎么也抓不住,0,颓系列Mr丶C,256916348
573,2017,12,6,真的改得很好 歌词又不过时 尤其适合我们现在这样要长大不长大的大人听,2,訾央伪装小漠漠,247480354
574,2017,12,6,"知道你们为我好，我可以自己慢慢成长
你们的经验之谈，我可以自己摸索感悟",3,浮生若蝶梦,300856998
575,2017,12,6,1987[爱心],0,萌萌小丹,51554378
576,2017,12,6,版权么 加油,0,吴洺WM,62974898
577,2017,12,6,么么么,0,你看我在听你的样子,312372348
578,2017,12,6,燕姿我的偶像,0,9点人,124168580
579,2017,12,6,我爱孙燕姿,0,9点人,124168580
580,2017,12,6,我喜欢这首歌,0,9点人,124168580
581,2017,12,6,大爱，网易云继续努力，把版权抢回来,1,听音乐听你的心,113419433
582,2017,12,6,好听！,1,陈诺Noe,74165390
583,2017,12,6,我来了！,0,Hurstocean,300502810
584,2017,12,6,这歌跟原曲差好多,0,EIE-宏,123663295
585,2017,12,6,999前？！,0,富贵的兔爸爸,298919878
586,2017,12,6,[惊恐],0,比特A特,69547462
587,2017,12,6,网易云终于上了[流泪],1,芋圆小天使-,313500992
588,2017,12,6,啦啦啦啦啦~ 啦的真好听,0,渐冷情怀,291130218
589,2017,12,6,[惊恐]第一次听 我不是合格的姿迷,0,花椒吖好麻,9592890
590,2017,12,6,好听，我也是87年的,0,怪肉肉,276072616
591,2017,12,6,"其实你不该教会我太多黑白
让我长大后不会对着灰色无奈
现实",1,Zoe沂_Bogummy,52599907
592,2017,12,6,因为1987年 我来到这个世界,2,男何,264314511
593,2017,12,6,燕姿,0,爱姿病杨阿姨,355489455
594,2017,12,6,午安,0,乔囡儿,476570038
595,2017,12,6,还好，心里还有一块柔软的地方[爱心],0,_____Cheryl,121156422
596,2017,12,6,我1987,0,念舊的峰,49351360
597,2017,12,6,整张EP最爱童谣1987  致我们已经逝去的童年[爱心],1,Ariana不来中国巡演不改名,255714064
598,2017,12,6,等你,0,可爱的可爱的可爱多,372712735
599,2017,12,6,终于等到你[可爱],1,曾经的你blade,319148653
600,2017,12,6,这么好听的歌，怎么没人呢。。,0,欧亨利Load,330958220
601,2017,12,6,我想就算我被人欺负了。我也不会让爸爸妈妈知道  不想让他们难受。不想给他们添琐碎的麻烦 他们都那么辛苦了。,2,IBettyJo,389192392
602,2017,12,6,亲爱的爸爸妈妈，我还不想长大，慢一点老去好吗？,3,芥香咸蛋黄小龙虾,122321366
603,2017,12,6,不要教我争先 让我从容一些,1,1sylvain,373070827
604,2017,12,6,"其实你不该教会我太多黑白
让我长大后不会对着灰色无奈
燕姿也说，这个世界不该只有黑白。",0,iLAN洋洋,105106681
605,2017,12,6,好听,0,用户86790892,86790892
606,2017,12,6,孩子才是这个世界的中心,1,岛屿和月亮,67852528
607,2017,12,6,爱你💗燕姿,0,马丁9259,263155604
608,2017,12,6,在父母面前，我们永远是个孩子。,1,就喜欢女声尤其是欧美女声怎的,338563682
609,2017,12,6,"其实你不该教会我太多黑白
让我长大后不会对着灰色无奈",0,十二太婆,336877095
610,2017,12,6,❤❤我还不习惯不是个小孩子啦,0,Lee-Suka,325289370
611,2017,12,6,听到了许多，“不要争先，让我从容一点”，“让我喜欢自己，再接受文明的训练”，这是一个争先恐后的时代，升学的压力，名校的橄榄枝，就业的残酷已经让家长越来越紧迫，成堆的作业，漫天的补习班，每家每户恶性竞争，苦了孩子。姿妈借孩子之口，安静又坚定地呵护孩童目中那份彩色的天真浪漫，很温暖。,3,玉与羽,255847304
612,2017,12,6,真的好想回到过去 谁有时光机器 [口罩],0,长记曾陪燕游,354360962
613,2017,12,6,这首歌我相信会火起来的！,1,哈哈哈哈哈嘿嘿嘿嘿嘿hei,311685958
614,2017,12,6,有燕姿真好！你要一直唱下去哦[爱心][爱心],0,灵珠爸爸,284771354
615,2017,12,6,焦虑中听到这个真好,2,三毛别浪,297192583
616,2017,12,6,999之前,1,业余音乐人肖遥,517224182
617,2017,12,6,小时候想快快长大，长大后才发现，原来年少的时候才是最无忧的时光，那些小时候的童谣现如今都已变了味，掺杂着各种情绪波动，糖果不只是都是甜的。,0,阿萦_,378029557
618,2017,12,6,[爱心][爱心][爱心],0,成小姿S,84991554
619,2017,12,6,1987发生了什么？,0,说什么再说,269607738
620,2017,12,6,成长也许是去坚持你觉得正确的事，时间见证着你我光荣的执拗[大哭],1,帐号已注销,41626519
621,2017,12,6,听了这么久还是很好听啊,0,going_up_stef,372536854
622,2017,12,6,终于有版权了，超爱这个EP[吐舌],0,邊境SHAWN,9665067
623,2017,12,6,开头前奏以为是春泥[大哭],1,羊咩咩爱猫喵喵,97118099
624,2017,12,6,我这辈子一定要去次新加坡，看看燕姿的家乡。,0,尚能苟且,382042151
625,2017,12,6,又是新歌？,0,羊小懒,45237899
626,2017,12,6, 真想时间慢慢走,0,MyBackisTurnedOnYou,60278770
627,2017,12,6,[憨笑][憨笑],1,TECHNO-,19509994
628,2017,12,6,好多年 好多年 过去了 那个声音却还是那个声音 ,3,張瑋文_文文文,408430027
629,2017,12,6,迟早要学，隔壁执着,0,爱在倾城,530105434
630,2017,12,6,18年零2个半小时之前，我最爱的人来到了这个世界。生日快乐！！！❤❤❤❤🎂🎂🎂🎂XXF    我爱你,0,宁大太子,469812716
631,2017,12,6,成长,1,另-张脸,56020714
632,2017,12,6,[色][色][色],1,_向日葵4,100012335
633,2017,12,6,[惊恐][惊恐],1,可阳快飞,115746724
634,2017,12,6,现在的孩子童年的快乐时光越来越少，因为世界总逼着大家快速成长。,3,Datol_,443463998
635,2017,12,6,好喜欢我燕姿,1,吃鱼的废猫,298120174
636,2017,12,6,好听,0,大流氓音乐,5773483
637,2017,12,6,我要的幸福,0,9点人,124168580
638,2017,12,6,来到这个世界21年零一天了，爸爸说很开心，认识我21年了。,1,BBLBLUBLUE,251507376
639,2017,12,6,舒服,0,llliilllliii,418126431
640,2017,12,6,1987年12月9日，我来到这个世界上…啦啦啦啦啦啦啦,0,Anonimo_嘟嘟都,64224305
641,2017,12,6,姿妈妈！ 我忍不住叫出声,0,鱼一滴点儿,80627121
642,2017,12,6,每次听燕姿的歌都好惊喜,1,莎莎莎Shaaaa,537155937
643,2017,12,6,开心,0,一声一呀,289442875
644,2017,12,6,我没有1987只有2017,1,宇宙里没有新鲜事,134255439
645,2017,12,6,新的一天，噜啦啦,0,为何不放既是过往,405181270
646,2017,12,5,么么哒,0,王子面oO,249311860
647,2017,12,5,燕姿,0,王子面oO,249311860
648,2017,12,5,晚安,0,王子面oO,249311860
649,2017,12,5,成长真的是一件既让人期待又害怕的事情，前人的经验都不及自己的亲身经历。在摸爬滚打的过程中才发现特么其实前辈们说过的话都是真理！,0,耳语心事,317769161
650,2017,12,5,难过,0,时值雨声纷纷,36575349
651,2017,12,5,晚安啦,1,无孤者_,411605539
652,2017,12,5,终于有了！！！  听着燕姿的啦啦感觉整个人心情都好了！,3,PROFESS-,344816973
653,2017,12,5,哇解封！,0,诶又又,124001844
654,2017,12,5,其实你不该教我太多黑白  让我长大后不会对着灰色无奈,1,龙背墙jz,476722310
655,2017,12,5,诶？没听过诶,0,--六月--,341128399
656,2017,12,5,总感觉1987是20年前，时间都去哪了。[撇嘴],3,SilverSilverLining,64602512
657,2017,12,5,太干净了,0,Mister_XUAN,75566144
658,2017,12,5,1987的童谣 2017来听                                                        缘,2,寒冷的清晨,307648483
659,2017,12,5,1987的童谣 2017来听                                       缘,0,寒冷的清晨,307648483
660,2017,12,5,shall we talk 爸爸妈妈我们来谈一谈！,1,任你拥有,248546294
661,2017,12,5,温馨,0,床上的爱丽丝,75743853
662,2017,12,5,这首歌真的很温暖,2,Pr0phet,56040918
663,2017,12,5,"初冬的夜色妖娆
旋律轻响
每一个音符都是永不褪色的你
——路文音",1,尾戒-只是须臾,272996308
664,2017,12,5,像候鸟飞去,1,暮至明,94756999
665,2017,12,5,终于可以听了,0,燕杰明希,255815653
666,2017,12,5,为了这ep还充了am会员,2,qXz7x,45689724
667,2017,12,5,哀伤但不矫情，清新却不超脱，灿烂而不放肆，温暖又不做作。感谢那些年她唱出了我们的心声，感谢在每一个迷茫的时刻有她的歌声陪伴,1,青红造了个鱼尾白,125094978
668,2017,12,5,原版真的很有时代感。孙燕姿把这首歌改编的很不错,1,橘咲_,52079797
669,2017,12,5,为我峰1987年的打卡😌,0,打烊辽,433152955
670,2017,12,5,sweet lullaby[钟情],0,帐号已注销,35971197
671,2017,12,5,想起去年大半夜等着这张ep的诞生，那晚上超级兴奋，听了很久，一年了，时间过得真的很快。,2,皇帝宠姿,263527508
672,2017,12,5,打卡,0,irinaa,51223067
673,2017,12,5,马 相亲,0,small钟钟,110672845
674,2017,12,5,超喜欢,2,9点人,124168580
675,2017,12,5,[爱心],0,Hardworkok,267251848
676,2017,12,5,⠀⠀⠀⠀⠀⠀⠀⠀⠀⠀⠀⠀⠀⠀♥️,1,CAOCUTE_,1988509
677,2017,12,5,唔啊,0,波底月,129052582
678,2017,12,5,就服你[大哭],1,Iris乀,437967624
679,2017,12,5,愿所有你爱的人都能够被世界温柔以待,2,珊瑚海____,436492322
680,2017,12,5,孙燕姿我爱你,1,PLA___,45675466
681,2017,12,5,1987年的都来报道吧 不求你们点赞[大哭],7,李小双paullee,78106575
682,2017,12,5,打卡,0,wesine,479722631
683,2017,12,5,你讨厌别人，你以为被人不讨厌你吗，退一步吧,1,为何不放既是过往,405181270
684,2017,12,5,就是 喜 欢 燕 姿 ！,0,959怡,262591717
685,2017,12,5,前排支持!,0,_illuminate__,136457666
686,2017,12,5,❤,0,秋茶_,266472490
687,2017,12,5,之前在苹果音乐听过  当时就觉得好好听[可爱][憨笑]  好久没听到我都忘了旋律 但是不管怎样姿妈最棒,1,吴淑芳和陈礼强共用账号,44401223
688,2017,12,5,愉快的支持😁,0,蔡利刚,124301531
689,2017,12,5,完全站在孩子的角度考虑,1,小王爷克卜勒,263888906
690,2017,12,5,复古的感觉,0,小王爷克卜勒,263888906
691,2017,12,5,❤️,0,小璐小璐深藏blue,252603343
692,2017,12,5,怎么会想哭,1,姑苏客st,79800447
693,2017,12,5,每个人在成长途中都在逐渐历练成小金刚,1,木无依可寻,447683636
694,2017,12,5,最好的孙燕姿,0,不羡明月照得丹心与秋月,304568091
695,2017,12,5,重新听这张ep超爱的,0,东磕,391477977
696,2017,12,5,喜欢,0,十一月三十日_,341601119
697,2017,12,5,听完想结婚生个女儿[可爱],0,燕姿啥时候开演唱会,395002840
698,2017,12,5,太好的一首歌了,0,喵喵猫人,90870993
699,2017,12,5,[爱心],0,一同_,77242408
700,2017,12,5,能帮我顶上去吗，我想让那个女孩看到我,4,要唱歌的哑巴,341595379
701,2017,12,5,哇！一直找不到这首的资源 终于出了55555 ,0,三行柳,80269724
702,2017,12,5,你陪我长大，我陪你变老[爱心],1,白术k,314242359
703,2017,12,5,赵金磊已经听过这首歌,1,赵金磊已经听过这首歌,66058975
704,2017,12,5,好听,0,伊扬林肯,84766649
705,2017,12,5,remember    me……,1,遐迩与茧缚,359748206
706,2017,12,5,认真做音乐的人，声音🈶️独特的魅力,3,彩虹金刚1705,479219153
707,2017,12,5,崩溃好听,0,彩虹金刚1705,479219153
708,2017,12,5,[惊恐][亲亲],0,彩虹金刚1705,479219153
709,2017,12,5,哈哈哈！我也是,0,彩虹金刚1705,479219153
710,2017,12,5,妈呀！这歌放出来了！好听哭,0,彩虹金刚1705,479219153
711,2017,12,5,永远的女神,0,Zegler,131276295
712,2017,12,5,终于终于等到版权，燕姿最棒[亲亲][亲亲],0,Zegler,131276295
713,2017,12,5,没有童年的我们真的很难受,1,举勒举哥咯喂,57053134
714,2017,12,5,爱燕姿[亲亲],0,StarrySkyyyyy,118073195
715,2017,12,5,昨天在食堂吃饭，听到旁边两个女生在聊天。“我想买这件衣服送给他，你看看”。“这挺好看的啊，你送”。“我就是怕他在他学校穿了太帅了，我又不想送了。”,1,听兔子们口耳相传的故事,270620525
716,2017,12,5,我愿意用生命来保护你💕,0,Johnny-___,32357509
717,2017,12,5,Yhe~,0,Borbai,134531449
718,2017,12,5,好听,0,我的爱1011,623429998
719,2017,12,5,“其实你不该教会我太多黑白”这一句真是勾心,2,瓒瓒,282460
720,2017,12,5,妈妈在很小的时候就去了另一个世界，爸爸一个人把我拉扯大，总是把最好的给我，也总是喜欢唠叨我，曾经青春期的我不懂事讨厌爸爸的唠叨，老爱和爸爸吵架，如今一个人在异乡，没有了爸爸的唠叨，总感觉少了些什么，男孩子，有些话没法和爸爸说出口，其实，我真的很想想说一句，爸爸，我爱你[爱心],4,小燕姿呀哈,111565499
721,2017,12,5,每个人心中都有属于自己的童谣[爱心][爱心],1,猫咪不会水,44628304
722,2017,12,5,其实你不该教会我太多黑白，让我长大后不会对着灰色无奈。。,3,RitaWei1998,555135563
723,2017,12,5,一直被催促着成长被催促着变的理性成熟，“让我长大后不会对着灰色无奈”...悠扬的曲调配上这样的歌词，不知道为什么对于自己更多的是心酸😣,2,汤圆zzzzz,124447660
724,2017,12,5,我爱孙燕姿，我爱网易云。,0,你以为你以为的就是你以为De么,56006444
725,2017,12,5,😔,0,籽蟾渊,95481904
726,2017,12,5,小时候，快乐很简单，长大后，简单很快乐,3,去吧_前去吧,48627671
727,2017,12,5,难得让我的心整个安静，这首歌小心心了,0,陈逸锐打开了小夜灯,103470582
728,2017,12,5,跌跌撞撞,1,宋三金呀,127933552
729,2017,12,5,孩子你慢慢来 我们等你长大 我们也曾是孩子[憨笑],1,晏如素心,51794609
730,2017,12,5,内心温柔的大老爷们,0,___________Monica,295907496
731,2017,12,5,听这首歌的时候可以变得很安静,0,回嗯哒会萌萌哒,61943364
732,2017,12,5,[爱心][爱心],0,Caqing,391365856
733,2017,12,5,唉,0,青藤很凉,278815395
734,2017,12,5,长大原来有这么多的事必须经历…,1,aaaaa阿白,134364319
735,2017,12,5,!!!!![星星],0,五谷小姐,353458328
736,2017,12,5,1987年，原来我们有9年的代沟。,2,NicoL7,72285530
737,2017,12,5,知道安卓用apple music有多不容易嘛,0,揽我入怀中,265993770
738,2017,12,5,终于可以听了！！,0,揽我入怀中,265993770
739,2017,12,5,55555🤱🏻🤰🏻👼🏻,0,xianyvke,70414890
740,2017,12,5,童谣1996,1,孤独独孤咕噜毒,246240275
741,2017,12,5,我一个大老爷们居然差点听哭了,0,朴小柝,128075532
742,2017,12,5,让我长大后不会对灰色无奈,1,兔子先生Amor,284720462
743,2017,12,5,不要教我争先，让我从容一点,1,做梦梦梦梦梦梦,255312596
744,2017,12,5,打卡打卡！！！,0,土圭圭垚垚垚,35974784
745,2017,12,5,前500,0,小七小七嘻嘻嘻,446077395
746,2017,12,5,我爱你[亲亲],1,西衿木啊,256854937
747,2017,12,5,前排 前500💕,0,Flyness-,373572073
748,2017,12,5,想爸爸了，虽然我每次给他发微信他都不回我[大笑],2,詹子曰,393197663
749,2017,12,5,❤,0,Muma以梦为马,30329816
750,2017,12,5,在这张质量极高的一张专辑里，最好的一首歌。后半段的哼唱简直净化心灵。,2,果丶冻丶,122059484
751,2017,12,5,[憨笑]大爱。,0,庄与蝴蝶,250350810
752,2017,12,5,回到了小时候，美好。谢谢燕姿[可爱][可爱][憨笑],0,树下阳光,2164612
753,2017,12,5,出了,0,丐丐龙,61471970
754,2017,12,5,除了一年半了，网易云刚拿到版权,0,丐丐龙,61471970
755,2017,12,5,伴着这首童谣，我进入梦乡……,0,Darcy公式,96234233
756,2017,12,5,我可没什么故事就是个听歌的人,2,桃隶,504919982
757,2017,12,5,[爱心],0,GrandmaLion,56455831
758,2017,12,5,“有些鸟是关不住的，因为它每一片羽毛都闪耀着自由的光辉。 ”,1,下饭的小仙女,418970755
759,2017,12,5,最爱这一首。燕姿新专辑宣传采访时也经常说：世界不是非黑地带，更多的是中间地带的灰。我想这已经成了燕姿的育儿心经了吧。,1,丐丐龙,61471970
760,2017,12,5,哎呀，被你发现了,1,烬忆-,631991468
761,2017,12,5,[大笑],0,水军1234,623383239
762,2017,12,5,彩虹金刚终于有续集了？？？？,0,李特曼斯德,96934587
763,2017,12,5,什么是孤独，孤独就是收到陌生人一个赞都可以开心好久,4,烬忆-,631991468
764,2017,12,5,燕姿心态超赞，唱歌不需要被太多人喜欢，真正听懂的才是真爱，表达出自己想要的状态，又带给歌迷无限的惊喜，这个爱豆我要粉一百年:）,3,_吴子诚,275017518
765,2017,12,5,❤️,1,水果少女,40415912
766,2017,12,5,燕姿,1,九臭臭,42958511
767,2017,12,5,这歌不火我穿女仆装，我是汉子[奸笑],3,烬忆-,631991468
768,2017,12,5,真的等了好久，终于能听了，哈哈哈哈哈哈哈，好开心～,0,大丽丽丽丽花,495602800
769,2017,12,5,87年，30岁，听到最爱的你这样唱，好温暖～,1,大丽丽丽丽花,495602800
770,2017,12,5,居然可以听了！,0,WhiskeyCookie,131582555
771,2017,12,5,好听,0,__Eksan__,104291035
772,2017,12,5,新歌吗？,0,我的爱1011,623429998
773,2017,12,5,纪念一下💛💚❤️,0,可乐加辣i,325477471
774,2017,12,5,我老婆87的呀～,0,口口丶口口,1296789953
775,2017,12,5,时间过得很快，快到我记不到爸爸的脸，快到妈妈的白发都数不清，快到老师都隐藏,1,素荏稔,537919308
776,2017,12,5,要融化了～,0,没救系列,296613365
777,2017,12,5,来啦来啦 [色]表白我姿,0,GOREEEE,97763624
778,2017,12,5,[爱心][爱心][爱心],0,yoyo原,118579126
779,2017,12,5,you are mine,1,DaKuangZi,130354736
780,2017,12,5,亲爱的孙燕姿,0,如果_有_一天,292889559
781,2017,12,5,谁说长大不是个好事呢❤,0,不受出云之神眷顾的普通人,289257326
782,2017,12,5,我来了我走了,0,第一次吃屎,313504587
783,2017,12,5,"1997的姑娘
听1987的童谣
在2017的转角
想2007的时光",61,Lainey_cl,447324857
784,2017,12,5,终于能听了，一如从前的温暖,1,summer叶子4,105912443
785,2017,12,5,生命是件很长的事情，你不要着急,1,暮至明,94756999
786,2017,12,5,本来午睡结束要起床了， 听到这首歌又想瘫在被窝里想故事,2,布翎-,382080857
787,2017,12,5,从天黑黑到童谣1987，孙燕姿感谢你没有忘记做你自己😘,2,梵谷不跳舞,132774418
788,2017,12,5,终于有版权了,1,腋毛仙子,19671983
789,2017,12,5,这张EP有start那张的感觉！,0,Demogorgons,423978247
790,2017,12,5,[钟情][钟情][钟情],0,_BONEL,335999073
791,2017,12,5,看得到我吗,0,秋茶_,266472490
792,2017,12,5,你好,0,达尔西卡门,6943047
793,2017,12,5,❤,0,秋茶_,266472490
794,2017,12,5,从你从穿背心唱着绿光，到你成为纳小子的麻麻，15年了，我一直在唱你的歌，一直唱到老,0,丁草莓,124322193
795,2017,12,5,评论里都是真爱啊[亲亲],1,和不知道先生,361535132
796,2017,12,5,是你自己想换手机了吧🤔,0,漫步的渴,11985761
797,2017,12,5,我姿❤️,0,你姿我姿,466537747
798,2017,12,5,竟然解锁了！,0,xf帆,91895203
799,2017,12,5,哲理姿,0,喜欢喜欢花的少年,97093653
800,2017,12,5,这首歌我唱了好多遍 真的好爱,1,121个逸儿,129095979
801,2017,12,5,终于能听了。。。,0,别再奋力逞强,122065677
802,2017,12,5,趁没到999+留一波言～,0,一个养了狗又养了猫儿的人,351905901
803,2017,12,5,[爱心],0,十加__,71762653
804,2017,12,5,没人,0,帐号已注销,357618723
805,2017,12,5,哇哦,0,帐号已注销,357618723
806,2017,12,5,没人听哦？,0,欧亨利Load,330958220
807,2017,12,5,哈哈哈哈，你想打死谁？[幽灵],0,Maxwell-yao,76345447
808,2017,12,5,喜欢的燕姿变成姿妈 愿我会像你一样幸福,0,王心疼,110578496
809,2017,12,5,haoting ,0,宝宝宝宝宝宝宝宝哦,287693470
810,2017,12,5,童真,0,我想改名叫杨过XXD,61439295
811,2017,12,5,给力,0,Goodenough古迪纳夫,351012265
812,2017,12,5,“不要教我争先 让我从容一点” [爱心][爱心][爱心],1,我系豆腐花,420187654
813,2017,12,5,燕姿自己啊 有意见吗？,2,说放弃要放哪里,9683208
814,2017,12,5,又是个999以内！,0,fire-new,110102800
815,2017,12,5,这声音，这旋律，感觉简直沐浴在圣光之中，,0,抬头望到北斗星,9829701
816,2017,12,5,燕姿再出一张自选集吧[流泪][流泪][流泪][流泪],0,隐藏的失落,410988
817,2017,12,5,满满都是青涩的味道，把这首歌送给童年的自己，你还好吗？,0,用户277381598,277381598
818,2017,12,5,姿持姿持[爱心],1,徐丨若木,246749232
819,2017,12,5,终于有了！！！！！！！！！！！开心！！！！！！！！！,2,邓布利多肉莓莓,269276425
820,2017,12,5,每次听燕姿出的新歌，每次都感觉自己在慢慢的成长,1,XX-Corleone,339754425
821,2017,12,5,"其实你不该教我太多黑白
让我长大后不会对着灰色无奈",1,说放弃要放哪里,9683208
822,2017,12,5,哇哇哇,1,帐号已注销,47771448
823,2017,12,5,不要教我争先，让我从容一点,1,喃诱,69548267
824,2017,12,5,长得大的是时间，长不大的是你自己,1,Sao爷骑马客京华,119645725
825,2017,12,5,17.12.5  391条评论,3,你像个杀手,580119743
826,2017,12,5,安眠曲[憨笑],1,另-张脸,56020714
827,2017,12,5,一步步长大,0,say_hello23,125111317
828,2017,12,5,热评[可爱],1,龍阿_z,415751446
829,2017,12,5,哈哈,0,先贤显现,52651198
830,2017,12,5,不要教我争先，让我从容一点[星星],0,西上北下,103176683
831,2017,12,5,安卓也可以装Apple Music哦,2,漫步的渴,11985761
832,2017,12,5,"其实你不该教会我太多黑白
让我长大后不会对着灰色无奈",3,傅昂昂,62886000
833,2017,12,5,封面是谁做的，出来[怒]保证不打死你！@网易云音乐 ,1,是隔壁老赵呀,354945887
834,2017,12,5,下载要单曲购买,1,Hi天铖,73794505
835,2017,12,5,下载的话要单曲购买,0,Hi天铖,73794505
836,2017,12,5,有燕姿陪伴的童年，也是幸福的❤️,0,情绪大师李师傅,1468595
837,2017,12,5,听这首歌整个人都宁静下来了,0,黑的不好啊,334467473
838,2017,12,5,哇哇哇,0,是螺纹呀,59982102
839,2017,12,5,[亲亲],0,今夏仅有,47743433
840,2017,12,5,你好,0,最美的平凡0304,266844624
841,2017,12,5,💗,0,Lololololita,263200227
842,2017,12,5,跟原版是两首不同的歌～哈哈哈,0,Ro1030,90652954
843,2017,12,5,刷刷刷,0,Ro1030,90652954
844,2017,12,5,233这个免费听的。新专辑跳舞的梵谷才是付费的,0,另-张脸,56020714
845,2017,12,5, 我就是1987年的[强][强][强]弟弟妹妹们把我顶上去啊！,5,是隔壁老赵呀,354945887
846,2017,12,5,终于等到云村上架~,0,八宝蔡菜菜,376055697
847,2017,12,5,买新专辑吧！,0,Islandofcyril,48634536
848,2017,12,5,留名,0,RonaldinhoR10,54510256
849,2017,12,5,我就是1987年的，哈哈哈哈,0,我的爱1011,623429998
850,2017,12,5,厉害了[开心],0,Iceforest,98604169
851,2017,12,5,同城好,0,我的爱1011,623429998
852,2017,12,5,不用买呀，要买买新专辑,0,我的爱1011,623429998
853,2017,12,5,不好意思太好听了,0,一只小爷爷,332937582
854,2017,12,5,哇居然上架了,0,最美的平凡0304,266844624
855,2017,12,5,期待了好久,0,小星星1212121,623805900
856,2017,12,5,好赞，为人父母，再听燕姿唱这首歌，感同身受，感觉在一起成长[亲],1,酷拉B咔,1068241
857,2017,12,5,诶嘿,0,YourEn_L,352981787
858,2017,12,5,期待了好久,0,显灯,106402290
859,2017,12,5, 好听呀~[爱心],0,allen_lijinchuan,125553642
860,2017,12,5,终于放出来了，先买为敬,0,Hi天铖,73794505
861,2017,12,5,么么哒[亲亲][亲亲],0,BarcelonaLionelMessi,45640134
862,2017,12,5,啊啊啊啊啊啊啊兴奋,0,程朗大叔,352916983
863,2017,12,5,我的天哪 这张砖放出来了,0,浅笑淡夏,86242275
864,2017,12,5,[爱心],0,ronanevanze,44556403
865,2017,12,5,就是这种温馨的童谣。而不是世上只有妈妈好，没妈的孩子像棵草，歌词简直太可怕了。很难想象这种歌词会给真的没有妈妈的孩子（比如死于难产的母亲）造成多大的心理伤害。如果老师在课堂上教这首歌曲，台下正坐着一个单亲家庭的孩子。,0,礼钧卫jovi,292740067
866,2017,12,5,感动❤️,0,匹诺曹不知道,334648025
867,2017,12,5,ho-wu-wu-ho-o-hm,0,H-S_Sun,296312220
868,2017,12,5,不知道用什么词来形容你的好，就是喜欢你加油[强],0,克卜勒-9,440129990
869,2017,12,5,给我空间,0,一个任性的我一个离开的你,257394496
870,2017,12,5,啦啦啦(✪▽✪),0,一个任性的我一个离开的你,257394496
871,2017,12,5,让我快乐的画一副自己的向往,0,一个任性的我一个离开的你,257394496
872,2017,12,5,太爱了,0,H-S_Sun,296312220
873,2017,12,5,亲爱的世界，给我一个黑板,0,一个任性的我一个离开的你,257394496
874,2017,12,5,老师：都答应你，谁让你是迷人的小妖精呢~,1,啊啊啊介,74633365
875,2017,12,5,让我长大后不会对着灰色无奈,0,一个任性的我一个离开的你,257394496
876,2017,12,5,来助攻了[可爱],0,Dandelioner,87125845
877,2017,12,5,其实你不该教会我太多的黑白,0,一个任性的我一个离开的你,257394496
878,2017,12,5,不要教我争先，让我从容一点,0,一个任性的我一个离开的你,257394496
879,2017,12,5,最近在好多歌里听到1987[星星],0,山眼hilleye,424464064
880,2017,12,5,你别闷着，我会一直聆听，只要你愿意[爱心],0,一两二钱温柔,324677341
881,2017,12,5,好听～好棒～等这么久终于听到啦～美姿爱你哦～,0,xizangtuka,497380997
882,2017,12,5,果断收藏,0,明天去打渔,263397800
883,2017,12,5,好好听,0,TOO-OO,296090497
884,2017,12,5,来喽！！！！惊喜啊,1,明天去打渔,263397800
885,2017,12,5,更加温柔甜美了,0,Ellen汐,79360160
886,2017,12,5,姿妈[憨笑],1,你这只猪问题很大啊,123431801
887,2017,12,5,终于能听了,0,憨人头顶有彩虹,109940592
888,2017,12,5,还是小时候燕姿的味道,0,长腿阿姨25,67091603
889,2017,12,5,[憨笑][可爱],0,aaa小蜜蜂哦,72800804
890,2017,12,5,不是所有╭(°A°`)╮,0,PPPiiinnnkkk,511438114
891,2017,12,5,像是燕姿一年出了两张专辑的小惊喜[爱心],2,木忆远栀,268017663
892,2017,12,5,很喜欢这首,1,CHENYUDAN--,279712105
893,2017,12,5,看到整张EP都能听了，赶紧循环播放并且收藏！太棒了！再也不用翻到别地去听了！爱网易云！爱姿妈！[爱心],4,Daisy_Woo,75020439
894,2017,12,5,[亲亲],1,不加香菜君-,575433656
895,2017,12,5,就是不要所有的歌曲都要规矩的唱[大笑],233,Again1997,358062500
896,2017,12,5,好听好听！！！每首歌都好听！就是这么爱我姿！,2,Daisy_Woo,75020439
897,2017,12,5,这首最佳！！！,4,大流氓音乐,5773483
898,2017,12,5,好好听！！！！！喜极而泣,1,我家阿不,43272583
899,2017,12,5,成长是一件很琐屑的事，别急啦，慢慢来。,472,帐号已注销,108458152
900,2017,12,5,伪前排,1,百慕大扫地僧,31423070
901,2017,12,5,劳模[强],4,看到我的动态请提醒我学习谢谢,332572620
902,2017,12,5,孙燕姿2017新专辑《跳舞的梵谷》崩溃好听！！,4,oh_siesie,86021476
903,2017,12,5,"留个名吧
",1,Mr伟旭,74019327
904,2017,12,5,给你空间 让你去飞,1,-不喝汽水,280154211
905,2017,12,5,孙燕姿孙燕姿孙燕姿,0,飯沒餾透,263738375
906,2017,12,5,我现在可以喔,1,H-S_Sun,296312220
907,2017,12,5,上传到自己的云盘呀,1,melody坏坏,107691904
908,2017,12,5,其他燕姿的歌都能上传～,1,melody坏坏,107691904
909,2017,12,5,上传什么？,1,H-S_Sun,296312220
910,2017,12,5,主要是不能上传？,1,melody坏坏,107691904
911,2017,12,5,过一段时间再试试？,1,H-S_Sun,296312220
912,2017,12,5,可能要等等,1,H-S_Sun,296312220
913,2017,12,5,可以说是完全满足了我最近想听的那种静静的想念与回忆的要求！                                                   女孩子小时候都幻想过可以有个像彩虹版绚丽的金刚守护自己吧~最后发现爸爸和妈妈就是那个温暖的存在[爱心][爱心][爱心],2,一阵柚子香,99002313
914,2017,12,5,"其实你不该教会我太多黑白，让我长大后不会对着灰色无奈。
现在不是灰色，是三色。",3,H-S_Sun,296312220
915,2017,12,5,嗯…,0,H-S_Sun,296312220
916,2017,12,5,哈哈 终于,2,BeautifulandYoung,482431005
917,2017,12,5,安卓机也可以用apple music啊[呆][大哭],0,钙莉,260207642
918,2017,12,5,听得一直起鸡皮疙瘩,0,朴小柝,128075532
919,2017,12,5,酥,2,同志小叔,249576555
920,2017,12,5,好听cry,0,围绕错觉,19086948
921,2017,12,5,终于等到你[爱心][爱心],0,他说后来十年,262531719
922,2017,12,5,不得不评论了太好听,1,supermarket_-_,117282878
923,2017,12,5,反正我就是喜欢,0,訾央伪装小漠漠,247480354
924,2017,12,5,突然觉得这首其实也很适合放进跳舞的梵谷里。。,1,您放屁,56058341
925,2017,12,5,一切的ABC都可以慢慢选,0,我的书和我的故事,94075684
926,2017,12,5,终于等到你,0,陳寻鱼,135982363
927,2017,12,5,亲爱的世界别紧张  给我一点时间慢慢长大[爱心],0,YouLeon_,280376980
928,2017,12,5,这首最棒！其他几首也棒！[大笑],0,欧亨利Load,330958220
929,2017,12,5,前阵子看到那些幼儿园的新闻，很难过。就会想起听一下这首了。,0,您放屁,56058341
930,2017,12,5,前奏好好听，抓耳[憨笑][憨笑],0,浪泊少女,280752021
931,2017,12,5,最爱这首！,0,H-S_Sun,296312220
932,2017,12,5,棒死了！,1,-情绪河川,39685007
933,2017,12,5,不能上传？,1,melody坏坏,107691904
934,2017,12,5,在这个世界，有一点希望,0,我是想叫张国荣来着,330276550
935,2017,12,5,[爱心][爱心]当初为了这张EP特意买了苹果手机，你们能懂吗[大哭],4,OHHONEY1,97117878
936,2017,12,5,啦啦啦啦啦啦啦  谁还不是个小可爱了[亲亲],2,买一大堆女孩的小火柴,337854845
937,2017,12,5,这张ep简直了，诚意满满,1,欧亨利Load,330958220
938,2017,12,5,真的超级好听,1,欧亨利Load,330958220
939,2017,12,5, 重新上架哎！！！[吐舌],2,布朗不熊,14709960
940,2017,12,5,[爱心][爱心][爱心],0,成小姿S,84991554
941,2017,12,5,[爱心][爱心][爱心][爱心]评论加上，哈哈,0,孟-颖,44414848
942,2017,12,5,我爱你，孙燕姿[流泪][流泪][亲亲][亲亲],0,帐号已注销,48852355
943,2017,12,5,你好哇,0,云笺笔一枝,254812345
944,2017,12,5,其实你不该教我太多黑白，让我长大后不会对着灰色无奈。。这不是照应着跳舞的梵谷么？        ,0,克卜勒乐精灵,36984278
945,2017,12,5,成功解锁[星星],1,小汤今天早睡了吗,444222995
946,2017,12,5,声音永远不变，永远熟悉，永远的燕姿[爱心],0,我喜欢你超过两分钟了不能撤回了,131024654
947,2017,12,5,[可爱],0,水气球的告白,316846481
948,2017,12,5,小燕姿~可爱,0,柒屿Seven,51090619
949,2017,12,5,我爱孙燕姿,0,YIOU_MUSIC,583829231
950,2017,12,5,来了[爱心],0,orisola,436604251
951,2017,12,5,我爱孙燕姿,0,Sun-ZK,263879307
952,2017,12,5,am上听了一年多了,1,一叶扁舟_____,98760641
953,2017,12,5,再不好听的歌出自孙燕姿的口都会变得好听[亲亲],0,欧亨利Load,330958220
954,2017,12,5,燕姿唱什么歌都喜欢,1,欧亨利Load,330958220
955,2017,12,5,评论走起来,0,欧亨利Load,330958220
956,2017,12,5,最爱这首了 当然其他的都喜欢,0,克卜勒乐精灵,36984278
957,2017,12,5,成长是个游戏，把曾经变如今。-燕姿《风衣》,1,成小姿S,84991554
958,2017,12,5,童真的燕姿  疯狂的燕姿  欢迎你,0,原点原点原点,119382941
959,2017,12,5,童谣1987 啦啦啦啦啦啦啦啦～,1,丿YC丶程灬,60459418
960,2017,12,5,今天好多新歌,1,poetist,7693939
961,2017,12,5,这首歌真是超级爱，超级爱。歌词想哭,0,小四的酱油,493214532
962,2017,12,5,还是我的我的,0,我喜欢你超过两分钟了不能撤回了,131024654
963,2017,12,5,燕姿生二胎也不要忘记我们啊啊啊啊哭唧唧[流泪],0,了不起的老人家,37782426
964,2017,12,5,打卡,0,很摇滚滴事,98010521
965,2017,12,5,好喜欢啊❤️,0,双子_faye,626804992
966,2017,12,5,演唱会？不存在的，诶，反手录个儿歌，再生个二孩，岂不美滋滋(･ิϖ･ิ)っ,1,-旧风衣,264167095
967,2017,12,5,欢庆,0,极美欢庆,351351231
968,2017,12,5,版权终于来啦,0,刘林凯,135873777
969,2017,12,5,[爱心],0,雨陨,31875806
970,2017,12,5,超级好听,0,雨陨,31875806
971,2017,12,5,这张EP出来很久了吧,1,since80s,30941771
972,2017,12,5,亲爱的陌生人    看到我的评论                                                赞一下吧[爱心],1,比温柔还温柔的五月天,87779245
973,2017,12,5,呀！好听,0,我有努力和这个世界变熟,394296679
974,2017,12,5,终于能听了，AM退订,0,carp77,418117269
975,2017,12,5,这么现在才出啊啊啊啊,1,阳阳阳的日常,327725130
976,2017,12,5,[大笑],0,hush4by,21878399
977,2017,12,5,哇,0,可阳快飞,115746724
978,2017,12,5,暖！,0,黑风山大王在此,73966420
979,2017,12,5,不是，是去年的，之前只在Apple Music上有,0,KitKat__,41723861
980,2017,12,5,惊喜,0,保罗韦斯利,124304842
981,2017,12,5,燕姿[亲亲],1,成小姿S,84991554
982,2017,12,5,好喜欢封面这个小孩子，因为她长大是燕姿呀,3,春夏_T,324248751
983,2017,12,5,💕想把我能给你的都给你,154,帐号已注销,282186007
984,2017,12,5,解封了的彩虹金刚,0,冻乌龙奶,108629212
985,2017,12,5,爱！！,0,大流氓音乐,5773483
986,2017,12,5,封面好萌,0,你是我参的禅,114361436
987,2017,12,5,这不是新歌吧？,0,西瓜皮会长,295563286
988,2017,12,5,这首歌词就是梵谷的注解,0,訾央伪装小漠漠,247480354
989,2017,12,5,1987年我出生啦！！！[吐舌][吐舌][吐舌],1,抖腿冠军陆二狗,19316578
990,2017,12,5,"qianqinaiqna
",0,思君若汶水-浩荡寄南征,329324435
991,2017,12,5,其实你不该教我太多黑白,1,ddarkwhite,548737444
992,2017,12,5,87年 也是潘潘出生的日子🙈,0,没九条命的猫77y,32380433
993,2017,12,5,我爱小星星,0,故城望星辰,396991549
994,2017,12,5,[爱心][爱心][爱心][爱心],0,-不苦不苦-,284391858
995,2017,12,5,凭id凑热度[吐舌],0,故城望星辰,396991549
996,2017,12,5,1997年出生的我来听童谣1987[呲牙][呲牙],2,mayonger-,409161182
997,2017,12,5,终于,0,here小新,32433263
998,2017,12,5,终于,0,徐先生-1314520,372079899
999,2017,12,5,刚刚,0,其实是巴达兽,26337780
1000,2017,12,5,爱我姿,0,我是丑王,127718208
1001,2017,12,5,终于可以听了[流泪],0,大龙1203,263664201
1002,2017,12,5,想回到妈妈肚子里。,0,牟唯,38991550
1003,2017,12,5, 让我长大后不会对着灰色无奈。,0,牟唯,38991550
1004,2017,12,5,从小感觉没有什么轰轰烈烈 没有很有钱有钱到任性  普通平凡 但是有很爱自己的爸爸妈妈 给我的一片澄明的天空,1,洧川以南,298278804
1005,2017,12,5,给我哭闹的时间！,0,FineSoFun,508531278
1006,2017,12,5,天啊我第一次前200！我爱燕姿啊！！！,2,灵砸子,89467331
1007,2017,12,5,啦啦啦啦啦～亲爱的老师我今天没交作业 不要那么紧张,1,明天還會放晴吗,273150745
1008,2017,12,5,我不管，我姿唱给我听的[大哭],1,KitKat__,41723861
1009,2017,12,5,好喜欢这张孙燕姿唱歌孩子们的专辑！,0,渝鱼渔雨,253808191
1010,2017,12,5,真的好羡慕纳小子哦,1,Stefzizi,440964997
1011,2017,12,5,哈哈(ಡωಡ),0,身体棒棒1,362210790
1012,2017,12,5,开心到炸裂 一放学回来解锁了这么多歌！！！啊哈哈哈哈哈哈[爱心][爱心][爱心],0,一个玥亮,124647829
1013,2017,12,5,纳小子你麻麻真的很棒[憨笑],0,你算哪块浪味仙,133649577
1014,2017,12,5,❤️,0,Fortyyy,336848138
1015,2017,12,5,早就听过啦,1,焦66666,254074207
1016,2017,12,5,雾霾驱散~,0,左撇子笨蛋,17493502
1017,2017,12,5,1987年老男孩路过。,0,1886公里,113790989
1018,2017,12,5,其实你不该教我太多黑白,1,Stefzizi,440964997
1019,2017,12,5,好听,0,洛水滨,115770638
1020,2017,12,5,亲爱的世界[奸笑],1,Amer丶丶,248807383
1021,2017,12,5,"好感动，yanzi666
[爱心]",0,秀安呐,415332874
1022,2017,12,5,我要每首歌留下我的痕迹～ ,0,你年少掌心的话,292899666
1023,2017,12,5,她唱的童谣让人觉得好温暖❤️,0,XIAOGANGYA,70001386
1024,2017,12,5,求10个赞👍，谢谢朋友们[大哭],0,晓小明2016,324060875
1025,2017,12,5,终于可以听了诶，感动,0,双子_faye,626804992
1026,2017,12,5,想听原版,0,欧亨利Load,330958220
1027,2017,12,5,一首美好的歌,0,欧亨利Load,330958220
1028,2017,12,5,童谣1987,0,欧亨利Load,330958220
1029,2017,12,5,溫暖的[爱心][爱心][爱心],0,小叮噹的貓,454472458
1030,2017,12,5,如果时间可以走的慢一点,0,Rocyl,277355744
1031,2017,12,5,第一次这么前,0,闻见笑yu,132186945
1032,2017,12,5,看到这首歌能听了，突然很感慨。哽咽了一下，什么感觉，还是没能说上来。,1,_挫骨扬灰,370340396
1033,2017,12,5,燕姿~,1,你说吃不吃烟,370700065
1034,2017,12,5,哇啊啊啊啊啊啊,0,迷路怪物,407028784
1035,2017,12,5,燕姿小时候  小时候的燕姿,1,dear木樨儿,564190425
1036,2017,12,5,终于在200之前留了个言,0,用户626268322,626268322
1037,2017,12,5,你们这些人太快了,0,JoJo丶Alex,36360491
1038,2017,12,5,刚听完孙燕姿的歌就出新曲了，前排！,1,Davidfzx96,359236644
1039,2017,12,5,终于出来了,0,欧亨利Load,330958220
1040,2017,12,5,啊啊啊,0,欧亨利Load,330958220
1041,2017,12,5,Wow,0,Davidfzx96,359236644
1042,2017,12,5,解封啦！,0,YZKEPLER,42348015
1043,2017,12,5,97的人来签到👉,0,WB121211,438418789
1044,2017,12,5,嘻嘻嘻嘻,0,就一姿迷,257349522
1045,2017,12,5,[色][色],0,网友小蟹,278221870
1046,2017,12,5,我不懂你所说的各种 我只知道几年前的那个女生还很喜欢你,2,是柯柯柯阿,389632155
1047,2017,12,5,么么么么么哒[色][亲亲],0,超人类啊Beeee,470571219
1048,2017,12,5,燕姿燕姿燕姿[可爱][憨笑],0,超人类啊Beeee,470571219
1049,2017,12,5,终于有了,0,YZKEPLER,42348015
1050,2017,12,5,此生独粉燕姿！！！[大笑][大笑][大笑],1,StefanieBryant,77245342
1051,2017,12,5,！！！,0,从1到100都很适合,56626204
1052,2017,12,5,1997报道,0,你姿我姿,466537747
1053,2017,12,5,超棒,0,懒得取名纸,506349583
1054,2017,12,5,最喜欢这首了,0,沙坡仲清,250242272
1055,2017,12,5,1997的人来签到,1,WB121211,438418789
1056,2017,12,5,1997的姑娘 听1987的童谣 在2017的转角 想2007的时光,2,Lainey_cl,447324857
1057,2017,12,5,999家指日可待,0,Tanya的小迷妹,286414809
1058,2017,12,5,打卡,0,豌豆先森与喵小姐,370347249
1059,2017,12,5,嘿嘿    666666     燕姿这个感觉超级棒！,0,超人类啊Beeee,470571219
1060,2017,12,5,这首超级好听！！！,0,欧亨利Load,330958220
1061,2017,12,5,打卡,0,欧亨利Load,330958220
1062,2017,12,5,终于更新了，打卡！！！,1,布衣y,75130948
1063,2017,12,5,表白姿妈💗,0,_我说啊,300091625
1064,2017,12,5,爱这首,0,你姿我姿,466537747
1065,2017,12,5,可以听了,0,沙坡仲清,250242272
1066,2017,12,5,好听,0,你姿我姿,466537747
1067,2017,12,5,前排,0,有点小欢脱,119021308
1068,2017,12,5,👀,0,不会吃腻的饼干,60881014
1069,2017,12,5,前排！！！！！前排！！！！！,0,干什么我都不乐意,90526122
1070,2017,12,5,"其实你不该教会我太多黑白

让我长大后不会对着灰色无奈",1,yyyyyyyllllllll,52507485
1071,2017,12,5,🍯U02YZ,0,网友U0,400095007
1072,2017,12,5,2分55秒那一声，高潮了,0,雨中小小树,75278360
1073,2017,12,5,燕姿用自己听过的童谣，重新演绎孕育出新童谣给纳小子听。😶😶😶,5,阳阳哒,48285589
1074,2017,12,5,[可爱][可爱],0,天黑就闭眼-,115616857
1075,2017,12,5,我是童谣1996,2,孤独独孤咕噜毒,246240275
1076,2017,12,5,终于[流泪][流泪],0,WANG-Yi-Cneh,271395299
1077,2017,12,5,网易牛掰[爱心],1,遇姿人,541269428
1078,2017,12,5,[亲][流泪][流泪]感动,0,王子面oO,249311860
1079,2017,12,5,不可思议啊…,1,rpoaru,81517607
1080,2017,12,5,终于上线了,0,王子面oO,249311860
1081,2017,12,5,[色],0,姚大白,268625
1082,2017,12,5,[星星],0,可也難,279134319
1083,2017,12,5,听了这么久了，终于上线了,0,跳舞的克卜勒,122786310
1084,2017,12,5,燕姿大婚的时候，听《我要的幸福》感到很开心，同时还会说，还有燕美不是？后来燕姿当妈了，作为一枚单身狗，除了祝燕美也幸福，只剩下感谢燕姿十几年一如既往的声音陪伴了。😂,2,乌江亭长死在南方,101776362
1085,2017,12,5,我是1997的,3,许嵩的左手,274077807
1086,2017,12,5,想起那个骑着自行车吱呀吱呀带我回家的人,1,勿忘心安-PA,512877500
1087,2017,12,5,同岁，打卡！✌️,0,Qduoduo咩,343470301
1088,2017,12,5,莫名的激动！,1,帐号已注销,315459622
1089,2017,12,5,超级好听！！！！,0,王子面oO,249311860
1090,2017,12,5,突然而来的惊喜,0,隔壁包子-,119611936
1091,2017,12,5,这首真的超好听，静静的，回想自己，从小时候到现在,1,請叫宋長老,373701684
1092,2017,12,5,耶！,1,Kepler-3,378301025
1093,2017,12,5,开心😍,1,Kepler-3,378301025
1094,2017,12,5,这么多年过去了，只有在你的歌声里我才能变回从前那个小女孩。,0,J大智_Sanctuary,537835722
1095,2017,12,5,终于可以给人分享这首歌了[流泪][流泪][流泪],2,王子面oO,249311860
1096,2017,12,5,前100！,1,Stefanie_kf,260396530
1097,2017,12,5,好听好听好听,0,王子面oO,249311860
1098,2017,12,5,哈哈哈哈，我爱你喔,0,起名字好烦人呐,79616554
1099,2017,12,5,呀呀呀，可以在网易云听了,0,林深时见鹿晗,125413239
1100,2017,12,5,这出歌速度，赞！,0,---SlimShady---,84333006
1101,2017,12,5,前100,0,在-也不会见,263534933
1102,2017,12,5,1987 加油 燕姿,0,惆怅惘,441768634
1103,2017,12,5,1987么么哒,0,蜂蜜芥末仙人掌,298964778
1104,2017,12,5,一首童谣改编成这样也是没谁了，怎么这么好听,0,另-张脸,56020714
1105,2017,12,5,前排抢百。,0,古拉13,8696424
1106,2017,12,5,有版权了。,0,可有渡劫期道友,299327008
1107,2017,12,5,刚出的时候最爱这首,1,旻綠,317674840
1108,2017,12,5,♡,0,顾许诺呀,322742485
1109,2017,12,5,终于等到你了！,1,珞彤,71511445
1110,2017,12,5,老公就是1987年的狮子座，跟燕姿一样狮子座♌️,2,仙女脚也臭,121068659
1111,2017,12,5,母性光輝照耀大地,1,shine夏,61624105
1112,2017,12,5,想给孙妈妈当儿子女儿的举起你们的爪爪,1,Y-una,322710590
1113,2017,12,5,这首真的太好听了,0,Stefzizi,440964997
1114,2017,12,5,为童谣打call,0,Stefzizi,440964997
1115,2017,12,5,我为姿妈疯狂打call[爱心][爱心][爱心],0,爱姿no是病,401232509
1116,2017,12,5,前排,0,吃顿好的-人生观-都会改变,49854925
1117,2017,12,5,💓,0,__Tahiti,52310545
1118,2017,12,5,我要前排,0,藤小墨,46314864
1119,2017,12,5,学会了对家里报喜不报忧学会了隐藏自己的喜怒哀乐看清了很多人却不能随意拆穿成人的世界哪有容易两个字😞,2,啊昱昱啊,443375072
1120,2017,12,5,好温暖的EP，喜欢,0,挖系栗栗栗栗子,91639394
1121,2017,12,5,呀哈哈哈哈哈哈,0,胖岐别吃了,296103042
1122,2017,12,5,姿妈高产,0,挖系栗栗栗栗子,91639394
1123,2017,12,5,过年啦,0,Y-una,322710590
1124,2017,12,5,童谣第一遍就听哭，极美第二遍听哭[大哭][大哭],0,尙小文,122276890
1125,2017,12,5,前70,1,挖系栗栗栗栗子,91639394
1126,2017,12,5,网易云upup,1,奈文摩尔说,365073772
1127,2017,12,5,最爱孙燕姿和梁咏琪这样干净透彻，清澈明亮的女孩。在我心里能和她们比的，只有我的天空啊，傻傻的天空[鬼脸],1,33IVAN,30995253
1128,2017,12,5,我更喜欢童谣[奸笑],1,另-张脸,56020714
1129,2017,12,5,前一百,1,__辞旧__,74652900
1130,2017,12,5,哇,1,__辞旧__,74652900
1131,2017,12,5,打卡打卡,1,Y-una,322710590
1132,2017,12,5,最爱的歌之一了，歌词好棒,1,另-张脸,56020714
1133,2017,12,5,网易云终于有了[流泪]一年多啊,1,新北囖素颜,272165460
1134,2017,12,5,开心开心 今天过年,1,著名西蓝花爱好者,41200225
1135,2017,12,5,终于等到你。,1,日日都系甘自闭,71935015
1136,2017,12,5,伤感,1,Demons-Zero,67858532
1137,2017,12,5,好听哭,1,小晓东Davin,110773499
1138,2017,12,5,燕姿的唱商有多高？一句“其实你不该教我太多黑白，让我长大后不会对着灰色无奈”就可以诠释…尤其是最后那个“无奈”，真的是把情绪生动的演绎，甚至恍惚间都觉得她是在默默伤心的唱完…,5,能猫桑,563187
1139,2017,12,5,哇,0,野性小张,39713769
1140,2017,12,5,最爱,0,Stefzizi,440964997
1141,2017,12,5,等一个演唱会！,1,DoooK,42443016
1142,2017,12,5,打卡,0,爱吃唐僧肉的悟空,315913136
1143,2017,12,5,[亲亲][亲亲][亲亲],0,葡萄籽儿的夏天,87246322
1144,2017,12,5,哎哟好巧,0,花老师小课堂开课啦,353426857
1145,2017,12,5,大爱姿妈,0,写在冬至,248327478
1146,2017,12,5,打卡,0,RoOk1eXD,42762511
1147,2017,12,5,我的ep终于来了啊！！！童谣1987大赞！,1,另-张脸,56020714
1148,2017,12,5,孙妈妈超可爱的,1,Johnny-___,32357509
1149,2017,12,5,占位,0,帐号已注销,124859943
1150,2017,12,5,终于可以评论了,0,十易度,79559344
1151,2017,12,5,超好听！！,0,关耳佑,53946985
1152,2017,12,5,啊啊 啊,0,Sophia-yx,61416929
1153,2017,12,5,谢谢网易云。好久没打开了,0,康普雷克忒德,9134821
1154,2017,12,5,占坑 小秘书 谢谢啦,0,青木斜阳,113631342
1155,2017,12,5,最喜欢这首哈哈哈,0,姿乎者也,124110299
1156,2017,12,5,喜欢极美的，应该会同样喜欢童谣吧[憨笑][憨笑]因为我就是[奸笑][奸笑][奸笑][奸笑],2,尙小文,122276890
1157,2017,12,5,finally！！！[流泪][流泪],0,不知道听谁的歌,404522185
1158,2017,12,5,没错，我就是听到这首歌的第233333个人[开心],0,卡刚涂鸦,86612894
1159,2017,12,5,终于上线了,0,毕澄茄,126371652
1160,2017,12,5,1987的老粉们抱紧我[大哭],1,牙牙不吃菜,112960399
1161,2017,12,5,好棒好棒,0,阿瓜阿狗,30472445
1162,2017,12,5,感谢网易云爸爸[亲亲],0,不知道该听什么歌啊,52612561
1163,2017,12,5,有种连发两张专辑的错觉，网易云，谢谢！[大哭][大哭]（来得晚不如来得巧,1,车厘子矿泉水,16923086
1164,2017,12,5,来啦来啦,0,imyilee,115257003
1165,2017,12,5,火钳刘明,0,Jenkin哲,77712189
1166,2017,12,5,女神这段时间高产似。。[大哭],1,是冯同学啊MH,113246304
1167,2017,12,5,好棒,1,小猪YILIN,43189916
1168,2017,12,5,打卡,0,RoeXm,265733138
1169,2017,12,5,来啦来啦哇哈哈哈哈,0,牙牙不吃菜,112960399
1170,2017,12,5,哇,0,RoeXm,265733138
1171,2017,12,5,迅速留名！,0,9号天台,53103092
1172,2017,12,5,  13个哦,0,土圭圭垚垚垚,35974784
1173,2017,12,5,火钳刘明,0,女也不是她,99300159
1174,2017,12,5,11.😅,0,漫步的渴,11985761
1175,2017,12,5,开心，前十！,0,小豆瓣儿_,37086195
1176,2017,12,5,[亲亲],0,Dasom,12698952
1177,2017,12,5,前十！！,0,軍不二,48918441
1178,2017,12,5,高兴,0,夏小泽Lucas,44916611
1179,2017,12,5,哇 为燕姿打call,0,wimfialsmdjnshs,55354119
1180,2017,12,5,我来啦baby,0,小豆瓣儿_,37086195
1181,2017,12,5,哈哈哈哈哈哈哈哈,0,TheRealShameless,30087797
1182,2017,12,5,第一,2,TheRealShameless,30087797
