index,year,month,day,content,likecount,nickname,user_id
1,2019,8,22,我不害怕 我才不会,1,愿爱再无忧,46574165
2,2019,7,7,最喜欢的女歌手 每一首歌都很孙燕姿💛,1,-Yas-,366655246
3,2019,7,3,[哀伤]还是会想起你，但是每个画面都刻着你不爱我,1,07人,55580851
4,2019,5,5,不好也不坏 努力生活着 非常感谢关心,2,_深白色_,59098738
5,2019,4,22,也许可以,0,下一站的自己,279359296
6,2019,3,23,现在还好吗,1,新垣结衣是我妻,134446067
7,2019,2,7,害怕突然听到你的消息,0,乖摸摸头sunshine,401029373
8,2019,1,3,网恋最痛苦的可能就是，明知在一个城市里，却没有勇气在她孤单无助的时候去到她的身旁，哪怕只是给她一个拥抱。隔着一块屏幕，比面对着面更接近却也比天涯海角更远。有的时候总是会在想，当时如果不是选择离开她，而是默默坚守在她身旁，我们是不是可以有不一样的结局？,0,江山一梦,298190249
9,2018,12,14,网恋可能真的是最痛苦的吧，如果有一天我们分开，从此以后，我不会再选择网恋[禁止],1,Big_Meat_Bun,583422848
10,2018,10,30,当拥有已经是失去 就勇敢地放弃,0,Chasing--vv,376933783
11,2018,8,9,七年真的是弹指一挥间,3,我们会一起看星星吗,1380534064
12,2018,8,6,第十九天…还是会想起…还是难过   到底，所谓的感情有没有对错？为什么我这样一个人  怎么努力都得不到你的青睐…我对于他而言   是个什么样的存在？是不是都只是另他讨厌而已……[哀伤][哀伤][哀伤],1,鹿com,561114548
13,2018,6,17,喜欢孙燕姿,2,JIAHANG6,261661608
14,2018,6,12,真好，知道的人真少，我可以悄悄的欣赏,4,左不过帅气罢了,359899985
15,2018,6,10,还是害怕突然宁愿当初没有决定   是啊 总是会后悔当初分手的那个决定,0,yi酱,97529250
16,2018,5,30,"我抓不住这世间的美好
只能装作万事顺遂的模样",0,柠檬不萌只是酸-M,511055517
17,2018,5,28,好歌没人听系列？,2,LVXSIT-,351602725
18,2018,5,21,一个人悄悄喜欢,1,blackartanan,111235975
19,2018,5,17,评论居然才383，这首歌我貌似是高中还是初中就听过了的,0,Big_Meat_Bun,583422848
20,2018,5,10,孙燕姿的声音听起来像有故事，我的是寥寥故事却自认丰富还如数家珍，真是可笑，一个尽是事故的人还,0,帐号已注销,491881344
21,2018,5,10,为什么我喜欢你  我喜欢你why（我喜欢的他名字缩写正好是英文单词“why”为什么）我迟早要把你骗到手,1,猫--mao,537932398
22,2018,5,10,我删你一年了～,0,怕是同类,586388846
23,2018,4,19,这首歌很好听啊,0,ccciiioo,334211928
24,2018,4,18,为啥评论没到999,0,爬出漩涡,134107155
25,2018,4,8,5年用力地深爱过一个人，也被同一个人一次次伤害过。以后，是该要多爱自己了。,0,阿拉漩神灯,313621666
26,2018,3,14,单曲循环,0,雷新興,278064059
27,2018,3,7,偶然看见 希望你能想开 总有人喜欢你 需要你 加油吧！,1,seeyouzc,497155856
28,2018,3,7,害怕~~~ 突然你就离开我 ！！而我还未曾拥有你 …我喜欢你 真的好喜欢你 你知道吗？？,0,seeyouzc,497155856
29,2018,2,18,新年好。,0,盘丝大仙晨晨,446924493
30,2018,2,9,分手了,0,北兮恋夏,350141770
31,2018,1,15,我是真的害怕,0,鲜芋茶拿铁_,123627660
32,2018,1,7,从01年高中到现在，每次听完就一个人坐在时间的潮水中回忆往事，低沉缱绻，想逃避又想靠近这晦暗的温暖......,1,我从八月之外带着酒来见你,122650116
33,2017,11,25,忘 内心是害怕 记 内心是怀想 还是害怕夜深人静 是怕忘了你。,0,三月阑珊,46116308
34,2017,11,17,这首歌很可怕,1,调调色板,72525019
35,2017,11,11,来了，我想看一场燕姿的演唱会啊[呲牙],0,盱眙仙道彰,250074713
36,2017,11,1,这么好听的歌都没有999+，不科学,2,曾隐,3996643
37,2017,10,21,当拥有已经是失去。,2,没错我是叫张大靠谱,98710793
38,2017,10,3,少有的没有999,1,蓝里一点白,330575037
39,2017,10,2,害怕习惯了两个人 最后却只剩自己,1,HHHHH李大牌阿,444621858
40,2017,9,11,当拥有已经是失去  就勇敢的放弃,1,Radioacty,290019712
41,2017,9,1,喜欢孙燕姿,2,一米六二330,93805232
42,2017,8,19,我这些天特别害怕,0,董头,477361488
43,2017,8,9,我去，当年一边单曲一边流泪的夜，硬是被网易云翻出来了,1,朝鹿微光,34935904
44,2017,8,9,今天四川又地震了。想起08年还心有余悸。那年拆散了多少家庭，拆散了多少深情。我害怕死去啊。,5,在努力的小破孩,52357465
45,2017,8,8,立秋时节，恶补燕姿所有冷门歌曲,1,Viaje荘,127174503
46,2017,7,27,还是害怕夜深人静时想起你 [心碎],2,爱上一个认真的消遣__,124970216
47,2017,7,25,评论这么少 不科学啊,2,DDKT,48409414
48,2017,7,24,爱而不得.,0,干掉薯片还有巧克力,107156511
49,2017,6,25,后来我删掉了你所有的联系方式，只留下微博，你也偷偷加过我，向我的朋友们打听我，或许后来你突然出现在我面前，请求和我复合，我会允许的，毕竟我是真的喜欢你！再后来，第七个年头，我们的爱情陨落了！无声而安静，安静的开始安静的结束，,6,凡女子洁儿,515937155
50,2017,6,25,你说我会是你的新娘，那是我们唯一的一次身体接触，你背了我半个小时上坡都舍不得放下来，我心里说不出的感觉，总之心里暖暖的，可为什么后来我大声哭着赌气说分手，你为什么当时没有给我打电话，发信息，后来那年下雪的情人节，你在我公司门口捧了一大束玫瑰花，请求我原谅,4,凡女子洁儿,515937155
51,2017,6,25,安静而胆怯的校园初恋就那样开始了，从开始的你递给我的一个小纸条，到后面的放学半路等我回家！你总是说顺路，还偷偷跟到我家门口，后来你学也没有上完就辍学了，因为我毕业了，你选择去西安，而我去了厦门，就这样又开始了每天几十条短信的手机记录，这样的日子过了几年，后来到了谈婚论嫁的时候，,3,凡女子洁儿,515937155
52,2017,6,22,我渴望的温暖 让我更无助,2,xx暖暖xx,87797697
53,2017,6,20,叫害怕的歌 就没有不让我害怕的,0,你是我的无痛关痒,250528749
54,2017,6,17,回忆也害怕翻涌着被发现,0,Iris_mu,47987313
55,2017,6,16,还是害怕,0,Lea白,86279675
56,2017,6,10,一个人悄悄喜欢就好,1,屋西的猫,120244495
57,2017,5,28,我有时候还是会想你,2,幼苗十一,252658022
58,2017,5,26,一个人，一首歌，一个故事，一个评论，一个赞,1,疯了的阿草,17764229
59,2017,5,25,有勇气放弃却没有勇气接受你[流泪][流泪][流泪],1,惟暮春秋色,72886472
60,2017,5,18,本来就绝望的阿,0,bingoli,348145801
61,2017,5,18,但是我宁愿失望,0,bingoli,348145801
62,2017,5,18,没有了也好   至少不会再失望了╭(╯ε╰)╮,0,直至宇宙尽头,301892571
63,2017,5,18,再没有机会了,0,bingoli,348145801
64,2017,5,12,还是害怕 再一次心软 然后我们又都遍体鳞伤,1,直至宇宙尽头,301892571
65,2017,5,12,九年前的今天   你从五楼跑下来   仗着高我一头的身高优势    紧紧抱着我    说你怕     那是我第一次清晰的感到被人需要    我原以为我们能一直走下去   就像你说的那样   我会是你婚礼唯一的伴娘    但    你在八年的时候转身离开了,0,Qaura,116903270
66,2017,5,7,那时候多爱的歌啊,0,就是不洗头就是要放假,397508292
67,2017,4,27,我曾经试图去跟从时代的潮流，听那些流行歌曲，回头一听，还是燕姿的歌比较合乎自己。人啊，总是回头才能望见最初最真实的自己，不是吗？,1,夜猫子与歌,365273278
68,2017,4,27,ajbabt,0,白玉玉阿,326691254
69,2017,4,24,我之所以用云音乐是因为你，我之所以常在评论区出现也是因为你。我知道你也一样。但是我从未看到过你的评论，我想你大概也永远不会看到我为你写下的这些话吧。,1,_sissiphoto茜摄影_,32509244
70,2017,4,24,还是害怕夜深人静时总想起你,1,_sissiphoto茜摄影_,32509244
71,2017,4,24,你不要理我了好吗？不要再说什么我拿走了你一部分的心…我每天都在想你，却不敢再更多的向你靠近。,0,_sissiphoto茜摄影_,32509244
72,2017,4,20,恩,1,一个夏秋-,117962370
73,2017,4,19,看着你就像看见了那时为了你卑微的自己，还是活成了自己最看不起的模样,3,薄荷与芒果,469644959
74,2017,3,28,还是害怕不经意间听见你的消息,3,正能量男神的宏亲,114437712
75,2017,3,27,“当拥有已经是失去 就勇敢的放弃” 每个听情歌的人都觉得已经出师而不犯错 最后却还要情歌才能入睡,0,1th2nd,84707059
76,2017,3,23,我害怕很多东西，但我最怕的还是想起你。,2,y84998607,109688581
77,2017,3,23,别害怕，要坚强，自己拥抱自己。,1,Lea白,86279675
78,2017,3,20,太喜欢,0,一根藤上,280133136
79,2017,3,18,我没有很努力，罗普斯金门窗一直很强势[奸笑][奸笑][奸笑][奸笑],1,你是不是吃了亏之后还喝了水,428451485
80,2017,3,12,害怕，害怕一个人，害怕一个人！,0,若无相知-怎能相守,311700428
81,2017,3,9,害怕一个人,0,会跳舞的阿拉蕾,326784425
82,2017,3,1,一旦有了对比 人就会很可怕地变得很贪心 如何平衡如何权衡如何突破自己打败内心世界的自己 这是一个我一直都要学会去面对去解决的问题 以前一碰到事情就会逃避 我希望现在此刻以至于接下来的自己  学会主动解决 接受自己,2,小火星想飘去外太空,315469073
83,2017,2,19,高中刷题到半夜循环的力量,2,Sukya-,330301477
84,2017,2,18,因为有人曾经为我唱过她的歌，跟我一起唱过她的歌，所以害怕听到那几句,1,老张家呀,413476395
85,2017,2,15,@云音乐小秘书 想听愚人的国度啊。,0,我有努力和这个世界变熟,394296679
86,2017,2,15,我好想听愚人的国度。😔,0,我有努力和这个世界变熟,394296679
87,2017,2,15,静静的听,0,我有努力和这个世界变熟,394296679
88,2017,2,15,你告诉我不要害怕，，，,0,Starara,321340020
89,2017,2,13,三姨呐，三姨呐，我二姨的闺女娜娜呢？是哪？在那。呐呐呐……,0,億个小人物,247560897
90,2017,2,13,为什么没到999？我觉得超好听啊~[怒],1,蛋大的栗子,33467650
91,2017,2,5,还是害怕告诉你天上在掉小星星~,0,汪亢亢,6041658
92,2017,1,15,怕 也不知道,1,NewZealand离岛,373654014
93,2017,1,14,可能你永远都不会在这里看到我的评论      也许我对你是一份打扰,2,我的心情丶,286131372
94,2017,1,12,还记得读卫校的时候，就是因为大半夜听这歌，然后哭的特别厉害，然后有一个宿友问我怎么哭了，然后我就说，看小说太感人了，然后她就没多想了。,3,拉拉卡b,276491445
95,2017,1,12,每听一遍就落泪一遍，毕竟有太多太多的不舍，,0,拉拉卡b,276491445
96,2017,1,8,勇敢的放弃。今天，终于，他做了决定。我们都放下吧。,0,杨南国,64507476
97,2017,1,7,歌词好像一个个心形,4,M小微,255129659
98,2017,1,6,Yan-zi,0,孤独小孩o,273175427
99,2017,1,4,明明已经攒够了失望啊 却还是「宁愿当时没有决定」没有决定放下你待在你身边就好 无论什么身份,3,malemobboss罗叔叔,32731024
100,2017,1,4,只是听歌,0,丰硕mf,99258291
101,2017,1,2,那也很好,0,薛定谔的鸭子,315042137
102,2017,1,1,不会，因为她现在正在想我呢[撇嘴][撇嘴][撇嘴][撇嘴],0,毛驴想飞,96334633
103,2016,12,28,你说听孙燕姿会不会想我,0,薛定谔的鸭子,315042137
104,2016,12,26,当拥有已经是失去。,0,帐号已注销,120289152
105,2016,12,21,害怕的已成为事实,0,得失有幸o,124018887
106,2016,12,21,这首歌是永恒的泪点,0,Saudade0811,289718477
107,2016,12,20,嗯,0,Rachel嘤嘤嘤,331111350
108,2016,12,19,相见不如怀念,1,不喂橙,45834866
109,2016,12,18,分手两年 我不知道这辈子会不会嫁人了 除了和他 我不知道结婚还有什么意义 我想见他一面 想和他像朋友一样握一握手 想亲口和他寒暄几句 就装作我什么都忘了的样子,1,Rachel嘤嘤嘤,331111350
110,2016,12,17,歌词写得好,1,文莎860812,315394561
111,2016,12,15,12年到现在算算有四年之多了，我们总算断的干干净净了，只是现在很怕听到那时候很喜欢的歌，真的是满满的回忆满满的委屈满满的悲伤，我早已不喜欢你了，只是很怀念很怀念我的十七岁，祝我二十一岁毕业快乐🎓,2,嘉遇-,132073596
112,2016,12,14,还是会想你 只是嘴硬,2,木栅媳妇,9255252
113,2016,12,14,你是上天派来渡我的劫 ,0,哦呦哎呦喂,83813561
114,2016,12,6,我唱的最好的歌就是孙燕姿的每一首歌,1,中东石油大表姐,96834888
115,2016,11,28,拥有就是失去的开始,1,小森林的春夏秋冬,50586842
116,2016,11,27,害怕夜深人静,0,逆光遇见绿光,294734603
117,2016,11,26,每天都在重复一个主题的梦 每天夜里的梦里都在换一万种方式和好 但是醒来心里空空的 为什么那么爱你 还要难过呢,4,叫什么不重要啊,41787728
118,2016,11,23,分手近一年 听到她好像过的并不怎么好 还是会很难过 还是希望她过的好一点吧,2,-我怀念的z,108247438
119,2016,11,21,你还窝在我怀里一起看着你喜欢的电视  我还在雨天里给你撑着伞  我还牵着你的手带你散步  我们还一起逛着商场挑着你喜欢的衣服…可是你不是已经离开了吗  抱歉喔 我又想起你了。,4,Edison_nn,119104759
120,2016,11,21,怎么能把声音把握得这么好，佩服死了…,0,雪与刀,118631561
121,2016,11,18,其实燕姿有一些传唱度不高的和越听越有味道。,5,元二狗,345303987
122,2016,11,18,研一时候，在长春读研，暑假时候发生了很多不愉快的事情，司考考完后，回到家里呆了一个月，诺大的房子里就我一个人，反复的单曲循环这首歌。,0,SixBoyisnotsb,358813347
123,2016,11,15,相爱差不多半年，趋向平淡，是我疲惫了？还是你疲惫了？你不找我，我不找你，有一天会不会我们找不到对方了？,0,_JoJin,116257508
124,2016,11,11,此时此刻 很害怕,0,露娜gaga,106213219
125,2016,11,10,@下一叶,0,我叫季慕蓁,118647174
126,2016,11,8,忘。忘不了。想。想到痛。不用夜深人静，也不用形单影只。纵然人潮汹涌，也能把过去清晰放映。确定已失去。为何骗自己。,3,阿瑞啊瑞,259284061
127,2016,11,7,高中时的单曲循环，尽管当年有点为赋新词强说愁的意思。过几天，我就三十岁了。,6,Ludwig_Stern,117273426
128,2016,11,6,也许有一天明白失去的才是人生，得到的是侥幸，就不再害怕失去了。,1,缺水的葉,310075974
129,2016,11,2,好不容易见到你 醒来 发现只是个梦 奈何回忆没有删除键。,3,啊呀哈嘿吼,100011138
130,2016,11,2,突然意识到我这辈子可能都再也无法听到关于你的一丁点消息了 这样真好,0,cycccyy,50657379
131,2016,11,1,每首歌都爱,0,racheL_nite,46690392
132,2016,10,31,去他妈 都20了竟然没谈过恋爱 看评论觉得好气哦,3,CuteDuckInYourArea,64973317
133,2016,10,30,这么好听怎么没有999+,0,小布点是猴子,122002214
134,2016,10,30,从来没想过他会不会看到我写的评论，因为现在这么不平稳的情绪不想让他知道发现，因为他跟我说，希望我好好着，我愿意好好着，只是没有你。我一个人的时候，容易害怕面对回忆。,1,-C00L,106999454
135,2016,10,29,学生卡,0,_吴子诚,275017518
136,2016,10,28,好好爱，你不会失去她的～,0,ranran-nicely,285036605
137,2016,10,28,当 拥有已经是失去⋯记得 一句台词 拥有就是失去的开始[流泪],0,八月的雾-_-,71270840
138,2016,10,28,wǒ bú xìn nǐ huì zhè mē wú liáo dē bǎ wǒ zhè jù huà dú yí biàn . rú guǒ nǐ zhēn  dē dú lē . wǒ zhǐ xiǎng gào sù nǐ : wǒ xǐ huān nǐ.,4,_撒个娇,331069562
139,2016,10,28,深夜刷题，听歌很平静，gl 考研都加油吧,0,薄唇先生,327122739
140,2016,10,27,谢谢祝福，花了六年的时间，终于找到了幸福☺️等待没有白费,2,_深白色_,59098738
141,2016,10,27,失去了所有，自己又回到一个人。9月决定考研，现在一个人默默的看着书，感觉就快撑不住了，好想大哭一场大醉一场。。,4,西葫芦蛋饺,259908388
142,2016,10,27,谢谢 祝你也幸福,0,你爷爷在此丶,325629825
143,2016,10,27,一切都会过去,0,十年前的KFC香气缭绕,352349718
144,2016,10,27,还是害怕不经意间听到你的消息……但我，还是，想听。,3,凯神sir,49005676
145,2016,10,27,10年恋爱要化成泡影的时刻，我害怕再去爱,1,ranran-nicely,285036605
146,2016,10,27,[猫],0,94944626,121092783
147,2016,10,27,网易云音乐的评论大概是最大的树洞了吧,0,thePMdog,16655692
148,2016,10,27,因为你名字太霸气[大哭],0,但遇你,77324598
149,2016,10,27,..........半夜千万别听。,0,evelinnn,6542217
150,2016,10,26,和我一样，朋友不在，父母没来，周末追剧自己一个人笑到流泪，自说自话。没有男朋友，心里空荡荡，好像很怕另一个人闯进自己的生活但又不想一个人，空空的房间空荡荡的心里很矛盾。希望我们都能找到自己爱的那个人对的那个人幸福下去吧。,5,你爷爷在此丶,325629825
151,2016,10,26,同为考研友，祝我们都好运！,1,木月-时光如斯,345838347
152,2016,10,26,害怕不经意听到你和她的消息[心碎],2,还好你够特别耶,281796129
153,2016,10,26,哇。我又哭了。,1,iSrsrs,46400426
154,2016,10,26,同为考研友，加油[呲牙],0,vicky橙子不甜,281406439
155,2016,10,26,回忆 回忆 满满的回忆呀,2,熟人轻心,268350314
156,2016,10,26,还是会害怕一个人,3,超级无敌美小政-,55752808
157,2016,10,26,理性如我，也会有感性的时候,1,星流Estela,329081341
158,2016,10,26,感觉这首歌句句歌词都很符合我现在的心情,1,今晚星星会进入梦乡吗-,119874998
159,2016,10,26,我在北京地下室的时候才六平方多，没有窗户，阿杜唱的我一闭眼就是天黑，可在地下三层，睁开眼睛天也是黑色的。不过这也没有什么，不要抱怨，一切都是暂时的，加油！,5,初夏的515,310507347
160,2016,10,26,异地恋，学医，假期也不能见几次面。也许是我们都变了，或许我让她失望还是她有新的好奇。从曾经的抵触到感动最后爱上依赖，这就是你口中说的我幼稚吧！临床实习见证了那么白头偕老，目睹了人性的丑陋，但我还是相信爱情，时间静好，60天后考研初试，去南方，邂逅一个我能蹲下给她系鞋带的爱情！,9,薄唇先生,327122739
161,2016,10,26,当拥有已经是失去，就勇敢地放弃,2,用户36542673,36542673
162,2016,10,25,"是吗
",0,小小星儿啊,345535414
163,2016,10,24,想他了 ,1,LifeGoesOff,322998571
164,2016,10,24,我还是会在夜深人静时候想起你,2,MintJung,67698175
165,2016,10,23,我爱你,0,JIAHANG6,261661608
166,2016,10,22,我也有过这么一段时间，天天疯狂的工作让自己忙碌着，让自己忙到没有时间去想，时间是很好的良药。。。,0,叶叶O,329143903
167,2016,10,21,害怕 很是害怕 ,1,过气大侠,255846769
168,2016,10,19,完全理解你，我也是这样！！！！,0,yankun_mao,45789065
169,2016,10,19,还是害怕夜深人静时会想起你,0,唯西纽扣,255948358
170,2016,10,15,还是害怕会想起你 ,0,不想长大的小朋友i,275557943
171,2016,10,14,还是害怕想起你,0,一只只会乱钻的小丁丁,293294341
172,2016,10,14,被这首歌的回忆覆盖了,0,尘谜海,275739088
173,2016,10,12,是的，当初的情人像陌生人一样擦肩而过，不发一声声响。,0,Lismyseason,341012389
174,2016,10,4,你在变 我也在变 以前不是现在了,3,幼苗十一,252658022
175,2016,10,3,谢谢，我一直在寻找属于我的那份幸福,0,_深白色_,59098738
176,2016,10,2,以后的生活会越来越好 祝你幸福,1,草莓爱上葡萄树,246128699
177,2016,10,1,有味道,0,带上耳机跟我走吧,73568260
178,2016,9,29,好听🌹,0,矜持的睡戳了,60423445
179,2016,9,28,呃,0,最後一只驴,293354703
180,2016,9,26,相信会找到一个携手到老的,0,_深白色_,59098738
181,2016,9,24,同感,0,六便士与moon,76411186
182,2016,9,23,已经不知道恋爱是什么味道了。。。,0,_深白色_,59098738
183,2016,9,16,牛逼,0,六便士与moon,76411186
184,2016,9,14,再见了 你,0,mad0g,132895027
185,2016,9,13,很好听 安静,0,八八八19,62884608
186,2016,9,12,害怕…,0,香菜菜,81167396
187,2016,9,11,我也纳闷。。。,0,Blacktulip21,65708223
188,2016,9,10,就喜欢安安静静地听孙燕姿,1,鱼雨子酱,50983533
189,2016,9,9,这么好听的歌没评论真是不服,0,老孬蛋123,108634207
190,2016,9,7,当分手只差说出口,2,不冬眠的乌龟,278680909
191,2016,9,7,不可能忘掉的。。。只能放在内心深处，不去打开而已，封存。只要付出过真心就不可能忘掉。,0,Blacktulip21,65708223
192,2016,9,5,我的思宇啊。[爱心],0,RazIiubit,104327461
193,2016,9,4,你终究是我的软肋[哀伤],1,花不开树不长,300630473
194,2016,8,27,忘、,0,不吃辣的火锅少女,133159393
195,2016,8,27,"i will be a loser, because of. u.",2,阳春白莹雪,124591117
196,2016,8,26,10年……,0,galaxy_jingjing,297061008
197,2016,8,25,好久没听这首歌，突然听见觉好熟悉....,0,芙之洋,301572829
198,2016,8,24,蚊帐是万能的，不仅防蚊子还防老鼠小强[大笑],0,_深白色_,59098738
199,2016,8,24,"还是害怕夜深人静时总想起你
还是害怕不经意的听见你的消息

所以11年的感情就这样放弃吧",1,jin_hw,18147215
200,2016,8,24,是很清晰还很烦人,0,会飞的小笨笨狗,122857519
201,2016,8,24,嗡翁嗡翁,0,_深白色_,59098738
202,2016,8,23,嗯[呆],0,_深白色_,59098738
203,2016,8,23,怎么会这么少评论？？,0,_皮格马利翁-,131771856
204,2016,8,23,六年 你一直单身啊？,0,六便士与moon,76411186
205,2016,8,23,是啊 他也是开始挽留我。我拒绝没领情，等我觉悟过来再去找他，他说被我伤太深。,0,六便士与moon,76411186
206,2016,8,18,难过,0,崔大佳-,113328978
207,2016,8,17,嗯,0,会飞的小笨笨狗,122857519
208,2016,8,17,太深刻了,0,淼淼水枕,72564940
209,2016,8,16,初恋情结,0,会飞的小笨笨狗,122857519
210,2016,8,16,爱自己,0,会飞的小笨笨狗,122857519
211,2016,8,16,夜很安静，蚊子的人嗡嗡声很清晰,2,会飞的小笨笨狗,122857519
212,2016,8,16,爱个屁~[大笑],0,操大,38953566
213,2016,8,14,爱,0,JarvanYoung,246022236
214,2016,8,14,[18],0,安二路角,289854099
215,2016,8,13,果然不出我所料，评论都在另一个版本里辣，搜索 害怕 就可以找到啦,0,爱意ayi,262582700
216,2016,8,13,这么好听的歌居然没999+？无法令人信服！！！！坐等999+！！！！,2,黒人小雨,77587070
217,2016,8,12,不要害怕,0,-zZ-zZz-z,302066077
218,2016,8,11,伴着这个声音，努力锻炼……,0,伊祎,96923720
219,2016,8,11,第一次喜欢的那一年听变了我姿的所有歌，在KTV点的都是，总会唱出哽咽的时候，两年没联系没见面，两年后的一个背影依然能够让我呼吸紧促，眼睛湿润，而现在已能平静对待了,0,Renan_266,108645258
220,2016,8,11,最害怕从此以后谁都不爱。,0,kiwiaide,18766687
221,2016,8,10,经历告诉我们，不要太依靠任何一个人。因为最难熬的时候永远都是自己陪自己度过。真心的祝你以后每天开心，愿不安与烦躁远离你的生活。做一个幸福的女生。在听你喜欢的歌单[可爱],1,YeJoey,308873975
222,2016,8,10,幸好我不害怕。,0,旧人不覆嗯,312875447
223,2016,8,10,高中疯狂循环的歌，大三的时候在这看见，居然评论这么少，不过也无所谓吧。,0,Rembrandt___,52780073
224,2016,8,10,:),0,松生空谷__,107228314
225,2016,8,10,坚强是明明害怕还是走下去,0,喜欢夜的我却睡的很早,72673116
226,2016,8,10,评论这么少不科学,1,mayleslie,253406156
227,2016,8,9,8.8七夕 翻了这歌出来听[晕],2,_大猫o,124508980
228,2016,8,9,讲真。局外人才能看的清，局中人就是很难释怀。,3,晶晶咪呀,289531386
229,2016,8,9,初三，还是唱片市场淘来的磁带，反反复复地听，种的一小盆薰衣草也跟着听歪了脖子,1,Durrat,61051105
230,2016,8,9,[生气],0,斯蒂芬关雎,279069981
231,2016,8,9,分手后，和你正式不见一周年了，可是还忘不了你，又找了女友，又分手，但自己想起来的分手，还是和你分手。,5,淼淼水枕,72564940
232,2016,8,9,好像有时候就是，心中想去寻找一个答案，到头来发现答案就在身边。好像说的不是一回事[吐舌][吐舌][吐舌]人生在于经历！,0,雪域异人,98557951
233,2016,8,8,害怕自己长不大，沉鱼一直的安慰……不要淘汰了我,0,沉郁沉鱼,289802621
234,2016,8,8,想念一个不可能的人真的只能用心如死灰来形容最切贴。,1,YeJoey,308873975
235,2016,8,8,[可爱],0,天青欲雨人未归,86285578
236,2016,8,8,[爱心][爱心][爱心][爱心],1,狸呀狸,121758385
237,2016,8,8,还是害怕,1,人间失君,110172047
238,2016,8,8,[爱心][爱心][爱心],0,星星落在了喜欢的海里,130126257
239,2016,8,8,音乐是个好东西，让相同遭遇的人惺惺相惜！,1,草草呦喂,262335939
240,2016,8,8,从来不敢轻易说分开，她说过不止99次的分开我都去挽留，直到我说出一次分手，才知道失去的味道。然而时间过去六年，她换了几个男友，也快结婚了，我却从那之后一直单身。只为了一个合适的时间合适的人,2,_深白色_,59098738
241,2016,8,8,时间过去快一年了，发生了很多事情，感觉又走回了原点,1,_深白色_,59098738
242,2016,8,8,我也是这样觉得，特别是MV，悲伤到无法释怀,1,_深白色_,59098738
243,2016,8,8,我也任性地放弃了他 他有挽留 可是我就是倔  后来想通了 去百里外的地方找他  他被我伤太深 决心忘掉我了[大笑] 不过也好  不喜欢的人再怎么努力也没办法 加油啦~ 向前走！,2,胜铉呐,130242566
244,2016,8,8,[可爱],1,_深白色_,59098738
245,2016,8,8,什么玩意  评论少的版本怎么又被顶上来了  999+版本的害怕又被挤下去了....,1,wyyyyyyyyyyyyyyyyyyw,258565399
246,2016,8,7,"时隔一年，我又出现，联系上所有人，没有再敢联系你，怕，你还是没有原谅我，怕，不知道怎么开口，怎么也轻松不了，我，想你了，你想我吗？是否可以忘记过去不愉快的那些？
",0,星星月亮和她,91845230
247,2016,8,7,看歌名想到那个“害怕”的表情包😂,1,卓夕_,278584535
248,2016,8,7,我永远都不可能和你在一起,2,梦想滴力量,125798303
249,2016,8,7,他喜欢孙燕姿的歌，我想尽量了解他所想他所感他所念，可毕竟就算孙燕姿的歌全部听完，也依然不能缩小7岁的差距，周一老师说，两个人差七岁是最好的了，可现实并不是这样的。我今天换头像了，最后一次害怕,1,猫耳朵_Mon,280580340
250,2016,8,7,我不怕。我已经忘了你。我不觉得我受伤。因为我心甘情愿啊,0,原来是草莓a,279449928
251,2016,8,7,我害怕的一个人孤独终老，但我更怕的是爱情……,1,草草呦喂,262335939
252,2016,8,7,来抱抱！,0,草草呦喂,262335939
253,2016,8,6,忘 很害怕忘了自己当初多爱你 想 此刻你依旧是我柔软心口不能触碰的伤,1,月亮是我的-,130845809
254,2016,8,6,再害怕也要站起来,0,W______e,49983997
255,2016,8,6,好熟悉的歌,0,Wanged,14175174
256,2016,8,6,我就在夜深人静的时候听着💔,0,帐号已注销,287758225
257,2016,8,6,以前 还在用着mp3的时候 不知道 循环了多少遍 ,0,七喜的七七,252284323
258,2016,8,6,2016.8.6。  21：18,1,-行走在岸上的光屁溜的大白鱼-,104586589
259,2016,8,6,嘿，吕佳正，生日快乐。最后一首了。是不是有点想我。哈哈。歌单里有一些难过的歌，也有一些还可以的歌，这是份挺奇怪的生日礼物，竟然是送一份歌单，我真是神。因为好像没有别的立场送别的。以后啊，要过让自己开心的日子，做让自己开心的事情，跟自己心动的人在一起。最后祝我阿正哥哥生日快乐。,3,-行走在岸上的光屁溜的大白鱼-,104586589
260,2016,8,6,想起高二特别爱听这首歌，觉得是孙燕姿最难过的一首。那时真是年轻呀，好怀念。,0,sk-子非鱼,305563931
261,2016,8,6,我没有很努力要自己去遗忘，但却害怕想起你，见到你，还是忘了吧，各安天命，相忘于江湖。,2,千钧南,265082110
262,2016,8,6,什么是害怕？害怕是不敢与你有关。,5,就是一匹智障的斑马,131668973
263,2016,8,6,沉淀好心情，准备迎接下一段美好，这份美好叫珍惜～,0,晶晶咪呀,289531386
264,2016,8,6,[色],0,你会吻我吗,57011734
265,2016,8,6,燕姿[爱心],0,橘子蜜糖_,48963860
266,2016,8,6,很好听的歌呀,0,慢热的柠檬,113625115
267,2016,8,6,忘,0,有梦想的年轻人王十一,111038372
268,2016,8,6,高中的时候就听过的 一直都觉得好好听 燕姿的歌根本就不用评论来证明它的质量[开心],1,北鼻北鼻one,68414659
269,2016,8,6,看到孙燕姿，就知道这歌好听。,1,凉皮hi,107631341
270,2016,8,6,@北鼻北鼻one 评论好少，可是好好听,0,八千兵散楚歌声,66227774
271,2016,8,6,一起走过的路一起吃过饭的馆子一切有你回忆的地方 我都害怕经过  你离开了南京 而我还在…,1,吃个锤子啊,94204260
272,2016,8,6,"我原来单曲循环的 才88？
",0,不愿透漏姓名的马路,57793607
273,2016,8,6,"害怕夜深人静时总想起你，
害怕不经意的听见你的消息，
害怕一个人时就很难忘记你，
害怕突然宁愿当初没有决定。",1,Anderson-Tree,54547520
274,2016,8,6,只有工作的时候才会像个活人，周五夜晚是最难过的，坐着地铁面无表情的从公司返回学校，累的不想说话，也就不想了。,5,阿芋,39898709
275,2016,8,6,来增加评论,0,许小许,124936020
276,2016,8,6,好,0,正直的天台君,52915463
277,2016,8,6,确实好听,1,你会治愈所有伤口,304574613
278,2016,8,6,我之前以为男生就该听听励志、快节奏的歌，不该听娇柔懦弱的歌。直到她，她走了，走了好久，在深夜听到这首歌，感觉好好听！,3,夕犁千寻,262512782
279,2016,8,6,即使他一次次的推开你，一次次让你走，可是忘不了怎么办。,1,爱恨皆苦丶,90839117
280,2016,8,6,忘记一个你在乎的人真的会很难吧,1,爱恨皆苦丶,90839117
281,2016,8,6,评论为什么那么少，不科学。这首歌不比燕姿其它歌差啊[惊恐],2,陪越越度过漫长岁月,3262185
282,2016,8,6,那么少,0,你看我笑的多开心a,274384805
283,2016,8,6,夜晚总是格外的长 日日如此,1,芝士溜了溜了,273698970
284,2016,8,6,漫长害怕,0,一一一四大耳,58218138
285,2016,8,6,为什么人这么少,0,Creeeam,78258801
286,2016,8,6,当拥有已经是失去 就勇敢的放弃🙃,1,ybbbbbbbbbb,64338729
287,2016,8,6,趁着评论少，赶紧说一句😂,2,单曲循环姑娘,129318420
288,2016,8,6,这首歌适合带着耳机躲在被子里听,1,香蕉爱吃不拿那儿,123473402
289,2016,8,6,第一个忘字 其他人永远唱不出燕资的感觉,1,How2doo,269086441
290,2016,8,6,有时候晚上会梦到一些梦 但醒来只能告诉自己 往前走 不要回头,0,醉眼酩酊,122325267
291,2016,8,6,今生所有好运拿去遇上了一个人 却放那个人走了 从此再也遇不见对我那么好的人,1,madmantough,301376192
292,2016,8,6,想你却害怕打扰你,2,弗拉达的小仙女,133499686
293,2016,8,6,大叔就算打打游戏也好过一个人在狭小的房间里压抑,0,帐号已注销,273230461
294,2016,8,6,只有一半,0,帐号已注销,273230461
295,2016,8,6,全部收起来了，其实我真的觉得有一天我会忘记你虽然这是你想要的，但是想想还是好堵,0,evavvvv,130702285
296,2016,8,6,第一次诧异评论为什么这么少,0,郁野Insecurity,44427364
297,2016,8,6,心痛,0,yougotmenow,262036891
298,2016,8,6,大叔，你现在还好吗,2,雪域异人,98557951
299,2016,8,5,想得倒美[奸笑],3,淋雨的小痞子,247672445
300,2016,8,5,我承认，我系好惊无左你，好惊你离我越黎越远,4,在大海仰泳的鱼,56114285
301,2016,7,28,害怕去爱，又害怕被爱，我们都一样,1,大汗哥,48971743
302,2016,7,26,我没有很努力让自己去遗忘。,0,天下卵生,128069303
303,2016,7,11,晚安。,0,然而r,67257539
304,2016,7,8,晚安各位,0,禾由姑娘,105143686
305,2016,7,8,晚安,0,彭于樂,246019146
306,2016,7,6,错过不是错了 是过了哦,1,wlmgtee,103467753
307,2016,7,5,[惊恐],0,Vionsion,268624156
308,2016,7,3,什麼鬼 50個評論[惶恐][惶恐][惶恐],0,彭于樂,246019146
309,2016,7,3,作为一个喜欢燕子7年的人，居然在网易云找到了一首以前没听过的好歌，真想扇自己一巴掌,1,听听歌打打游戏,87010687
310,2016,6,25,感动,0,Greenlif,124019485
311,2016,6,21,想,0,一杯长岛下肚,20444810
312,2016,6,16,有人发现吗，歌词看起来像是一颗心,8,taiziix,87370418
313,2016,6,15,还是害怕夜深人静时总想起你还是害怕不经意的听见你的消息。,0,7hEPe7eR,52081649
314,2016,6,8,第一次因为这首歌支持了一个音乐包[憨笑],0,当我们谈论昵称时我们在谈论什么,119385084
315,2016,6,6,好害怕,0,mmivan,103380352
316,2016,6,6,还是害怕。,0,丨十年一刻丶,99218213
317,2016,6,5,害怕.jpg,2,玛丽苏先森,82768283
318,2016,6,4,因为要钱所以没人,0,尘世间迷途小撒比,38425399
319,2016,5,29,害怕不知道怎么说出口[爱心],0,遇见冬夜渐暖i,87125428
320,2016,5,26,应该是版本的问题，另一个专辑里面的这首歌应该很火,0,羽之游离,89137567
321,2016,5,22,我什么都没有忘，但是有些事只适合收藏，不能说，也不能想，却又不能放。,1,一条含鱼,65107180
322,2016,5,21,害怕，了解，听这两首歌循环播放，边听边练采药，0-500，印象最深的就是悲伤沼泽神庙周围的湖底,0,湖畔镇镇长,85624153
323,2016,5,17,都好听。还有林俊杰那首害怕,0,小常子不爱xyz,124746341
324,2016,5,14,很久之前听过很有感触的一首歌 后来换了内存卡 这首歌消失在歌单里 今天居然在私人fm找到了它！[爱心],0,1rrlli,255172848
325,2016,5,13,好好加油💪🏿,0,邱心Emma,94199758
326,2016,5,9,[色],0,简单思未,38631958
327,2016,4,2,听见了总能哼两句，但真要唱绝逼唱不出来,0,法家大师兄,69582622
328,2016,3,31,在意才会怕吧。之前经常提醒你不要患得患失，顺其自然，现在是我，看的太重要，开始莫名其妙，不可理喻了。,0,Dyuen_,62918557
329,2016,3,28,還是想說  喜歡杰倫的很大一部分也愛燕姿好像,2,你_看起来好像很好吃,110892655
330,2016,3,26,最喜欢的一首歌[爱心],1,野雀十二,134012459
331,2016,3,24,浮躁的社会，我还能静静的一个人听歌，我觉得我多么幸福，有燕姿陪我世界与我何干？,1,扶疏轻絮,40471794
332,2016,3,24,深夜来顶，虽然一直单身，可是我能体会,0,围城1987,89194373
333,2016,3,15,最简单的最复杂  晚安。,0,说腻晚安,104309434
334,2016,2,25,不要害怕[哀伤],0,施展你的魔法,121230318
335,2016,2,21,做了个噩梦 她说要离开 打开云音乐正好播放到了害怕 我想还好 你还在 我不害怕,0,HM是一只圈养coder,20272437
336,2016,2,19,嗯嗯，总有些路要一个人走的,0,_深白色_,59098738
337,2016,2,16,加油 会好起来的,0,SIRIUS72,63529894
338,2016,2,7,新年快乐,0,干枯玫瑰粉色rose,87672559
339,2016,2,3,时光你慢一些,1,漫步阳光大步走,126698537
340,2016,1,20,最害怕忘不了你,0,NormanDi,76598168
341,2016,1,10,评论太少了，凑一个[亲亲][亲亲][亲亲],1,-------sl,100850679
342,2016,1,7,害怕一个人，害怕夜深人静，然而越害怕，才会越勇敢，决定放弃你。,0,lsoda,5756328
343,2015,12,30,哈哈[大哭],0,看我可爱咩,65911192
344,2015,12,26,说出真相还怎么装X,0,漫天纷乱你我沉默不回应,90293057
345,2015,12,7,大爱燕姿,0,橡子叔叔,37704281
346,2015,12,2,走下去。,0,羽山言诺,35320340
347,2015,11,13,陪我度过很多个夜晚。,0,说腻晚安,104309434
348,2015,11,5,很多个夜晚，一个人静静的单曲循环，很多记忆浮现…忘我没有很努力让自己不去想，打开整整七年多的日记本，有几个能体会这是什么心情，一个人吃饭睡觉上班过着两点一线的生活，每天跟不超过4个人对话，在10平米的出租房里闭着眼睛胡思乱想，打开日记却不知道记录些什么。被回忆淹没。,208,_深白色_,59098738
349,2015,10,29,#晚安曲#年纪大了会越来越爱听老歌=-=没有人想，原来就是一直“无所畏惧”的原因了,0,zxygsnow,51992861
350,2015,9,4,评论少是版本问题[大哭],0,看我可爱咩,65911192
351,2015,9,2,看到孙燕姿这个名字我就觉得评论多不多什么的都无关紧要，我一个人悄悄听多好.,186,0璀璨中的凋零0,36037399
352,2015,8,28,沙发,0,亲斤起点,62297627
353,2015,8,15,…我为评论添砖加瓦。[惊恐],0,米爷想变蟹老板,61216512
354,2015,8,3,"居然评论这么少！！
",0,李校尉,40378169
355,2015,7,16,占领沙发。最爱姿妈,0,暗星_西哎去斯,62532615
356,2015,7,13,没人 这不科学,6,怪我是狮子座,9530555
