index,year,month,day,content,likecount,nickname,user_id
1,2019,11,29,爱燕姿,0,8号小家家,580194314
2,2019,11,29,唱功666,0,8号小家家,580194314
3,2019,11,25,燕姿的歌总是在我孤独难过的时候陪着我。生活还很美好加油啊自己,0,那时候我们总有好多话,116094806
4,2019,11,23,燕姿好会唱啊,0,chenyuru0924,266077689
5,2019,11,22,你从前那些名字真的很美丽。,0,枭熠_,278206282
6,2019,11,19,今天孙燕姿女士官宣演唱会了吗？,0,ice-shade,562914486
7,2019,11,19,终于。,0,ice-shade,562914486
8,2019,11,14,词人是写不出词了吗……,0,Lydiaisdead,288173253
9,2019,11,13,努力等着你,0,不再寻,134606337
10,2019,11,13,听到心里去了,0,我是死湖密,55104177
11,2019,11,13,我没怎么听歌词，单纯旋律很美,1,得意尽欢吗,1995833702
12,2019,11,13,循环在听,0,得意尽欢吗,1995833702
13,2019,11,11,非常好听，年轻时的声音很有质感,1,得意尽欢吗,1995833702
14,2019,11,9,明年北京[爱心],0,-天太寒-,1747699488
15,2019,11,9,燕姿是个宝藏呀，越听越喜欢,1,爱吃柠檬的栗子,344122859
16,2019,11,9,我是900,1,爱吃柠檬的栗子,344122859
17,2019,11,6,陶喆 孙燕姿,0,鹿特丹的ST,591973236
18,2019,11,1,燕姿真的会唱啊！,0,809飞行器,382389158
19,2019,11,1,努力爱着你 孙燕姿,0,跳舞的反骨,33249451
20,2019,10,31,这个歌没有999，不科学,0,transcend0,279460949
21,2019,10,29,想等到你给我终于,0,木杉大树,95987690
22,2019,10,28,你知道收信的人永远都是我,0,不遑多让o_O,1944277967
23,2019,10,27,这首歌真的是小时候听不懂，现在听超棒,0,前思后想s,263560094
24,2019,10,25,某一些夜里，今夜也是,0,识刀客,623315109
25,2019,10,25,她的声音就感觉很真诚~,0,璀璨如此,283572221
26,2019,10,24,也太悲伤了吧,0,识刀客,623315109
27,2019,10,23,“十一月要买漂亮衣服，十二月有白雪和圣诞树，一月里来是新年，二月天气回暖，樱花和春天，或许还有爱情。一点一点数着过，日子也就不难熬了。”,0,一只大大大大大大大猪,127968112
28,2019,10,23,终于等到你 还好我没放弃,0,一只大大大大大大大猪,127968112
29,2019,10,23,结婚的时候可以放这首歌吧哈哈哈哈,0,GogoZhouzhou,1974709425
30,2019,10,22,“《终于》是一首歌”,2,晓曦Gao,404598606
31,2019,10,20,孙燕姿所有歌加起来，这个本来就算是冷门的，我不是按我的评判标准，而是用正确的意识去判断，哪像您，自己说什么就是什么,0,欢喜孙燕姿,325641238
32,2019,10,20,最后的最后，我也没等到一个终于[哀伤],2,未闻花香喔,1539330488
33,2019,10,17,当年高中时候，班里一个打篮球很帅的男生拿这盘磁带跟我换周杰伦的专辑听。,1,找一棵树,533040986
34,2019,10,17,你有你的评判标准，我也有我的评判标准，有什么可杠？你不听孙燕姿不代表其他人不听，有的人只听一两首热门金曲就装忠实粉丝，殊不知别人对于歌手的每一首歌都能倒背如流如数家珍。,0,龙卷风19900214,1662910838
35,2019,10,15,终于等到了我说我爱你，只是听的人不是你...,0,方池街的猫,254960243
36,2019,10,14,我也努力等着你！,1,難得一堅,645761304
37,2019,10,12,就是冷门还非得杠,0,欢喜孙燕姿,325641238
38,2019,10,11,曲不终...,2,OOH_YOO,371780001
39,2019,10,11,终曲,4,萌r_,1290520641
40,2019,10,6,孙燕姿这个名字念起来嘴角都是上扬的,2,Heyheyxfy,45158791
41,2019,10,3,难过 ,0,StefanieSuno,412651095
42,2019,10,1,"第一次听孙燕姿的时候我十二岁
如今已是十一点后",0,茴香lll,294136111
43,2019,9,27,燕姿充斥了整个中学时代,0,请给我个,438605078
44,2019,9,25,那时候我们说话都喜欢用终于，就像终于放假了，终于毕业了，终于离开这里了，终于过年了，仿佛任何的告别都像是一种解脱。最后我们才发现，那些自以为是的如释重负，才是让人想念的东西。,3,--和而不同,364813866
45,2019,9,22,这首歌对于孙燕姿来说还不算冷门？,0,逆光181227,1716231811
46,2019,9,17,这个歌超好听的,1,野生少女c,372185975
47,2019,9,13,好温柔,0,青衫大人-,494097358
48,2019,9,11,真的会还给我被抢走的爱情吗,0,就没有没人占用的昵称吗,258277299
49,2019,9,10,我了解那些爱过的人  心是如何慢慢在凋谢,0,然宇,54443487
50,2019,9,5,半年来第一次这么认真的听歌,1,毛毛虫0912,323067104
51,2019,9,5,难过,0,Shawn-黄,1964698
52,2019,8,29,也许会有更好更合适的他在等你。,0,Frankenstein独玖,606629941
53,2019,8,29,没有等到那个终于，一个错的人。,0,木心山石,1403121485
54,2019,8,26,好的呢,0,一个人的天空w,403894272
55,2019,8,26,刚才还在和老婆聊起燕姿，刚听燕姿时我才13岁，一个对未来和爱情充满了美好期待的少年，现在的我是一个幸福的2岁女孩的父亲，感谢燕姿，期待你来重庆开演唱会，必定全家捧场！,5,龙卷风19900214,1662910838
56,2019,8,26,这首歌真不是冷门好吧,0,龙卷风19900214,1662910838
57,2019,8,26,还是想和一个很温柔的男孩子谈一场恋爱！,5,或者不念想,1573057264
58,2019,8,25,易家扬作词诶！居然这么冷门,1,一个人的天空w,403894272
59,2019,8,25,哥 我爱你 谁让你喜欢燕姿 难受,0,零缺点-,545352622
60,2019,8,23,孙燕姿,0,sisi_yyyeah,594998874
61,2019,8,22,“偶而你会提起埋在你心里的过去，我在听 又爱听 又怕听，你从前那些名字真的很美丽。 ”  我会是你另一场回忆吗…,3,OysterMathea,1821856762
62,2019,8,22,这是一首特别有力量的歌，那种倔强，坚持，悲情，好让人感动，燕姿好多2个字的歌都好喜欢，眼神，了解，永远，任性，害怕，相信，都喜欢。期待演唱会,1,candy刘慧,346007874
63,2019,8,21,2000-2001出道了太多优秀的歌手 但是基本在2007-2008都开始走下坡路...,0,迷茫的小黄鸭,443366085
64,2019,8,21,不管是曲调还是唱腔都好温柔,2,脩木,1340128555
65,2019,8,21,我只不过是从天黑黑刚发表的那个夏天开始听她的歌而已[大笑],0,迷茫的小黄鸭,443366085
66,2019,8,20,不是姿迷你能来到这里，实属珍惜[大哭],2,皓月星尘,499727006
67,2019,8,18,竟然没有999+,0,吃橙子果的火龙,73862847
68,2019,8,18,林俊杰，孙燕姿,0,吃橙子果的火龙,73862847
69,2019,8,14,你知道收信的人永远都是我,2,漫长长长长,68826717
70,2019,8,13,终于,0,Frankenstein独玖,606629941
71,2019,8,13,此刻在等一个终于,1,木心山石,1403121485
72,2019,8,10,太爱这首歌了，希望每个人都能等到她的“终于”❤️,0,cy909191,254876722
73,2019,8,7,等不到终于,0,太阳底下0723,16072610
74,2019,8,7,终于,0,太阳底下0723,16072610
75,2019,8,7,一路把你评论看下来，很感动，重温了当初喜欢上燕姿的那种纯粹,0,JamesMcAvoy,32617670
76,2019,8,7,前奏开始就喜欢,0,-甛甛甛-,1329282840
77,2019,8,6,我之前一直羡慕她命很好，像我从出道以来，几乎没有一个地方没被讲过，从外表到歌艺到绯闻，可是她好像都没有杂七杂八的新闻，大家就是很注意她的音乐,2,识刀客,623315109
78,2019,8,6,在这个圈子里有这样的朋友在身边很不容易，所以我很珍惜我们的友情。”我记得我跟燕姿第一次讲话，是在一场校园演出的后台。那时候觉得这个人很瘦，长得很像郑秀文，聊天之后，发现她有话直说，也很有正义感。,4,识刀客,623315109
79,2019,8,6,我去新加坡工作时，燕姿整天带着我到处玩，那几天让我们又互相了解了更多，单纯的燕姿有种神奇的魔力，我觉得她好像能给我一种不可思议的力量，我在自己的书里也写了这样的感受，我们在一起会共同分担很多压力，我遇见什么不开心的事情她都会帮助我。,0,识刀客,623315109
80,2019,8,6,"蔡依林
“我跟燕姿都是那种开朗、直接、不做作的人，这是让我最兴奋的事情。还记得第一次听到她唱《天黑黑》时，感觉就像是天使在唱歌。因为印象中的她非常有才气，于是就很想认识她。”",5,识刀客,623315109
81,2019,8,6,"杨丞琳
我觉得燕姿是一位非常非常有上进心，然后率直的一个女艺人。说真的，她是我的偶像，所以从她出道以来，我就一直很注意她的表现，一直会求新求变，然后不断求进步的人，所以我觉得她的精神是值得大家学习的",5,识刀客,623315109
82,2019,8,6,燕姿具备有少见的“真诚”特质。当我们年纪愈长愈大，走进社会之后，常会觉得好像愈来愈难有可以坦诚、真正交心的朋友，但在燕姿面前，让我觉得可以打开心防，讲一些心事，甚至访问结束后，还觉得彼此可以常常通电话，聊聊天、谈谈心。,3,识刀客,623315109
83,2019,8,6,"伊能静
孙燕姿的声音是我认为最有生命厚度的，那里面包含著她对自己生命的自由以及追求，每一次听她唱歌，我的心都会好安静",2,识刀客,623315109
84,2019,8,6,"郑秀文
我一直很喜欢孙燕姿，觉得她很纯真",2,识刀客,623315109
85,2019,8,6,"李敖（文化名人、作家，就不单列了）
如果你问我李敖啊，新加坡出类拔萃的人，除了李光耀、他儿子（李显龙），这些政治人物以外，我李敖只能想出一个人，我所知道的，就是一个可爱的女孩子，孙燕姿……",3,识刀客,623315109
86,2019,8,6,"萧敬腾
他一见到偶像，嘴里直说：「孙燕姿 ，我从以前就好喜欢她。」工作人员问他想不想合照？萧敬腾害羞地说：「可以吗？」孙燕姿脂粉未施，大方答应合照。",4,识刀客,623315109
87,2019,8,6,"大炳
我觉得孙燕姿是个非常厉害的角色，她不用靠多华丽的言辞，和哗众取宠的动作，她就能够笼络无数歌迷的心",1,识刀客,623315109
88,2019,8,6,"曹格
希望孙燕姿为他煲汤：“搞不好我还得煲汤给她喝，不过我还挺乐意的，因为她是个很有魅力和个性的歌手。”",1,识刀客,623315109
89,2019,8,6,"JS组合的贾斯汀：
“我要谢谢燕姿，她让我找回信心。”当时在歌坛发展不顺利，甚至产生了轻生的念头，给燕姿写的《THE-MOMENT》甚至都想放进遗嘱中。还好这首歌被燕姿唱红了，贾斯汀重新出了唱片，取得了不错的成绩。",1,识刀客,623315109
90,2019,8,6,她只要看过几遍歌谱就可以丝毫不差地唱出来，真的很不一般，这让我们几个都非常惊讶。后来，在五月天的“天空之城”演唱会上，孙燕姿突如其来的捧场让五月天非常感动。,1,识刀客,623315109
91,2019,8,6,"五月天的阿信
燕姿是个很吸引人的女孩子。当初我们一起合作《王子面》时，她给我的印象就很特别。没见到她以前，我一直认为她是那种很害羞的人，实际上燕姿很健谈，大方又风趣。",1,识刀客,623315109
92,2019,8,6,"侧田
我入行前将孙燕姿的照片贴在办公室中，（孙燕姿有何吸引之处？）她很高傲，说话都很高傲。",1,识刀客,623315109
93,2019,8,6,"潘玮柏
从VJ转型当歌手时遭质疑，“有人问我，在执着什么？就接受命运吧。但那时CoCo帮忙介绍唱片公司，燕姿也鼓励我有梦就去追求，很谢谢她们。”",1,识刀客,623315109
94,2019,8,6,"阿杜
孙燕姿是新家坡华人的骄傲,她那么有才华,会写会唱,性格也很温和,有时候像小男生",0,识刀客,623315109
95,2019,8,6,"成龙
赞孙燕姿的型很特别，需要是有个性的角色，并非任何剧本都适合",1,识刀客,623315109
96,2019,8,6,"刘德华
她太像一个人，像一个普通人，她生活正常，累了需要休息，这不是艺人的行为，这也就是她的魅力所在。她不像大明星，只是一个你我们身边都有的一个，很有才华的人。她的歌曲不是世界名曲，但她唱出来，声音和感觉很衬，很有感觉。",3,识刀客,623315109
97,2019,8,6,很悲伤的一首歌,1,识刀客,623315109
98,2019,8,6,很喜欢,1,识刀客,623315109
99,2019,8,6,真真是冷门神曲啊,1,识刀客,623315109
100,2019,8,6,"别灰心我只想告诉你
时间会还给你被抢走的爱情
这世界很公平",3,识刀客,623315109
101,2019,8,6,"别忘记写一封求救信
你知道收信的人永远都是我",4,识刀客,623315109
102,2019,8,6,"努力爱著你
打定主意也许我是你另一场记忆",3,识刀客,623315109
103,2019,8,6,"终于等到了你说爱你
终于看到了我
终于听到了我说爱你
你终于听到了我
终于",1,识刀客,623315109
104,2019,8,6,"我相信有一天你会说
这一切还好有我陪你走下去
从前你没注意",1,识刀客,623315109
105,2019,8,6,"我在听又爱听又怕听
你从前那些名字真的很美丽",1,识刀客,623315109
106,2019,8,6,"你不会知道的
某一些夜里
偶尔你会提起埋在你心里的过去",1,识刀客,623315109
107,2019,8,6,"努力等著你
我很小心偷偷待在你世界里",1,识刀客,623315109
108,2019,8,6,燕姿12张专辑，百余首歌，但其实真就是快歌，慢歌两种。快歌以早期的《超快感》、《神奇》、《绿光》为代 表，慢歌以《天黑黑》、《风筝》、《尚好的青春》为代表。而之后的每张专辑也都是如此。,1,识刀客,623315109
109,2019,8,6,唱出了80后一代人的心声。至今，当年的大学生，提起这首歌都充满感动，情不自禁。而这首歌即是燕姿唱功最好的体现，音域 并不算广，唱腔清澈而干净，音色却极有辨识度。,3,识刀客,623315109
110,2019,8,6,“天黑黑”，表示了孙燕姿对小时候的自己的回顾，对现在的处世感悟，对回不去的曾经的自己的哀悼，并告诉世人家是最好的避风港，也是 人们勇敢前进的力量 。是孙燕姿最重要的代表作之一。,5,识刀客,623315109
111,2019,8,6,2000年6月，孙燕姿第一张专辑发布，一首《天黑黑》红遍台湾大街小巷，占据了各大排行榜的前几名。歌曲灵感来自于台湾民谣，采用了钢琴的纯简伴奏，词 曲中间穿插着传统民谣“天黑黑”，表示了孙燕姿对小时候的自己的回顾，对现在的处世感悟，对回不去的曾经的自己的哀悼，并告诉世人家是最好的避风港,4,识刀客,623315109
112,2019,8,6,女儿对音乐的热爱也感染了母亲，获得了家人的支持。母亲为女儿报名了李偲菘音乐学校，学习唱歌。一个好的平台是人成功的关键，在这里遇到恩师李偲菘和李伟菘奠定了孙燕姿整个歌唱生涯最重要的基础，并在此后长久的时间里，是其成功的引路人和护航者。,3,识刀客,623315109
113,2019,8,6,"【一举成名】
孙爸爸是燕姿的音乐启蒙人，让女儿琴棋书画样样精通似乎是每一位爸爸的希冀。五岁时，燕姿开始学习钢琴，虽然枯燥，但是燕姿却因此着迷。十岁时，在爸爸朋友的一次聚会上，首次登台表演，就有些星光范。升入大学后，也组建了自己的乐队，担任主唱。",4,识刀客,623315109
114,2019,8,6,她是一个时代的符号，是80、90后这代人的共同回忆。她更是一位纯粹的歌手。十六年来，从没有一位歌手，给我们带来如此多的感动。,3,识刀客,623315109
115,2019,8,6,孙燕姿演唱的《爱情证书》和《天黑黑》，老老实实地把歌唱到了简单的深处，而不像那种叽叽喳喳地故意扮俏皮，这是一种歌手走向成熟的姿态。,3,识刀客,623315109
116,2019,8,6,《终于》 这首歌李偲菘作曲，易家扬作词，是新世纪空灵画面式情歌 。,3,识刀客,623315109
117,2019,8,6,《超快感》表达了新人类新势力新的爱情观，从来没有一种速度，可以像爱情超快感一样翻山越岭。,3,识刀客,623315109
118,2019,8,6,孙燕姿录制的专辑《孙燕姿》，开始懂得在歌曲里纪录自己的心情 ，她就像我们认为的一般女生，唯一最特别的是从来没有一个二十二岁的女生，像她这样唱歌 。,3,识刀客,623315109
119,2019,8,6,慢慢聆听。,0,Kepler小姿,342372326
120,2019,8,6,一样,0,Yu天听雨天,469210568
121,2019,8,5,复习复习老歌，日常等待13姐演唱会！,1,芃芃橙,393608509
122,2019,8,5,很快就有999➕了,1,YXstefanie悦兮-求黄金守护保护,394037658
123,2019,8,5,害怕听到的前奏……以后每天都来听一遍,1,YXstefanie悦兮-求黄金守护保护,394037658
124,2019,8,4,日常系列宝藏歌曲,2,YXstefanie悦兮-求黄金守护保护,394037658
125,2019,8,3,越来越懂这首歌 我能等到你的终于吗,0,由唱到听,117439976
126,2019,8,3,我的爱情在哪里,0,烫口,330106111
127,2019,8,3,16年的暑假，打着游戏 听着燕姿的歌 最美好漫长的假期,0,今天美好且平凡,551345119
128,2019,7,31,从前你没注意的注意发音很燕姿啊,0,参宿七1989,418890129
129,2019,7,31,杰伦,1,参宿七1989,418890129
130,2019,7,28,好听，但真的冷门，几乎没怎么唱过现场,2,识刀客,623315109
131,2019,7,26,"下雨也好，迷路也好，连风都知道
我不要将你绑住一秒，我也知道天空多美妙
一个人闷到慌，也不想作罢
终于在长期折磨里得到免疫
不再起身道别，不再折返重回
我只想在兵荒马乱中找到和平


",4,我的夜盲症就快要变永恒a,1380129109
132,2019,7,26,暗恋者的卑微,0,Sunny玮瑜,546061293
133,2019,7,26,燕姿 什麼開巡迴演唱會啊,0,发霉咯,8918672
134,2019,7,23,燕姿  生日快乐[蛋糕] 大家去听新歌《守护永恒的爱》～,0,_不加糖有点甜,128108088
135,2019,7,21,一首一首听。,1,阳阳的小电台,53625248
136,2019,7,19,这么好听，竟然没有999+,0,可阳快飞,115746724
137,2019,7,18,.我设计了一万种方式遇见你，可是一直害怕一次真正的相遇。。。,1,做祢的小可ai,1910326320
138,2019,7,17,偶尔你会提起埋在你心里的过去36,1,昵称已被占领0,623401086
139,2019,7,17,早上也适合听,0,昵称已被占领0,623401086
140,2019,7,16,你不会知道的,0,出海牡蛎_,122765296
141,2019,7,15,终于听懂了这是唱给自己的。摸摸头。好好爱自己。。时间会还给你被抢走的爱情,0,猫爷三两半,1450088804
142,2019,7,14,孙燕姿真的好温柔啊[爱心],1,人间美好值得,540448884
143,2019,7,13,天哪 冷到评论都没999[呆],2,嘻嘻最可爱,300951532
144,2019,7,13,在这首歌的评论999+之前来占个坑， 我爱燕姿姿！,0,hydrogenhi,1597587086
145,2019,7,13,时间会还给我被抢走的爱情？,1,我的夜盲症就快要变永恒a,1380129109
146,2019,7,13,凌晨四点，被这首歌惊艳到了。,1,我的夜盲症就快要变永恒a,1380129109
147,2019,7,12,大爱燕姿!,0,标量-时间,1467060801
148,2019,7,10,中间的转音是高潮！,1,好茶要品,27927282
149,2019,7,10,终于这首歌要带上耳机静静地听，太美妙了！在我心中这一首是第一！,1,好茶要品,27927282
150,2019,7,10,五月天是乐团呀),0,黑色键盘上的白色ctrl,317044797
151,2019,7,8,我还能再喜欢燕姿20年,1,任性的梵谷,1386801030
152,2019,7,7,扎在深渊里，呼唤着和平。,1,changed_man,97287750
153,2019,7,5,时间会还给你被抢走的爱情,1,迅哥_我是猹,315736978
154,2019,7,5,夜晚更合适听,1,昵称已被占领0,623401086
155,2019,7,2,我只想告诉你，时间会还给你被抢走的爱情[爱心],1,swelkin,58752429
156,2019,6,30,林宥嘉/孙燕姿,1,才不是你的小兔叽,535487147
157,2019,6,29,孙燕姿不管是多少个字的歌都好听,17,Stefanie_sun_taylor_Swift,1520826834
158,2019,6,29,慢慢慢等,0,Stormeyy,258761799
159,2019,6,29,好卑微 好难过,1,牙牙在乐,275052344
160,2019,6,28,老账号上不去了 新号点赞,0,时间让你我痊愈,1869245560
161,2019,6,27,我在听 又爱听 又怕听,2,Stefanie71,410964408
162,2019,6,27,这歌真的好听,0,姿迷,7559252
163,2019,6,26,打卡,0,梦想太远午餐吃饭不吃面,256522772
164,2019,6,20,我喜欢的只有歌 没有歌手这个说法[惶恐],0,迷茫的小黄鸭,443366085
165,2019,6,20,等不到,0,Stefanie71,410964408
166,2019,6,19,燕姿这两个字就好听,8,_shengxiang,57645729
167,2019,6,17,我觉得这是特别有姿式唱腔的一首歌，那浓浓的鼻音啊，爱了！副歌太抓人了。,1,燕姿钻石,325132325
168,2019,6,14,燕姿最卑微的一首歌了,0,钥匙tt,102355058
169,2019,6,14,好特别的一首歌，好卑微，好歇斯底里,0,钥匙tt,102355058
170,2019,6,11,大概是憧憬过后在刚好的时候终于等到了。,1,跳舞的yanzi,287088787
171,2019,6,11,于是这首歌里的主人公到底是等到了还是只是憧憬？,0,simpleeq,303570484
172,2019,6,10,這首歌好高級，如果有一天，我也終於聽到了，我就把這首歌放給你聽,2,blue今天不blue,247908657
173,2019,6,9,祝有情人终成眷属,0,40先森,570922053
174,2019,6,8,[多多无语],0,唐某不沾刘女,347702944
175,2019,6,8,努力等著你 我很小心 偷偷待在你世界里 你不会知道的,0,捕梦少女的信箱zlyy,607691914
176,2019,6,8,好听,0,moniisi,37783140
177,2019,6,4,今日份单曲循环曲目,0,恒星光年,73676479
178,2019,5,28,一模一样,0,阿樊呦,543521907
179,2019,5,27,“别灰心 我只想告诉你 时间会还给你被抢走的爱情 这世界很公平” [皱眉],1,Darlinen,99766702
180,2019,5,25,我永远不会等到一个终于,0,猪猪召唤师,86043344
181,2019,5,24,突然间好想听这首歌，忘了歌名的我，只记得有终于两个字，居然在第一张专辑就找到了，莫名很满足,0,半票清晨,515749052
182,2019,5,24,我想留住的不是你，而是那段时光，是时光里的我和你。我们两个人。,1,我要ZHONGJIANG,294310248
183,2019,5,24,为什这些歌都这么共情,0,我要ZHONGJIANG,294310248
184,2019,5,23,生活啊,0,Bassyouare,347704683
185,2019,5,21,一定要告诉他你对他的感觉,0,找寻不得,264810158
186,2019,5,19,这首歌居然是第一张专辑里的！？,1,mathroccck,321013777
187,2019,5,19,半夜戴耳机听一听好安静感觉三两年没这种心态了,0,爱吃蔬菜的土豆,76303669
188,2019,5,18,我还在等这个终于,0,摇摆在风中的胖子,83229442
189,2019,5,16,一个任性的我,0,Smoothnike,267465241
190,2019,5,12,来听听燕姿早期的歌,0,如人饮水181208,1697392622
191,2019,5,12,燕姿四个字的歌也好听,5,克卜勒12345,341391557
192,2019,5,10,我还在等这个终于。。,0,别吵让我听会歌,99638928
193,2019,5,5,你不信你知道，时过境迁你可以这样伤我,1,深夜女明星,365131964
194,2019,5,3,我先走，但之后他走的更远了，我~不该先转身,0,Tinyung宝宝,10062398
195,2019,5,3,你真的走了么？,0,拥夜1703,442580693
196,2019,5,3,终于你只属于我的心，只有在那里可以肆无忌惮想起你,0,拥夜1703,442580693
197,2019,5,3,但还是想爱你，只是你不再给我权利，你总说，说要静静，我只能等待，什么也做不了,0,拥夜1703,442580693
198,2019,4,28,"“终于”这个词真好后面可以有无限的填补……
终于，等到你
终于，我们牵手了
终于，我放下你了
终于，我不会想你了
终于，再也不怕失去你",4,不啊可能是何同学,445780068
199,2019,4,28,好喜欢的歌啊，燕姿太独特的音色，浓浓的鼻音简直太迷人了。,1,燕姿钻石,325132325
200,2019,4,27,失眠听这首歌 好有感觉,3,说放弃要放哪里,9683208
201,2019,4,20,最喜欢林俊杰/孙燕姿，也喜欢杰伦,0,跳舞的梵谷180218,1376268079
202,2019,4,20,林俊杰,1,跳舞的梵谷180218,1376268079
203,2019,4,20,孙燕姿三个字的歌也好听,5,跳舞的梵谷180218,1376268079
204,2019,4,20,终于等到了,0,另-张脸,56020714
205,2019,4,16,孙燕美呢？,0,擎天moun,2714614
206,2019,4,16,最打动人的是最后一个终于后的一切,2,郭小锅505,315683284
207,2019,4,15,评论少不代表听的人就少,1,会膨胀的萝卜丝,333285925
208,2019,4,13,李伟菘+易家扬 这种神仙配置居然不火，不过不火也好，自己默默收藏,4,snsd--,123692741
209,2019,4,10,第一遍就哭辽，宝藏燕姿,1,PlasticFlowerhhhh,133683163
210,2019,4,9,宝藏曲目🎵,3,溜边的黄花鱼儿,509383517
211,2019,4,5,有一天  你会说  这一切还好有我陪你走下去,3,麦田里的kakashi,70417399
212,2019,4,2,这首歌没有mv，却是我这么多年经常想起的一首歌。,4,小豹315,568608260
213,2019,3,31,时间会还给你被抢走的爱情,0,张紫宁的侧脸,37236080
214,2019,3,30,715😘,0,果果茄茄的,406382386
215,2019,3,30,孙燕姿冷门的歌都这么好听😱😱😱,2,暗时云渡月,453652318
216,2019,3,29,每次听到都要来评论m一下,1,訾央伪装小漠漠,247480354
217,2019,3,27,春暖花开32,0,昵称已被占领0,623401086
218,2019,3,23,助攻,0,judelc,99703579
219,2019,3,20,终于等到你,0,另-张脸,56020714
220,2019,3,19,终于，终于放过你也成全了我自己。,1,shawnhanzhang,104202908
221,2019,3,19,你不会知道的,1,没人比我更爱韶涵和燕姿,1332471327
222,2019,3,16,等等等等,1,Stormeyy,258761799
223,2019,3,15,每天去肯德基等她放学的时候总能听见这首歌，半个小时过后终于等到她放学,1,tovelo1,51749044
224,2019,3,14,我又来了 忘记自己时候就回忆过去就找回来了,0,Y_ou_,15447077
225,2019,3,14,必须999,3,YXstefanie悦兮-求黄金守护保护,394037658
226,2019,3,12,我正在和一个喜欢的人聊天，我们会有终于的一天吗？,4,天之饺子阿尔曼girl,483103128
227,2019,3,11,留名，703,0,茉茉陌,528807343
228,2019,3,9,他很喜欢孙燕姿                           分手的时候看见你泛红的眼眶我现在知道被一个人这么好的对待是多么幸福的事是我没有好好珍惜你对不起再见祝你幸福,1,Tinyung宝宝,10062398
229,2019,3,5,十年了,1,没人比我更爱韶涵和燕姿,1332471327
230,2019,3,5,每个人都会老去，燕姿也不例外，可这个不重要，重要的是我们一起陪伴着的那些岁月。,2,芮嗒,278660688
231,2019,3,5,默默期待演唱会,3,天天年年平日快乐,1331454641
232,2019,3,4,好听 好难唱[汗],1,Stefanie哈哈哈哈,467737346
233,2019,3,4,作曲是菘不是松,0,拉克鲁兹,107147792
234,2019,2,25,抒情女神,0,天体的引力周期,368048075
235,2019,2,25,延续落雨32,0,昵称已被占领0,623401086
236,2019,2,24,好喜欢,1,Malicee,115018690
237,2019,2,24,燕姿,0,Malicee,115018690
238,2019,2,24,终于……你不会知道的。,0,南瓜蜗牛啊,1602653860
239,2019,2,18,阴雨连绵31,0,昵称已被占领0,623401086
240,2019,2,17,这世界很公平,0,超可爱馨馨姑凉,123271623
241,2019,2,13,燕姿对歌的诠释永远都是在到位不过了，每首歌她都赋予了灵魂，这首歌也是，感情真的是太到位了，所以燕姿的歌不管什么时候，什么时间拿出来都会有不一样的感动，怎么都不腻。,1,皇帝宠姿,263527508
242,2019,2,7,我愿化身石桥,1,姿意燕为,263726012
243,2019,2,3,这是二十二岁的孙燕姿啊 ,2,訾央伪装小漠漠,247480354
244,2019,2,2,一直认为这是老大最悲伤的一首歌 却也是我非常喜欢的一首歌,2,图书馆穿黄牛仔衣卡其裤的四眼仔,428284086
245,2019,2,2,这首歌能在我心中拍前三,2,未央mmmmmmmn,97961009
246,2019,2,2,冷门,0,未央mmmmmmmn,97961009
247,2019,2,1,最后一个工作日30,0,昵称已被占领0,623401086
248,2019,1,31,一模一样，一模一样，一模一样。,3,煞笔零号,572503423
249,2019,1,30,2016.12.19-2019.1.28 我终于等到你说爱我,1,piratetracy,632010292
250,2019,1,29,怀念燕资，怀念我的青春,0,幸福额度1706,512979252
251,2019,1,28,前奏出来就喜欢,0,katy-yoga,53697399
252,2019,1,25,这一切还好有我陪你走下去,0,得布西森林,95937066
253,2019,1,22,破677,0,保罗乔治不爱打机,349663519
254,2019,1,20,年度金曲29,0,昵称已被占领0,623401086
255,2019,1,20,大爱啊[爱心][爱心][爱心],0,小鸟不想飞,67037865
256,2019,1,17,嗯哼,0,来自夏威夷的会玩呼啦圈的塔鲁拉,42201092
257,2019,1,17,相等没问题的  等着就好 不要期待答案,0,昵称已被占领0,623401086
258,2019,1,16,王力宏跟燕子在一起多好 都是我喜欢的,1,轻轻猿上草,362182591
259,2019,1,16,我多么希望有一天 我能分享这首歌 终于。。,0,Yao朙姝,103887223
260,2019,1,16,但是还是想等到呀,0,来自夏威夷的会玩呼啦圈的塔鲁拉,42201092
261,2019,1,16,有时候 等不到比等到好,0,昵称已被占领0,623401086
262,2019,1,16,放晴28,0,昵称已被占领0,623401086
263,2019,1,16,破666,0,brankay,286551558
264,2019,1,16,虽然我最喜欢的男歌手是五月天,2,人血馒头薛之谦嘻不知道别来问我,1529460927
265,2019,1,16,正解,4,人血馒头薛之谦嘻不知道别来问我,1529460927
266,2019,1,11,好歌。,0,wuli乖啦,1291389970
267,2019,1,8,[爱心]首专即神专,1,ZY-7,17531038
268,2019,1,7,不知道能不能等到。,0,来自夏威夷的会玩呼啦圈的塔鲁拉,42201092
269,2019,1,5,雨 27,0,昵称已被占领0,623401086
270,2019,1,5,终于,0,另-张脸,56020714
271,2019,1,3,应该等不到了,1,来自夏威夷的会玩呼啦圈的塔鲁拉,42201092
272,2018,12,31,2018年12月31日，杭州，雪！26,1,昵称已被占领0,623401086
273,2018,12,29,2018最后一个工作日 25,0,昵称已被占领0,623401086
274,2018,12,26,戴上耳机单曲循环🔂,2,YXstefanie悦兮-求黄金守护保护,394037658
275,2018,12,25,你会听到 24,0,昵称已被占领0,623401086
276,2018,12,23,埋在心里的过去，什么时候才能不害怕。,2,-變臉-,582366483
277,2018,12,22,终于,0,另-张脸,56020714
278,2018,12,21,还没有被侵占的地方，真好,0,silicon泥,267369216
279,2018,12,19,"这张专辑真的无以伦比
",0,嗨呀请输入昵称,64324471
280,2018,12,17,那几个转音真是，太好听了吧,0,姿迷,7559252
281,2018,12,12,早23,0,昵称已被占领0,623401086
282,2018,12,11,终于饿了22,0,昵称已被占领0,623401086
283,2018,12,7,终于等到了 你说 爱你 21,0,昵称已被占领0,623401086
284,2018,12,4,终于  20,0,昵称已被占领0,623401086
285,2018,12,2,第一张专辑每首歌都是好听的,0,O_oHULLO,343829645
286,2018,12,1,签到。,0,s1ck1000,1471605268
287,2018,11,28,不知啥时能分享这首歌，啥时候到说终于的时候[流感],0,rinsing爱米粒,246806416
288,2018,11,28,我在听 又爱听 又怕听19,0,昵称已被占领0,623401086
289,2018,11,28,好好听呢,0,帐号已注销,137610704
290,2018,11,27,突然好好伤感,0,Shawn-黄,1964698
291,2018,11,27,努力等着你,1,Shawn-黄,1964698
292,2018,11,26,我相信 有一天 你会说 这一切还好有我陪你走下去18,0,昵称已被占领0,623401086
293,2018,11,26,燕姿的歌，哪儿都有你鸭,0,分钟哦感揽收,530264000
294,2018,11,25,你从前那些名字真的很美丽17,0,昵称已被占领0,623401086
295,2018,11,24,终于等到了 你喜欢的那个人 说爱你,2,宇兮_,481284972
296,2018,11,24,我要在首页。0.0,0,孙燕姿的小迷妹啊,327977684
297,2018,11,22,某一些夜里，偶尔你会提起埋在你心里的过去。16,0,昵称已被占领0,623401086
298,2018,11,22,想哭，整个青春都是你,0,小人物不说大话,424316906
299,2018,11,21,我要把燕姿所有的歌都听一遍,0,万悟皆空,306721430
300,2018,11,21,努力等着你，我很小心偷偷待在你世界里。15,0,昵称已被占领0,623401086
301,2018,11,19,你是真的最喜欢孙燕姿 你的分享全是燕姿的歌[强],0,床上的爱丽丝,75743853
302,2018,11,15,[爱心][爱心],0,封尘彳亍,356543149
303,2018,11,14,准备通宵加班14,1,昵称已被占领0,623401086
304,2018,11,13,燕姿大我十岁，第一次听她的声音是2001年，而立之年，突然对这老歌痴迷，没买过燕姿正版的磁带、CD，仅以此评论重复，让其过千。13,2,昵称已被占领0,623401086
305,2018,11,12,燕姿大我十岁，第一次听她的声音是2001年，而立之年，突然对这老歌痴迷，没买过燕姿正版的磁带、CD，仅以此评论重复，让其过千。12,1,昵称已被占领0,623401086
306,2018,11,11,我的天这也太好听了吧！！！！！！,2,栎珩milk,323307418
307,2018,11,10,燕姿大我十岁，第一次听她的声音是2001年，而立之年，突然对这老歌痴迷，没买过燕姿正版的磁带、CD，仅以此评论重复，让其过千。12,0,昵称已被占领0,623401086
308,2018,11,10,燕姿大我十岁，第一次听她的声音是2001年，而立之年，突然对这老歌痴迷，没买过燕姿正版的磁带、CD，仅以此评论重复，让其过千。11,1,昵称已被占领0,623401086
309,2018,11,9,燕姿大我十岁，第一次听她的声音是2001年，而立之年，突然对这老歌痴迷，没买过燕姿正版的磁带、CD，仅以此评论重复，让其过千。10,1,昵称已被占领0,623401086
310,2018,11,8,燕姿大我十岁，第一次听她的声音是2001年，而立之年，突然对这老歌痴迷，没买过燕姿正版的磁带、CD，仅以此评论重复，让其过千。09,1,昵称已被占领0,623401086
311,2018,11,8,燕姿大我十岁，第一次听她的声音是2001年，而立之年，突然对这老歌痴迷，没买过燕姿正版的磁带、CD，仅以此评论重复，让其过千。08,1,昵称已被占领0,623401086
312,2018,11,7,燕姿大我十岁，第一次听她的声音是2001年，而立之年，突然对这老歌痴迷，没买过燕姿正版的磁带、CD，仅以此评论重复，让其过千。07,1,昵称已被占领0,623401086
313,2018,11,7,再也没有哪个歌手像她一样能让我一个爱听慢歌的人连她的快歌都喜欢,0,ImRuby,349031715
314,2018,11,7,燕姿大我十岁，第一次听她的声音是2001年，而立之年，突然对这老歌痴迷，没买过燕姿正版的磁带、CD，仅以此评论重复，让其过千。06,1,昵称已被占领0,623401086
315,2018,11,7,燕姿大我十岁，第一次听她的声音是2001年，而立之年，突然对这老歌痴迷，没买过燕姿正版的磁带、CD，仅以此评论重复，让其过千。05,1,昵称已被占领0,623401086
316,2018,11,7,燕姿大我十岁，第一次听她的声音是2001年，而立之年，突然对这老歌痴迷，没买过燕姿正版的磁带、CD，仅以此评论重复，让其过千。04,2,昵称已被占领0,623401086
317,2018,11,6,燕姿大我十岁，第一次听她的声音是2001年，而立之年，突然对这老歌痴迷，没买过燕姿正版的磁带、CD，仅以此评论重复，让其过千。03,2,昵称已被占领0,623401086
318,2018,11,6,燕姿大我十岁，第一次听她的声音是2001年，而立之年，突然对这老歌痴迷，没买过燕姿正版的磁带、CD，仅以此评论重复，让其过千。02,2,昵称已被占领0,623401086
319,2018,11,6,燕姿大我十岁，第一次听她的声音是2001年，而立之年，突然对这老歌痴迷，没买过燕姿正版的磁带、CD，仅以此评论重复，让其过千。01,2,昵称已被占领0,623401086
320,2018,11,6,[钻石],1,一只水母正在飞,403396655
321,2018,11,4,一年了，一年前说了那么多道别我是认真的，也成真了，这一年我做的最正确的事就是离开了有你的环境，一年了，我释然了，你也和她订婚了，但心里还是邪恶的念头不希望你能幸福，因为那个幸福里没有我，可能还是没完全放下吧，加油，我自己,1,不瘦下来不去浪,400318022
322,2018,11,3,这歌不太好唱,1,WLygin,298812759
323,2018,11,2,在自己没有力量的时候，就积赞实力，然后就不会心虚了,3,大笑balabala,370379906
324,2018,11,2,别忘记 写一封 求救信，你知道收信的人永远都是我。,0,昵称已被占领0,623401086
325,2018,10,31,"好久没听这首歌了，音乐一响起，突然有种
《三生三世十里桃花》里《就算没有如果》的即视感[呲牙]",0,过敏性哮喘,600069438
326,2018,10,29,喜欢她那年我15，才上高一，现在都22了 🤔,0,Namedr5,317046146
327,2018,10,28,这首歌无论什么时候想起来听都不能自已,2,changsteven,6377435
328,2018,10,27,李偲菘李伟菘量身定制,1,Chris_FieldT,119838752
329,2018,10,27,哇，好听[流泪],0,可阳快飞,115746724
330,2018,10,24,我爱燕姿！！！！！！！！！！！！,0,虫虫和马,452792472
331,2018,10,21,燕姿的冷门好听歌曲~,0,Lyeenne,297240818
332,2018,10,19,终于等到了你说，我爱你。[流泪],0,whisperpoppy,65972972
333,2018,10,18,十年,0,pilipala22,246280469
334,2018,10,17,燕姿这两个字就很好听,0,navaney,303003911
335,2018,10,16,那年，那天，循环了一整天。,0,宁穗蓉,351084758
336,2018,10,14,助力999,0,Big_Chen,546659267
337,2018,10,13,为999添砖加瓦,0,猪猪瞎是猪,20053775
338,2018,10,12,前奏一响就觉得鼻子酸酸的,0,在识字的清风,365698221
339,2018,10,6,25了，喜欢她那年我15。,0,一颗张小八,75557146
340,2018,10,4,很好听阿,0,unhappyeveryday,248850481
341,2018,10,2,这么好听的歌。有点冷,0,另-张脸,56020714
342,2018,10,1,终于我可以不用在小心翼翼的喜欢你了，终于我们没有结果，终于我们成了陌生人,3,__Craving,1413530819
343,2018,9,22,你知道收信的人永远都是我,0,星岛的妳,48746821
344,2018,9,21,暗恋者逆袭,1,kepler1224,1524256102
345,2018,9,21,终于,0,kepler1224,1524256102
346,2018,9,21,😮,0,kepler1224,1524256102
347,2018,9,21,这首歌没有999，我不服。,0,kepler1224,1524256102
348,2018,9,21,好舒服的音乐 燕姿啊,0,Emily9816,253276534
349,2018,9,20,[可爱]一个没有999的 但是被我发现了,0,Ash_Lynx_,544837444
350,2018,9,20,打定主意成为你另一场回忆。,0,绵绵悠我心,1447379149
351,2018,9,16,我终没遇到你,0,kitanoSahm,598875175
352,2018,9,11,多好听的歌啊……,1,此ID是幼稚鬼,104339105
353,2018,9,10,我姿冷门歌超好听,1,华_筝,15247544
354,2018,9,9,一直以为这是逆光专里的歌orz,0,NTUfail,71924954
355,2018,8,27,深夜突然有听到这首歌，好怀念,0,andante723,73049324
356,2018,8,25,终于我学会冷静理智不再被情绪控制,1,不吃冰激凌就难受,266195826
357,2018,8,24,老人又来怀旧了 [吐舌][吐舌][吐舌],1,国米小丑,108616981
358,2018,8,24,才五百多评论，不科学啊。这么经典的一首歌。,0,夏时秋声,326285834
359,2018,8,21,无敌好听,0,AIlennolan,467487362
360,2018,8,16,努力等着你,1,_____休止符,266222766
361,2018,8,15,同城诶[可爱],0,旧昔扰梦,260855652
362,2018,8,14,从前你没注意,1,跳舞的反骨,33249451
363,2018,7,31,唯一一个,0,老音杆,324085823
364,2018,7,24,燕姿两个字的歌就像她名字一样好听[色],3,L-vortex,302656165
365,2018,7,24,熟悉的旋律终于找到了,0,骑士1989,75521112
366,2018,7,23,[蛋糕],1,我想我只需要一把吉他,131864962
367,2018,7,23,[大笑][大笑],1,-澍辞-,427704425
368,2018,7,23,生日快乐[亲亲],0,没那么幸运z,477204429
369,2018,7,22,爱听,0,金龙180709,1514766829
370,2018,7,21,第一次听这歌诶。。,0,坏兔子_,451109516
371,2018,7,20,我不知道我还要不要等下去 当别人都说我值得拥有更好的 什么是更好的 你为什么不能变成那个更好的,1,idylly,625573327
372,2018,7,19,每次考试温书都是听燕姿，希望这一次也顺利考过,4,ada111111111,1483049609
373,2018,7,16,[爱心],0,我只会乱乱唱,272309134
374,2018,7,8,时隔多年，又听到。还以为自己已经成熟，已经过去了，已经放下了。听到“终于等到了，你说…”的时候，又泪崩。那些尘封记忆忆还是那么清晰，犹如昨天再次浮现，还是那么深刻，那么痛。终于，还是没有等到你，时间也没还给我什么。就让我在这虚幻里再停留一会儿，即便痛苦，然后收拾好情绪回归现实。,5,帐号已注销,17891252
375,2018,7,7,努力等着你。,1,ENZOZX,261025423
376,2018,7,4,王敏佳好熟悉的名字，无问东西？,1,骨灰盒7,618884971
377,2018,7,2,天知道我为什么看一个评论快哭出来,4,你有一个好听的名字呀,1447167202
378,2018,7,1,终于,0,过往云烟视而不见,305289320
379,2018,7,1,至少有十年没听过这首歌了，感谢推送[亲亲],3,茉的岛屿,437714758
380,2018,6,27,你原来的名字真的好美丽,2,小洋嘿嘿嘿,300137215
381,2018,6,27,这首最爱,0,zoeysai,109900638
382,2018,6,27,从小学四年级开始喜欢燕姿 如今转眼27周岁了 ,4,董誼-Heroism,325868729
383,2018,6,26,在KFC听到这首歌 超级无敌兴奋啊啊啊啊！！！,1,咦我耳朵呢,314745947
384,2018,6,24,燕姿❤️我要坚持啊,3,庄与蝴蝶,250350810
385,2018,6,24,终于没有在一起，还好不是我先放弃,1,Dore_光,3098111
386,2018,6,20,写不出论文呜呜呜,2,fortpoi,124239758
387,2018,6,17,好,1,oliver_-Li,63297007
388,2018,6,17,昨天晚上做了一整夜关于你的梦。整整三年，我们失联了三年。今天你发信息给我我手都是抖的，想发给你的消息又一个个字删掉，终于……,7,peahlk,1486989126
389,2018,6,17,新专辑买起来，原谅你,2,C大宝,248388225
390,2018,6,15,今天是2018年6月15日21:13在肯德基和朋友听到这首歌，拿出手机识别出来，作为燕姿的忠实粉丝，居然没有听过，感到很惭愧[爱心],5,oliver_-Li,63297007
391,2018,6,12,终于等到了,1,很摇滚滴事,98010521
392,2018,6,11,晚安,1,民谣与茶,61117291
393,2018,6,10,[爱心],1,所被遗忘的,104256082
394,2018,6,9,[爱心]很喜欢,1,GRAPEy,118431735
395,2018,6,7,明天高考最后一天，不知离你越来越远，还是我们不断靠近,2,sharefor,269274232
396,2018,6,7,这才是真正的蹲妹[大笑],3,亚瑟韩,499108300
397,2018,6,4,刚刚肯德基放这首 到副歌才记得是什么歌,1,气氛来了就要醉,308485041
398,2018,6,2,也快30了[大哭],2,四月的的的,1329526521
399,2018,6,2,好感动啊啊啊[流泪][流泪]当年的姿迷如今都老了吧[哀伤][哀伤][哀伤],1,我想重蹈你覆辙,296308513
400,2018,5,27,+1,0,Stefanie的小熊,389165231
401,2018,5,25,复习只听燕姿[钻石],5,庄与蝴蝶,250350810
402,2018,5,24,希望我也能等到我的终于,0,梵谷不跳舞,132774418
403,2018,5,21,修成正果為何這般心酸。,3,鄒爸比,85768778
404,2018,5,19,我爱yan zi,1,Erika_Linder,305117600
405,2018,5,19,好听,0,MashiroL1,337858145
406,2018,5,19,完美,0,毛毛虫0912,323067104
407,2018,5,15,Bside的歌曲，初听印象不深，往后越发喜欢,1,changsteven,6377435
408,2018,5,13,好虐啊，真的,1,极美幻景,329752101
409,2018,5,10,终于,0,暮至明,94756999
410,2018,5,7,姿迷无处不在，燕姿无可取代～～～,1,四月的的的,1329526521
411,2018,5,7,超级喜欢,0,O_oHULLO,343829645
412,2018,5,5,我姿,0,上杉绘梨衣丿,97857784
413,2018,5,5,感觉这是我最不敢听的歌,1,-澍辞-,427704425
414,2018,5,4,我在听 又爱听 又怕听,0,过去的我的现在的未来,363974104
415,2018,5,2,"最喜欢的男歌手：周杰伦
最喜欢的女歌手：孙燕姿
最爱的歌手：孙燕姿",89,33轉的LP,630862795
416,2018,5,2,居然没999。我姿迷到到哪里打酱油去了！,1,G318狗一丁,435289202
417,2018,4,22,"才发现这是一首暗恋者修成正果的歌,o(╯□╰)o",2,思考中的酱油,73537155
418,2018,4,22,这世界很公平,0,暮至明,94756999
419,2018,4,22,终于啊，我回头了，你不再了。,2,cosqiong,277349506
420,2018,4,15,为什么没有999+,2,soldat_01,498212227
421,2018,4,13,同名专辑，还有jay的，品质太高！20180413早上好。,0,seektruths,547280150
422,2018,4,9,"终于

我是你朋友。",0,Amwelling,300244907
423,2018,4,5,你从前那些那些名字真的很美丽,1,冬阳与海,535631406
424,2018,4,4,[流泪],0,麸濉,290876479
425,2018,4,1,我还是最喜欢你孙燕姿,0,胃里缺个小土豆,263073924
426,2018,3,31,终于啊,0,姿态yzi,620013251
427,2018,3,28,[色],0,孙燕姿的粉丝,36733053
428,2018,3,26,我应该永远都等不到你、以朋友身份待在你身边、然后去相亲,2,萌面小饿逼,258822665
429,2018,3,26,14:59,0,林守乐,55243746
430,2018,3,26,有爱情有party？？,0,林守乐,55243746
431,2018,3,24,前奏好听,0,路过的狂歌者3,484443340
432,2018,3,24,[亲亲][亲亲][亲亲],0,swaqyzz,394011292
433,2018,3,22,围观,0,倾乐声,120197077
434,2018,3,22,终于七年了，却仍然不敢触碰任何和你相关的记忆。甚至带着你学校名字的路都想绕开。,1,y_t3,596133559
435,2018,3,22,好听，好喜欢,0,大笑balabala,370379906
436,2018,3,22,同觉得，越听越好听,0,大笑balabala,370379906
437,2018,3,18,这首歌让我有穿越的感觉，仿佛时间就瞬间回到某个画面，往事涌上心头。,1,stef流年,1367583538
438,2018,3,17,走下去,3,夜晚有三年3593,564669071
439,2018,3,16,努力等着你,1,艺籽,1313467278
440,2018,3,15,好听。但是歌太多了，我完全听不过来，所有的歌我都下载了。,1,眸里星河i,478911487
441,2018,3,14,迟来的 我爱你 三个字  也是让我终于心平气和地放下了,1,汪亢亢,6041658
442,2018,3,12,[哀伤],1,行李H丶W,293469341
443,2018,3,9,每次听到这首歌，总觉得鼻子酸酸的。情绪瞬间很down,5,夏时秋声,326285834
444,2018,3,8,十八年前的歌，那时候的我 也像今天这样认真的停着,2,豫西小天王,594110291
445,2018,3,6,终于,0,33轉的LP,630862795
446,2018,3,3,凌晨一点听着,0,stef流年,1367583538
447,2018,3,1,日推见到燕姿是一点要听的，青春里都是你。,2,蓝树0901,430200998
448,2018,2,27,终于…,0,不会吃腻的饼干,60881014
449,2018,2,25,你过去那些名字真的很美丽……,2,好小猫猫,16533763
450,2018,2,24,好听,1,未完成19991230,503310441
451,2018,2,24,终于,1,未完成19991230,503310441
452,2018,2,24,燕姿二字神曲,0,未完成19991230,503310441
453,2018,2,24,迟到的评论,0,33轉的LP,630862795
454,2018,2,20,终于 守得云开见月明 可现实生活中又有多少次爱而不得才换来一次这样的完美结局,2,初啤,532934597
455,2018,2,13,听了那么多年才听懂，终于，最后，我们还是朋友，还只是朋友，可是我还想等你怎么办,3,互联网石原里美,435471851
456,2018,2,11,[爱心]努力愛過誰，都好，至少不虧欠。,0,鄒爸比,85768778
457,2018,2,6,太好听了,0,王金1711,632842409
458,2018,2,4,会有别人的 千万记得天涯有人在等你,0,訾央伪装小漠漠,247480354
459,2018,2,4,随机循环到必须听完系列,1,訾央伪装小漠漠,247480354
460,2018,2,2,终于，我的名字不在你的心里了。,2,Nicsong,44619312
461,2018,2,1,终于，还是没等到啊,2,爱吃大土豆的考拉,496834924
462,2018,2,1,哈哈哈哈哈哈,0,是野人吧,350553686
463,2018,1,28,尚真，好想你啊，我终于还是失去了你,1,格林尼治720,73259562
464,2018,1,28,很少听这首歌，怕苦,1,王金1711,632842409
465,2018,1,28,我听成 有爱情 有party,0,林守乐,55243746
466,2018,1,28,我也又喜欢燕姿又喜欢许巍,0,橘黄灯火应繁华,348416390
467,2018,1,27,我应该永远都等不到你，以朋友身份待在你身边，然后去相亲,1,数学七分,272909257
468,2018,1,26,终于等到了 你说 二胎,2,跳舞的反骨,33249451
469,2018,1,24,越大越少听，也越不敢听燕姿的歌。可是偶尔又会忍不住在半夜翻开一首听的人恍恍惚惚回到那几年，然后就是彻夜失眠。第二天按部就班的路上，再闪过那些脸，原来一晃已经15年。,3,无敌叶先森,50178644
470,2018,1,23,姿迷才懂的歌。,0,小豆瓣儿_,37086195
471,2018,1,23,为什么这么少,0,yanzicst,79056105
472,2018,1,23,好听啊 ,0,sun在找我,82670915
473,2018,1,23,我要把你的歌都听遍，都听熟,1,Amwelling,300244907
474,2018,1,22,美炸,0,再见就是在也不见,263645705
475,2018,1,21,[爱心],0,花老师小课堂开课啦,353426857
476,2018,1,19,等歌红,0,幸运的小苦瓜,61409582
477,2018,1,19,这首歌应该是我听的次数最少的 ,0,熙迷鹿,39366220
478,2018,1,18,太悲伤了,1,是罗罗啦,1328594295
479,2018,1,18,晚安,0,茜茜不饿,252532753
480,2018,1,17,这么神的歌没有人听吗？超好听啊！,1,我是丑王,127718208
481,2018,1,14,一只猪要来听了哈哈哈哈,1,泥泞中走,392317483
482,2018,1,13,又爱听又怕听[憨笑]好听~~~,0,Ltummy,599030455
483,2018,1,12,孙燕姿的两个字的歌都很好听，比如：懂事、雨天,0,突然就想疯癫的狂舞,82993252
484,2018,1,11,今天起决定从2010第一张专辑听起,0,re塌塌,297684582
485,2018,1,10,还是没有等到,0,ddarkwhite,548737444
486,2018,1,8,这些歌偷偷留给姿迷们吧,2,訾央伪装小漠漠,247480354
487,2018,1,6,每一首都喜欢，我是姿迷！,1,向日葵的天空138,1332989081
488,2018,1,6,终于。2018了。,0,一月见45,532784506
489,2018,1,3,等不到。不想等。走了,0,一悄,125578435
490,2018,1,1,我希望 有一天 你会说 这一切还好有我陪你走下去   M。,0,妥妥tuotuo,312252734
491,2017,12,28,[心碎],0,where先森,333727880
492,2017,12,27,蜡笔物理学,0,悖赢,124666979
493,2017,12,27,"希望有一天有个人可以陪我去听燕姿的演唱会
",1,Winki_cwq,1318977366
494,2017,12,25,这么特别经典的歌，却评论这么少。  ,1,如氵水,488453325
495,2017,12,25,在家里赶上看到他们的抢先版MV，是唯一能感受到与那么繁华的大港台同步之处。然而我们家并没有channel［V］，乡下的大姨家里才能看。听的不是歌，是满满的青春回忆,0,vilinguo,90098829
496,2017,12,17,晚安,0,是野人吧,350553686
497,2017,12,16,不知道从什么时候开始喜欢听你的歌  只要听就会一直列表循环  或许是高中那段时间吧  暗恋真的很辛苦  在你的歌里能找到共鸣  这么悲  这么想哭 不知道情感为何如此相似  以后去KTV都会唱  一直的女神  听到放你的歌就会跟唱  愿一直陪伴。,2,迷糊糊的虎鲸鲸,466683469
498,2017,12,16,这么好的歌评论不到五百啊 ,0,唔与徐公孰美,136378251
499,2017,12,11,你从前那些名字真的很美丽。,0,阳三好,51429871
500,2017,12,9,曲风有点阴森,0,手含脚贱,47001411
501,2017,11,30,一路人， 通宵看燕姿的MV,2,太瘦欢盈,484796375
502,2017,11,29,哈哈差不多,0,nononono酱,413179678
503,2017,11,29,资深姿迷，她的歌你可以多听听非常棒，从第一张专辑开始听，燕姿和周杰伦撑起了多少人的青春！,0,凌晨三点不睡觉的雨果,120801740
504,2017,11,29,老铁，稳！,0,nononono酱,413179678
505,2017,11,28,希望有一天能和他一起去听孙燕姿的演唱会，一起去听许巍的演唱会,3,Totoro小芝麻,132946784
506,2017,11,26,如果心里荒芜的像演了一场电影。,0,漂泊摆渡的小王子,437565092
507,2017,11,20,分享打卡 希望能看见,0,睡睡小悠菜,431977896
508,2017,11,19,不会知道,0,是野人吧,350553686
509,2017,11,18,keshimeiyou,0,bpunpy,101445922
510,2017,11,17,终于。,1,五毒提莫,510244910
511,2017,11,16,是不是觉得自己老了 感同身受 我高中 ,0,润铭space,104427531
512,2017,11,15,哎,0,燕姿我好想你,403139403
513,2017,11,14,思松都是hit曲，伟松的比较有质感厚,3,codyccc,40831959
514,2017,11,11,♥️,0,shanariel,289620678
515,2017,11,11,终于还是没等到你,0,盱眙仙道彰,250074713
516,2017,11,11,偷偷待在你的世界里,0,活着只求好玩,266447964
517,2017,11,9,下雨的时候听这首是真的撕心裂肺！[惊恐],0,永尾完治-,115063573
518,2017,11,5,又一首二字神曲,0,另-张脸,56020714
519,2017,11,5,不公平,0,反向参照系,79355981
520,2017,11,2,注定成为天后啊,0,Daniellei,262568718
521,2017,11,1,终于听到啦～我爱你,1,Candyelfffff,120145529
522,2017,11,1,燕姿的声音怎么可以这么美,0,千丶吻,337783150
523,2017,10,29,这张几乎每首都会唱,0,泡粒儿,86952525
524,2017,10,29,[爱心],1,Kepler-3,378301025
525,2017,10,28,[爱心],1,Kepler-3,378301025
526,2017,10,28,好久没有安静啦，燕姿，我来啦,1,Stef逆光,263709714
527,2017,10,26,这世界不公平 等到你说我爱你 却也无法与我在一起,1,一行生,97730434
528,2017,10,26,有IT，有PARTY。。。[大哭]歌词的错觉,0,fluent战士求收敛,61644046
529,2017,10,24,这首是我超级喜欢的燕姿的歌，虽然大家熟识度不高，却是很走心的一首。,5,番薯跳海海蓝蓝,101039567
530,2017,10,22,[亲亲][亲亲][亲亲]给跳舞的梵谷集气,2,高力丰,309630104
531,2017,10,20,燕姿新歌，跳舞的梵谷,2,燕姿我好想你,403139403
532,2017,10,20,时间会还给你被抢走的爱情,1,英格拉姆s,344450592
533,2017,10,14,你说不会的。可是还是会。终于我打算走了,1,燕姿我好想你,403139403
534,2017,10,11,终于，飘着，任性，懂事,4,燕姿我好想你,403139403
535,2017,10,8,你终于听到了....吗,2,LEEMINTUNG,336339661
536,2017,10,8,时间会还给你被抢走的爱情，喜欢这句,1,八月长安x,263542124
537,2017,10,3,我究竟是怎么了,1,Siu風間同學,565347979
538,2017,10,2,我去，这真的不是我的日记吗,0,张小雨在看风景,73552455
539,2017,9,30,第一次一个人买车票回家🌴坐在候车室带上耳机听上一首孙燕姿🌴仿佛与这个人来人往喧闹的世界隔离🌴,2,33IVAN,30995253
540,2017,9,28,神曲啊，被埋没了,1,大喵说多谢啊,295671049
541,2017,9,22,想等到你可我在做梦,1,渣渣超-,373403983
542,2017,9,22,真的不公平,0,湖人死忠,7776579
543,2017,9,22,曲子有点怪怪的,1,湖人死忠,7776579
544,2017,9,18,终于两个字，听着像解脱，可听后更要死不活，不过还是想听，终于等到了阿，你说，爱你，终于[心碎][心碎],1,图书馆穿黄牛仔衣卡其裤的四眼仔,428284086
545,2017,9,14,我很想如歌词一样等到你 可惜你终未来,1,渣渣超-,373403983
546,2017,9,4,这世界真的公平吗～燕姿～,1,图弗洛,315079736
547,2017,9,2,[亲亲],0,_北悸安凉,247608872
548,2017,9,2,那个年代质量好高啊，每首歌都可以拿出来当主打了,1,stupkid,106909294
549,2017,9,1,我爱这首,0,海伦小不点,570037313
550,2017,8,31,燕姿这两个字都是好听的[色],1,xixixilan,284136989
551,2017,8,31,明明昨天被骗钱的事情还历历在目 却要悉数放下 因为还有很多个明天 生活总得向前,0,Miracle茵,73275887
552,2017,8,25,这首这么好听没有999,0,Miffyhaha,65444904
553,2017,8,25,第一次听不下去，听两遍就洗脑了,1,你不知我为你而至,297715630
554,2017,8,25,男有周杰伦，女有孙燕姿。,0,Causeben,385914009
555,2017,8,20,備胎神曲,2,宇多田污,39336051
556,2017,8,19,好听！！！,0,Daokoi330,388361477
557,2017,8,17,仿佛回到了17年前一遍遍听燕姿专辑的那个夏天,2,紅蓮君,52068798
558,2017,8,15,偷偷的隐藏好。。终于。。,0,雪1106,478177834
559,2017,8,14,濛濛细雨,0,劳拉_快跑,53194790
560,2017,8,14,冷门金曲,2,journeyfancy,22093583
561,2017,8,13,是梦是幻，如梦如幻，往事还在心里,0,fruitding,95966970
562,2017,8,11,这首歌听着听着就很伤心,0,kendy的风筝,362892899
563,2017,8,11,为什么她所有的歌都好听，为什么，奇怪了好多年,5,素丸子Kwok,17385100
564,2017,8,5,爱姿,1,姿意燕为,263726012
565,2017,8,4,是的:D,0,帐号已注销,108210075
566,2017,8,2,希望更多的人听到这首歌,0,changsteven,6377435
567,2017,8,1,不错,0,素丸子Kwok,17385100
568,2017,8,1,终于,0,素丸子Kwok,17385100
569,2017,7,31,燕姿的歌都好听耶,0,Erika_Linder,305117600
570,2017,7,28,前奏杀,0,郑鹏的云音乐,46720728
571,2017,7,19,不过时的歌,1,杨大大硕,119696668
572,2017,7,17,好像明明知道对方不会喜欢自己，但是又控制不住多想是不是真的一点可能都没有,2,安之lizzy,377294211
573,2017,7,17,你走了真好，不然总担心你要走。从来没有那么缺乏安全感 在一起的那段时间甚至体重达到了五年来最低，每天睡不好觉，好不容易睡着后第二天早上醒来一定第一时间看有没有他的消息，生怕他找不着我，然而基本都是我想太多。也许是命运本该如此，遇见他已经花光了我所有的运气，分开也许就是最后的归属…,1,蘇西是小肥羊呀,292634972
574,2017,7,17,喜欢就去说吧大妹子，给自己一次机会！,0,Starsinyoureyes,39023925
575,2017,7,13,这个夏天应该有“终于”二字！要加油！,1,我是丑王,127718208
576,2017,7,10,💗顶,0,Birdget,46489035
577,2017,7,8,默默藏在一个人身边 终于等到了………,0,怪力嘎,105743518
578,2017,7,3,以前很爱听的一首歌，再听到仿佛又回到了高中,1,Anonimo_嘟嘟都,64224305
579,2017,6,27,FM你竟然给我推荐我姿妈的歌？,4,一个傻姿,473364250
580,2017,6,21,我说过我不是个主动的人，等着你先表白。我怕再这么下去终于有一天你会是别人的。,0,川湘粤自选,414329131
581,2017,6,19,李帆 我喜欢你,2,带刀大学生,338779761
582,2017,6,12,今天路上被这首感动了，好听，第一张专辑太神,1,凌晨三点不睡觉的雨果,120801740
583,2017,6,9,你会遇见属于你的爱人的[爱心][爱心],1,漂浮群岛走吧,121974190
584,2017,6,9,终于这一次，备胎等到了转正。可惜，那个转正的不是我,1,淡水河边看见听见,477315945
585,2017,6,9,副歌很有宣泄的感觉，你们觉得吗,0,GRAPEy,118431735
586,2017,6,8,嗯嗯,0,Hevaen,431689983
587,2017,6,8,要加油哦。,1,Friedalin,99762197
588,2017,6,6,时间会还给你被抢走的爱情 这世界很公平,1,hywannafly,262417417
589,2017,6,4,心悸,0,VergiLu,58787109
590,2017,6,4,不介意孤独 比爱你舒服 这样卑微到尘埃里的爱 终于也终了了 ,3,马亿芯,324063348
591,2017,6,2,终于不用整天盯着手机，终于不用在洗澡的时候擦擦手回她消息，终于不用再聊天聊的十二点多，终于可以好好的睡觉，最重要的是我失去了一个可以让我撕心裂肺的重要的人。不过没关系我不介意孤独，真的比喜欢她舒服。放弃了才体会到“你走了正好，不然总担心你会走”我很好，你也保重,179,Hevaen,431689983
592,2017,6,2,很喜欢燕姿第一版专辑 离我已经17年 从听不懂到懂 路过了一些人一些感情 可是我还在等着说这句 终于等到了  你说 爱你,3,Carol婭,456303882
593,2017,6,1,好听,0,另-张脸,56020714
594,2017,5,30,终于～,0,另-张脸,56020714
595,2017,5,29,终于......你开口向我诉说她有多温柔[大哭],6,凌晨三点不睡觉的雨果,120801740
596,2017,5,27,这一切还好有我陪你走下去,1,岳尽一,299945323
597,2017,5,25,终于 等到了 你说 爱你                                              也终于 听到了  你说 不爱了就是不爱了,2,QueSeraSera-723,412969456
598,2017,5,25,他还是很有品味的,0,墙头上的毛毛虫,60133380
599,2017,5,25,好听,0,墙头上的毛毛虫,60133380
600,2017,5,24,听到哭的这首的旋律～特别是刚刚分手后,1,牛肉炒饭加鱼蛋,424980026
601,2017,5,21,打定主意，也许我是你另一场记忆,1,时间如水流y,112322542
602,2017,5,17,终于等到你，还好我没放弃。燕姿，遇见你是我最美丽的意外。,0,年少许我爱,71271617
603,2017,5,16,好想和评论区里每一个欣赏孙燕姿音乐的听友做朋友,4,取昵称请大家记住,483151892
604,2017,5,16,燕子陪过的青春,0,取昵称请大家记住,483151892
605,2017,5,12,努力等着你,0,气氛来了就要醉,308485041
606,2017,5,12,好听,0,mesugada,74864818
607,2017,5,12,这个世界很公平,0,一地故里,118066649
608,2017,5,12,燕姿[憨笑],0,一地故里,118066649
609,2017,5,12,[可爱],0,YZKEPLER,42348015
610,2017,5,11,有些人，遇见了就注定会爱一辈子,1,Stef__cat,119751820
611,2017,5,10,很喜欢燕姬的呼~，很多歌都是[可爱],0,燕姿啥时候开演唱会,395002840
612,2017,5,9,别难过，我会笑,0,你这颗烂白菜,317113523
613,2017,5,9,初中时经常听这首歌，现在一听到这首脑海里就浮现与当时相同的感触。,1,猫与彼岸花-,40519504
614,2017,5,8,哈哈。毕竟那时候小，男女授受不亲。,0,紫絮一乙,326374627
615,2017,5,7,[大笑],0,黑兔1703,443839488
616,2017,5,6,好听,0,世上竟有如此出尘绝艳的女子,114314450
617,2017,5,5,孙燕美呢…[晕],0,美人如玉剑如虹l,114704820
618,2017,5,2,男生也哼燕姿的。女生也唱双截棍。,2,Mel123456,129635454
619,2017,5,2,太容易听到心里了。,0,Mel123456,129635454
620,2017,5,1,好听,0,2016猫猫呀,434837481
621,2017,4,27,扎心了 我的姿[流泪],1,directorrowe,1923073
622,2017,4,24,用过复读机的才懂,2,CharisSawSaw,290436111
623,2017,4,23,太爱这首钢琴伴奏了！,1,我是丑王,127718208
624,2017,4,22,超级喜欢这首，没想到这么冷门啊？评论好少,0,菜地守望者,115103872
625,2017,4,18,为什么评论这么少,0,风色挽歌,263564958
626,2017,4,18,终于,0,蓝石头55,56061551
627,2017,4,17,"老大的歌总是很容易掀起共鸣
再听似乎还能从一首首陪伴成长的歌里感受自己一路走来生命的长度",2,一箭落旄头,91835603
628,2017,4,15,终于  和平,2,旻綠,317674840
629,2017,4,10,2003年，女生唱燕姿，男生哼杰伦。,0,紫絮一乙,326374627
630,2017,4,10,这首歌很轻，很小心翼翼，以至于燕姿那独特，干净，能进入心灵的声音被放大了。还有，这种低鸣浅唱的歌，真的不是那种炫技的歌能比的。,4,七个字难,299398912
631,2017,4,8,喜欢就是喜欢，不喜欢就是不喜欢，就这么简单。对人对事也一样,0,是垂枝樱,329578625
632,2017,4,7,终于,0,study中whoops,48435532
633,2017,4,5,又一首冷门神曲～,0,另-张脸,56020714
634,2017,4,4,易家扬的词很棒啊！,4,我是丑王,127718208
635,2017,4,4,燕姿歌里每次听到都会忍不住摁下单曲循环的歌,3,很多时候都是我问太多了,131668969
636,2017,4,1,这个旋律好奇怪,0,湖人死忠,7776579
637,2017,3,31,第99个赞❤️,0,山岛草木,343222827
638,2017,3,31,三角铁的声音很清脆。,3,变秃的过程是坚持,433040897
639,2017,3,27,从来都没有机会等你对我说：这一切还好有我陪你走下去。因为你总是先说放弃的那个人。,1,力恩215,285593492
640,2017,3,25,我们团团说喜欢这个词，小心翼翼的喜欢着的感觉。,1,来自温暖的伱,344992530
641,2017,3,25,心被扎了一下,0,帐号已注销,124859943
642,2017,3,22,听见这家伙的声音就感觉幸福！[可爱],3,上官阿不思,51276226
643,2017,3,18,#孙燕姿# ,0,帐号已注销,111020541
644,2017,3,14,燕姿中午好,1,YZ芣苢,330392808
645,2017,3,10,终于等到了 你说 爱你,2,silencevoice,43091117
646,2017,3,6,首首经典,1,Desteri,3751281
647,2017,3,5,留~,0,不二先生w_,272701962
648,2017,3,3,( ￣▽￣)σ所以你也是姿迷咯,0,一只小爷爷,332937582
649,2017,3,3,小学弟～,0,yanzicst,79056105
650,2017,3,3,十多年了，每个阶段听都有不同的感觉～,2,yanzicst,79056105
651,2017,3,2,20:18,0,林守乐,55243746
652,2017,2,25,神评,1,查某人的梦,19119162
653,2017,2,25,冷门的都这么好听,2,查某人的梦,19119162
654,2017,2,25,唯一一首用作闹钟却越听越喜欢的歌,3,Tortoise1,248018054
655,2017,2,24,太好听了，，，明明没有什么故事，却能感同身受，，，旋律好听不用说，歌词写的也太抓人心！,0,1992王子,120207911
656,2017,2,22,喜欢了12年的歌,1,未央mmmmmmmn,97961009
657,2017,2,22,最爱，不过感觉很冷门，,1,未央mmmmmmmn,97961009
658,2017,2,21,终于等到了。,0,把酒言话,116902125
659,2017,2,19,[心碎][心碎],0,混世魔王皮卡丘,47578529
660,2017,2,19,这首竟然没有999！,8,碉堡了的鱼,45438414
661,2017,2,17,爱姿,0,姿意燕为,263726012
662,2017,2,15,又爱听又怕听,0,_瓶中船_,97883371
663,2017,2,15,后续确实尴尬😂😂😂,0,富士ap,37041512
664,2017,2,14,哈哈，我只喜欢遇见之前的专辑，后续的感觉没有那么打动我，虽然我还是一张不落的买下了正版,1,也许明天听海,246236041
665,2017,2,12,这首歌对大众来说是沧海遗珠，对姿迷来说简直是神曲一般的存在。,9,C大宝,248388225
666,2017,2,11,不敢点击的一首歌,0,倪昕雨,311064441
667,2017,2,8,也许我是你另一场记忆,0,笔尖滑落的忧伤,306699542
668,2017,2,8,好听,0,going_up_stef,372536854
669,2017,2,7,好爱这首歌啊！,0,我是丑王,127718208
670,2017,2,7,这首太难唱了吧！不敢相信这是姿妈新手第一砖的歌啊[爱心][爱心],1,我是丑王,127718208
671,2017,2,5,哦哦，难怪[大哭],0,孙燕姿同学,127671994
672,2017,2,5,我是湖大的，现在在老家，所以可能没显示[呲牙],1,一只小爷爷,332937582
673,2017,2,5,长沙😂,0,孙燕姿同学,127671994
674,2017,2,4,哪座城啊?我这里没有显示[大哭],0,一只小爷爷,332937582
675,2017,2,4,时间会还给你被抢走的爱情。,0,孙燕姿同学,127671994
676,2017,2,4,同城。,0,孙燕姿同学,127671994
677,2017,2,3,喜歡姿16年 買卡帶 CD 接機 看演唱會 送機 合影 每一次看到你都是好心情,0,lm_stef,258724583
678,2017,1,23,你从前那些名字真的很美丽,0,going_up_stef,372536854
679,2017,1,20,深夜单曲循环～,0,yanzicst,79056105
680,2017,1,19,忽冷忽热忽近忽远的关系,0,我只是路过一下,394717517
681,2017,1,18,第一句就能钻到心里！,0,Stephanie_禾西,70914766
682,2017,1,15,😑,0,帐号已注销,98513658
683,2017,1,14,这首歌真的很好听啊，为什么评论这么少[流泪],3,时间如水流y,112322542
684,2017,1,8,这首歌那时候放磁带 倒过来翻过去听。。想想那时候听歌也怪累的[爱心],1,大禹治水尧,396250362
685,2017,1,3,我相信 有一天 你会说 这一切还好有我陪你走下去,2,今天空气也是甜甜的,131780285
686,2017,1,2,这一切还好有你陪我走下去,1,灯火成眠,263068336
687,2017,1,1,男有周杰伦，女有孙燕姿！,2,芯雨丶,125185012
688,2016,12,12,[亲亲][惊恐][亲亲],0,可阳快飞,115746724
689,2016,12,10,终于能光明正大的听着你的歌，终于有钱买你的专辑了，终于有钱买你演唱会的门票！可是女神你快开演唱会啊啊啊啊啊啊啊啊！,5,此地西北有高楼,305286192
690,2016,12,10,从2000年大一第一次听这张专辑，“从来没有一个22岁的女生这样唱歌”16年的岁月，燕姿终于也成了妈妈……谢谢你，燕姿,1,清角吹寒1216,108120738
691,2016,12,5,词:易家扬[爱心],2,一只小爷爷,332937582
692,2016,12,3,最后一句，看哭了,1,穿越成小暖,61274407
693,2016,12,2,燕姿晚安,0,YZ芣苢,330392808
694,2016,11,21,什么鬼2333,0,六月中旬六,59915921
695,2016,11,21,哈哈哈哈？,0,LofiHiphop,92671784
696,2016,11,21,哈哈哈哈,0,六月中旬六,59915921
697,2016,11,21,来🌝,0,LofiHiphop,92671784
698,2016,11,21,😂😂😂哦豁终于有人撩了,0,六月中旬六,59915921
699,2016,11,21,撩？,0,LofiHiphop,92671784
700,2016,11,17,[爱心],0,双鱼座爱燕姿,130390823
701,2016,11,14,小学开始爱你到如今大三了，你都是妈我的男票还没看到在哪里嘤嘤嘤[流泪,2,六月中旬六,59915921
702,2016,11,6,飘着，任性，害怕，同类！,0,求一切顺利的王多多,272099714
703,2016,11,1,[憨笑],0,Ro1030,90652954
704,2016,10,31,这你都能看出来，看来你中毒不浅啊[奸笑],0,爱姿海,126397948
705,2016,10,31,爱姿病晚期，好多歌里看到你,0,忘不掉的明天r,101795664
706,2016,10,31,男周女孙[亲亲][亲亲][亲亲],0,关耳佑,53946985
707,2016,10,30,对我来说还有一个 他叫周杰伦[爱心],0,张爱橙,100214923
708,2016,10,27,燕姿我爱你❤️,0,太阳底下0723,16072610
709,2016,10,27,两个字的都太好听，学会 永远 了解 很好 逃亡 漩涡好多好多❤️,3,太阳底下0723,16072610
710,2016,10,24,好喜欢,0,消失的盛夏,54553630
711,2016,10,18,突然想听这首歌,0,找那首歌,105116724
712,2016,10,16,爱姿病绝症患者…求点赞安慰！,5,雷不了人了,345356748
713,2016,10,15,好听好听,0,oliveryyyy,85625555
714,2016,10,13,爱姿,0,姿意燕为,263726012
715,2016,10,13,首专我最喜欢的歌 莫名的喜欢,1,花椒吖好麻,9592890
716,2016,10,10,[皱眉],0,海绵1874,298588296
717,2016,9,30,终于,0,此号已维护,337669855
718,2016,9,27,终于听见你说爱我😊,0,很坏但不帅的小哥,304613772
719,2016,9,21,爱吃肉的神孩子，表哭哦,0,kidult凡,275854908
720,2016,9,20,看到你的留言哭了出来,0,消灭小红灯,92590401
721,2016,9,14,雨天都唱了live  终于还会远吗（会）,5,沖繩流浪貓,37786481
722,2016,9,14,哎，现在总在想是不是燕姿的歌把我掰弯了[惊恐],1,这回绝不坑,305457330
723,2016,9,13,这首真好听，那年买了这张专辑，美卡音乐，一晃都十几年前的事儿啦。那时候我一定不知道，原来，很多人一生都遇不到爱情，却也草草地结了婚。,4,kidult凡,275854908
724,2016,9,11,我在听，又爱听，又怕听，你从前那些名字真的很美丽！,5,Stef逆光,263709714
725,2016,9,10,好听,0,Specia_EL,103267807
726,2016,9,6,也许我是你另一场记忆,2,啊彩虹金刚,36813307
727,2016,8,30,这首歌很不好唱的 只能循环播放,3,荼明,82608092
728,2016,8,26,一直很喜欢这首~,1,朝颜与青槐,127642331
729,2016,8,22,间奏响起的时候，有一阵很舒服的过堂风,1,爱我没有门路,278567844
730,2016,8,19,好听的歌都不火,1,Maokon7,118910900
731,2016,8,19,众里寻你千百度啊,0,zys的小尾巴,119757651
732,2016,8,19,找的到你[奸笑],0,A-Seventee,17887467
733,2016,8,16,这一听就是早年姿妈被架着脖子唱着的大悲歌_(:з」∠)_,3,亿吨奶糖,54428686
734,2016,8,12,一生姿迷 好幸福呀,2,超级嘻嘻哒,68051273
735,2016,8,12,唱片文案里孙燕姿自推荐唱得最好的一首歌。,0,dis-play,132802796
736,2016,8,5,在你回来的前几日，为你抄写终于的歌词，愿多年后，我还是能这样默默的爱你，愿多年后，你终于听到了，我爱你。,2,梦为黑黑,16729265
737,2016,7,30,同意 非粉 但是觉得她的两个字的歌都好好听,1,末日基因,16164448
738,2016,7,30,男周女孙[亲亲],0,关耳佑,53946985
739,2016,7,29,安安静静唱歌 没什么绯闻总觉得她那么美好,1,阿伟下载,49318133
740,2016,7,27,我是王海峰我喜欢孙燕姿,2,爱姿海,126397948
741,2016,7,27,我还有周董,0,panpan哒,109941361
742,2016,7,26,"只有燕姿的歌下面全是表白的。燕姿真是那种，爱上即深爱的女子
。",3,syz19780723,286808908
743,2016,7,25,一听这首歌就想哭，因为我曾经像歌里的人那样默默喜欢一个人很久。可是，没有副歌里那样的“终于”。,0,M孟满月Y,50080043
744,2016,7,23,生日快乐！,1,Zhaosingsing,130769006
745,2016,7,22,终于，五年了。,0,J宝儿,128303288
746,2016,7,21,想在网易云找男票👦如果你看到这条评论请留意下我……嗯 坐标成都 哦还一定要帅,1,莫得小天使,96487946
747,2016,7,21,超好听，本专辑我最喜欢的一首，超过开始懂了，天黑黑,1,Jingyu-h,18083081
748,2016,7,20,听着这首歌，突然有种泪流满面的冲动！我的终于了，在哪啊？,0,aelenzeng,34472187
749,2016,7,19,我姿没有冷门歌,1,motorcycles,283973423
750,2016,7,15,的每一首,0,Nnnnnnononn,115189651
751,2016,7,15,听来听去还是最爱我们姿的第一张专辑,0,Nnnnnnononn,115189651
752,2016,7,12,第一张专辑也太耐听了,0,你听云杉沙沙响,130075
753,2016,7,11,太伤了，燕姿演绎的让人掉眼泪,1,忘不掉的明天r,101795664
754,2016,7,6,听到前奏就很难过,1,是小27吖,106458515
755,2016,6,28,这个歌儿啊！！,0,怪力嘎,105743518
756,2016,6,27,[心碎][心碎][心碎],1,如能忘掉渴望_,115868109
757,2016,6,25,听了十几年，还是最爱这首,1,kanshuk,127301784
758,2016,6,24,为什么唱这么伤感 莫名的忧伤……,0,journeyfancy,22093583
759,2016,6,22,终于还是等不到,0,我姿态略萌,111719375
760,2016,6,19,[皱眉][皱眉][皱眉][皱眉],0,半熟时光y,83554125
761,2016,6,13,有一天也许我也能唱这首歌给某个人听,4,龙有清,35691604
762,2016,6,12,编曲很好听,1,帐号已注销,76648022
763,2016,6,10,终于看开爱回不来,3,孙燕美,542076
764,2016,6,8,倒带过很多很多次的一首歌,0,MaraToo,280630570
765,2016,5,30,努力爱着你，打定主意也许我是你另一场记忆。可是也只是记忆。,3,rinsing爱米粒,246806416
766,2016,5,26,有多少次挣扎以后你才能做出你自己决定,0,小鱼说了,107490364
767,2016,5,22,19:57,1,林守乐,55243746
768,2016,5,21,明明没有歌词里那种经历，可还是听到想哭π_π,2,-Normally-Insane-,67180470
769,2016,5,11,[哀伤],0,65418,519706
770,2016,5,8,[亲亲][亲亲][亲亲],0,可阳快飞,115746724
771,2016,5,7,(｡•ˇ﹏ˇ•｡)五行缺钱,0,穿越生命的沼泽,73459185
772,2016,5,3,备胎终于被爱了么。。,2,帐号已注销,110033252
773,2016,5,1,喜欢易家扬帮燕姿作词,3,呼喊与细语_,251568232
774,2016,4,30,我相信有一天你会说，还好有你陪我走下去,1,露桥闻笛,46936380
775,2016,4,29,这种歌真的太过分，太走心,3,小小是憨豆,62447100
776,2016,4,27,评论这么少？简直不科学！,0,Johnny15343,50215232
777,2016,4,27,终于  撕心裂肺,1,我是丑王,127718208
778,2016,4,25,这属于一听就能爱上的歌,0,雨陨,31875806
779,2016,4,24,终于，好悲伤的词,0,辛鹿麋,99000763
780,2016,4,24,也许 我都不会在你记忆,0,Cypress_Nectar,52419940
781,2016,4,23,小朋友你可以的,0,若风阿,70091588
782,2016,4,17,[爱心],0,孙燕姿的锁骨,17714009
783,2016,4,17,[色],0,力的宏,34361818
784,2016,4,17,还是你有才,0,捷克slow法克,54651684
785,2016,4,16,应该叫斯蒂芬妮·太阳,2,合星,109976233
786,2016,4,15,看不见也能感受心疼。。,0,amirural,67769053
787,2016,4,15,11,0,麦小丹,33623004
788,2016,4,13,2000年的，沉太久了，为什么才发现,0,我怎么配有头发,87019204
789,2016,4,12,爱上你的时候，你的一举一动都能带动我的情绪，长那么大好像只跟你表白过~最后还是没能拥有你。现在我在听孙燕姿的“终于”心突然好痛……窒息的痛。,2,帐号已注销,124859943
790,2016,4,11,这歌歌词你要是懂了，该多痛！,1,歌手杨林,130455275
791,2016,4,8,又看到你，加油,0,回到十六七,48387404
792,2016,4,8,是,0,你才是呆逼桑-,43172453
793,2016,4,8,是不是要我都回复一遍😂😂,0,Jasonkwow,12753178
794,2016,4,7,我！要在网易云找男朋友[可爱],0,你才是呆逼桑-,43172453
795,2016,4,6,我要在网易云找男朋友 今年6月大学毕业 没人理我就再发嘻嘻 霸占燕姿所有歌曲,0,你才是呆逼桑-,43172453
796,2016,4,4,这是写给备胎的歌,0,大米饭酱,64911007
797,2016,3,31,我害怕我那时已经老了[呆],0,是螺纹呀,59982102
798,2016,3,30,[爱心],0,楠楠邶邶,88627127
799,2016,3,30,[口罩][口罩],0,阿芳吖哈,62620620
800,2016,3,28,在等终于，慢慢等，过程也是好的,0,littletwinkle,89918098
801,2016,3,26,沉浸于前奏中，我醉了,1,Stef小傻,95849389
802,2016,3,25,又爱听  又怕听,0,天气大人,137557406
803,2016,3,24,神曲,0,雨陨,31875806
804,2016,3,18,这世界很公平，女神！,0,Maltali,251073
805,2016,3,17,对呀我想认识同城的你,0,keke2_,74524754
806,2016,3,17,喜欢,0,多齿分度台,254677402
807,2016,3,17,李伟松，易家扬俩大神,0,20134829,248418510
808,2016,3,9,发现我姿的评论好多同城的哈哈,0,Tim_Huang0216,42792776
809,2016,3,6,只听孙燕姿[大笑],0,杨元立先生,16281060
810,2016,3,5,我在听，又爱听，又怕听,0,啊彩虹金刚,36813307
811,2016,3,3,燕姿,1,Stefanie灬,12648308
812,2016,2,20,最后那几声“终于”~~~真是太好听,3,shayne鸣,40833824
813,2016,2,14,犹记得当年这首歌萦绕在我脑海中陪伴我那个无知却又单纯的青葱岁月…那是朦胧的爱情啊…你听到了吗？,0,glass86shoe,32301783
814,2016,2,14,每个终于都积攒着漫长的等待,1,222R,78097393
815,2016,2,12,旋律很淡，声音太深情，十多年没听，今天听了第一句居然眼睛进沙子了。跟歌词无关，也没有感情故事，纯粹被声音感动。用心唱的歌和用心炒的菜一样‼️“时间会还给你被抢走的爱情”,3,没得感情滴存歌机器,97657852
816,2016,2,10,网易云音乐每一首孙燕姿的歌都是一个故事,0,克卜勒世界巡回演唱会,83076889
817,2016,2,4,回头再听到这首歌，总是隐藏着一种淡淡的忧伤。时光不再，我们不再有任何交集……,1,番薯跳海海蓝蓝,101039567
818,2016,2,4,逆光之前的专辑几乎每张都喜欢啊[可爱],0,嗝儿屁老王,3684340
819,2016,2,2,终于～,0,我是丑王,127718208
820,2016,1,30,开车的时候总是能发现有味道的老歌。终于，有一天会心平气和、云淡风轻的说出过往种种。,1,胡微笑,43003106
821,2016,1,27,李伟松，易家扬,0,AmanoAki,44216242
822,2016,1,18,"我也有同样的感受
",0,Han953,91816710
823,2016,1,17,用收音机来回的听两个B面最后一首歌。一个是安静。一个是终于,1,whisperpoppy,65972972
824,2016,1,13,终于,0,那个米饭,8910787
825,2016,1,10,想起就是模糊而难以忘记的梦…,0,朝言夕卜,79162369
826,2016,1,10,仿佛溶入梦境一般[憨笑],0,朝言夕卜,79162369
827,2016,1,8,棒！  不该这么冷,0,挽心填空丶,88642119
828,2016,1,1,多的是你不知道的事,1,222R,78097393
829,2015,12,30,再也找不出一个像燕姿这样张张专辑首首歌都爱的歌手了,256,关耳佑,53946985
830,2015,12,30,终于还是失去了你,0,anone--,110270463
831,2015,12,30,呵呵，也是一个过去了的故事。,0,颜臻卿,53932533
832,2015,12,30,这是个悲伤的故事[奸笑],0,是螺纹呀,59982102
833,2015,12,26,燕姿的音乐 就是我青春的独白,2,花椒吖好麻,9592890
834,2015,12,24,终于,0,ZNZI,88670287
835,2015,12,22,终于等到了你说“爱你”，虽然我已是你另一场记忆。时间没有还给我被抢走的爱情。,0,chris153709,108684847
836,2015,12,19,好吧 我来评论下,0,Halo_Stefanie,44758870
837,2015,12,15,太好听，以前听很有感触,0,PSY-Edgar,33747790
838,2015,12,11,想听这首，[爱心][爱心][爱心],0,账号还是注销吧,17481219
839,2015,12,8,[大笑][可爱][憨笑][色][亲亲][惊恐][流泪][亲][呆][哀伤][呲牙][吐舌][撇嘴][怒][奸笑][汗][痛苦][惶恐][生病][口罩][大哭][晕][发怒][开心][鬼脸][皱眉][流感],0,帐号已注销,81360136
840,2015,12,5,居然没听过,0,SOSXOXO,63410120
841,2015,12,5,好听的冷门歌，顶下,0,林间余韵,107942902
842,2015,11,29,都给我跪着听。[晕][怒],0,鹿此,37135377
843,2015,11,28,两个字的冷门也较多,0,海外小仙人,65586509
844,2015,11,25,努力爱着你 打定主意 ,0,不只是逆光,68467295
845,2015,11,22,你从前那些名字真的很好听,0,stefanie孙燕姿,33052332
846,2015,11,17,终于,0,成小姿S,84991554
847,2015,11,14,老大的歌都好好听的，可是为什么没有人呢[惶恐],2,王睡睡,73521056
848,2015,11,12,来成都吗来成都吗[大笑],1,biuiuiui,51471445
849,2015,11,5,第一句就被秒杀,0,Che_aren,92155179
850,2015,10,30,打定主意 也许我是你另一场的回忆,0,不只是逆光,68467295
851,2015,10,19,这首真的好听！,0,study中whoops,48435532
852,2015,10,19,终于等到了，其实终于是放下了,0,半点儿,73746118
853,2015,10,18,又阿嚏又party，你名字真的很美丽,0,EasyWa,7372498
854,2015,10,15,评论+1[流泪],0,闪泥啦啦啦,88079495
855,2015,10,4,最近爱上这歌了,0,尹俊硕,70110226
856,2015,10,3,～～～,0,举个西木,60673274
857,2015,10,2,耐听的,1,你的视线是谅解,48728206
858,2015,9,25,这么好听，居然不火！！！我日！！！,1,Maxwell-yao,76345447
859,2015,9,13,haoting好听,0,止于喧嚣2011,34591715
860,2015,9,13,多年以后，再听孙燕姿还是停不下来地想到多年以前。,0,zzyccz,83356761
861,2015,9,11,你们要死阿，这么点评论,1,zhangsy979,3625360
862,2015,9,8,[哀伤],0,maovivi,2476127
863,2015,9,8,[爱心],0,用户41965267,41965267
864,2015,9,6,咩,0,陽狂_陳小咩,78110883
865,2015,9,5,很耐听的歌 最后那段哼唱～～好喜欢[色],0,闪泥啦啦啦,88079495
866,2015,9,3,我要打卡，已经过了会暗恋的年纪，回忆过去……,0,bityinjd,62502224
867,2015,8,13,[色],0,Cuuz-有心人,53060644
868,2015,8,6,[亲亲][亲亲],0,举个西木,60673274
869,2015,8,6,yanziyanzi.,0,帐号已注销,44991129
870,2015,8,1,真的好听,0,石头一直在唱歌,1965893
871,2015,7,21,时间会还给你被抢走的爱情，这世界很公平,8,帐号已注销,37833626
872,2015,7,14,又爱听又怕听,139,小喵酱酱0,60722003
873,2015,7,13,以前很怕听这首歌……现在，喜欢？暗恋？这种事都戒了(ー`´ー),1,mucha,17896526
874,2015,7,9,两个字的歌都很特别[呲牙],0,CHASE-X,62215182
875,2015,6,27,相信时间，无论再不好，以后都会好过的，挺过去就是幸福。,1,背了个影,26852587
876,2015,6,25,好想暗恋啊(･ิϖ･ิ)っ太空虚了最近……不过有考试啥都不怕←_←,1,南瓜你可长点心吧,45297536
877,2015,6,12,淡淡的淡淡的淡淡的,0,郁闷的红烧肉,72571131
878,2015,6,10,我以为你唱哭了啊,0,胃胀,40727152
879,2015,6,4,别忘记 写一封 求救信 你知道收信的人永远都是我[流感][流感][流感],9,沖繩流浪貓,37786481
880,2015,6,3,"我在听又爱听又怕听 
你从前那些名字真的很美丽",0,身直不怕影子弯,30833527
881,2015,6,3,燕姿2010,0,HikkiKenji,31403033
882,2015,5,22,真的是没有一首不好听！倒转到2000年，想想看，一个天后就要诞生！,3,Mervyn_Soliloquist,36142945
883,2015,5,18,没有一首歌不好听[哀伤],0,姿妈v5,35284578
884,2015,5,17,终于我要死了,1,HikkiKenji,31403033
885,2015,5,16,[呲牙],0,鹰与星,40963909
886,2015,5,14,............x.........y.........z...........,0,KingsleyMoon,35170859
887,2015,4,30,喜欢她以前的歌，就好像喜欢回不去的曾经,2,鵉喜隱山浪裡個狼,14140598
888,2015,4,30,高四，离高考还有不足40天了,0,话音,36969380
889,2015,4,29,赞,0,HXY-CoAch,40753215
890,2015,4,29,这首歌超时代了,1,Halo_Stefanie,44758870
891,2015,4,29,感动的歌声，感动的声音,0,砖砖_Cherry,45822071
892,2015,3,25,加油。我也曾经过。终于，终于后来有跟对方表白的一天。努力去做不回头，不管结果怎样都会有绚烂回忆的。,0,AZ107,14087917
893,2015,3,24,下面那个 “订购彩铃”是什么鬼？！,0,帐号已注销,919248
894,2015,3,21,这一首真的爱了很多年了，很适合一个人静静的听。也许有过暗恋的人才会懂这首歌的情感吧。,0,M孟满月Y,50080043
895,2015,3,7,漫漫复读路,0,snap_zzc,6043720
896,2015,3,2,好好听~,0,uncanny1993,7607400
897,2015,3,1,酸楚,1,SolitiaZer0,26873371
898,2015,2,28,震惊[呆],0,王小野子,45050196
899,2015,2,13,燕姿两个字的歌都好听,329,Vampire_Hunter_D,3477634
900,2015,2,12,高四…一个人…公园…想着一个人…这首歌也是不敢听,2,issac91,44752588
901,2015,2,3,2000～2014，14年,0,journeyfancy,22093583
902,2015,1,29,很少能等到吧,0,Nicole-lkz,29444742
903,2015,1,22,前奏很好听，简单的钢琴，像遇见，the moment之类的,0,渣男给我滚粗,2743414
904,2015,1,18,冷门之中的好听,1,Tim_Huang0216,42792776
905,2015,1,15,虽然苦，但终于还是甜的是吧。,0,Dexter_Cu,1910592
906,2015,1,12,超爱这首～,0,姿姿不倦,43678021
907,2015,1,11,会有终于么？[皱眉],0,小可闪闪的小幸福,13058414
908,2015,1,10,最苦之一[皱眉],0,散若烟云,35996981
909,2015,1,10,有段时间循环这首歌想哭,0,散若烟云,35996981
910,2014,12,17,终于，还是最爱。,5,麦克坝坝,44919199
911,2014,11,17,苦情人,0,胃胀,40727152
912,2014,11,16,努力等着你我很小心偷偷待在你世界里你不会知道的,0,遇见stefanie,34739370
913,2014,10,21,我很小心偷偷待在你世界里,1,大石碎胸口88,3796259
914,2014,8,29,这真的是我听过最苦情的歌了… +1,0,克莱因之蓝,1175485
915,2014,8,8,这真的是我听过最苦情的歌了…,1,小远beat_it,16464923
916,2013,11,4,永远爱姿,0,帐号已注销,3808653
917,2013,11,3,hh,0,了个义lov,3569355
