index,year,month,day,content,likecount,nickname,user_id
1,2019,11,21,寄居蟹……对这个记忆点很深,0,茶茶湘子,624784241
2,2019,11,19,那年高三，五月了，还随市队一同去周边市打球⚽。面对即将来临的高考，似乎还没准备好。对未来充满期待的年轻人，也有一些迷茫。年轻人可能不知道高考的结果会对这一生意味着什么。比赛完返程，大巴车上，睡着了，天很热，汗水打湿了头发。迷迷糊糊中，听这首歌，像极了当时的心态。,0,bestbeck,469381239
3,2019,11,17,这首歌好多人不会了吧,1,红尘小小生,73020014
4,2019,11,2,希望以后能遇到一个喜欢听我的歌单的人,0,半座城池丶,500055772
5,2019,11,1,站在中间地带,0,跳舞的反骨,33249451
6,2019,10,29,这首歌真的超好听,0,珈曳,637769065
7,2019,10,25,解锁🔓,0,呐-我去给你煮碗面,263568986
8,2019,10,20,高三毕业那年，夏天的每一天都仿佛无限的重复，就像被套上了透明的绳索。那时候莫名地重复地听这首歌，莫名地对某个相信不疑的人感到失望。就好像早已经预料到一切都变成无聊的原地停顿。那时候我就像一只爬出奇怪路线的寄居蟹吧。,1,Julianney,128632560
9,2019,10,19,她喜欢孙燕姿的歌，我喜欢听她的歌单[多多比耶],0,乌合之众170422,472226837
10,2019,10,17,爱爱爱是不变,0,互联网石原里美,435471851
11,2019,10,17,断断断了想念~,0,也不是猪只打呼,355734135
12,2019,10,15,442评论认真的吗？,0,SANJIU9,281870167
13,2019,10,10,站在中间地带，我暂时不会脱鞋,0,原来已经8点了,108821835
14,2019,9,27,啊，不太了解[流泪],0,霉头霉脑云散月现自在飞花slay,42294326
15,2019,9,27,不是那位，那位也是编曲大师，已经去世了，这位应该是叫邓志明吧！,0,布鲁斯牛仔裤,246234044
16,2019,9,27,陈志远,0,霉头霉脑云散月现自在飞花slay,42294326
17,2019,9,27,Martin Tang,0,布鲁斯牛仔裤,246234044
18,2019,9,22,爱了爱了[大笑],0,玄菟85,325569616
19,2019,9,19,被忽视的一首好歌，这种歌只有铁粉才会喜欢。不过，说实话，薛忠铭的音乐，更适合张信哲来唱。,0,寻羊念真,376287923
20,2019,9,15,我在我也会，他还是我的❤️,1,KeplerTDV,120584731
21,2019,9,9,今天是怀旧系列 过了这么多年还记得歌词[亲亲],1,喂sasa,120854520
22,2019,9,9,寄居蟹,0,过往云烟视而不见,305289320
23,2019,9,5,编曲一点都不像十几年前的歌[亲亲],0,霉头霉脑云散月现自在飞花slay,42294326
24,2019,9,5,超好听,1,珈曳,637769065
25,2019,8,21,前奏，太好听了，伴着云卷云舒，一切铺开，包括燕姿的歌声的姿态,3,夏小莫,869908
26,2019,8,17,喜欢这首[大笑],0,霉头霉脑云散月现自在飞花slay,42294326
27,2019,8,11,[多多无语],0,唐某不沾刘女,347702944
28,2019,8,9,我们在歌里共度余生可好～,0,树懒iiiii,494562498
29,2019,7,31,十分正确的做法啊，值得学习！,0,一双鞋踏破了天地,557157073
30,2019,7,26,很喜欢这种。,1,我只会乱乱唱,272309134
31,2019,7,25,所有歌都好听,0,霉头霉脑云散月现自在飞花slay,42294326
32,2019,7,23,冷门神曲,0,快送我出家,302527318
33,2019,7,23,哇哒哒哒哒,0,柠檬树薯片,84505812
34,2019,7,15,打卡,0,Kkmiami,455050359
35,2019,7,14,这歌可太难了,1,sunmengtao,310686291
36,2019,7,11,我喜欢这首,1,风雨飘飘飘摇,467610631
37,2019,7,5,被这首歌着迷,1,围绕着我崇拜,397947640
38,2019,6,30,打卡,0,Chertime,83946830
39,2019,6,28,很好听,1,狐狐狐糊胡,1301675593
40,2019,6,25,有没有很帅气，酷酷的燕姿。,1,s1ck1000,1471605268
41,2019,6,11,duang duang duang了想念,0,makalokakaka,39917485
42,2019,6,10,哈哈哈哈哈哈哈,0,辣辣辣哭了,121235068
43,2019,6,10,层主你有毒 我现在听都是这个了,0,在西北偏北,136412020
44,2019,6,2,我暂时不会有拖鞋,1,45度蓝,57948943
45,2019,6,2,前奏真的很有代入感[开心],2,千禧年小王子,1773768190
46,2019,6,2,声带里都是胶原带白的感觉,9,Original源_,68005848
47,2019,5,23,果然不到999的才是宝藏啊！,3,Sparrrrk,270935914
48,2019,5,14,biu,0,在三万英尺的高山以追逐野兽为乐,369636845
49,2019,4,22,断断断了想念,1,藿香正气的NINJA,2444032
50,2019,4,21,“他右边一些”我听成了“他有癫痫”_(:з」∠)_,5,辣辣辣哭了,121235068
51,2019,4,20,好听,0,Davie504,57455489
52,2019,4,18,打卡,0,跳舞的克卜勒,122786310
53,2019,4,16,[亲亲][亲亲][亲亲][亲亲]从小到到大，我会爱你到老。,0,会膨胀的萝卜丝,333285925
54,2019,4,14,好喜欢,0,O_oHULLO,343829645
55,2019,4,12,一开始就抓耳啊！！！,0,May_fisher,1672347857
56,2019,4,3,恶心巨蟹座,1,C12345689,452443513
57,2019,3,18,DuangDuangDuang了想念[大哭],2,molimolichan,1761864019
58,2019,3,14,"作曲：薛忠铭
作词：廖莹如
编曲：Martin Tang

已经添加修改，请小伙伴们重新刷新歌词",1,作词_作曲_编曲_MV导演天下第一,546057330
59,2019,3,3,站在中间地带,0,迷幻shinee,400625173
60,2019,2,16,编曲很棒啊,1,hiddentrackkk,18334259
61,2019,2,13,这歌的主歌实在很没有记忆点，不听到副歌基本记不得。。,1,Nembutal,285968582
62,2019,2,10,最爱,0,O_oHULLO,343829645
63,2019,2,3,就是想刷评论,1,跳舞的梵谷yanzi,318974517
64,2019,1,28,经典,0,杨单车,517883505
65,2019,1,24,沙哑的声线我居然听出来   弓长  惠  女未   的感觉。只不过更喜欢这种蕴藏不住的坚强。每次听完立刻激活起来！,3,梅西疏影,247369807
66,2019,1,23,好喜欢这首歌啊,0,珈曳,637769065
67,2019,1,11,每首歌都能诠释地很好呀,1,_C栗子,95419591
68,2019,1,8,又来听燕姿的歌了[大哭],0,LG林叶,564692276
69,2019,1,4,超级喜欢💕,0,爱到房间想哭,418593405
70,2018,12,25,站在中间地带,0,Wilreams,366115209
71,2018,12,24,想起多年前 对每一个同学说我爱燕姿 爱她的每一首歌,1,KThxBye,46577327
72,2018,12,22,站在中间地带,0,另-张脸,56020714
73,2018,12,20,这个歌要就听才会有味道,1,郑旭1983,623072266
74,2018,12,16,[爱心][爱心][爱心],0,账号还是注销吧,17481219
75,2018,12,9,上次听的时候还是07年的时候呢，搬家后就没听过，如今再听有不一样的感觉,1,经纬180729,1536664663
76,2018,12,5,站在仲间地带，我暂时不会有拖鞋,1,zedcui,290993671
77,2018,11,25,廖莹如给燕姿写的几首歌都很不错呢～,1,HappySun0727,252757745
78,2018,11,22,当时买的第一张磁带。爱你,0,蛇蛇蛇皮走位,135555095
79,2018,11,21,迟早会有歌手把这首好歌给带火🔥,0,苏先生的猫_,39618660
80,2018,11,18,入坑专辑。最爱这张专辑,2,LLLLLLOVE_L,74323955
81,2018,11,17,就很喜欢,1,鼻涕兽tyx,265063130
82,2018,11,14,我只能说燕姿所有歌都会,1,猜不完的火车,44278031
83,2018,11,13,有点沙哑的声音真性感,0,星岛的妳,48746821
84,2018,11,13,燕姿说：“什么歌”是什么歌,1,跳舞的克卜勒,122786310
85,2018,11,13,打卡,0,跳舞的克卜勒,122786310
86,2018,11,13,燕姿的歌俺听前奏就可以说出歌名耶,1,老虎团团转,355726025
87,2018,11,11,应该说是出道即巅峰。被忽视了。,1,EDM奥利奥,59256070
88,2018,10,30,打卡[可爱],1,聊胜奈,504112982
89,2018,10,28,打卡,0,跳舞的克卜勒,122786310
90,2018,10,27,欸？不一样的风格哦，好听,0,春水煎茶zzz,298330273
91,2018,10,20,打卡,1,凌晨Jce,115773497
92,2018,10,6,同愛,1,羽子pinna,307979982
93,2018,10,6,[开心]最爱燕姿,0,_深白色_,59098738
94,2018,9,29,哈哈哈,0,羽子pinna,307979982
95,2018,9,29,打卡,0,跳舞的克卜勒,122786310
96,2018,9,23,好听的hen,1,风颂清秀,455925170
97,2018,9,22,这沙哑的嗓音 性格,0,星岛的妳,48746821
98,2018,9,20,自豪,0,Ash_Lynx_,544837444
99,2018,9,17,竟然这么点评论,0,新垣結衣的衣,113558510
100,2018,9,15,太好听的歌曲了吧  ,1,liooHu,133689341
101,2018,9,13,[星星],0,zzzzwpp,84338062
102,2018,9,7,冷门金曲,2,华_筝,15247544
103,2018,9,4,怎么可以这么好听，已中毒[惊恐],1,荔枝略略略,78970507
104,2018,8,18,哈哈哈[可爱],0,Halo_Stefanie,44758870
105,2018,8,18,簡直吸毒啊,0,羽子pinna,307979982
106,2018,8,18,對的,0,羽子pinna,307979982
107,2018,8,18,同感耶！,1,羽子pinna,307979982
108,2018,8,18,對對對,0,羽子pinna,307979982
109,2018,8,18,我也是這麼覺得的呀呀呀呀,1,羽子pinna,307979982
110,2018,8,18,是的，還有中間斷斷斷了線那句,0,羽子pinna,307979982
111,2018,8,18,我也好喜歡這歌啊,0,羽子pinna,307979982
112,2018,8,17,我爱你,0,coolbananas,79594889
113,2018,8,16,今天也是冷门怪[爱心],0,喝掉你的冰阔落,97322489
114,2018,8,13,我的也是卡带，表示没有删,0,成什么琳,403474150
115,2018,8,4,太喜欢这个唱腔了[可爱],0,毛毛虫0912,323067104
116,2018,8,3,最爱孙燕姿,4,跳舞的梵谷yanzi,318974517
117,2018,8,2,🎧,0,_诗芊,81037679
118,2018,7,31,想起那天暴走了几公里，天气晴朗，有点热，额头冒着薄汗，一直单曲循环着这首，突然感觉未来就算有点迷茫，也没那么害怕了。,1,孙霉菲,486142030
119,2018,7,31,我暂时不会有拖鞋,2,长颈鹿怪叔叔,276048019
120,2018,7,26,围绕也是这种feel,0,远行的节拍,12611935
121,2018,7,15,有没有觉得前奏超级好听,2,夏小莫,869908
122,2018,7,10,前奏很好听呀,0,going_up_stef,372536854
123,2018,7,2,14:31,1,林守乐,55243746
124,2018,6,7,中间地带,0,DylanDay,100728630
125,2018,6,7,沙哑的声线我居然听出来弓长惠女未的感觉。只不过更喜欢这种蕴藏不住的坚强。每次听完立刻激活起来！,1,梅西疏影,247369807
126,2018,6,6,有的，只是网易没有,1,浮躁的异想世界,572631665
127,2018,6,2,这首歌声线特别，绝对经典,0,coolstoneyoung,340443152
128,2018,6,2,嘿嘿嘿，最喜欢,0,nanaba123,102440445
129,2018,5,31,这首歌蜜汁好听,0,LapIace,355418011
130,2018,5,28,hey,0,很摇滚滴事,98010521
131,2018,5,26,初中时代的回忆，冷门好歌,1,李梦real,1392872989
132,2018,5,25,害怕，懂事的作词就是深白色[憨笑],1,_深白色_,59098738
133,2018,5,24,是时候加隐藏曲 我不相信你会,0,跳舞的克卜勒,122786310
134,2018,5,24,哈哈哈，深白色，燕姿有首歌作词作曲好像是这么一个人,1,跳舞的克卜勒,122786310
135,2018,5,7,姿迷无处不在，燕姿无可取代～～～,0,四月的的的,1329526521
136,2018,5,6,老大爱你,0,Goon66,122002802
137,2018,4,26,爱你，姿麻麻,0,金金妹的逗比生活,488793267
138,2018,4,26,作为专辑里唯一没mv的歌，请问有何感想？,1,痛快的哎哟,247746461
139,2018,4,26,i,0,ftujdb,58827934
140,2018,4,25,好想回到2001年，,0,影也别,493330639
141,2018,4,25,999助力,0,Thanatos渴,255967863
142,2018,4,24,这位朋友说的棒,1,姐姐姓劉,74136795
143,2018,4,24,站在中间地带，我暂时不会有妥协,1,东磕,391477977
144,2018,4,18,"很奇怪这首歌为什么才三百的评论，这特么的不科学啊？？？？？
我没看错吧！这是孙燕姿的专辑啊！！！！！
逗我吧。",6,抱狗大人,1427724880
145,2018,4,16,老大我也爱你[爱心][爱心],0,AIlennolan,467487362
146,2018,4,14,没有啊，卡带肯定没删，cd不知,1,小四的酱油,493214532
147,2018,4,14,这首歌当年也听了老长一段时间,0,小四的酱油,493214532
148,2018,4,14,今天废人一个 [撇嘴]想找找有没有我没听过的孙燕姿的歌 除了群星合唱根本就没有 再冷门也会唱………,0,宝宝最乖乖,49818468
149,2018,4,10,今天听我要的幸福,0,毛毛虫0912,323067104
150,2018,4,10,留名,0,毛毛虫0912,323067104
151,2018,4,5,真爱粉来了 想当年上初中时候在广播室放这首歌 整个校园都是我姿的声音 ,0,王不对称,254940840
152,2018,4,1,真爱粉好喜欢这首歌,0,胃里缺个小土豆,263073924
153,2018,3,31,哈哈，爱的不够,0,_深白色_,59098738
154,2018,3,30,燕姿的歌就是有不一样的感觉,0,33轉的LP,630862795
155,2018,3,28,没事再次循环,0,郁闷中的牙刷,269942332
156,2018,3,27,作为一个真爱粉，居然不会唱这个歌[流泪],0,Judy猪,50444939
157,2018,3,26,原地不动不去划线,1,麦麦以南,123563914
158,2018,3,26,分手了来听这歌 这么酷还谈个p恋爱啊,2,麦麦以南,123563914
159,2018,3,16,断那几个字好性感啊。,0,张居-正,76550270
160,2018,3,15,耐听极了,0,小王爷克卜勒,263888906
161,2018,3,15,[爱心]愛你我的姿媽。,0,鄒爸比,85768778
162,2018,3,10,我为什么从小就这么喜欢这首歌儿啊，哈哈哈,0,Kepler170731,556130174
163,2018,3,9,好听,0,sty海角天涯,415578058
164,2018,3,6,每天都听听,0,33轉的LP,630862795
165,2018,3,5,燕姿的歌，好听啊,0,33轉的LP,630862795
166,2018,2,25,嘿 谁在地表上画线🎿滑雪嘛@孙燕姿 😄,0,姿迷Kepler,62776498
167,2018,2,24,233缘分,0,为爱移山螺丝钉,299134095
168,2018,2,24,哈哈我刚评论完这句话才发现你也说了,0,Ground-blue,250254616
169,2018,2,24,站在中间地带，我暂时不会有拖鞋。,1,Ground-blue,250254616
170,2018,2,18,我要刷999,1,为爱移山螺丝钉,299134095
171,2018,2,15,我要的幸福真是神专,1,A-KUONG,577837024
172,2018,2,15,以前听了很多遍，很好听，居然忘了这么久,1,33轉的LP,630862795
173,2018,2,7,我暂时不会有拖鞋[大笑],2,为爱移山螺丝钉,299134095
174,2018,2,4,超级爱,0,疯_jf,262379467
175,2018,2,1,音色多变，超好听,3,王金1711,632842409
176,2018,1,30,好听,0,hazel7,51114269
177,2018,1,25,👴,0,祭奠忆尘埃,420712693
178,2018,1,20,好,0,-澍辞-,427704425
179,2018,1,10,[亲亲],0,yore-moon,325174224
180,2018,1,7,好听！,0,路过的狂歌者3,484443340
181,2018,1,5,不想太down 所以来听这首,0,訾央伪装小漠漠,247480354
182,2018,1,3,特别喜欢,0,O_oHULLO,343829645
183,2018,1,1,差点儿忘了这首了,0,泉哥1989,512399932
184,2017,12,21,为什么喜欢这首歌的人这么少。。不科学。。。,1,矮宁,263615018
185,2017,12,21,不上999+不科学,2,Azure0316,336877986
186,2017,12,20,这首真是快被我遗忘了[大哭],1,Black丶Cherry,14624296
187,2017,12,19,他右边一些 我听成他有癫痫 还赶紧看看歌词 燕姿我对不起你😂😂😂,1,只有音乐才是胡桃夹子的解药,277648200
188,2017,12,14,姿持姿持,0,毛毛虫0912,323067104
189,2017,12,14,争取上999＋嘿嘿,0,Da-宝,310769259
190,2017,12,14,看这评论这太不科学了，或许我们才是真爱。[亲亲],1,等不到的晚安与我无关,375186998
191,2017,12,13,我觉得最好听的一句就是「断断断了想念」,1,撒酷拉酱,322261253
192,2017,12,10,曾经循环过无数遍,0,亚热带蜉蝣,96586532
193,2017,12,10,好听好听，为这首歌打电话，争取上999＋,0,小冀崽崽,455717392
194,2017,12,9,都市之中的时尚感受,0,陳葰峯,334988095
195,2017,12,8,嘿嘿,2,古月人情,564581243
196,2017,12,5,姿持姿持[爱心],1,徐丨若木,246749232
197,2017,12,1,我只想知道为什么当年引进时cd和卡带删掉了这首[流泪],2,Chaki-doi,268350
198,2017,11,29,999+,0,香蕉大王82,449397593
199,2017,11,29,这首歌是这张专辑里我最喜欢的，居然这么少评论。,1,香蕉大王82,449397593
200,2017,11,22,好喜欢这首歌啊！为什么留言那么少,0,amy_123124,25665428
201,2017,11,17,第9年《,0,-土豆大土豆,281076058
202,2017,11,16,真爱粉都在这里了,1,呃好久不见,314732023
203,2017,11,14,17年了！！！,0,永尾完治-,115063573
204,2017,11,14,凭这张专辑，出道一年就入围金曲歌手,0,资溜溜,263964700
205,2017,11,11,我暂时不会有妥协,0,活着只求好玩,266447964
206,2017,11,8,难得一见烟嗓姿,0,巖巖,260090118
207,2017,11,3,燕姿最冷门的一首了[幽灵],1,麸濉,290876479
208,2017,10,29,读书时候觉得很普通的歌时间长了越发的喜欢,0,北歌L,105394208
209,2017,10,27,好听好听,0,xiemeifang,74922105
210,2017,10,25,09:51,0,林守乐,55243746
211,2017,10,18,助攻999,0,鼠可可black,278996790
212,2017,10,8,听她的歌真的像吸毒而且还真的很毒,6,LEEMINTUNG,336339661
213,2017,10,3,网易上那么多下架的歌曲，好多好多老歌都下架了，燕姿的居然差不多都在，真是太神奇了！[亲亲][亲亲][亲亲][亲亲][亲亲][亲亲][亲亲][亲亲]1997年就认识了燕姿的我，在高兴就好的杂志看到她的。,6,Christina_Queen,365845644
214,2017,10,3,从燕姿是新加坡新人时就关注她的我，这首歌也是听了无数遍，今儿又听到，评论居然没有999，助攻,4,Christina_Queen,365845644
215,2017,10,2,前奏秒杀,0,明明__就,44020024
216,2017,10,2,[可爱],0,半聋半哑,137394221
217,2017,9,17,喜欢这首歌,0,胃里缺个小土豆,263073924
218,2017,9,9,好聽聽聽⋯⋯特別是斷斷斷⋯⋯,1,羽子pinna,307979982
219,2017,8,30,刺激,0,这个昵称会有人占用么,109172856
220,2017,8,30,@这个昵称会有人占用么 ,0,my神_,106770506
221,2017,8,29,@阿柴柴油机 ,0,my神_,106770506
222,2017,8,21,翻老歌来听,0,ZEBARWANG,254717915
223,2017,8,21,燕姿啦 ,0,朝着太阳晒嗨,38971837
224,2017,8,11,听她的歌像吸毒,0,Halo_Stefanie,44758870
225,2017,8,8,并没有被忽略。,0,u_vl,259888059
226,2017,7,28,依赖依恋,0,yangerr,268612128
227,2017,7,28,“爱是想触碰却又收回的手”大概这个意思,0,根据相关法律法规该用户已被注销,64414893
228,2017,7,27,14年我在成都,1,jamiec的自由,48972531
229,2017,7,27,当年这砖刚发的时候，就好爱这首。,0,我的big鹅,354903051
230,2017,7,26,我语文不好，数学还可以的哈哈,0,Eudora-_,102213604
231,2017,7,26,忽冷忽热，不认真又怂，进一步，他退两步。,0,Eudora-_,102213604
232,2017,7,25,语文好的来解释一下爱让他像寄居蟹是什么意思,0,甲壳猫1704,455487789
233,2017,7,23,这首歌一听到我就会想起大四第一次面试的前晚在电脑上做功课，怯弱的我感觉就站在中间地带，生死掌控在别人手上。,0,Desperado-wq,38117594
234,2017,7,18,好难唱啊这首歌,0,输入昵称好的,75876454
235,2017,7,18,昨晚一点钟下班，在没有人的街上，我骑着我的小电驴跟着手机一起唱了这首[吐舌][吐舌][吐舌],1,孙燕姿best,46251605
236,2017,7,17,嘿嘿，我记得只有一场！超有缘分,0,_深白色_,59098738
237,2017,7,15,高考前和寅魔一起听的这首歌，三诊理综176，高考230，孙燕姿是我的福星！！！,1,RichardColumbiaUniversity,246229682
238,2017,7,13,什么时候有新的演唱会啊……我好不容易毕业参加工作了可以去看了,2,未来密,121795422
239,2017,7,4,爱姿,0,姿意燕为,263726012
240,2017,6,30,🐾,0,计时人生,258834281
241,2017,6,29,爱姿,0,姿意燕为,263726012
242,2017,6,26,站在中间地带,0,瓶中信2016,124268997
243,2017,6,21,@孙燕姿 ,0,芦根甘草薄荷饶,248359022
244,2017,6,21,这首歌沙哑的声线太他妈好听了吧！,1,陈憨,378915107
245,2017,6,20,爱姿,0,姿意燕为,263726012
246,2017,6,17,爱姿,0,姿意燕为,263726012
247,2017,6,10,爱姿,0,姿意燕为,263726012
248,2017,6,9,11:58,0,林守乐,55243746
249,2017,6,3,加油吧，你在第一张yanzi同名专辑也会发现我的😏,0,凌晨三点不睡觉的雨果,120801740
250,2017,6,3,我最近也在一张张的听，还没听完。《完美的一天》那里也看到了你[奸笑],1,CaptainChina史爱民,250424583
251,2017,6,3,所以你真是听了一天吗？在其它歌那边好像也看到了你[奸笑],0,CaptainChina史爱民,250424583
252,2017,5,30,爱姿,0,姿意燕为,263726012
253,2017,5,29,手动踩爪印，端午燕姿专辑一日游[奸笑],1,凌晨三点不睡觉的雨果,120801740
254,2017,5,28,还记得小时候我哥说，他把他右边一些一直听成了，他有癫痫。,1,谁用了我的次生古玩,252045343
255,2017,5,27,好听！！,0,一颗沉眠的海胆呀,99327692
256,2017,5,25,同会[呲牙],0,孙燕姿best,46251605
257,2017,5,21,所以点的人不会吗😂,0,另-张脸,56020714
258,2017,5,19,我还会唱 种  和平  同类[大笑],0,Dracula-Alucard,59132376
259,2017,5,19,🚶,0,其險也如此,57083432
260,2017,5,17,对了，广州站我也去了！,0,孙燕姿best,46251605
261,2017,5,17,我也会唱[可爱],0,孙燕姿best,46251605
262,2017,5,16,依旧恋姿[大笑],0,rock默然,39572304
263,2017,5,14,爱姿,0,姿意燕为,263726012
264,2017,5,12,燕姿,0,一地故里,118066649
265,2017,5,3,爱姿,0,姿意燕为,263726012
266,2017,5,2,好久没听了……虽然冷门，但却很喜欢……,0,不会用筷子的螃蟹,295873372
267,2017,5,2,[爱心],0,我坐在九份的咖啡店,72788572
268,2017,4,9,两都是青春[色],0,光阴最是化浮沫,340722855
269,2017,4,9,没毛病，中间地带[憨笑]站在中间不是第三者是什么[色],1,光阴最是化浮沫,340722855
270,2017,4,9,病[可爱],0,光阴最是化浮沫,340722855
271,2017,3,28,燕姿独特的嗓音配合这首歌轻快的旋律总能让我心情一下亮起来,0,eviory5,124962332
272,2017,3,11,爱姿,1,jeans123ly,336906374
273,2017,3,11,十七年前买过的卡带 不知当时在walkman中翻转了多少次 当前奏再次响起有种说不出的味道 青春的味道,1,Younglance,388726922
274,2017,3,10,怎么又随到这首来了[大哭],0,海绵1874,298588296
275,2017,3,10,除了少数几首。我应该都早听过了，神奇的是我都很喜欢，我就知道会听相当相当久她的歌了，大概是一辈子吧。,0,海绵1874,298588296
276,2017,3,9,私人FM每次给我推荐的歌都那么让我惊喜。,0,一只哀伤的猫啊,294625018
277,2017,3,8,看到热评第一条突然想起燕姿在推特上写的说她不会拼狗宅队的zhai哈哈哈哈哈哈哈哈哈哈哈笑死我了,1,林守乐,55243746
278,2017,3,2,20:49,0,林守乐,55243746
279,2017,3,1,别跟我说谁谁谁，我的青春只有孙燕姿！日常打卡。,2,孙燕姿你是光芒果,77464742
280,2017,2,23,[哀伤],0,阿雨哟,42924107
281,2017,2,22,看了贴吧的帖子 跟紧来听听,0,又酷又帅吴彦祖,270807908
282,2017,2,20,冷門好歌！  評論再少歌還是好聽 ,0,Linllll_,257358911
283,2017,2,19,21:42,1,林守乐,55243746
284,2017,2,19,每首歌都那么好听,0,风中拾遗,283224068
285,2017,2,5,前奏好听,0,going_up_stef,372536854
286,2017,2,2,知道这首的绝对是燕姿的真爱啊~,1,菲儿灰灰,62222598
287,2017,2,2,我好爱这首啊！！！,0,Desperado-wq,38117594
288,2017,1,29,我暂时不会有拖鞋= =,1,秋石丶,353543342
289,2017,1,22,爱让他像寄居蟹,0,gnaiq_um,95757212
290,2017,1,22,"Martin tang的编曲
",0,avenyan-chengxu,99853392
291,2017,1,21,我是王海峰我喜欢孙燕姿,1,爱姿海,126397948
292,2017,1,18,大爱 我要的幸福 B面,1,撕咬明,92098464
293,2017,1,16,盗版专辑里第一首，盗版专辑里它的名字是“第三者”卧槽,1,hanimal,269609516
294,2017,1,15,为什么每次都听成，站在中间地带，我暂时不会有……拖鞋[晕][晕][晕],0,sasamoto1,115783770
295,2017,1,15,燕姿最佳的一砖中的最佳的一首[撇嘴],0,派星星的么么哒mua,2981762
296,2017,1,4,怎感觉这个歌唱的气息不稳？,1,爱动魔岩,46631684
297,2017,1,1,男有周杰伦，女有孙燕姿！,1,芯雨丶,125185012
298,2016,12,31,[亲亲][亲亲],0,杨亿嬅,273788048
299,2016,12,27,爱姿,1,姿意燕为,263726012
300,2016,12,26,爱姿,0,姿意燕为,263726012
301,2016,12,22,鱼迷报到,1,茹音_绕梁,289036607
302,2016,12,22,[爱心],0,花老师小课堂开课啦,353426857
303,2016,12,9,我不想随便，也不绝对,0,帐号已注销,321898483
304,2016,12,7,爱姿,0,姿意燕为,263726012
305,2016,11,29,没听过！！罚自己循环20遍,0,帐号已注销,124859943
306,2016,11,21,爱姿,0,姿意燕为,263726012
307,2016,11,21,爱姿,0,姿意燕为,263726012
308,2016,11,21,站在中间地带，我暂时不会有妥协,0,取个名字好难啊啊啊啊啊啊呀呀,258086601
309,2016,11,18,爱姿,0,姿意燕为,263726012
310,2016,11,14,听到前奏就直接高潮了好么……[色],0,Fat-帆,105886925
311,2016,11,6,爱姿,0,姿意燕为,263726012
312,2016,11,4,爱姿,0,姿意燕为,263726012
313,2016,10,29,sg是什么哦(⊙o⊙),0,ymlzasyz,133781720
314,2016,10,24,嗓音好美,1,study中whoops,48435532
315,2016,10,13,我已无法分辨什么是冷门什么是热门 每一首歌都是一个回忆片段 都是我的青春宝藏,5,花椒吖好麻,9592890
316,2016,10,11,SG观光团。。。,0,future__,100013392
317,2016,9,29,封面美如画,0,逆光FACE,88730935
318,2016,9,26,和平 学会 中间地带 最最最好听的三首冷门,5,real你唐,108802057
319,2016,9,26,真的好听诶，不说别的，我会唱！厉不厉害！,0,孙燕姿你是光芒果,77464742
320,2016,9,25,偶像你好,0,一匹来自星星的狼,65606601
321,2016,9,23,真的好喜欢这首,0,real你唐,108802057
322,2016,9,20,爱姿,0,姿意燕为,263726012
323,2016,9,20,好听,1,消失的盛夏,54553630
324,2016,9,18,每次难过时就会循环燕姿的歌  再在每首歌下留言,1,时光小偷拿走眼泪,135124975
325,2016,9,10,爱姿,0,姿意燕为,263726012
326,2016,9,9,是种子是什么意思？,0,大喵说多谢啊,295671049
327,2016,9,9,爱姿,0,姿意燕为,263726012
328,2016,9,8,"站在中间地带 我暂时不会有 拖鞋
",1,嘿嘿不计后果,329653470
329,2016,9,8,爱姿,0,姿意燕为,263726012
330,2016,9,4,好听😊,1,咦啊哦噗嗤,42037713
331,2016,8,28,我们歌里见 燕姿,2,万晨大哥,135286424
332,2016,8,26,太好听了,2,文阳instagood,6931038
333,2016,8,13,小时候想象中的爱情总是像歌里写的那样纯真美好……,2,VOID雨桥,38892493
334,2016,8,10,爱姿,0,姿意燕为,263726012
335,2016,8,8,真好听,1,周不高兴d,9618126
336,2016,7,23,我的青春！燕姿生日快乐[蛋糕][蛋糕][蛋糕],3,-有姿有菋-,129649056
337,2016,7,13,断断断了想念~,3,-有姿有菋-,129649056
338,2016,7,11,难得的粪曲,1,忘不掉的明天r,101795664
339,2016,7,10,摇起来,0,小哥太子晖,265197250
340,2016,6,20,18:51,0,林守乐,55243746
341,2016,6,17,断断断也断不了想念,0,fai-t-HaZeC,258511575
342,2016,6,17,这首评论这么少[呆] 前两天radio里听到这首 觉得很好听啊,2,猫七姑娘Regina,135607152
343,2016,6,16,+1,1,syzsyzsyzz,30153180
344,2016,6,14,毕竟当年在各大电视台播放最多的是《开始懂了》，而这张专辑就是颗种子,1,Chikahi,33456775
345,2016,6,10,[亲亲],0,求一切顺利的王多多,272099714
346,2016,6,7,竟然是第一次听😔😞,1,Nnnnnnononn,115189651
347,2016,6,6,我姿我姿啊,0,唔与徐公孰美,136378251
348,2016,5,30,我不想随便也不绝对。仔细看来这才是恋爱的态度。,0,jinvvv,9445775
349,2016,5,27,Good[鬼脸],0,楠楠邶邶,88627127
350,2016,5,23,听一次哭一次,0,Moro炳,134976472
351,2016,5,23,这首真不错啊，第一次听,1,漫家小脾气,96437474
352,2016,5,17,转眼16年,1,炜烨卍,28486348
353,2016,5,15,那时候燕姿的声音跟现在真的不一样了。,3,帐号已注销,30839727
354,2016,5,13,我大燕姿居然不是每首都999+？？[生气],3,瞬间得瞬间,51835828
355,2016,5,11,[吐舌],0,65418,519706
356,2016,5,9,我等待一个终点🏁,0,水壶也有人叫啊,81478525
357,2016,5,9,好歌[色],0,秋名山老司机要开车了,130890246
358,2016,5,7,101爱你[爱心][爱心],0,我独南行Z,133815629
359,2016,5,7,100，yeah，第一次占楼，献给燕姿了,1,lele-yanzi,117927432
360,2016,5,7,99,0,lele-yanzi,117927432
361,2016,5,6,99,0,燕姿的小迷弟,83397073
362,2016,5,2,2016.5.2加油，慢慢来，不要急[流泪],0,梵寺,86323898
363,2016,4,29,喜欢了这么多年评论却没有99+[流感],1,47M-,66545866
364,2016,4,24,越听越爱,0,Cypress_Nectar,52419940
365,2016,4,23,[亲亲],0,若风阿,70091588
366,2016,4,21,很不错的老歌,0,sally222,117273197
367,2016,4,20,中间[心碎]地带,0,失眠的苏菲,48369143
368,2016,4,14,大一无限循环的单曲，那是曾经迷茫的自己，站在中间地带，我暂时不会有妥协,2,水壶也有人叫啊,81478525
369,2016,4,12,太多太多神曲,0,Halo_Stefanie,44758870
370,2016,4,10,这么好的歌啊！！！！,0,一只巫雀,124781102
371,2016,4,10,[可爱],0,一只巫雀,124781102
372,2016,4,10,[可爱],0,一只巫雀,124781102
373,2016,4,6,我要在网易云找男朋友[可爱] 今年6月大学毕业 没人理我就再发嘻嘻 霸占燕姿所有歌曲 因为喜欢燕姿的人都是善良的人哈哈,1,你才是呆逼桑-,43172453
374,2016,4,4,现在中间地带,0,石楠的荒原,92607144
375,2016,4,4,冷门好歌[亲亲],0,SuperMario_Wen,7532421
376,2016,4,4,[大哭][大哭],0,study中whoops,48435532
377,2016,4,1,居然连99+都木有[流泪],0,雨陨,31875806
378,2016,3,20,我姿这么好的歌怎么这么少评论 可我也怎么那么庆幸只有我知道哈哈哈哈,1,徐人大,83142096
379,2016,3,15,本砖最棒,0,zzzzwpp,84338062
380,2016,3,14,我等待一个中间,0,雾越温,105684187
381,2016,3,14,我不忍心看到 评论数连99+都没有,0,xf帆,91895203
382,2016,2,28,陈老师那边过来的,0,咕咕的小虎牙,106591560
383,2016,2,21,能买到前排也很不错了，记得当时前排都是优先给团购的，姿吧拿到的比燕窝还好一点,0,_深白色_,59098738
384,2016,2,21,每日推荐留个名 说不定以后咱们会天天见[口罩],1,友夏,41561191
385,2016,2,20,嘿嘿，不是的，我在大麦网买滴！,0,帐号已注销,104038859
386,2016,2,19,真是巧啊，难道你也是姿吧团购的[呆],0,_深白色_,59098738
387,2016,2,19,我也是内场580，不过不记得具体哪个位置啦，囧,1,帐号已注销,104038859
388,2016,2,19,[呲牙]握个爪，我在内场580左边第一排,1,_深白色_,59098738
389,2016,2,15, 我也去了那场演唱会~~~,0,帐号已注销,104038859
390,2016,2,13,这歌我以前可喜欢了咋100都没有,0,东方不赢ORZ,116999321
391,2016,2,12,反正感觉好奇怪。。。什么寄居蟹都出来了。。。。调调也很有趣[可爱],0,JaxP1nkman,103385637
392,2016,2,12,神奇在何处,0,海外小仙人,65586509
393,2016,2,12,这首歌是燕姿的歌里歌词最为奇怪的一首了[吐舌],0,JaxP1nkman,103385637
394,2016,2,4,燕姿，冷门又好听的歌。仿佛那些记忆娓娓道来……,1,番薯跳海海蓝蓝,101039567
395,2016,1,24,@LIUDALI- ,0,errnum,90955437
396,2016,1,13,断断断了想念~,1,那个米饭,8910787
397,2015,12,22,每次到这首歌都觉得好陌生，燕姿少有的我没有共鸣的歌。,0,chris153709,108684847
398,2015,12,13,好有感觉的一首歌,1,雨陨,31875806
399,2015,12,12,这歌差一点,0,欧阳小小小小小小小小小小小小小,18879459
400,2015,12,9,冷门经典歌曲,0,StefSngEeTze,68786043
401,2015,12,2,刚写到“中间地带”这几个字，想起了燕姿的这首歌。,0,晴雨稀兮,47757245
402,2015,11,26,嗯，磁带该翻面啦~好烦~,3,LZAKU,56740392
403,2015,11,24,一直以为是因为我怀念的那类型的歌喜欢的燕姿，时间久了才发现只是因为她就是直直接接，简简单单唱歌才喜欢的，就像五月天一样，一直陪着我，无论什么时候，总在和我一起向前。[爱心][爱心][爱心],2,除去衣衫白马,64089525
404,2015,11,19,很幸运碰到孙燕姿，碰巧习惯她，这就是我最幸运的一点,0,帐号已注销,78462297
405,2015,11,19,是啊，我能保证燕姿的歌前奏三秒知道哪首，只要中文就会唱[呲牙],2,_深白色_,59098738
406,2015,11,19,哈哈，伪姿迷太多,0,_深白色_,59098738
407,2015,11,18,伪歌迷太多啦！,0,Joyfish,55307716
408,2015,11,17,Ton,0,帐号已注销,78462297
409,2015,11,17,那是你还没碰到我,1,帐号已注销,78462297
410,2015,11,15,～～～,0,举个西木,60673274
411,2015,11,8,14年广州克卜勒演唱会时候要拍一个欢迎视频给燕姿，拍完后歌迷一起去KTV，狂唱燕姿的歌三小时！！有人点了这首歌，全场只有我一个人会唱！让我觉得，我绝对称得上真爱粉😁,155,_深白色_,59098738
412,2015,11,1,。。。,0,雨殇HV,73353857
413,2015,10,28,寄居蟹   ,0,昕彻,32536012
414,2015,10,26,好久没听，一听到前奏就想到螃蟹，原来是因为歌词里有句寄居蟹。,3,超级SG,48435882
415,2015,10,19,[爱心]冷门也听了很多年了,2,ZY-7,17531038
416,2015,10,19,[大哭][奸笑],0,闪泥啦啦啦,88079495
417,2015,10,17,这个逼装得我给满分,0,是螺纹呀,59982102
418,2015,10,10,哈哈，名字暴露了,1,Swallow燕姿,55255820
419,2015,10,7,这歌好听,1,study中whoops,48435532
420,2015,10,3,这首歌前奏很经典，中间有个转调，一下子把看似轻松的气氛突然低沉，不过很有感觉，算是在燕姿歌中的遗珠，单曲循环ing~,6,喵星人在纠结中,85068260
421,2015,9,6,原来这是冷门歌吗 假装自己是路人粉[大哭],1,闪泥啦啦啦,88079495
422,2015,9,6,冷门啊,0,湖人死忠,7776579
423,2015,8,25,变可爱变羞涩装不明白，心情被别人牵动，怕自己不够好不够优秀。,0,简呐单单,9430133
424,2015,8,19,[亲亲],0,湖人死忠,7776579
425,2015,8,17,断断断 断不了想念[哀伤],2,小喵酱酱0,60722003
426,2015,8,12,真的只需要做的就是听歌,0,ghetto11,58402483
427,2015,8,6,yanziyanzi.,0,帐号已注销,44991129
428,2015,8,6,大爱孙燕姿^o^Q_Q,1,瑰韵迷晴,31002996
429,2015,8,6,大爱孙燕姿,1,瑰韵迷晴,31002996
430,2015,7,28,有这么冷门吗。。这点人,1,丨虚头巴脑丨,82378266
431,2015,7,26,专辑封面好拉风的小兔牙[憨笑],2,kid_kid,6702118
432,2015,7,26,姿妈顶一下,0,三岁不能再多,78266318
433,2015,7,16,站在中间地带 我暂时不会有妥协,1,举个西木,60673274
434,2015,7,16, ✺◟(∗❛ัᴗ❛ั∗)◞✺,1,熊猫眼就是我,42370940
435,2015,7,7,这首果然人少。,0,打卡环游网易云,29965618
436,2015,6,10,y,0,WoodyDrake,51716403
437,2015,6,9,我没有加入任何关于你的群或组织 没有关于你的一切都非要特别关注 喜欢看微博上你很特别的中文表达 喜欢在心情high或者心情down时听你唱歌 喜欢你独一无二的转音还有快要破音的感觉但又能完美演绎 我不会写长微博来表达自己多欣赏你 好了 咱们歌里见就好@孙燕姿,309,行星Kepler,6971200
438,2015,6,4,超喜欢这首歌好嘛，单曲循环,1,力的宏,34361818
439,2015,5,22,Duang～Duang～Duang～了想念[大哭][大哭][大哭],4,岁月静好_CoCo,40823816
440,2015,5,20,燕姿bless me,2,HikkiKenji,31403033
441,2015,5,8,第一张最好听,0,漂流的考拉,390569
442,2015,4,29,好听!,0,KK小学王,19969687
443,2015,4,28,开头的调调充满异域风情，大风吹我在跳,1,夏小莫,869908
444,2015,4,25,[可爱],0,傻子-笨蛋,1331490
445,2015,4,22,时不时翻出来听。,0,KK小学王,19969687
446,2015,3,19,超好听的歌哦。。,2,寻找四叶草Oo,47587184
447,2015,2,25,老大我爱你[亲亲][爱心][爱心],44,将往观乎四荒Zhang,41213820
448,2015,2,21,[幽灵][幽灵][幽灵],0,我们走在大路上,18266617
449,2015,2,20,很清纯的封面[吐舌],2,kyger,34528476
450,2015,1,20,这首很好听的,1,被屏蔽的陈某人,48115463
451,2015,1,13,老歌是一种记忆啊...,1,Cadence-小懒熊,46283249
452,2014,12,18,这么好的作品居然这么少评论？,0,Ai_Syanzi,45409645
453,2014,11,15,我要的幸福这种专辑最被忽略的佳作！,122,一腔诗意喂了狗--,42162146
454,2014,10,30,梦想不能分配,0,用尽所有思念,33731939
455,2014,7,24,[可爱]青春留给你,0,丁丁Chan,9653410
456,2014,1,18,[幽灵],0,Fannyzm,2059857
