index,year,month,day,content,likecount,nickname,user_id
1,2019,11,27,好听,0,红尘小小生,73020014
2,2019,11,9,其实是好听的,1,得意尽欢吗,1995833702
3,2019,11,1,好酷好有感觉,0,得意尽欢吗,1995833702
4,2019,11,1,我真的好爱她唱这种感觉的歌  帅气洒脱,1,跳舞的反骨,33249451
5,2019,10,29,宝藏啊！,0,加雷马帝国太子妃,136728770
6,2019,10,16,啊我才发现是阿姿写的曲 我好喜欢！,1,魚藝凡,103671291
7,2019,10,15,这么好听才500多[惶恐],1,孙燕姿丶,1813871469
8,2019,10,12,生活是美好的！！！,1,别管地瓜,107365122
9,2019,10,5,这首歌 我以前可以倒背如流 就是觉得好听 好欢乐 哈哈哈哈,1,Meaginlee13,61472932
10,2019,10,2,给我999+,0,也不是猪只打呼,355734135
11,2019,10,2,真可爱。,0,也不是猪只打呼,355734135
12,2019,10,2,啊啊啊啊真好听啊,0,也不是猪只打呼,355734135
13,2019,10,1,好久以后我们在这里碰,0,识刀客,623315109
14,2019,9,30,喜欢燕姿的举个手？,1,镜子中1802,1366765262
15,2019,9,28,太好听了！！！,1,肖战gg冲鸭,1741386928
16,2019,9,25,姿迷们一起种地哈哈哈！,1,sweettteee,416746687
17,2019,9,21,我要种树，种钱，种寒暑假,0,识刀客,623315109
18,2019,9,21,喜欢喜欢,0,识刀客,623315109
19,2019,9,18,长出了麦田,0,Kepler-_-,300077987
20,2019,9,16,欢快的音乐缓解看文献,1,Christine-ou,337799242
21,2019,9,7,一块迪士尼是你的,2,盐辛,335224688
22,2019,9,6,嗯嗯嗯,0,梨花满地1806,1494003023
23,2019,8,31,可可爱爱,0,才不是你的小兔叽,535487147
24,2019,8,31,一直对这首歌接受无能[大哭]虽然是姿迷,0,Kepler2014,361306103
25,2019,8,31,干脆当做投奔自由！,0,才不是你的小兔叽,535487147
26,2019,8,30,这么多年了过去了   燕姿当年的声音还那么熟悉,0,今天夜间到明天白天,60011618
27,2019,8,21,哇哇哇好可爱这首偶喜欢死了！！,0,长出光之翼的树,624823144
28,2019,8,17,好久没听燕姿的《种》了,1,夏目和妖怪们,116098973
29,2019,8,17,这个歌真的超级好听啊！！,1,借我半盏灯,107982595
30,2019,8,14,戴着耳机声音稍微调大一点感觉耳朵要怀孕,1,苑子潯的小号,1548957065
31,2019,8,14,我竟然没发现这首歌！！我错了,0,暖心甜y,540336727
32,2019,8,8,别拦着我，我觉得我要跟着歌曲扭起来了,1,将军领,387504811
33,2019,8,7,这首声音好青涩好可爱啊！！！！！！,2,漂浮群岛et_moi,101098936
34,2019,8,6,"种下梦想会有收获时候
种下梦想会有收获时候",1,识刀客,623315109
35,2019,8,6,"漫游无限漫游
种下梦想会有收获时候",1,识刀客,623315109
36,2019,8,6,"去你能去的想你能想的
不动也别太久留",0,识刀客,623315109
37,2019,8,6,"新鲜水果还是一栋大楼
梦想现在就种",0,识刀客,623315109
38,2019,8,6,想想将来它会成长出什么啊,0,识刀客,623315109
39,2019,8,6,"现在不要动忙着做梦没有空
现在开始动每个结果大不同",0,识刀客,623315109
40,2019,8,6,不动也别太久留,2,识刀客,623315109
41,2019,8,6,"想想将来它会成长出什么啊

新鲜水果还是一栋大楼

梦想现在就种",0,识刀客,623315109
42,2019,8,6,"某个时候我们一起低头
一块地是你的",0,识刀客,623315109
43,2019,8,6,跳脱孙燕姿以往个人创作风格，「种」以African系世界音乐概念出发，「天黑黑」做词人廖莹如老师描绘出燕姿富涵赤子之心的一面，编曲中所有充满童趣的声音都是由燕姿到处收集而来，从概念到完成都是一首市场上不可多得的佳作。,2,识刀客,623315109
44,2019,8,6,《种》是孙燕姿演唱的歌曲，由孙燕姿谱曲，Kenn C编曲。并被收录于孙燕姿的同名专辑专辑《Stefanie》。,4,识刀客,623315109
45,2019,8,4,我喜欢这种风格,1,mia-kyo,1359795265
46,2019,8,2,这首歌唱现场肯定好累,0,7things_,1318437548
47,2019,8,1,世界风,0,Yiu___,600563937
48,2019,7,31,怎么能做到每首歌都这么好听[流泪],0,借我半盏灯,107982595
49,2019,7,25,酷酷的孙燕姿！！！我好爱她呀呜呜呜呜,0,追峰少女小小卿,269443029
50,2019,7,25,介么好听，评论居然这么少,0,识刀客,623315109
51,2019,7,22,新鲜水果会有的一栋大楼也会有的[爱心],0,猎者o,309869699
52,2019,7,22,这首歌结尾处有句音源素材和leave结尾的素材一样诶,1,rpoaru,81517607
53,2019,7,21,我的最爱,0,O_oHULLO,343829645
54,2019,7,19,这歌再怎么说也是十五年前的啊......,0,霉头霉脑云散月现自在飞花slay,42294326
55,2019,7,19,没有 水果 没有 大楼 没有 你也,0,真果粒粒粒粒yi,441520120
56,2019,7,11,燕姿实验性的歌，像王菲那样走艺术风，或者像谢安琪讨论政治，或者讨论哲学，或者纯粹音乐性的创新的基本没有，很多都是像种这样洋溢着可爱、很孩子气的东西。说实话作为成年人的我来说已经不感冒了，不知道自己未来的孩子会不会喜欢。,1,飔呐,410604285
57,2019,7,10,哈哈好有画面感的歌曲,1,听歌使我快乐喔,399543214
58,2019,7,4,喜欢,0,霉头霉脑云散月现自在飞花slay,42294326
59,2019,7,1,第九,0,kendy的风筝,362892899
60,2019,6,24,明天早起去种田,0,海盗7号z,381001273
61,2019,6,23,都听过诶,0,Floyoy,290980961
62,2019,6,19,2004年的时候不喜欢这首歌，2019年觉得真香,6,Y淘淘,283975376
63,2019,6,11,"人生路漫漫，你我相遇又分离。相聚总是短暂，分别却是久长，唯愿彼此的心儿能紧紧相随，永不分离。
",0,收集注销_收藏故事,1482537933
64,2019,5,23,好听啊,0,枣糕少女宋觉觉,116531378
65,2019,5,17,有些歌还是得用耳机听,0,ImOkay823,50669672
66,2019,5,8,初中这张专辑买的盗版磁带，用复读机听的，超爱,2,是胖妞麻麻呀,83211415
67,2019,5,7,燕姿  也是个宝藏女孩呢[多多大笑],1,Miss丶无奈,3725633
68,2019,5,6,最初被打开的一首歌,0,-1421-,45950539
69,2019,5,4,我也很纳闷呢[大哭],0,电音界的小清新,279855721
70,2019,4,30,是有别的版吗？怎么这么少评论,2,不能没有昵称么,268715020
71,2019,4,26,某个时候我们一起低头，咦？快递是你的？,8,Autism-H,50695673
72,2019,4,24,一块迪士尼 的,1,k19烧香,442199512
73,2019,4,16,走你想走的 做你想做的,1,佳瑶stef,307806566
74,2019,4,15,我就來看看評論，以前用磁帶聽只和自己交流,1,念舊的峰,49351360
75,2019,4,13,那时候就觉得是很有期待感的一首歌……某个时候我们一起低头，一块地是你的，想想将来它会长出什么……,1,贰叁叁叁子,560196021
76,2019,4,10,高中呀，真是快乐,0,在风来之前,533033156
77,2019,4,2,我好像第一次听[大哭]我不合格,1,NovaXyz,122018966
78,2019,4,1,初中，好怀念听这种歌的时光❤️,1,楚楚pixiecc,11658381
79,2019,3,31,不是，是孙燕姿去非洲参加慈善活动的时候，录的非洲孩子的声音,0,自饰者180816,1557408903
80,2019,3,23,小黄人？,0,Young_qx,115033876
81,2019,3,19,每次听这歌，就想回家种地,2,咕叽咕叽894,392379220
82,2019,3,18,嘿嘿，来增加点评论,0,努力者-,503702742
83,2019,3,17,好听好听,0,尘雾-不尘心,507976853
84,2019,3,17,好久没听了,0,帐号已注销,124859943
85,2019,3,12,很有特点的歌呀，超好听，咋评论这么少,0,Yesenia_ss,120981339
86,2019,3,12,应景～,0,BornthisRay,3269154
87,2019,3,11,小朋友的合唱   感觉式我姿教的,0,捉迷藏去,57721402
88,2019,3,9,有点非洲部落的感觉,0,滴哩哩啦噜,1593537487
89,2019,3,8,种下梦想，希望会有收获时候,1,TiffanyH1221,7607275
90,2019,3,5,又是一首宝藏歌曲呀😘,0,我猜远远是丸子,114368537
91,2019,2,18,逗比歌哈哈哈哈哈哈,0,滴哩哩啦噜,1593537487
92,2019,2,17,这歌不算冷门了吧？？？？副歌和主歌的旋律都非常好记，前奏也机具辨识度,2,Nembutal,285968582
93,2019,2,11,这么好听，没多少评论,1,润小泽Ronny,1326160889
94,2019,2,10,离开了以后什么都别说,0,s1ck1000,1471605268
95,2019,2,3,"我爱这个前奏啊

多少个梦里觉得浪漫无比的场景啊",1,吃葱的小安妮,480821657
96,2019,2,2,这么好的音乐评论不过999,0,夏夜的星星与晚风,258684381
97,2019,1,31,某人说这歌特别好玩,0,小东小篱,556059700
98,2019,1,29,种下梦想会有收获时候！,1,小米糕啊,1436371488
99,2019,1,13,这个绝对是燕姿冷门歌曲前三了吧[呲牙]我都没怎么听过,2,江湖神影,307721592
100,2019,1,12,全面发展的燕姿 多才多艺的燕姿 多元的燕姿,0,StefaineSun,1504996081
101,2019,1,7,你好，现在是2019.1.7，抱歉现在才看到你的消息。我现在过得很好，生活偶尔不顺心，但没有太大的麻烦，我不在会有那种难过。度过了让我最难忘的2018，希望你我的2019精彩💗️,1,天地野游,401691739
102,2018,12,31,明年 也要努力耕耘哇,0,ChordsH,83540168
103,2018,12,29,❤️,0,你姿我姿,466537747
104,2018,12,28,说来奇怪，每次玩怪物猎人的时候就喜欢听这首歌。有燕姿的声音陪伴我，就算是在怪物猎人里种地都很开心呢。,0,纳小子真帅,427219096
105,2018,12,27,燕姿，我的地呢？你说有一块地是我的,0,一只龙哩,128221954
106,2018,12,24,你不是一个人,0,麦子0014,42963014
107,2018,12,8,一直听成“种下梦想没有收获时候”,1,sarah说,6567246
108,2018,12,7,冲鸭,0,爱听音乐的果砸,429655736
109,2018,12,5,是的，当年做公益可没少去,0,孤单的努力,603069092
110,2018,11,30,没人喜欢这歌？,0,currencybao,258261214
111,2018,11,25,嘿嘿,0,没有道理不爱你,394061033
112,2018,11,24, 吃啥喝啥用啥  孤独死了 偶尔待一下就完了,0,孙燕姿的小迷妹啊,327977684
113,2018,11,24,总想到那首种太阳的儿歌~~~ 救命啊,1,孙燕姿的小迷妹啊,327977684
114,2018,11,24,真的想过买一座小岛，然后只有我和你,0,没有道理不爱你,394061033
115,2018,11,24,身临其境,0,没有道理不爱你,394061033
116,2018,11,14,03年，喜欢上你的时候你刚好隐退了。时隔一年，你回来了，带着这张专辑。,2,斯德哥尔摩囚徒,48586717
117,2018,11,10,莫名喜欢这首很诡异的歌,0,寡人好色,45456079
118,2018,11,9,开心的歌,0,念舊的峰,49351360
119,2018,10,24, 好开心的歌,0,孙燕姿的小迷妹啊,327977684
120,2018,10,23,为什么想到了电影《十兄弟》[大哭],0,Lyeenne,297240818
121,2018,10,23,一首可爱的歌,0,Lyeenne,297240818
122,2018,10,21,"今天去花卉市场买了花盆，把从故乡的野三坡上采集的两种野蔷薇的种子种下了。想象着明年能看到他们开花的样子吧，听了孙燕姿的一首比较印度风的歌，这首歌真的很适合出神。冥想。无我。因果。因缘。
种下梦想会有收获时候 / 想想将来它会成长出什么 / 新鲜水果还是一栋大楼 / 梦想现在就种 / ",0,淘气boy孙海英,427394834
123,2018,10,20,是的，她的每张专辑里面都会有一到两首自己创作的歌曲，个人最喜欢的是任性,2,猴子先生很有范,352007799
124,2018,9,24,中秋快乐,1,有橘生淮南,432411313
125,2018,9,23,爱燕姿，好欢快的节奏,0,有橘生淮南,432411313
126,2018,9,11,前奏好听😊,0,考拉-cc,16255037
127,2018,9,1,梦想，种下去用心浇灌，万一梦想一长大，滋味可是美滋滋的,0,安博尔26237,401968990
128,2018,8,30,很喜欢这首歌[可爱],0,A-KUONG,577837024
129,2018,8,30,耶,0,我想我只需要一把吉他,131864962
130,2018,8,27,就是leave的结束曲,1,克卜勒-_-,495979504
131,2018,8,25,熟悉的旋律 想起了中学时代的那个夏天,0,狂念燕姿,1349875612
132,2018,8,25,是的………,0,熊熊烈菠萝,52434555
133,2018,8,25,这首歌是燕姿写的吗？,0,CHENYUDAN--,279712105
134,2018,8,16,8天,0,早睡的晚安,375992706
135,2018,8,14,@简简单单小生活MFY [星星],0,长亭缱绻,19515209
136,2018,8,8,可爱哈哈,1,赟光,454310581
137,2018,8,7,特别可爱的一首歌！！！,1,头哥万岁万岁,494072861
138,2018,8,3,🎧,0,_诗芊,81037679
139,2018,7,31,还有 奔 呢！,0,colalifeng,253722185
140,2018,7,31,手机里的燕姿的歌存的不多，只有四五首了，但是有这首，虽然它很冷门，但是给我的感觉就是十多年前刚上大学的感觉。[亲亲],1,colalifeng,253722185
141,2018,7,31,天呐这首居然只有这么点人,1,超级三棱镜,455189926
142,2018,7,25,401[爱心]燕姿,0,Mtasm,420349501
143,2018,7,21,400 💗燕姿,0,FlooRia,255502840
144,2018,7,21,超爱燕姿,2,跳舞的梵谷yanzi,318974517
145,2018,7,17,太可爱了吧这首歌！,0,molahee,63261977
146,2018,7,13,回忆里的旋律，好听！[可爱],0,阿波兔,17584757
147,2018,7,12,忽然想起一句话、种一棵树最好的时间、一个是十年前、一个是现在！,2,13615310531,7246821
148,2018,7,10,好happy的一首歌。昨晚梦到燕姿了，还愉快地聊天了，开心！,0,Chemsun,43151968
149,2018,6,30,适合教小朋友唱的歌,0,Zora_0097,443523878
150,2018,6,26,这张专辑承载着满满的回忆,0,Marvel_Stan,112281576
151,2018,6,9,梦想现在就种,0,starnoo,39399561
152,2018,6,7,一看就是90年左右生人[大笑],1,平成风俗,106046
153,2018,6,6,2018年6月6日15:41:10,0,大天狗v,425124720
154,2018,6,3,你们有发现吗？这首《种》的开头部分的声音，是《Leave》的结束部分。,2,是小27吖,106458515
155,2018,5,30,初中最喜欢的歌啊~现在听起来还是好特别,2,好运姐要去北京,79074580
156,2018,5,27,可爱，自由，随性[大笑],1,咕叽-__,543531996
157,2018,5,20,有意思的歌,0,王金1711,632842409
158,2018,5,20,正能量满满,0,王金1711,632842409
159,2018,5,20,很特别的一首歌,0,王金1711,632842409
160,2018,5,20,好听,0,王金1711,632842409
161,2018,5,13,[爱心]燕姿唱的都好听[爱心],0,-----Stefanie,454876432
162,2018,5,13,红包才两百多,1,Stefanie的小熊,389165231
163,2018,5,12,只要撒种 啥都往出结,0,意达哟,71599944
164,2018,5,8,开头是leave的结尾呀,0,Stefanie的小熊,389165231
165,2018,5,5,好可爱,0,诗人依赖月光,494380452
166,2018,5,4,日推,0,壹個放火的少年,285035169
167,2018,5,3,加油加油！！！给你一个宇宙无敌大抱抱~,0,鐊氜癢,411451385
168,2018,4,24,充斥这向上生长的力量和自由[憨笑] 听得好舒服,3,芝士小妹---,318281208
169,2018,4,24,最最最最特别的一首歌,4,Ro1030,90652954
170,2018,4,18,种 一颗 缤纷多彩的 水果 树 ，摘果实拌沙拉，傍枝干回味人生那，多美。,1,小日子克服大时代,389142982
171,2018,4,18,小学听收音机听到这首歌 当时就录下来 每天上学听 活得自由自在啊,0,番薯小霸王,61010869
172,2018,4,17,哇，突然觉得好好听，真的只是突然,1,lonely-松子,11178303
173,2018,4,16,为什么我听到路飞声音？,0,王也是也,353550233
174,2018,4,13,❤燕姿唱的都好听❤,1,-----Stefanie,454876432
175,2018,4,11,从来没有一个二十二岁的女生，像她一样唱歌！,1,子之选天,1391150898
176,2018,4,5,这首已经很久很久没听了……,0,33轉的LP,630862795
177,2018,4,5,(๑˙❥˙๑)憋说话吻我,0,忘川巫,1341405275
178,2018,4,1,我爱孙燕姿！,1,赟光,454310581
179,2018,4,1,巴扎嘿嘿！,0,赟光,454310581
180,2018,3,31,同 超爱,2,Y-una,322710590
181,2018,3,31,机智的不得了,0,Y-una,322710590
182,2018,3,31,每一首都可以单循好久,0,Y-una,322710590
183,2018,3,31,世界风的你姿真的是心头好,0,Y-una,322710590
184,2018,3,30,种,0,余粥-,562247933
185,2018,3,27,"猜歌名环节，主持人先手忙脚乱比了一番                                                                    燕姿（焦急）:几个字，先说几个字？!
主持人比一                                                       燕姿（秒答）：种！",5,跳舞的反骨,33249451
186,2018,3,26,15:06,0,林守乐,55243746
187,2018,3,26,超好听的哇,0,_青羽__,115488414
188,2018,3,23,高中特别喜欢的一首歌。。。。。。现在都很纳闷，很奇怪怎么就爱这首歌。也许是少年的不愿随众,0,老也活不明白,483901877
189,2018,3,23,燕姿去了非洲部落吗[大哭],0,害淡,45874458
190,2018,3,21,[亲亲],0,9点人,124168580
191,2018,3,18,男生唱的是哎呦呦吗[大哭],0,远行的节拍,12611935
192,2018,3,18,去你能去的 想你能想的,0,远行的节拍,12611935
193,2018,3,16,[大笑][大笑][大笑]种,0,-澍辞-,427704425
194,2018,3,13,忙着做梦没有空,0,不会吃腻的饼干,60881014
195,2018,3,12,最开始听就觉得很赞的,2,王金1711,632842409
196,2018,3,12,很特别的一首歌,2,王金1711,632842409
197,2018,3,7,这么好听的歌竟然没有过999，不合理，刷一个！,0,原来是扶桑,134059037
198,2018,3,1,开学前写作业打卡,0,过往云烟视而不见,305289320
199,2018,2,27,真的很特别 现在超喜欢听这样一面的燕姿 超快乐 超自然 ,1,YIOU_MUSIC,583829231
200,2018,2,16,好听,1,十三姐的小流氓hh,405570613
201,2018,2,10,哈哈哈,0,Sno哈哈opy,476529281
202,2018,2,10,最后的小孩是不是讲 红包才两百多,1,A-KUONG,577837024
203,2018,2,4,有点可爱,0,VWARD5,93135888
204,2018,2,2,很有童趣,0,王金1711,632842409
205,2018,1,31,好久以后我们在这里碰,1,跳舞的反骨,33249451
206,2018,1,31,梦想现在就种,1,跳舞的反骨,33249451
207,2018,1,31,新鲜水果还是一栋大楼,1,跳舞的反骨,33249451
208,2018,1,31,想想将来它会长出什么,1,跳舞的反骨,33249451
209,2018,1,31,第一块地是你的,2,跳舞的反骨,33249451
210,2018,1,31,某个时候我们一起低头,2,跳舞的反骨,33249451
211,2018,1,26,某个时刻我们一起低头，二胎是你的,2,跳舞的反骨,33249451
212,2018,1,22,种下梦想会有收获时候,1,成小姿S,84991554
213,2018,1,20,我听的怎么是丁加红呢🙄你确定是34秒那？,0,劳资世界第一,432115105
214,2018,1,18,我听到的是“李大国”，一到这里就出戏[大哭],0,丐丐龙,61471970
215,2018,1,18,好喜欢这首歌 隐藏神曲,1,你男神的男朋友,300455862
216,2018,1,17,这么好听的！,0,甲烷君methaner,112564099
217,2018,1,14,那时候听到这张砖 最爱就是这首了,2,三刻2016,121186763
218,2018,1,14,怪怪的歌词，有感的旋律……种什么好呢,0,josherryyu,620433041
219,2018,1,9,听到前面总会想唱《种太阳》……,0,尔耳Seven,40381767
220,2018,1,1,[可爱],1,Kepler-3,378301025
221,2018,1,1,好听,2,十三姐的小流氓hh,405570613
222,2017,12,23,大爱,0,森-之-谷,373418800
223,2017,12,21,"现在不想动
现在开始动
现在半空中
",0,PyLov,103996493
224,2017,12,19,发现新大陆,1,H小流氓,297607033
225,2017,12,7,冷门金曲,1,不愿透露姓名的知情人,632967018
226,2017,12,6,我最喜欢这张专辑，很有意思,0,jesuiz,262969072
227,2017,12,5,这歌就是很带感,0,杰西高压锅,78176729
228,2017,11,29,这个应该挺好唱，不过没在KTV试过,0,雨后风轻,335594843
229,2017,11,27,有感觉。,0,雨殇HV,73353857
230,2017,11,20,就喜欢这种自带魔性的歌曲哈哈哈[大哭][大哭][大哭],1,黒色柳丁,278651159
231,2017,11,20,可爱[色],0,n千克,559138150
232,2017,11,18,种下梦想会有收获时候,1,简夏summer1705,472409089
233,2017,11,17,好接地气的歌,0,不关我的事啊_,278554860
234,2017,11,16,情歌固然好听，可是这些快歌也很积极的啊，评论这么少，真的不科学,1,融化的奶糖,128746481
235,2017,11,16,这首也适合放到跳舞的梵谷那张里 大家在麦田里欢歌起舞 丰收啦 来啊快活啊 唢呐吹起来啊  秧歌扭起来啊！！,8,一个陌生喷子的来信,105295085
236,2017,11,14,爱这个女人一辈子,1,prince-Joshua,117961245
237,2017,11,13,咦 这首歌评价这么少 很经典的歌呀 记得学生时代某次去k歌 因为我不点歌 于是交好的同学直接帮我随意点了一首孙燕姿的 就是这首[憨笑],0,九州风月,604128241
238,2017,11,11,woc34秒有人叫我室友的名字！！,0,劳资世界第一,432115105
239,2017,11,10,原来当年孙燕姿种的是麦子,3,海盗7号z,381001273
240,2017,11,10,听了平日快乐回来看一眼,3,feiffffelixxxxxlin,336271654
241,2017,11,4,……,0,如意如意1707,530116520
242,2017,10,26,不可思议这首歌居然这么少评论，,1,来自木星的肉包子,411436433
243,2017,10,25,魔性的笑声[晕],0,破风选手,93955720
244,2017,10,17,前奏里面那个魔性的笑声迷之像我姿/捂脸,0,不二嗷,51592252
245,2017,10,14,爱姿,1,姿意燕为,263726012
246,2017,10,14,心情好的時候聽《種》[可爱],1,鄒爸比,85768778
247,2017,10,13,爱姿,1,姿意燕为,263726012
248,2017,10,7,还真是路飞笑声。。。,0,湖人死忠,7776579
249,2017,10,4,种大蒜吧，赚钱,0,故人新墓,609333519
250,2017,9,29,潇潇洒洒孙燕姿,2,锈与骨-,263972318
251,2017,9,28,17年留，爱姿病晚期患者 今年33了 唉 青春,5,豫西小天王,594110291
252,2017,9,20,你是我见过最霸气的网名[强][强],1,silence姿,366278328
253,2017,9,19,爱姿,1,姿意燕为,263726012
254,2017,9,18,[亲亲],0,wokansheihewoyiyang,113113844
255,2017,9,9,从燕姿的歌里听出希望的举手！,4,Mirata,359728236
256,2017,9,8,来来来，我们一起来种太阳，啦啦啦啦,2,丁草莓,124322193
257,2017,8,25,原来是这个意思,0,想去吹太平洋的风,431966292
258,2017,8,23,[爱心],1,wokansheihewoyiyang,113113844
259,2017,8,21,才..这么少人....为什么呢!!!!!!!,2,yizhui,378396212
260,2017,8,19,[爱心],1,wokansheihewoyiyang,113113844
261,2017,8,18,这个是燕姿编曲哟，各种人声也是她去非洲时采样的。好希望她以后也能继续创作这种世界音乐曲风的歌[亲亲],4,丐丐龙,61471970
262,2017,8,17,想象将来它会长成什么?_?爱~~~~~~,0,一九九八的鱼,380328005
263,2017,8,15,自从看了你这句，每次听到前奏都会脑补，233回不来了[大哭],1,SDY丶,301842823
264,2017,8,4,种桃种李种春风～橄榄树,0,小岛肚子饿,41313116
265,2017,7,31,[爱心],0,wokansheihewoyiyang,113113844
266,2017,7,27,就喜欢听这种，异域风情欢快歌，另一首相像的是《风笛手》,0,直至直,107142170
267,2017,7,26,喜欢这首好久了,0,璃宽茶,46704278
268,2017,7,26,当时很喜欢这首歌诶！ktv必点,0,徐吉拉,20542344
269,2017,7,24,现在开始动，每个结果大不同。种下梦想会有收获时候。,0,shiyims,409552909
270,2017,7,23,生日快乐,0,SDY丶,301842823
271,2017,7,23,好喜欢呀嘻嘻嘻 脑海里都是燕姿笑得特别开心的样子 特别可爱嘻嘻嘻,2,飞行猫阿喵,38155465
272,2017,7,21,你有地吗，我想种田[鬼脸],1,KitKat__,41723861
273,2017,7,18,想想将来它会长出什么 爱~~~[吐舌],1,Weusours,2300504
274,2017,7,14,开车,1,王子面oO,249311860
275,2017,7,11,要种白菜种萝卜再种棵桃树还有梨树当然还要柚子树！200亩山头都是我的！想吃啥咱自己种[大哭],1,陈里昂的昨天,447699781
276,2017,7,9,爱姿,2,姿意燕为,263726012
277,2017,7,3,我爱燕姿,2,Anonimo_嘟嘟都,64224305
278,2017,6,28,200亩的我表示完全不知道种点啥……,1,hanimal,269609516
279,2017,6,24,[爱心],2,徐丨若木,246749232
280,2017,6,19,只在燕姿的歌曲下,0,姿意燕为,263726012
281,2017,6,18,后面和声啦啦啦啦啦那段好好听！,0,菜地守望者,115103872
282,2017,6,18,到处都能看到你啊,0,一九九八的鱼,380328005
283,2017,6,12,好喜欢和声的那句啊啊啊啊啊,0,三南水北aaa,354629268
284,2017,6,12,喜欢的话根本不知道为什么，哪怕能知道不喜欢的理由，但是说服不了自己[撇嘴],0,M猫耳朵M,88532251
285,2017,6,9,17周年留  爱燕姿 永远~,1,我是乖宝宝但有小情绪,110723263
286,2017,6,8,咸菜呼so嘿嘿,0,阿Dar,94482447
287,2017,6,8,哈哈哈,0,阿Dar,94482447
288,2017,6,3,哎呀还说什么，冲！,0,绿错白,101231491
289,2017,6,2,💓,2,黑暗行星古兰斯菲亚,495929451
290,2017,6,1,夏天不就是要听这种曲风吗,1,橘咲_,52079797
291,2017,5,30,你还在,1,凌晨三点不睡觉的雨果,120801740
292,2017,5,30,手动踩爪印，端午燕姿专辑一日游,1,凌晨三点不睡觉的雨果,120801740
293,2017,5,29,爱姿,1,姿意燕为,263726012
294,2017,5,29,爱姿,1,姿意燕为,263726012
295,2017,5,26,听她的旧专像在沙滩上捡宝石。,1,姜舒,81298260
296,2017,5,26,"如果你加几个音，
就变乡村风味，
大家听久了都会，
很想喝牛奶 (咩)。--周杰伦《免费教学录影带》这几句词用在这首歌很应景[大哭][大哭]",1,黒色柳丁,278651159
297,2017,5,26,不忘初心，回家种田[大哭][大哭],4,黒色柳丁,278651159
298,2017,5,25,同感！突然就在图书馆坐不住了，整个人都开始抖！[大哭],1,silentforyears,270199185
299,2017,5,24,滴,0,小七小七嘻嘻嘻,446077395
300,2017,5,24,滴,0,年糕不是糕是猫,246671777
301,2017,5,16,很久没听这歌了，今天突然想起来了。感触不一样了。,1,Page10,245974002
302,2017,5,14,噗哈哈哈[大哭][大哭][大哭][晕],2,可以更自然,387144811
303,2017,5,11,[呆]听多了就听出啦,0,一朵冉俣,126411880
304,2017,5,11,真的，怎么听出来的？,0,竹修先生,82219573
305,2017,5,10,❤️,0,听老婆们唱歌,48946883
306,2017,5,7,[吐舌]开头和《leave》的结尾一个调调啦hahahah,1,一朵冉俣,126411880
307,2017,5,2,录音棚混了只鬼进来吧[发怒],1,池森井冰,304715631
308,2017,5,2,妙,0,池森井冰,304715631
309,2017,5,1,这很孙燕姿[爱心],1,爱循环吧,388423442
310,2017,4,26,开头那声爽朗的笑声是。。路飞。。？,1,帐号已注销,110063332
311,2017,4,24,第一次听这个歌，中毒了……,0,黄鹂和白露,250222772
312,2017,4,24,同感，喜欢这种很另类的歌，反过来走走，另一张脸,1,黄鹂和白露,250222772
313,2017,4,13,你是不同的,1,轱辘Char,378852738
314,2017,4,13,最喜欢我姿这种类型的歌了,1,跳舞的反骨,33249451
315,2017,4,11,打卡,0,Zinger77,275131578
316,2017,4,10,第一句，你看我,0,风甠,51973338
317,2017,4,10,Stefanie可爱的一面[亲亲],4,-想你就写信J,98312834
318,2017,4,6,好可爱呐,1,夜路生花__,278101022
319,2017,4,5,萌萌哒,0,stefanie的女王,451702000
320,2017,4,5,这首给别人唱 肯定很难听 ,4,帐号已注销,69509173
321,2017,3,22,we will we will rock you,0,luuuxu,2671213
322,2017,3,13,第一张买的磁带专辑[色],0,光芒與少年,59022212
323,2017,3,10,就感觉燕姿在非洲或者南太平洋跟土著种着什么……,4,海绵1874,298588296
324,2017,3,7,孙燕姿很适合这种风格啊,2,为了看文我容易吗,59110389
325,2017,3,7,这首歌的歌词真的很奇怪，但是就有很强烈的夏天的感觉,1,硬核玛丽苏,72505810
326,2017,3,6,意外好听的一首歌,0,另-张脸,56020714
327,2017,3,6,我不是坏人,0,土豆炖相机,73122547
328,2017,3,5,22:31,0,林守乐,55243746
329,2017,3,4,[大笑]，,1,姿意燕为,263726012
330,2017,3,4,@姿意燕为 你真是中毒了 不过我喜欢，每看到你我都会赞哒！,0,啊哈liuliuliu,331463201
331,2017,3,3,早起听一遍，神清气爽。,1,Zinger77,275131578
332,2017,3,3,喜欢这个曲风[亲亲],0,Zinger77,275131578
333,2017,3,2,我也是这么认为的,0,比一点多很多点,344085429
334,2017,2,26,这是看来的图，之前一直不知道是谁呢，谢谢你哦,0,有瑞克,32817376
335,2017,2,26,那个时候高中听了没甚感觉，现在过去十来年了，再听这首歌好有意思呀！,1,痴心的你,322011436
336,2017,2,19,這麼好的歌，聽完以後元氣滿滿，可是我要去睡覺啊[大哭],0,陈特特喜欢二七二,136826636
337,2017,2,15,[色][色][色],0,8宝稀饭oO为未来奋斗为明天努力,96577619
338,2017,2,14,太好听,0,七楼上的景,61017548
339,2017,2,10,咸菜不要动，咸菜开始动[鬼脸][大哭],3,与太阳肩并肩的糊状物,82698492
340,2017,1,28,好久以后我们这里见,0,阿知恩uaena,98471088
341,2017,1,27,🌝,0,有瑞克,32817376
342,2017,1,27,[奸笑],1,李大大和李果果,303458585
343,2017,1,24,开头好像听到了路飞的笑声。。。。,0,宅阿宅阿宅阿,407404417
344,2017,1,10,"仔细听，前奏里有一部分声音也出现在《leave》的结尾里，一个人说话的声音，听不懂什么语言，同一句话重复了好几遍。
不会就我一个人发现了吧……",3,StefCarfts,284744752
345,2017,1,8,爱姿,0,姿意燕为,263726012
346,2017,1,6,前面听得我都尿了,1,哈哈____-___,366881847
347,2017,1,5,爱姿,1,姿意燕为,263726012
348,2017,1,4,爱姿,1,姿意燕为,263726012
349,2017,1,3,过了这么久还是好想知道中间那句特别高的音是怎么发出来的[大哭],0,Harry_fancyme,84023464
350,2017,1,2,编曲很酷,0,帐号已注销,124859943
351,2016,12,29,欢快欢快,0,找那首歌,105116724
352,2016,12,25,编曲屌爆了,0,过敏症患者,77728737
353,2016,12,22,有快递，是你的。,1,不拿拿拿拿拿,312603830
354,2016,12,16,歌词错了@网易云音乐,0,与太阳肩并肩的糊状物,82698492
355,2016,12,16,歌词错了,0,与太阳肩并肩的糊状物,82698492
356,2016,12,16,爱姿,1,姿意燕为,263726012
357,2016,12,16,種下夢想會有收穫的時候[可爱]那種下姿媽會有收穫的時候嗎？[憨笑]我會種滿庭院的姿媽[亲][亲][亲],2,鄒爸比,85768778
358,2016,12,12,爱姿,2,姿意燕为,263726012
359,2016,12,9,好玩[开心],0,Chemsun,43151968
360,2016,12,8,好听哇,0,吻醒耳朵14,11796039
361,2016,12,5,嘻嘻。😂,0,YZ芣苢,330392808
362,2016,12,4,晚安，冬至,1,帐号已注销,124859943
363,2016,12,3,现在不要动 忙着做梦没有空                                            现在开始动 每个结果大不同                             😳写高数的时候突然很清楚地听到了这句话  。真的，超励志啊 。现大一，想转专业。,0,阿霖_和她的綠豆湯,9549751
364,2016,11,25,这专快歌最爱这首,0,Ayutada-Utadayu,79130796
365,2016,11,24,"天气很热
我正在给你写信
现在墨水都快蒸发
我现在好想你啊  但你不在我身边
可是这没关系 我天天都能梦见你 
我去睡一个觉 这样就能见到你 
宝贝 我爱你
我是要和你结婚的 
当我想亲你的时候就可以亲你
想想将来它会长成什么
新鲜水果还是一栋大楼
梦想现在就种
",0,每个人都是罗生门,249548155
366,2016,11,22,我姿冷門被低估系列,0,EachLin,112400678
367,2016,11,21,这张碟当时都快听烂了。。。现在才知道除了同类，我也很想他，我的爱，还有很多正能量在里面。。无奈当时的自己只是一个充满忧桑的girl。。。。,0,貓也喜歡被擁抱,118234369
368,2016,11,17,有前途,0,朋堃,111563964
369,2016,11,17,爱姿始终,1,姿意燕为,263726012
370,2016,11,16,又是你，真的中毒了[大哭],0,朋堃,111563964
371,2016,11,14,爱姿,1,姿意燕为,263726012
372,2016,11,5,真的好喜欢,1,Zinger77,275131578
373,2016,11,5,这首歌的曲风好部落风，可是真的好西瓜,1,Zinger77,275131578
374,2016,10,31,爱你,1,结菜,57780277
375,2016,10,29,十二周年～,0,完成已注销,35832605
376,2016,10,22,就是喜欢这首特别的冷门歌,0,韦菌子,270528024
377,2016,10,19,现在在献血点听到这首歌[可爱],0,河童何求同,87124855
378,2016,10,9,《梦游》？有长笛,0,木悬,89912951
379,2016,9,30,评论现在就种,2,此号已维护,337669855
380,2016,9,26,还有什么姿妈的歌是我没听过的,0,Terrylawrence,118701140
381,2016,9,24,建设家园~~,0,苏三伞,111844957
382,2016,9,15,晚安，燕姿,2,YZ芣苢,330392808
383,2016,9,15,中秋节快乐,0,starrylee,29431936
384,2016,9,15,爱姿,1,姿意燕为,263726012
385,2016,9,13,《接下来》？,0,EileenLeee,33800837
386,2016,9,11,好萌呐姿妈,0,Spring_露桥闻笛,130021506
387,2016,8,27,感觉回到了老家农村[流泪],4,帐号已注销,124859943
388,2016,8,24,不是，  好像是关于，又好像不是,1,Nicole-lkz,29444742
389,2016,8,24,我的爱？,1,有瑞克,32817376
390,2016,8,19,忘记是哪首歌，有风笛伴奏，很轻松，好烦啊，就是记不得，找半天找不到。,2,Nicole-lkz,29444742
391,2016,7,31,了解了，感谢分享,1,starrylee,29431936
392,2016,7,31,种下一个男朋友，明年收到很多男朋友[奸笑][奸笑][奸笑],8,starrylee,29431936
393,2016,7,23,我的青春！！！燕姿生日快乐[蛋糕][蛋糕][蛋糕],2,-有姿有菋-,129649056
394,2016,7,23,我的青春！燕姿生日快乐[蛋糕][蛋糕][蛋糕],2,-有姿有菋-,129649056
395,2016,7,20,"这首歌没理解错的话,应该是在说梦想吧, 你们怎么都要去种树?",1,Stefanie_0419,250036480
396,2016,7,15,[流泪]种,3,极懒虫,137065846
397,2016,7,13,种,0,万青何,137267398
398,2016,7,7,我姿。,1,雨殇HV,73353857
399,2016,7,3,啦啦啦啦啦啦啦啦啦啦啦啦,1,study中whoops,48435532
400,2016,6,29,我就是喜欢,0,WOOOOMwang,275225493
401,2016,6,28,原始得想去跟着一起疯狂,0,--柴--,266381504
402,2016,6,26,里面的小孩子声音可都是我姿去非洲做活动的时候录下来的,134,易树豆豆,107506655
403,2016,6,25,❤️,0,CECINING,48442071
404,2016,6,22,我喜欢的好多都是我姿的冷门歌…不要问我从哪里看出来是冷门的…,4,Zinger77,275131578
405,2016,6,18,记得这首歌的MV就是燕姿在非洲救济穷人的时候录制的,8,神兽草踏马,1309013
406,2016,6,14,中间那一连串奇妙的叫声很可爱～,2,西亚兔,34882347
407,2016,6,10,廖莹如的词总是让人不知所云[惶恐][惶恐][惶恐],0,月色晕开结局,3212225
408,2016,6,9,来来来,0,帐号已注销,124859943
409,2016,6,7,咩,0,陽狂_陳小咩,78110883
410,2016,6,1,种下梦想会有收获时候,0,Levi子墨,101820340
411,2016,5,30,超快感 浓眉毛 leave me alone 零缺点 真的 逃亡 任性 练习 someone;silent all these years;that i would be good;作战；直来直往；不同；我想；未完成；学会；休止符；没有人的方向；太阳底下；祝你开心；种；梦游；安宁；飘着,1,神奇女侠R,112765474
412,2016,5,30,现在不要动！忙着做梦没有空！[怒][怒][怒],0,这一刻爱姿-蔓,135910100
413,2016,5,29,it is,0,海外小仙人,65586509
414,2016,5,28,我要把姿妈的专辑种下去，第二年我就有好多专辑可以听了[可爱],3,北极之狐,18473968
415,2016,5,28,姿妈的这个歌好可爱,1,但我看见的只是一颗柠檬树,61965327
416,2016,5,26,十来年了,0,痴痴傻傻痴,49226295
417,2016,5,24,没有地是我的～～,0,陶子休,104659524
418,2016,5,24,我媳妇,0,为什么追我我要急支糖浆,273134849
419,2016,5,22,凑个110，这首歌难得的不同，,0,苏唐游,131339815
420,2016,5,16,又一次的循环,0,孙燕姿的手,100429699
421,2016,5,12,哇哈哈哈真好,0,Me_Amo7211,104485522
422,2016,5,6,这歌是我姿隐藏神曲,1,孙燕姿的手,100429699
423,2016,5,6,反过来走走 都收录在这专辑里,0,离开释怀很短暂又从来,253572516
424,2016,5,3,[奸笑],0,卜丱星,40181346
425,2016,5,2,我要种一栋大楼，然后晚上不睡觉，白天在家里奔跑,0,一叶扁舟_____,98760641
426,2016,4,30,[可爱]早上好啦,0,Me_Amo7211,104485522
427,2016,4,30,丝丝异域风情,0,兆儿呀,111499931
428,2016,4,30,感觉能找到这里来的百分90都是13姐粉丝了[大笑],5,还没吃饭啊,32229024
429,2016,4,30,99条评论居然还能看到同城，不可思议哈哈哈哈哈哈,0,还没吃饭啊,32229024
430,2016,4,29,喜欢孙燕姿的都不会是坏人,1,奕小福V,18847311
431,2016,4,28,神奇印度风，这是非洲部落风[大哭],0,wyyyyyyyyyyyyyyyyyyw,258565399
432,2016,4,18,和神奇有种说不清的相似.....,0,You-Are-Such-A-Damn-Liar,74701196
433,2016,4,13,这种梗早就玩坏了[汗],0,帐号已煮熟,64186487
434,2016,4,10,内心有股快乐阳光之类气质的人都喜欢她的歌~,8,一只巫雀,124781102
435,2016,4,10,别跟我说话，忙着做梦没有空[憨笑],0,Me_Amo7211,104485522
436,2016,4,10,玩星露谷物语的时候，必单循的BGM！[开心],0,脚滑的绵羊,39683009
437,2016,4,7,感觉她的歌只有她能唱,3,阿烦MLA,77683994
438,2016,4,5,一股郑钧味儿是怎么回事儿,0,庄周周庄,78453458
439,2016,4,2,种,0,雨陨,31875806
440,2016,3,28,新鲜水果还是一栋大楼？结果，燕姿种了一栋《银泰》。,191,有瑞克,32817376
441,2016,3,28,这歌很好听啊,1,uncanny1993,7607400
442,2016,3,28,哈哈哈 一群小黄人走来,0,莎莫呐,43084634
443,2016,3,23,没事吧 这歌当年很火的,1,神奇女侠R,112765474
444,2016,3,22,"这么少评论，能安静听歌人少了
",0,林深见木天蓼,66146234
445,2016,3,16,83,0,愚人的国度V,90406979
446,2016,3,14,"真欢乐
",0,善鄯,247709392
447,2016,3,4,我觉得 央吉玛 翻唱这首肯定很好听！,1,特别想成精,3911938
448,2016,2,24,"当年玩卡丁车的时候总是无限循环这首  跑起来超有感觉
",1,不只是逆光,68467295
449,2016,2,23,廖莹如的词[呲牙],0,Cagurls,57342479
450,2016,2,21,我不是坏人  我是坏蛋[呲牙][呲牙] 哈哈   开玩笑,0,向左走方向,54198997
451,2016,2,17,好有画面感的歌，哈哈，这块地是你的，这块地是我的，我们一起种萝卜吧，喂兔兔[兔子][兔子]，然后无缝跳转到拔萝卜，就酱紫，我们一起欢快的唱着：拔萝卜，拔萝卜，嘿哟嘿哟拔萝卜,68,帐号已注销,104038859
452,2016,2,12,啊哈哈哈哈[大笑],0,冰镇番茄,84753531
453,2016,2,5,燕姿的歌是以前写作文时的好素材[色],2,秋水一瑟,85054485
454,2016,1,29,👯👯👯👯,0,甜一分苦九分ya,50669579
455,2016,1,29,好喜欢听燕姿在开头那句哽着唱的啊哈哈哈[大哭],0,甜一分苦九分ya,50669579
456,2016,1,24,为什么评论的这么少，亲爱的燕姿女神[亲亲][亲亲][亲亲],0,Andy32,75459130
457,2016,1,20,啦啦啦啦啦啦~,0,孙燕姿的锁骨,17714009
458,2016,1,20,要招人吗[大哭][大哭],0,anone--,110270463
459,2016,1,14,前奏和leave最后那段好像一样诶 “荷包蛋卖两块五”,1,那个米饭,8910787
460,2016,1,4,第一次听觉得好难听，后来越听越中毒。一开头就老记得小孩说的200多...,3,闪闪幸运星,34270961
461,2016,1,3,[亲亲],0,黑暗骑士-TDKR,37793064
462,2015,12,13,部落感，[惊恐]哈哈哈,0,风雅颂之,58793107
463,2015,11,27,部落感这么强 听得我想回去开垦一块地建设美好家乡,55,唯lovee,6397765
464,2015,11,26,直到用了网易看评论，顺便看下歌词，我才知道我听错了好多[大哭],0,M猫耳朵M,88532251
465,2015,11,6,太棒了这首,0,Ayutada-Utadayu,79130796
466,2015,11,5,～～～,0,举个西木,60673274
467,2015,10,31,漫游无限漫游  我脑子就想起移动联通电信(๑´ㅂ`๑),1,Second-T,85731451
468,2015,10,31,特别喜欢中间一段啦啦啦啦啦啦啦啦,0,古怪介咖,2750615
469,2015,10,18,🌃,0,三年二班x,72300679
470,2015,10,17,16秒笑声好魔性！,1,Aya-nami,49469206
471,2015,10,11,歌曲结构讨喜,0,xixihahaoh,7822530
472,2015,9,28,这首真的超级爱，好开心现在还没人发现它的好[可爱][可爱][可爱],1,_Aruan,53158942
473,2015,9,24,旋律好有魔性。。。,0,冬月的第卄天,37080811
474,2015,9,20,喜欢孙燕姿的都不会是坏人[吐舌],230,M猫耳朵M,88532251
475,2015,9,20,[强],0,湖人死忠,7776579
476,2015,9,8,[可爱],0,傻子-笨蛋,1331490
477,2015,9,7,前奏惊现路飞大笑。,1,闪耀星火,86811380
478,2015,9,5,到现在你姿的歌都还是听不腻 又首嗨歌～,0,闪泥啦啦啦,88079495
479,2015,9,5,哈哈哈小黄人可以有[吐舌],1,闪泥啦啦啦,88079495
480,2015,8,28,一直到逆光之前都是每一张都会有MV版本发售的，很开心我都收藏到了，逆光以后就只是发售了CD版本，这支MV好有爱心,2,诗遇上歌__,34575941
481,2015,8,25,开头好像小黄人[呲牙],0,Sedum-adolphii,67255542
482,2015,8,25,后悔晚了两年才爱上燕姿和她的歌,1,Atommm,68573610
483,2015,8,21,觉得是她很棒的歌，也一直很喜欢，可是从来没有遇到过一个同样喜欢这歌的人。也许是对自己耳朵的品味不那么信任，从没把他推荐过给别人。,0,死去的玛蒂尔达,73390348
484,2015,8,11,yanziyanzi.,0,帐号已注销,44991129
485,2015,8,7,对孙燕姿只能说相见恨晚。,0,李秋雨呀,44431676
486,2015,7,31,喜欢的人不少啊，立马觉得找到组织了,0,sam普,81065066
487,2015,7,29,呃呃呃,0,湖人死忠,7776579
488,2015,7,25,作曲：孙燕姿,123,熊熊烈菠萝,52434555
489,2015,7,13,初中的时候，骑着自行车回家，一放到这首就蹬得飞快。,0,karuma,47583306
490,2015,7,11,怎么就非得脑残才喜欢呢？？,0,CHASE-X,62215182
491,2015,7,10,所以的所以 这歌名读四声啊？！！,0,Serendipityyy,33664969
492,2015,7,9,好可爱的歌曲,1,Black_Kingdom,50166603
493,2015,7,6,签到,0,该姓名已占用换个试试,36151483
494,2015,6,29,种下梦想 终有实现日,1,路人彦小二,76285353
495,2015,6,27,一天一条,0,该姓名已占用换个试试,36151483
496,2015,6,18,这么好听的歌，为什么好少人[撇嘴],0,最好时代,17895569
497,2015,6,17,只有脑残粉才会喜欢吧，而且越听越不错哦！种下梦想会有收获时候,1,qXz7x,45689724
498,2015,6,15,开头怎么会有小黄人的感觉~~~~,0,Hence_M,39534115
499,2015,6,14,种田文主题曲[大哭]回家当地主去[呆],0,竹内凉zhen,30432645
500,2015,6,7,燕姿的创意太棒了[色],1,丐丐龙,61471970
501,2015,6,3,顶！,0,该姓名已占用换个试试,36151483
502,2015,5,24,地主你好[呆][大哭],2,帐号已注销,35116195
503,2015,5,11,好听,0,scrymile,1148248
504,2015,5,3,忙着做梦没有空,1,囧尼克精神病快好了,36563047
505,2015,5,2,初中的往事。。。,0,Gilbert---,63955982
506,2015,4,12,好久没听，连名字都忘了，突然找到，惊喜到想蹦起来呀啊啊啊！！！,1,withS_,38285654
507,2015,3,25,这种时候应该留邮箱,1,大胖---张景奕,3841235
508,2015,3,24,那么简单的道理，却总是忘。✌️又有了正能量。,1,Rinkooo-,59531565
509,2015,3,24,“离开了以后，什么都别说，干脆当作投奔自由了。去你能去的，想你能想的，不动也别太久留。”好久没听孙燕姿的《种》啦，听得好想回去建设家乡，我可是有50亩山头的人，想种啥就种啥。,281,一麻一麦,41198193
510,2015,3,22,好久没听这首歌了,0,散若烟云,35996981
511,2015,2,27,[可爱],0,东墩的憨蛋,52521450
512,2015,1,12,攒地皮之歌。,1,19710115号观众,2781851
513,2014,12,13,好爱这首歌,0,大小眼聂聪,42713045
514,2014,11,21,我也想有块地皮啊哈哈……………………,0,茶泡饭啾,37718478
515,2014,11,15,这是一首很有意思的歌,0,你的天文特征是几时几分,14380985
516,2014,11,1,"一块空地到一栋大楼，一张白纸到一集墨香，梦想现在就种。
「活得自由自在/ 漫游无限漫游/ 种下梦想会有收获时候」",0,后花园BACKYARD,18973087
517,2014,10,11,一块空地到一栋大楼，一张白纸到一集墨香，梦想现在就种。,2,后花园BACKYARD,18973087
518,2014,7,15,现在....,0,问风何处,5871867
