index,year,month,day,content,likecount,nickname,user_id
1,2019,11,25,还首歌导致我爱上咖喱鸡肉饭算么,0,伯谦1906,1875357820
2,2019,11,18,高中？我小学听的！！,0,入海之鲲,421442206
3,2019,11,7,papi,0,啦啦啦丶小魔仙,346524670
4,2019,10,24,如今的我众叛亲离,0,悲伤爱上快乐,361838466
5,2019,10,11,打卡,0,-一次就好---,537379047
6,2019,9,23,谁能有燕子这么灵气的声音？其他人能驾驭这首歌不存在的,0,bqs_anhui,1575754333
7,2019,9,19,岳云鹏毁了这首歌！！,0,Bluelizm,40289200
8,2019,9,11,阮经天,0,静菜菜,298070903
9,2019,8,30,姿姿帅气的声音,1,半生才遇见yu,1429413780
10,2019,8,23,吸域风情惹，吸吸,0,量子力学女博士啾咪,421246467
11,2019,8,18,终于找到了！,0,Clare酱,332010117
12,2019,8,13,PAPI酱？？！,0,迦辣,51101061
13,2019,8,8,裤衩遮住脸,1,李先笙哟,1825518505
14,2019,8,6,记得第一次听这首歌的时候是在家里电视的突然看到的MV,0,无声告白12,508282110
15,2019,7,21,以前的歌怎么如此经典,1,张小野123,246138377
16,2019,7,11,喜欢💕[多多比耶],0,狗狗卷卷,1637873789
17,2019,7,11,好听！,0,七辻地蛋,405841893
18,2019,7,4,燕姿早早早的异域风情歌曲也好听！,1,纯透明L,128563769
19,2019,6,30,可能因为是这张专辑收录的？,0,briannetsui,3810709
20,2019,6,20,眉中间，有个红点，裤衩遮住脸[大哭],6,L狗蛋mua,344458893
21,2019,6,16,男杰伦，女燕姿，我的青春！！！,0,驭龙散仙,344688256
22,2019,6,15,我有酒，你有故事吗,0,-薄-荷-味,1288802302
23,2019,6,7,神奇 没有999+ 应该是有未完成专辑版本的吧,0,小米糕啊,1436371488
24,2019,6,4,去K歌经常唱，很爽！,2,佳家佳家,447762148
25,2019,6,3,这个和绿光一样火呢[奸笑],0,很会吃的逗号,272946513
26,2019,5,26,来，干了这碗恒河水！[大哭][大哭][大哭],0,tomcat79,8979104
27,2019,5,16,papi酱？[多多捂脸],0,莫名其妙id,543795607
28,2019,5,15,好有特点的声音,0,姑苏客st,79800447
29,2019,5,13,听这个歌一股咖喱味！真爽！,0,徘徊的幽灵,118506698
30,2019,5,13,裤衩遮住脸,4,永不冒险的冒险家,267696338
31,2019,5,9,评论555[多多大笑],0,你的名字我的追寻,375773232
32,2019,4,28,评论555,1,喵喵和牛牛,381133407
33,2019,4,28,没有999＋是因为有另个专辑的版本[多多捂脸],0,乔和Joi,246440006
34,2019,4,23,这首歌标准的好听不火系列,0,柠檬很萌丶丶,1340003818
35,2019,4,20,神奇，没有999＋,1,无泪乞丐,1510192535
36,2019,4,12,我去，都没999+看来都是年轻人了王云,1,Mrsou1,424880918
37,2019,4,10,每次听都会想起我锅盖们的邪教现场，真的神奇的齐,4,空吒,591246862
38,2019,4,9,才这么多评论，😔,0,会做梦的air,40759745
39,2019,4,6,居然没999,0,叫啥名字蛮,45236313
40,2019,4,5,[憨笑]好喜欢这首啊，燕姿的声音太好听了   清澈动人,0,我不是故意的拉,432896491
41,2019,4,5,我帮你看了看 四年啦 没有 这确实神奇,1,天高人浮躁-,590616863
42,2019,4,4,当时的燕子是无敌的，每天都听,0,子母宝宝不开心,1673091621
43,2019,4,3,哦哦,0,左歌Caelyn,40774970
44,2019,4,2,评论早就过万了，是版本太多了，很多评论都在未完成专辑那版,0,巡回赛的普通姿迷,327901594
45,2019,3,23,裤衩遮住脸！[吐舌],1,SingingMyPink,128155096
46,2019,3,16,➕1,0,Chill_Chit,73532955
47,2019,3,13,来来来助力999+,0,Sarah_Xi,102250661
48,2019,3,5,3分钟开始，仔细听。。。【papi酱在生日30道问答里提到过。。,0,舟大亢,42493249
49,2019,3,5,papi酱在哪里唱了这首歌吗,0,卡萨布兰卡的集市,293383873
50,2019,3,4,深情的歌也太催泪了～,0,沉默那些年,310725225
51,2019,3,3,papi酱！,1,舟大亢,42493249
52,2019,3,1,papi酱[多多捂脸],1,星期六电话亭,271694382
53,2019,2,23,打卡,0,不吃鱼的小蓝猫,59098024
54,2019,2,15,眉中间有个红点、裤衩遮住脸！！！[开心][开心],2,大大大大囍先生,406418330
55,2019,2,5,哈哈哈，因为读书时学校印度阿三太多了,0,兮_Tiffany,52179842
56,2019,2,3,秀儿，总能听到别人在意不到的细节,0,经久竟旧,1647390989
57,2019,2,2,就是小天,0,我在暗中储首期-,133189814
58,2019,2,1,mv记得是阮经天,0,我说姑娘呀,126140671
59,2019,1,26,A Bi Jia,0,静静听-首歌,619430089
60,2019,1,17,papi酱,0,用户73062594,73062594
61,2019,1,10,头纱遮猪脸   哈哈哈哈哈~~~,4,Song--z,284300187
62,2018,12,29,为什么 我最后一句 听成 真他妈坑啊,1,MR-胖神的愤怒,1416772
63,2018,12,5,我喜欢的老师，是资迷，来转一圈，最近发现自己的歌单全是孙燕姿的歌[大哭][大哭][大哭],0,不玩QQ1703,440117388
64,2018,11,10,我的生日是525，我组成这第525条评论,4,杏子的生日快乐,584683883
65,2018,11,2,眉中间有个红点，裤衩遮住脸,6,Mathmandu,45838984
66,2018,10,31,小岳岳可以尝试一下,0,NickSheung,328023180
67,2018,10,25,你是521 ,0,TakedaShingen君,132674039
68,2018,10,25,你是第520位幸运的评论用户,0,Loonghaoo,116406676
69,2018,9,25,记得那时刚刚有CD机的时候，家长花了两千块给我买了一台索尼的CD机第一首听的孙燕姿的神奇，那时候发现音效超级棒啊，左右耳朵听觉那么的神奇，转眼十多年了……,3,TakedaShingen君,132674039
70,2018,9,23,从我是大侦探马思纯唱的歌里来听原版，果然好听,2,一君先生,95852306
71,2018,9,13,521，燕姿，爱你的歌,0,春树繁花,135323620
72,2018,9,7,520我来了,0,致一无二,349752797
73,2018,8,26,521条评论,0,荒年ovo,305469437
74,2018,8,25,想当年这首歌是相当的火啊,3,-深海脆脆鲨,323842561
75,2018,8,20,聆听[星星][钟情][星星],0,心有音耳有乐,295272668
76,2018,8,15,这歌没有999+简直了,4,左歌Caelyn,40774970
77,2018,8,4,裤衩遮住脸,1,污老四,301017113
78,2018,8,4,歌词好有趣😂😂😂,1,六一居仕,1534569082
79,2018,8,4,头纱遮住脸,0,_诗芊,81037679
80,2018,8,3,好好听。,0,Elena勋,1471539217
81,2018,7,24,哈哈  听了好久的歌了  我都从125瘦到93 评论还是这么点[口罩],0,苏木旭,468695726
82,2018,7,7,这个竟然没有999+？？,1,吴修明Gary,447785241
83,2018,7,7,"此刻凌晨3:08
耳朵一直插着耳机
音乐设置定时播放
一晚上是半睡半醒
被蚊子吵醒被热醒
吵醒发现音乐停了
继续定时顺便拍个“嗡嗡嗡”的蚊子
忽然发现耳机中随机播放的这首歌刚刚好[爱心]",2,JL索隆三刀流绿藻头,556266341
84,2018,6,27,女神真的是个传奇,4,是不二秋呀,494050611
85,2018,6,13,评论少是因为有其他版本，另一个版本已经好几千了,3,大流氓音乐,5773483
86,2018,6,9,这歌最后一句话是哭着唱出来的吗？😂,0,旺达富dei,503807869
87,2018,6,8,哈哈，眉中间有个红点，裤衩遮住脸,5,浪够了就回家5218,575444428
88,2018,6,2,完美,1,傲慢路西法大人,316640903
89,2018,6,2,好聽,0,傲慢路西法大人,316640903
90,2018,6,2,可以,0,傲慢路西法大人,316640903
91,2018,5,31,啦啦啦,0,姗姗最近睡眠好吗i,494466460
92,2018,5,26,[爱心],1,我仔细想想吧,479581020
93,2018,5,23,好想听演唱会👂,2,聪明的zjy,379413574
94,2018,5,21,[爱心],0,革力,263698243
95,2018,5,15,网易你版权要到了可以发个推送啊,0,H黄社会,260496093
96,2018,5,10,哇 我的日推歌曲这么神奇,0,你是远方月,509904432
97,2018,5,10,求链接,0,suuiii99,249332114
98,2018,5,4,我们俩穿着布纱~~老听成~穿着裤衩的点赞！,0,老特拉福德红发,1356905128
99,2018,5,3,儿子眉中间被自己抓了一个红印，我就想起这句：眉中间有个红点，头纱遮住脸。仿佛回到那个夏天，我还是学生…功课繁忙，偷着听燕姿最新专辑神奇,3,早晨醒了就喜欢阳光的七七,267181942
100,2018,4,28,只有燕姿能唱好,1,王金1711,632842409
101,2018,4,18,一听燕姿的歌曲就会回想很多故事，我最爱的歌手,0,送鸟儿归途,1433235244
102,2018,4,13,我想和你唱,0,王金1711,632842409
103,2018,4,13,身边很多人都是循环听整天呢,0,王金1711,632842409
104,2018,4,13,当时这首歌出来的时候可是太红了,0,王金1711,632842409
105,2018,4,13,只有燕姿才能唱出那味道,0,王金1711,632842409
106,2018,4,12,为什么没人评论！！,0,丶Phil灬,574071349
107,2018,4,8,就你皮，送你去013,1,I星爵,40206067
108,2018,4,8,头纱遮住脸[奸笑]，其他人都需要来包去污粉！拿走不谢,0,I星爵,40206067
109,2018,3,29,内裤遮住脸？,0,辰威四海,20696405
110,2018,3,21,突然饿了,0,蒋蒋蒋ly,366925588
111,2018,3,20,隔着屏幕我都闻到了浓浓的咖喱味儿,0,屋顶的猫爱吃糖,103963058
112,2018,3,10,裤衩遮住脸[开心][开心],1,姗姗最近睡眠好吗i,494466460
113,2018,3,9,人太少了，不应该,0,竹生梦,1366117971
114,2018,3,2,这个歌这么好听怎么不是999,1,恍若zy,136100311
115,2018,2,28,03年参加杭州西博会开幕式，孙燕姿就唱这首歌出场的。,0,红地厘苹果钟无艳,546521108
116,2018,2,27,裤衩儿遮住脸~噗~,0,浪里吧唧,246603047
117,2018,2,25,眉中间有个红点，裤衩遮住脸,0,你Kai哥,426096056
118,2018,2,18,张猫的三生三世十里桃花剧评,2,绽巫,535958847
119,2018,2,18,从张猫而来,1,绽巫,535958847
120,2018,2,7,添砖加瓦[奸笑],0,弱水源,396378776
121,2018,2,7,20180207  11:37湖南  在孙燕姿,1,最喜欢吃肉啦,371150408
122,2018,2,3,我经历了被吸，好神奇惹,2,滨崎步粒子对撞机,403955363
123,2018,1,27,还真是！,3,漫城阳光,254524699
124,2018,1,27,岳云鹏：眉中间有个红点，裤衩遮住脸...哎呦[大哭],5,漫城阳光,254524699
125,2018,1,20,在看电视，来顶一楼,0,山有木兮吾心悦之,385647153
126,2018,1,4,眉中间有个红点～裤衩遮住脸[大哭][大哭][大哭],2,一眼万年xtc,539070250
127,2017,12,29,为啥这首歌的评论这么少啊？不应该啊,1,一脸胸毛,67589305
128,2017,12,23,早，我是来看故事的,1,伊寒言,15564396
129,2017,12,19,初中早上要起床抬饭的铃声。,1,Ce_lo_Wu,37634400
130,2017,12,16,怎么才那么少评论,0,倪晓班,9544198
131,2017,12,14,被岳云鹏洗脑了！！！,0,豆豆大人1996,295137561
132,2017,12,3,我来讲个故事吧，跟前女友谈了一年异地恋，后来她把我摔了，好神奇！就因为我说燕姿无可替代，姿迷无处不在。燕姿比你漂亮！夏佳怡。,0,stefanie的女王,451702000
133,2017,12,1,果真神奇的调调,0,冷嘲热讽ilove,342175627
134,2017,11,29,扫大街去不去？,0,达扛书记,480459937
135,2017,11,28,打卡！买过这张专辑！,0,孤山顶上一青松,107814486
136,2017,11,28,打卡,0,孙燕姿的小迷妹啊,327977684
137,2017,11,26,这歌不适合讲故事，所以评论少？2017年快过去了,1,皮殃不让_jun,366340021
138,2017,11,26,学这首歌一定要学几句印度语,0,SHIPHEAD,1287373047
139,2017,11,25,最近有人给我唱这歌,0,孙燕姿的小迷妹啊,327977684
140,2017,11,25, 💚💚打卡,0,孙燕姿的小迷妹啊,327977684
141,2017,11,21,小学最爱这首歌，那时候还是VCD。,0,Leslie風继續吹丶,510230127
142,2017,11,16,天呐 我到底怎么花了600[心碎] 我可能要穷疯了,1,2oomlon9,91735490
143,2017,11,14,评论竟然这么少，时代变了吗？,2,Yuismy,343091491
144,2017,11,12,冒个泡,2,骑王子的猪,307473123
145,2017,11,6,高一时候总是单曲循环的歌曲，后来再也没听过。听了小岳岳的小品，重拾了我对这首歌的回忆,2,聆听大好时光,93951957
146,2017,11,1,好神奇好神奇哟呦呦 切克闹,0,kk882,543162182
147,2017,10,28,这么经典的歌竟然没999，扎心哟[哀伤],1,帐号已注销,367123494
148,2017,10,27,不管这个 只觉得嘲讽之风太过了 ,1,Suburbanfunk,116921076
149,2017,10,26,为啥人这么少？,0,NDKDIH,441191619
150,2017,10,15,没人呀,1,泗沟河蟹,62352773
151,2017,10,13,[大笑],0,四街站神_单纯王,252931856
152,2017,10,9,头纱遮住脸！！！！,0,是月半达,295489223
153,2017,10,4,我好像听到了papi酱……,4,啄川鸟,285670041
154,2017,10,3,我们俩穿着裤衩[色],0,旺达富dei,503807869
155,2017,10,3,446。心情都愉悦了[亲亲],0,说好的原子弹呢,249896679
156,2017,10,2,2017.10.2 广东 回校的公交上听孙燕姿,0,跳舞的yanzi,287088787
157,2017,10,2,20171002  11.25  河北  我在大巴车上听孙燕姿,1,肖柏宇,261481740
158,2017,10,2,有个神奇的事，今天的日期倒过来还是它～2017.10.2神奇不神奇,2,肖柏宇,261481740
159,2017,9,29,不要再问为什么这么少评论了 因为这是穷人版[吐舌],1,很不野,287302986
160,2017,9,28,眉中间，有个红点，准备照照片。[奸笑][奸笑][奸笑],0,I_am_a_rock,30179993
161,2017,9,20,又来听燕姿的神奇 给我动力,0,会飞的圆圈圈,377533009
162,2017,9,11,咖喱味十足,0,猫大爷来玩呀,373652766
163,2017,9,9,不然呢,0,Suburbanfunk,116921076
164,2017,9,9,说英语的印度还是印度吗,0,la-F2014,341998416
165,2017,9,8,这首歌都没999+ ,1,我会带你去看湖北的江,344685042
166,2017,9,7,小岳岳时不时就跳出来了。。。[汗],0,Pineasy,575073885
167,2017,9,7,没人听燕姿吗？,0,让他随风去LJF,305693067
168,2017,9,6,[大哭][大哭]裤衩遮住脸,1,我有一点点想你哦,287865692
169,2017,8,30,居然不火！,0,我是四季末,253627273
170,2017,8,29,加油,0,勭汐子,502554379
171,2017,8,29,瞬间去了印度吃着咖喱看跳舞,0,人陌生,133400482
172,2017,8,28,20170828 08:39 重庆 我在轻轨听孙燕姿,2,if写意,251224732
173,2017,8,26,20170826 17:57 山西 我在图书馆听孙燕姿,1,早睡的晚安,375992706
174,2017,8,26,20170826 17:21 北京 我在图书馆听孙燕姿,2,报告_我可以进来吗,373441562
175,2017,8,20,为什么还没有999，我都从初中听到大学毕业了！！！,1,我是400亲,303412764
176,2017,8,17,忽然想吃咖喱[大哭]爱燕姿,0,xxxdq,84520283
177,2017,8,17,占楼,0,酒后吐方言,418272634
178,2017,8,15,没人？,0,我的天哪w134,484967761
179,2017,8,14,阮经天！,0,嗷哩咕噜囧要嗨,45124297
180,2017,8,13,papi酱～papi酱～papi酱[大哭][大哭][大哭],4,工藤家的洗衣液,542643315
181,2017,8,13,这个不要钱,0,我喜欢你也喜欢自己,52219771
182,2017,8,12,我来蹭热度，赶在999+之前。,0,梧桐16888,345474332
183,2017,8,12,眉中间有个红点，裤衩遮住脸[大哭],1,今日头条大师新娱乐,44406955
184,2017,8,10,3分钟时众人齐喊：papi酱！[撇嘴],2,热舞小象,301350511
185,2017,8,7,"没有人讲故事么
",0,兔裹煎蛋卷--,122105707
186,2017,8,7,眉中间，有个红点，裤衩遮住脸[大哭][大哭],1,朱颜染兮,410133522
187,2017,7,27,我们两穿着裤衩，听着梵乐[惊恐],3,lullaby_,3660545
188,2017,7,26,好听,1,SDWAYER,541742373
189,2017,7,25,上次杰伦演唱会结束我妈问我  你以前不是喜欢孙燕姿吗，家里墙上全是她的海报，希望有机会去燕姿,3,wjudhdjeic,121214230
190,2017,7,25,孙燕姿  周杰伦  最喜欢的人啦,2,wjudhdjeic,121214230
191,2017,7,21,燕姿好！,2,燕然姿得,438376589
192,2017,7,21,阿比贾,0,史诗级大坏蛋,112746469
193,2017,7,20,你试试换另一个版本,0,超仔丶7,310224176
194,2017,7,20,突然间才发现，我喜欢她的全部，而陈奕迅只是一部分！,1,走走停停独自等待,472935548
195,2017,7,20,好神奇,0,走走停停独自等待,472935548
196,2017,7,17,眉中间～有个红点～裤衩遮住脸～,0,Charlotte_gh,259023772
197,2017,7,17,爱姿,1,姿意燕为,263726012
198,2017,7,15,来，干了这碗恒河水！,0,L-泽超,401159243
199,2017,7,14,呐~爷爷,0,_有求必硬,442534278
200,2017,7,9,400！,0,新废物-,293782481
201,2017,7,7,我第一次是看欢乐喜剧人小岳岳改编的这句,1,敲他马手雷派,529009669
202,2017,7,5,洗脑神曲,2,简零暖,423691425
203,2017,7,4,有另一个999+评论的版本哦[奸笑],0,Tony_Split,252829783
204,2017,7,4,孙燕姿唱得太好听了[可爱][可爱][可爱][可爱]很有灵性,2,你好a少年,358812632
205,2017,7,3,搞不懂这首歌竟然不是999+,1,假的山,281784115
206,2017,7,3,过十年再来吧,0,Erica-kwok,444281924
207,2017,7,3,裤衩…以为看错了,0,Erica-kwok,444281924
208,2017,6,29,很神奇的一首歌，不是谁都可以驾驭的,2,厉害了我的妹夫,350419626
209,2017,6,26,真是神奇,3,粤来越好呀,296850299
210,2017,6,24,我也发现了,0,仝卓怎么还不来娶我,357616647
211,2017,6,24,有,2,冷火CFire,11847600
212,2017,6,24,Papi酱！！！Papi酱！！！Papi酱！！！～时空转转转！你是穿越了么？[惊恐][惊恐][惊恐]好神奇 23333,0,_Miga,57293829
213,2017,6,21,喜欢你，孙燕姿,0,年少许我爱,71271617
214,2017,6,21,"读书的时候, 考数学遇到不会写的大题, 几乎每次想着想着, 脑子里就会突然出现时空转转转!!!啊啊啊啊啊!好神奇!!!的旋律",4,李庒,64337202
215,2017,6,20,孙燕姿我喜欢她20年,0,埃及太阳,495904360
216,2017,6,19,这首歌很神奇,0,厉害了我的妹夫,350419626
217,2017,6,18,我是为了这首歌开的会员。。,0,湖西宾馆,278725164
218,2017,6,17,好听加经典[可爱],0,桑芷沫晴,412612798
219,2017,6,14,要不是网易最大只让50后，我还可以再老些[幽灵],0,Edward不吃葱姜蒜,128046104
220,2017,6,13,你一个50后前女友用这个头像…前卫哦[大哭],0,兮_Tiffany,52179842
221,2017,6,13,你的头像和我前女友的一模一样[开心],0,Edward不吃葱姜蒜,128046104
222,2017,6,12,快999╆,0,EarsEyu,433822842
223,2017,6,7,我不知道你们哪里来的自信一边说这歌好听一边疯狂嘲讽印度人,4,Suburbanfunk,116921076
224,2017,6,5,谢谢,0,hdek,258919527
225,2017,6,3,999+我来守护,3,霍俊珺,494786441
226,2017,6,3,占个位子，很喜欢💓❤️💕,0,烟雨lo台,266500444
227,2017,6,3,我想说，我是拜托了学妹过来的。,0,Yon_Hannah,488190574
228,2017,6,2,初中一听开头就爱上了。真的是很神奇的歌,2,沥沥爱榴莲,443729323
229,2017,6,2,哎，那是一个音乐全盛的时代，每一首歌，都是代表作,2,蓮guardian,255653362
230,2017,6,2,哈哈，这首难度有点大，我们换下一首编,3,帐号已注销,259546532
231,2017,5,30,好神奇,1,共赏雅丶俗,279855404
232,2017,5,30,papi酱,0,但愿人长久的岳小舟,74601396
233,2017,5,30,留下脚印👣,0,H澳莉,412118552
234,2017,5,29,好神奇，这歌评论这么点,2,我12岁了,105801670
235,2017,5,29,这么好听的歌居然评论才这么点,0,你江大爷,80593146
236,2017,5,28,歌词里有恒河水，那时候还以为恒河水还是圣水，现在不忍直视歌词[大哭],0,待渡过斜风冷雨_春暖在眼前,335041742
237,2017,5,28,也许这首歌让你放松下来  没有那么苦闷,0,咿呀哈葡萄,278546047
238,2017,5,28,因为小岳岳，再也不能好好听这个歌了,0,七七是只无尾鹿,334728475
239,2017,5,28,好听,0,天才少年玖円,130247429
240,2017,5,26,灯光音响就位，摄像师 镜头给到这位观众,0,豆芽菜0012,470925515
241,2017,5,25,A BI JIA[憨笑],2,璃柒147,324344474
242,2017,5,24,好听,0,戈丨,50401638
243,2017,5,24,这首曲子真的很用心，不仅是歌词还是曲调，浓浓的印度风，同时中间穿插各种印度乐器的独特风味，经典的印度唱腔，太走心！,5,青春是条孤独的狗,365481428
244,2017,5,23,评论被谁吃了？,2,tojso,272116543
245,2017,5,18,好听,1,Sunny小超人-,247782132
246,2017,5,16,好听,1,拥抱世纪,116240495
247,2017,5,14,我的爱……,2,乁放棄只為成全,311877568
248,2017,5,13,居然没有999+，这不科学,6,月下独韵红尘,308595476
249,2017,5,11,火钳刘明,0,Lanyo丶,316657419
250,2017,5,10,你们在一起的话就是1314了,0,沉默是小丑鱼,292860514
251,2017,5,10,好听,0,我只是其中一个团子,420776102
252,2017,5,9,怎么评论只有这么点呢,0,天黑黑的克卜勒,280066920
253,2017,5,8,曾经的女神啊！帮你顶上999+,1,大分贝,89770987
254,2017,5,8,[亲亲][亲亲][撇嘴],0,梦想逃兵,137191571
255,2017,5,7,从我想和你唱来的举个手，让我看见你们,3,我要你的命_,292767919
256,2017,5,7,7岁到16岁 她陪着我长大💙,1,chenleelyw,285130888
257,2017,5,7,好神奇,0,美日清,343523998
258,2017,5,7,好神奇～,0,easyvita,107233073
259,2017,5,6,发妈妈,0,浴室张学友,7042452
260,2017,5,5,可以好听,0,寒风数暖冬,443936151
261,2017,5,5,评论呢,0,孙-成成,132621252
262,2017,5,4,都是可爱的男孩子？,2,igottafelling,367808067
263,2017,5,4,青春有周杰伦同样也有孙燕姿,2,菠菜土豆,107008627
264,2017,5,4,这么少的评论，不应该呀,0,云煙lovely,93086621
265,2017,5,4,我有一杯神奇的酒，它会让我夜晚孤寂时候有一个只属于自己的立方。无所谓人情世故，无所谓如何立足，更无所谓你爱不爱我。,7,用户332914614,332914614
266,2017,5,3,看了我想和你唱以后，中毒了[鬼脸],3,Sunshine_0_,253985242
267,2017,5,3,孙燕姿唱功依然那么棒，女神越来越美了，她的笑容我们来守护！,1,一龙哥哥的猫,348517179
268,2017,5,3,明天999,1,大大大Menofgod,295425184
269,2017,5,3,不是我姿 这首歌就不是神奇 [星星],1,夏日的向日葵不说话,90112172
270,2017,5,3,在看过“我想和你唱”，再来看网易云这首歌居然这么少评论，不出一个月，这首歌应该再“🔥”一把,3,Yellooowwww,319685025
271,2017,5,3,我想和你唱 打卡！,1,摇滚诗人k,314572865
272,2017,5,3,[色][色][色][色],0,胡美眉20170318,258584718
273,2017,5,2,永远的姿妈，就像天使的指纹，像一道绿光，让我觉得生命很神奇。,2,Jasmine_17,433666248
274,2017,5,2,好好听哦，好有特点,0,explainit,330270074
275,2017,5,1,打卡，看的时候眼泪都留下来了,0,渺渺旎,361738232
276,2017,5,1,A Bi JIA,2,总有怪想法的LSY,96655099
277,2017,5,1,我想和你唱后，又听了一遍孙燕姿，真的享受，有自己特点，完全不能被模仿[亲亲][爱心],3,圆菠萝不爱吃菠萝,270307229
278,2017,5,1,好神奇,0,Hebe很萌,135622666
279,2017,4,30,我爱你,0,寄于深巷,106872359
280,2017,4,30,轮回再转，不如女神好神奇[色],0,枫林晚天下,277982888
281,2017,4,30,ba bi q！,0,养猪的蠢颖,34032084
282,2017,4,30,为什么这首歌评论这么少,0,小莫Messi,102451965
283,2017,4,30,报道,0,Air川3小雨,282378151
284,2017,4,30,A Bi Jia,4,郭红呼,37163499
285,2017,4,30,03年未完成,0,雨歇微凉_-,289850589
286,2017,4,30,久违的调调，我的最爱！孙燕姿！,1,冷面佛,8974831
287,2017,4,29,打卡,1,大路边停车,44778798
288,2017,4,29,看我想和你唱 打卡,4,白日梦里住着英雄梦,7701601
289,2017,4,29,我们俩穿着裤衩,0,山人倚梦,113511311
290,2017,4,29,啊三呀啊三,0,亲爱的达瓦里希1,122905881
291,2017,4,27,喜欢的人很喜欢你，所以也习惯听你的歌。❤,0,山卿i,288876866
292,2017,4,26,看来那时候的明星很喜欢恒河水啊,0,猪猪鱼琳琳,330102315
293,2017,4,25,从我想和你唱来的，加油！,0,布丁海德,960301
294,2017,4,24,我想和你唱！[呲牙][呲牙],2,毛梗,323030107
295,2017,4,22,好像每个人都有特别气味～～,0,bangbangbangnap,97984704
296,2017,4,21,加一个评论,0,love东边的太阳,106638694
297,2017,4,20,我来撑场！等等去唱吧和她合唱去！哈哈哈,0,佳维呢,46186303
298,2017,4,18,总有种咖喱味儿[大哭],0,猫大爷来玩呀,373652766
299,2017,4,15,欧若拉晚了一年半才发行,0,神经七八M,321636583
300,2017,4,14,还是只有两百多,0,最不屑一顾是相思g,339387541
301,2017,4,14,这首歌听了第一次就喜欢[呲牙],0,海绵宝宝的好朋友呢,324651988
302,2017,4,13,试试点开海报，晃一晃！果然神奇[大笑],0,Daisyhjh,108116750
303,2017,4,13,我服[强],0,藤井一织,316368005
304,2017,4,13,是的[大哭],0,诗筠丶,332703027
305,2017,4,13,竟然不是999,1,用你灵魂活下去的人,322156094
306,2017,4,12,为羽凡哥点一首绿光，唉，不对，，神奇~,0,carlyraejepson,70583474
307,2017,4,12,听到这首歌，我就不会想轻生了。觉得这个世界依然有美好，我喜欢的歌手还在，她还是那么纯粹，那么发自内心地爱音乐。歌词有禅意……,3,南枝燕婉,420493979
308,2017,4,12,😍,0,_-沉浮,350192472
309,2017,4,12,我是孙燕姿迷弟！,2,夏乐基,449279533
310,2017,4,4,最近被这首歌洗脑呀,1,想去吹太平洋的风,431966292
311,2017,4,3,啦啦啦,1,小七小七嘻嘻嘻,446077395
312,2017,4,2,头插着榴莲……,2,小羊Turbo,122753531
313,2017,4,2,咖喱味的一首歌～竟然没999,1,青衫飘飘,85267024
314,2017,3,29,第一次听的时候没看歌词，就跟费解为啥要用裤衩遮住脸…后来才知道是头纱,1,崔小孟,326614076
315,2017,3,29,我想和你唱,0,变瘦变美富贵儿,114070775
316,2017,3,28,好神~~奇~~Pa!Pi!酱！,4,Wiccup11,58347925
317,2017,3,24,三生三世十里桃花，白浅跳诛仙台后 [大哭]眉中间有个红点，头纱遮住脸⋯,0,深爱一只烧酒猫,67608878
318,2017,3,23,不是说笑的   这首歌迟早会狠狠地火一把,2,喜欢很多崽的少女啊-,336819769
319,2017,3,22,你经历过什么？我经历过背袭！,0,ZZzhang尧,115963221
320,2017,3,21,的确神奇，那时就预测了帕皮酱会火,2,Time_Salon,257000236
321,2017,3,21,这首歌的MV阮经天参演，青春啊～,0,Fennec2Fox,347746751
322,2017,3,17,我是听了小岳岳的眉中间有个红点，裤衩儿遮住脸。才来听原唱的[大哭][大哭][大哭][大哭]。,1,寂静野蔷薇,113176598
323,2017,3,17,看了我姿录的我想和你唱   再来听这首    不一样的感觉 。[亲亲],1,爱吃包菜的小肉包,282729085
324,2017,3,17,所有的熟悉味道都在你的歌声里,0,柠檬c的维,435561397
325,2017,3,17,配三生三世毫无违和感,1,Vagrant时光相暖,325902828
326,2017,3,16,额  好吧  原来跑错地方了,0,耘艾,69257051
327,2017,3,16,这首是穷人版OK👌,1,朱猪朱猪头,380895601
328,2017,3,16,居然没有999 顶我上去999啊,1,耘艾,69257051
329,2017,3,15,我想和你喝,0,孤单---个人的狂欢,263901035
330,2017,3,14,总有一句被我听成，真他妈困哪,0,樂天不是白居易,33308837
331,2017,3,14,好像很配三生三世十里桃花啊！+_+,2,c仔是萝莉控,263230684
332,2017,3,12,pa！pi！酱！,2,11_青春,279151463
333,2017,3,4,一起加油999,0,宾克斯的美酒ckr,403856742
334,2017,3,2,哎，又丢人了[大哭],0,取一个昵称过一辈子,402455633
335,2017,2,27,what？,0,waxldr,282740602
336,2017,2,25,papi观光团,2,阳光暖男李先生,394077175
337,2017,2,24,有没有喜欢孙燕姿，也喜欢卡皇的举个手！[呲牙],1,穿山越岭且听风吟,276859083
338,2017,2,23,papi观光团,2,几号去听经,31769366
339,2017,2,21,眉中間有個紅點，頭紗遮住眼。哈哈哈，素素。,1,左撇卓,89369431
340,2017,2,21,whta？papi酱[奸笑],3,取一个昵称过一辈子,402455633
341,2017,2,19,这首歌不是为白浅写的吗,0,XtAhtyggw,74881705
342,2017,2,19,papi酱观光团,2,浪心GUO,77803087
343,2017,2,18,papi酱！,3,流云飞扬go,409633297
344,2017,2,18,papi在2:58🌝,4,杯洗具世界,70850736
345,2017,2,18,papi酱hhhh,1,帐号已注销,281289893
346,2017,2,18,papi酱！,3,枫倾夜,45640132
347,2017,2,18,Papi酱哈哈哈哈,8,瓦力诺夫斯基,81285018
348,2017,2,18,所以....你是想搞基吗[大哭],0,fish承,41789207
349,2017,2,17,papi观光团,7,小丰哥丶,271764705
350,2017,2,13,嘻嘻嘻,0,不上岸不改名好吧,281052420
351,2017,2,10,确实很神奇，二十年了就谈一次不完整的恋爱,2,Stefanie简爱,316440181
352,2017,1,28,新年快乐啊！,0,我在暗中储首期-,133189814
353,2017,1,28,《青蛇》,0,我在暗中储首期-,133189814
354,2017,1,25,[爱心][爱心][爱心][爱心],0,iamFannnn-,115894216
355,2017,1,22,记得我上学那会儿，出去唱K有人点唱我姿的歌，我就会重点唱一遍，跟宣布主权似的，[吐舌],2,可以更自然,387144811
356,2017,1,18,顶到999？！！！！,3,蒙面男神丨,114971631
357,2017,1,17,好神奇！,0,KeplerChau,89939059
358,2017,1,8,前奏和天诛三游戏配乐一摸一样。,1,BobbySum,37013922
359,2017,1,7,我的爱  从古代（左声道） 和你回来（右声道）[呲牙],1,steshine,26371278
360,2017,1,2,嗷,0,大妖怪__,125328616
361,2016,12,31,前奏跟张韶涵欧若拉很像  这么牛逼的歌评论这么少[发怒],1,大奶牛牛奶大,76492401
362,2016,12,28,我们俩穿着裤衩[流感],0,ssrswdxiong,91391037
363,2016,12,24,[跳舞][跳舞][跳舞],0,康帅傅香辣牛肉面,344406449
364,2016,12,23,这首歌确实很神奇,0,计时人生,258834281
365,2016,12,23,免费,0,夏目果仁帐,380932126
366,2016,12,17,从这首歌就爱上了孙燕姿！,0,samantha_tian,321847887
367,2016,12,11,经历了悲喜,0,老佛爷的小坛子,66822436
368,2016,12,7,大学时有段时间特爱这歌，现在听来满满都是青春的印记,0,蓝碧雨,267683273
369,2016,12,4,最后那一句唱的真的不是「真他妈冷啊啊啊」？？？,0,大可中薯麦辣堡,38263406
370,2016,12,3,眉中间 有个红点 裤衩遮住脸[开心][开心],0,柠檬咬过的秋天,123066513
371,2016,12,2,我记得这个mv男主角是阮经天,2,是萌萌哒不是假发,78543010
372,2016,11,30,[呆][呆],0,裸奔的艳遇,111778036
373,2016,11,20,这首歌能讲什么故事 和阿三穿越时光的爱恋？,0,Ed_em,69590544
374,2016,11,15,听周杰伦的青春是青春，孙燕姿的也是。,1,朗星_,336180612
375,2016,11,13,超级好听,1,帅气逼人兔牙迪,342646778
376,2016,11,5,papi酱！ papi酱！ papi酱！,2,榴莲_,58095292
377,2016,11,4,眉中间，有个红点，裤衩遮住脸[大哭][大哭],0,李常超的和灼呀,253635281
378,2016,11,3,裤衩遮住脸......让岳云鹏毁了,2,在变老之前远去,282681420
379,2016,11,2,我们俩，穿着裤衩，听着梵乐，,0,明眸清新,2946634
380,2016,10,27,干了这碗恒河水，来世还做印度人,3,xuxm1990,78619683
381,2016,10,20,9999,0,shaoyazhou1990,61108390
382,2016,10,18,好像每个字，每句话都是随便吐出来的，但是因为是她，就有了魅力,0,不一样的原点-,90967262
383,2016,10,18,那年暑假回到学校，武汉的同学就说燕姿的这首歌，网吧电脑很慢，一边砍传奇，一边听这首《神奇》，经常一言不合就黑白屏……估计这里没有几个人懂我说的这些……,4,一鹤先森,59982227
384,2016,10,14,十年，什么都可以变，什么也可以不变,0,帐号已注销,271710320
385,2016,10,14,爱姿,0,姿意燕为,263726012
386,2016,10,13,时间在倒回，我们俩穿着裤衩，听着梵乐[跳舞],1,男孩啥也不懂,33967367
387,2016,10,10,开头很印度味儿,1,蓝碧雨,267683273
388,2016,10,8,当年省吃俭用买了这张碟，太好听了。,0,樾时歌,275057118
389,2016,10,3,好听啊！！！！,0,我不是罗一,39923475
390,2016,10,2,爱姿,0,姿意燕为,263726012
391,2016,9,22,[可爱],0,Stef-木魚,70036533
392,2016,9,20,我们俩穿着裤衩还想着是幻觉[大哭][大哭],3,活着_不好么,12637778
393,2016,9,20,咖喱作祟哈哈哈哈哈哈哈哈哈哈哈哈哈裤衩遮住脸哈哈哈哈哈哈哈哈小岳岳我恨你[大哭][大哭],2,活着_不好么,12637778
394,2016,9,18,每首都留言，都留言，留言，燕[憨笑][色][色],0,方圆已被注册,63103560
395,2016,9,11,原谅我已经被我淋献舞的地才版神奇洗脑,2,円井玉子,44636792
396,2016,9,8,童年回忆啊～～～,0,胖梨阿七,80023536
397,2016,8,31,咦 没有999 简直不科学啊,3,李思琦-Amanda,121367228
398,2016,8,20,没在一起是上不了第一的,4,汉斯大兵,126369737
399,2016,8,19,就是阮经天,2,我在暗中储首期-,133189814
400,2016,8,18,必须999啊，，,3,淇水汤汤334,36923001
401,2016,8,14,销魂韵耳、空旷飘逸[强],2,心有音耳有乐,295272668
402,2016,8,12,这MV里男主好像是阮经天,2,烧麦r,286446049
403,2016,8,7,[跳舞][跳舞][跳舞],0,芬兰的孤岛鲸,115963271
404,2016,8,3,[大笑][大笑][大笑],0,轩缘梦,271557188
405,2016,8,3,我们学校基本十米内一个印度阿三[大哭],0,兮_Tiffany,52179842
406,2016,8,3,我去~~ 上个月在超市，一个阿三哥在我前面2米，那销魂的味道！！！,0,轩缘梦,271557188
407,2016,7,24,听着这首歌眼前就会有一个戴着面纱眉间朱砂痣的印度女子跳肚皮舞的画面,1,TT勇敢,84085424
408,2016,7,21,看了欢乐喜剧人来的，，，裤衩遮住脸[撇嘴][奸笑][奸笑]不过歌真的好听。燕姿的声音无可比拟,2,Shmily蓉_22,257397815
409,2016,7,18,碍是什么鬼。。,0,xxxxxxxelisa,99215634
410,2016,7,15,碎碎念啊念～,0,将渡未渡,92940839
411,2016,7,15,好听,0,我要认识你也叫鬼话连篇,120983555
412,2016,7,12,印第安老斑鸠？[大哭],1,林森慶重,84808549
413,2016,7,11,这么好听的歌为什么人这么少[惊恐][惊恐],2,帐号已注销,75410627
414,2016,7,11,噢,0,大便曌,274705565
415,2016,7,8,暴露年龄,0,hitsme,96903452
416,2016,6,28,看小岳岳的相声的时候我还没听这首歌，当时听了也不知道什么东西，然后看你这评论也没想起是小岳岳相声里说的，所以还是怪你！,0,枯萎de野草,117395005
417,2016,6,28,怪岳云鹏喽,0,TheRealSlimShady,47055123
418,2016,6,28,都怪你这条评论！！！现在每次听这句歌词都浑身不舒服！,0,枯萎de野草,117395005
419,2016,6,26,印度阿三风~,0,杀手阿何,88967648
420,2016,6,23,这首歌的时候比舞娘早八百年[开心],1,大力plus,54291801
421,2016,6,21,网易音乐体[呲牙],1,史京泽,14204776
422,2016,6,21,竟然才161评论,0,史京泽,14204776
423,2016,6,21,我就不信结尾那句印度语（？）就只有我听成了 “真tm坑啊~~~~~”,0,knole,42866501
424,2016,6,20,这首歌很难驾驭，她的转音太厉害[晕],1,九转雨露,263260364
425,2016,6,19,燕姿很懒的，再说她上我是歌手好掉价,1,我只会乱乱唱,272309134
426,2016,6,18,时空换换换，我经历了悲喜，又回到了这里，好神奇,1,孩Qian,292117412
427,2016,6,18,第一个在我失落时给我安慰的歌手，现在燕姿又回来了，好像回到了从前[亲亲][亲][可爱],0,孩Qian,292117412
428,2016,6,11,舞娘姊妹曲,1,拉蒙的阔腿裤,128585562
429,2016,6,4,我经历了被吸～,0,-感爵-,132963116
430,2016,6,3,没有999+ 不科学啊,2,一年四季被蚊子咬,71129250
431,2016,6,3,最后一句：真tm坑啊~,0,还霸,46860406
432,2016,6,1,2分59秒开始喊的是papi酱？！[大哭]🙈,6,Mr-Trance,90085933
433,2016,5,28,哈哈  没事儿没事儿,0,允许你爱我829,124355693
434,2016,5,28,[呆],0,Huker_,121633245
435,2016,5,27,😄  同城显示  同爱杰伦？,0,允许你爱我829,124355693
436,2016,5,27,岳云鹏观光团,0,崔小叨,42275573
437,2016,5,23,孙燕姿我女神！,0,星星落在了喜欢的海里,130126257
438,2016,5,22,我小学第一次听这首歌的时候开始有了对女生的好奇，还老有种羞涩的感觉。,0,Huker_,121633245
439,2016,5,20,好听,0,帐号已注销,122244070
440,2016,5,20,23333燕芝的声音真是听醉了 ,0,起个清新脱俗的名字好难,70905056
441,2016,5,19,夏日懒懒的午后最爱的歌曲。。,0,伊贺流忍者锁定我,2287171
442,2016,5,19,dasqu,0,失控国度,62284415
443,2016,5,19,为何评论这么少，这不符合逻辑,0,杨亿嬅,273788048
444,2016,5,17,估计年纪差不多吧。。。,0,TheRealSlimShady,47055123
445,2016,5,17,你的歌单好像跟我挺像。,0,Oopx,63997207
446,2016,5,12,这是一首有味道的歌[呆][呆],1,proto7100,95873657
447,2016,5,10,有人感觉3分04秒那几声很像papi酱吗。,2,分号下的小小,101074079
448,2016,5,6,[憨笑][憨笑][憨笑][憨笑],0,Eric9377,67685661
449,2016,5,3,要被热评的空耳君笑死了，我燕姿的歌啊😱,0,阿九蒙蒙,71870317
450,2016,4,30,充满阿三风情的一首歌,0,邈帕斯w,38364569
451,2016,4,29,小时候就听个热闹，现在仔细听，发现果然不俗。这个是真正属于标签歌，不是是不是个人就能唱的，只有孙燕姿，带着孙燕姿的腔调。,1,耳大有福,6707920
452,2016,4,25,听到就想跳舞[大哭],0,今天空气也是甜甜的,131780285
453,2016,4,24,真·空耳大神,0,曾知丘,112569406
454,2016,4,24,笑喷[大哭],0,AntiX,33655479
455,2016,4,22,经历了被吸（逃,0,Solmon,41256526
456,2016,4,18,我仿佛来到了沙漠,0,李奕迅,111023229
457,2016,4,18,"20160418 从今天开始分享音乐 每天一首 为期一年 立帖为证 。

今天随机听到了小宇宙大爆发的燕姿，就她了。",0,方块字,84307321
458,2016,4,17,裤衩遮住脸[大哭],0,edisonwu9,29181336
459,2016,4,15,[爱心],0,孙燕姿的锁骨,17714009
460,2016,4,14,好听,0,MrN0R,49655361
461,2016,4,12,这首歌只有122评论，竟然没有999？你们的初中高中都被狗吃了吗…反正我不能忍[呆],2,四夕月,57764914
462,2016,4,12,时间在倒回，我们俩穿着裤衩，听着梵乐,1,律二又穿麻麻的衣服,117590956
463,2016,4,12,眉中间有个红点，裤衩遮住脸,1,律二又穿麻麻的衣服,117590956
464,2016,4,11,小岳岳观光团,0,地球七号,41430772
465,2016,4,10,为啥评论这么少，不科学啊,2,毕竟曾经有梦想,100372068
466,2016,4,7,我有故事，你有酒吗？,0,草莓味的胖次,7438011
467,2016,4,7,已被bitch jolin版神奇洗脑,0,円井玉子,44636792
468,2016,4,7,我想听你的故事[奸笑],0,piliayouxia,287136
469,2016,4,6,[呆],0,-Luminary-,131513762
470,2016,4,3,[爱心][爱心][爱心],0,Winception,32088948
471,2016,3,29,我敢肯定，这首咖喱味的歌，一定没有爱情故事,2,勤劳的奕哥哥,79513387
472,2016,3,26,112,0,阿黎aali,115253914
473,2016,3,19,岳云鹏,1,LYLOVEDHM,119808228
474,2016,3,17,以前的女神唱孙燕姿跟真的一样,0,草莓味的胖次,7438011
475,2016,3,15,[大笑][大笑][大笑],0,一朵神仙哥哥,44484129
476,2016,3,14,怎么感觉最后一句是:真特么困哪！[大哭][大哭]还有裤衩遮住脸[大哭][大哭]炸！,0,贾其鑫,130707343
477,2016,3,13,听这歌上瘾，好像真的闻到了咖喱味,1,你的男孩赵国强,45555256
478,2016,3,11,看岳云鹏来的+1,5,ThereisAlice,107828681
479,2016,3,9,好听，怀念,0,稀有元素3,59637418
480,2016,3,7,我杰伦，我姿的音乐都如此超前！,0,Rourlin,37311314
481,2016,3,5,我是看了岳云鹏的相声来的  😂,2,我的梦中情人是林青霞小姐,111882345
482,2016,3,5,[亲亲][亲亲][亲亲],0,早睡身体好吖-,128629914
483,2016,3,4,100[大笑],0,鲨鱼鲨鱼几点了,93933892
484,2016,3,4,99,0,鲨鱼鲨鱼几点了,93933892
485,2016,3,4,98,0,鲨鱼鲨鱼几点了,93933892
486,2016,3,3,我只能说孙燕姿真美,0,帐号已注销,83067323
487,2016,3,1,咖喱味的羊肉串来一打,0,天涯土匪,52829333
488,2016,2,29,就哈哈哈哈哈,0,老黄的奶音,74960304
489,2016,2,29,跟佛教有关的嘛啊[可爱],0,静莲无执-执持洪名,42827619
490,2016,2,28,小岳岳观光团[大哭],0,全国首届花式轮刮眼眶大赛冠军li,23634680
491,2016,2,28,还记得，高考前一天，我终于忍不住跟同样喜欢孙燕姿的她表白，我们是因为孙燕姿的歌互相了解、熟知。但她跟我说：“等孙燕姿结婚，如果你未娶我未嫁，我们就在一起吧” 一晃十几年，我还在等着那个誓约，而她已为人母。只能感叹时光不再。 [手动滑稽],2,小小小乐桑,66059377
492,2016,2,28,为什么上去？,0,ssssteff,102967184
493,2016,2,27,姿妈实力[爱心],0,老黄的奶音,74960304
494,2016,2,27,很喜欢孙燕姿 但这首歌是岳云鹏来的,2,onhahah,59706538
495,2016,2,25,这首歌评论这么少？我印象中燕姿的代表作之一啊！,1,唯一的小熊熊,123851647
496,2016,2,21,[色][色][色],1,galaxymercury-,51583630
497,2016,2,21,听起来真的神奇呢[鬼脸],1,Worldsky丶,67530075
498,2016,2,19,为什么孙燕姿没上我是歌手,0,ToRcHeS-ZYQ,116449214
499,2016,2,18,[色][色],0,黎曼有个猜想,57044337
500,2016,2,18,油油油，但没关油，哼！,0,帐号已注销,70845978
501,2016,2,15,眉中间，有个红点。裤衩遮住脸。,0,苏雯音,127503768
502,2016,2,12,好,0,霍金拱门,2602395
503,2016,2,12,阿三,0,大小方圆高矮,126326282
504,2016,2,10,居然莫名的想起      阿三！,0,弄死灵动,128028695
505,2016,2,8,欢乐喜剧人来哒~~😂,4,zezier,97469980
506,2016,2,5,卫生间有个红点，裤衩遮住脸。,0,走掏粪,33237241
507,2016,2,4,看岳云鹏相声于是想听听这首歌,152,海海海海潮,81180281
508,2016,2,4,每次偶遇留学生都要下意识躲闪😑,0,兮_Tiffany,52179842
509,2016,2,3,你cuai cai,1,8点半先生,111485950
510,2016,2,1,眉中间有个红点，裤衩遮住脸[大哭],1,8点半先生,111485950
511,2016,2,1,个人觉得关喆在我是歌手唱的更加和谐。,1,-SOHA,70829170
512,2016,1,31,@Luna_陳 咖喱的味道a~~,0,回忆专用小鹏鹏,15728228
513,2016,1,31,好神奇～,2,Stef-木魚,70036533
514,2016,1,31,喝了一桶金龙鱼。。太油腻。。。不看字幕听不清唱的啥,0,禅途丿,31250625
515,2016,1,30,这首歌的评论居然这么少......一首听了就停不下来的歌~~~（话说听了关喆唱的我心都碎了）,1,薄暮千晨,124510535
516,2016,1,30,春光灿烂猪八戒哈哈哈,0,朝奕迅夕之谦,73490946
517,2016,1,28,孙燕姿的快歌首首都好听！安静的歌我反而欣赏不来，也许是她太温柔吧。,0,倚月独吟,101711394
518,2016,1,28,还是觉得原唱好听,0,么子么子西,117088775
519,2016,1,28,前奏有点像欧若拉,0,代三月,101529881
520,2016,1,28,这首歌换个人就完全不能听了，这就是孙燕姿的魅力。你不服不行,172,宅瑞哥哥,61093317
521,2016,1,25,孙燕姿的快歌一如既往的令人陶醉，最近的好像变了风格了,1,迷城陈辰晨,31680576
522,2016,1,25,阿三…神奇…名不虚传,0,闪电辣椒,46009767
523,2016,1,25,没人讲故事吗！什么高中恋情、时光不再、一晃十年之类的感慨都没有吗！是我来太早吼！,273,诚实可爱小郎君啊,32729775
524,2016,1,24,mv男主阮经天谁还记得[呲牙],2,DrRoidberg,40650611
525,2016,1,24,及时下载,1,网易云行政总裁,89054277
526,2016,1,23,听着还是很不错的[呲牙],0,一目半夏,114346485
527,2016,1,23,神秘的异域风情,0,牡蛎xy,109206377
528,2016,1,23,我是歌手观光团慕名拜访！,9,异布衣英,57869862
529,2016,1,23,但是童年最多的还是，绿光，神奇。只不过不知道名字罢了。,0,谢洧,85629304
530,2016,1,22,我是歌手观光团，燕姿这首歌有灵气，不是谁都可以唱的。我只想说无人超越，关吉吉再见，不送，我女神的歌你也敢唱，呵呵，卖羊肉串还是咖喱味嘎[开心],283,Topride,17800106
531,2016,1,22,我歌观光团,0,enjoy_鹏,75423024
532,2016,1,22,最喜欢的华语女歌手 没有之一[爱心],105,帐号已注销,107952123
533,2016,1,18,那天快要把房顶掀起来了，好想再看，期待个唱。,2,小小东爱吃土豆,73219439
534,2016,1,17,感觉要上天了…1.16的现场。[惊恐],2,雷先森melo,6937894
535,2016,1,15,我就来看看你们这些人怎么矫情的,0,想做夕阳下的那个武士,78173550
536,2016,1,8,干了这碗恒河水！[大哭],0,Metalopolis,37496890
537,2016,1,5,和杰伦同年出道 曲风都像。。,0,Championlnts,30583354
538,2016,1,4,音乐老师给我们放过……,0,Reminiscent-小柒,62652745
539,2016,1,2,觉得自己快飞起来了 在这个春暖花开 心融化的日子,0,-JongSuk听见你的声音-,30853201
540,2015,12,22,看了不起的挑战 小天太可爱了,1,蔡依淋,50985963
541,2015,12,22,为什么评论会这样？,0,Yamamoto-Takeshi,6203371
542,2015,12,17,撑起评论的一片天！,0,lee_rom,222155
543,2015,11,29,第一次听的时候还在初一，现在已大学毕业三年。时光仿佛飞一般的过去了,0,目光呆滞的胖子,38910912
544,2015,11,16,话说这支歌的MV里，男主角是阮经天诶。仔细想想还是满符合气质的哈哈。,1,-李小树,44730845
545,2015,10,12,爱燕姿,0,14wns,91942148
546,2015,9,14,评论这么少不科学啊,0,tinajya,76901557
547,2015,9,9,当初喜欢她的遇见，绿光，神奇。,2,福音牧师,82505032
548,2015,9,8,少年，燕姿的经典还是安靜的歌曲,1,及时行善,85558390
549,2015,8,26,[吐舌][吐舌][吐舌][呆],0,_你随意,61123519
550,2015,8,23,不是平均少，是网易刚上架,96,诺亚方舟mg,34609629
551,2015,8,19,怎么评论这么少？,0,自然卷567,69658043
552,2015,7,21,好听[大笑],0,柚子君不幼稚,51914542
553,2015,7,17,这歌MV里的阮经天那会儿还是个新人~[呲牙],0,小寻222,17478175
554,2015,6,25,小时候听过,1,beibaodong,14203393
555,2015,6,22,第一次心动孙燕姿就是这首，还是在大地飞歌上唱的吧....,1,帐号已注销,27399643
556,2015,6,1,说真的燕姿这种风格的歌曲还是比较喜欢，太深情的听不下去了（以前喜欢）,87,骚过平凡人,177229
557,2015,6,1,大家不喜欢燕姿姐姐么？,2,骚过平凡人,177229
558,2015,6,1,驻足聆听~,1,古古天,12764002
559,2015,5,26,仿佛真的闻到了留学生阿三的味道[惊恐]咖喱作祟…我姿妈也是委婉~[憨笑],93,兮_Tiffany,52179842
560,2015,5,25,多么好听的歌！[大笑]  多么少的评论！[惊恐],1,ShawnYue不願再執著,35234170
561,2015,5,17,这么少评论不科学啊,1,weider_,45536450
562,2015,5,6,10年,0,Gilbert---,63955982
563,2015,5,2,[色],0,当地不知名美少女,53050167
564,2015,5,2,[吐舌],0,当地不知名美少女,53050167
565,2015,5,1,好美,0,杨_大鱼,34584911
566,2015,4,28,为什么评论数那么少？这不科学！！我爱你燕姿，爱了15年了！！,1,王梓辰__,7296394
567,2015,4,20,这首真神奇 当年一听就爱上,1,Tsuki无脸男,17724875
568,2015,4,7,"专辑问题阿,你去看其他专辑的这歌,评论肯定多",2,1oog,61621237
569,2015,2,22,没有评论是什么鬼,0,Tyranny_,17415074
570,2015,2,1,音乐课介绍印度音乐时有放,0,Mr_500,51858399
571,2015,1,20,评论这么少不科学啊,0,hlmoy,1431628
572,2015,1,13,为何无评论,0,GothicVictor,45352944
573,2014,12,18,想起小学时候128M的MP3[大笑]。,2,毛线啊,1968442
574,2014,10,22,老歌有味儿啊,1,Royall,542422
575,2014,1,1,好神奇,1,七月流光,317077
576,2013,12,23,"大爱这个调调
",1,七月流光,317077
577,2013,11,24,阮经天还是小鲜肉的时期 我们转眼就老了,1,女大王的后花园,3241101
