index,year,month,day,content,likecount,nickname,user_id
1,2019,11,22,嗷我知道了[呆],0,呼叫鱼丸我是虾饺,387989444
2,2019,11,22,张惠妹专辑怎么有孙燕姿的歌[呆][呆][呆],0,呼叫鱼丸我是虾饺,387989444
3,2019,11,4,这个遇见评论怎么介么少！,0,林阗,1497121360
4,2019,10,23,好听,0,莫年67373,269058409
5,2019,9,24,遇见,0,汤姆_cat,309630823
6,2019,9,21,在最贫穷的年纪遇到了最想守护的人，这算遇见吗？[皱眉][皱眉],0,Wolver1809,1597060688
7,2019,9,2,唱那么久还是孙燕姿的一唱就触动我心,2,hy日天,1334673909
8,2019,8,27,十多年前的一个凌晨，睡醒一觉，听到这首歌！有亲切感！[呲牙][呲牙][奸笑][大笑][大笑],1,音乐无极限平常心,341060598
9,2019,8,24,不老,0,啦啦橹哦,509983197
10,2019,8,17,好想遇见你,0,柷柷柷,449388097
11,2019,8,16,从高中那一个个失眠的夜晚开始听这首歌，到现在每次听这首歌都会想起过去一个人蜷缩在床的中间，感受无尽的孤独,0,uiaui-z,1295368226
12,2019,8,14,喜欢这版的遇见，评论咋这么少[鬼脸]顶起,0,李紫茉,393648336
13,2019,8,11,加油(ง •̀_•́)ง，99呀！,2,GUDUZHENGer,515739844
14,2019,7,30,这版的遇见更加成熟,1,Ashes祁琛,1392928844
15,2019,7,28,宝贝儿~遇到你我超级幸运呀！！咱俩在一起已经三个月了呢！！我希望咱俩可以一直谈下去！！我爱你呀宝贝儿~💗你是我谈过的最后一个！我向你保证！我一定娶你回家！你想什么时候结婚就什么时候结婚！只要你愿意陪我一直走下去~我爱你！老婆💖💖💖,3,梦想失败的地方,349396232
16,2019,6,15,有评论十万的版本,1,1004FENG,53302831
17,2019,5,20,我去看看,0,1Till,308312209
18,2019,5,20,这只是另一个啦，你再搜一下另一个遇见20多万,0,forcesky,100607744
19,2019,5,17,好久前的歌了，还400+,0,1Till,308312209
20,2019,5,16,这还不火。。,0,forcesky,100607744
21,2019,5,11,"初见你时羞涩的一声“嗨”，不敢去想象属于我们的未来。
遇见你真好，遇见幸福的班车，也总有一个人的旅程。
再有遇见美好的时候，也努力展现我的勇敢和执着吧。
我会珍藏这份回忆，和回忆里独特的你。
遇见是为了更好的重逢，遇见更好的你。",1,小苏倘若,257391176
22,2019,5,2,总有一天 我的谜底会解开,0,你看月亮刺眼么,615588064
23,2019,4,12,为什么评论这么少哇,0,你是思念蓉吗,382184229
24,2019,4,11,总觉得这是一首有故事的歌，承载了我的青春。,0,斯人若彩虹_何以遇见,569713625
25,2019,4,5,小时候枕头上全是口水，现在枕头上全是泪水,3,群星的光与影,267017975
26,2019,3,31,被记忆深藏的歌,0,惟妙果冻爽,455441951
27,2019,3,29,怎么听都听不够,0,QIN希希,320220662
28,2019,3,28,遇见💕,1,throughtherain_,1362015428
29,2019,3,25,就是啊,1,浅陌一鸭一,1645734727
30,2019,3,25,说句实话这歌不火也好，自己留着听,3,1Till,308312209
31,2019,3,24,我发现了呀！,1,浅陌一鸭一,1645734727
32,2019,3,10,两年了啊，这么好听的歌始终没有被人发现,2,1Till,308312209
33,2019,3,8,"十一年前，遇见你；
四年前，失去你；
如今，我有了两个孩子；
一个叫花生，一个叫毛豆；
你看，即便不想你，我还是可以生活的很好；
没有了故事，生活也可以下酒。",2,小小小小的蜜蜂,387643290
34,2019,3,3,我遇见谁会有怎样的对白，原来已经听十多年了，原来我已经长大了,1,闲虫子_,443216261
35,2019,2,25,我遇见你是最美丽的意外,2,南笙Amy,137075188
36,2019,2,16,想给你发信息，想给你打电话，想给你道晚安，可惜电话的那头不是你。@你要养我一辈子啊 真的好想你。,0,我的小胖脸呐,315139486
37,2019,2,11,好耶,0,老酷的何先生,411229798
38,2019,2,6,2 her,1,_一颗开花的树_,304982021
39,2019,1,13,我想，我等，我期待。却不知当初的不留痕迹，就是最好的结果。像是昨天看的热评一样，“当你剥开橘子后，可能会觉得它很酸，可对橘子来说，那就是它的全部”是全部又怎样，酸就是酸。所以丫，当它还是整个橘子的时候，就不去碰它，该多好。,3,大泥巴勒,559923362
40,2019,1,11,有了他之后，每一天都好晴朗,1,你想干嘛呢哈,1413972745
41,2018,12,24,至孙燕姿:遇见你，是我最美的意外,1,陌上墟烟,538736613
42,2018,12,7,这个世界是美丽的。,3,云村小尹,561094701
43,2018,11,26,发现穷人版。,2,清风杨柳知我意,433917475
44,2018,11,4,你在多远的未来啊，你怎么还不来找我,5,那你要我怎么办嘛,322167323
45,2018,10,26,这个世界是美丽的，就算充满了悲伤和泪水，也请你睁开双眼，去做你想做的事，成为你想成为的人，去爱你想爱的人，找你想要的朋友。不必焦躁，不必迷惘，请慢慢地长大，无论发生什么事情，请不要后悔与这个世界相遇。                                            2018.🔟.26,4,K-Curryiain,1550881623
46,2018,10,22,2004年听的，听了14年了,2,黑夜里闪烁的恐怖,468188988
47,2018,10,18,假,0,-雪中你,556350314
48,2018,10,18,啊,1,-雪中你,556350314
49,2018,10,6,遇见,0,恋旧小哥哥,1309529080
50,2018,10,3,"[我相信这世界上，有些人有些事有些爱，
在见到的第 一次，就注定要羁绊一生，
就注定像一棵树一样，生长在心里，生生世世。

—— 宫崎骏《借东西的小人阿莉埃蒂》 ​ ​​​",3,Pretendyouarehim,1514916510
51,2018,9,17,人生若只如初见。那么请别再让我再遇见你了。,1,枯木逢春是十二,438586037
52,2018,9,10,美丽的意外,0,绝地反击180828,1577271385
53,2018,8,26,你在哪 我的Mr.right😐,1,G-Ozzie,1401148699
54,2018,8,25,等未来会在哪遇见妳,0,熈joy,299062251
55,2018,8,23,朋友说，她们有一段时间对我的认识，就停留在遇见这首歌，也是从初中到现在手机里都没有删过的歌。那时候不要版权，没那么多故事，这可能不是最动心的一首歌，但却是最安心的一首歌。一转眼，原来那么多年都已经过去，我还是喜欢令人心安的东西，不管是人还是物。,0,大潘攀,575633649
56,2018,8,22,评论区好安静,1,小梦咂咂咂咂,368360382
57,2018,8,22,有点少,0,沉沙暮雪,123285507
58,2018,8,3,2004年的夏天，现在听来，还能闻到那个时候的味道。,2,黑夜里闪烁的恐怖,468188988
59,2018,8,1,fm绝配神曲,0,錷娃,1338699630
60,2018,8,1,很喜欢这首歌，从初中到大学，未来也会一直喜欢下去吧！,1,东流mio,308602913
61,2018,7,26,没有999+的原因，要不然真的是极品稀世好歌，要不然是品味别人不敢苟同，其实最有可能的是你可能进错版了。,7,跳舞的克卜勒,122786310
62,2018,7,18,什么时候能真的遇见你啊,1,丧丧鹅,60616555
63,2018,7,10,评论怎么这么少啊,2,lixureal,300234765
64,2018,7,7,爱过几多次，全都以惨死收场。后来我发现，自己也能成活，一个人的事何必非要两个人才能做？,2,十年前是八岁,413313735
65,2018,7,1,2017年5月8日 重庆 晴。下午一点钟，在大剧院地铁站里穿白色连衣裙长发及肩的那个女孩，你好啊，希望你能看到我的这条评论。因为你戴着耳机低着头唱歌的样子真的很美，重庆这个城市不大，希望我还能再遇见你❤️ 动态有视频哦!,2,十里长安于故里,543988671
66,2018,6,23,“无论你遇见谁 她都是你生命该出现的人 绝非偶然 她一定会教会你一些什么”. 所以我也相信 “无论我走到哪里 那都是我该去的地方 经历一些我该经历的事 遇见我该遇见的人”,3,S2my2,490225828
67,2018,6,23,我知道日子难过，                                                                   可这也太他妈难过了吧,3,S2my2,490225828
68,2018,6,23,我知道日子难过可这也太他妈难过了吧,3,S2my2,490225828
69,2018,6,6,走在路上真的很适合听这首歌,0,itsokkk,252722916
70,2018,6,5,记忆里的人应该是越走越模糊的，但他不是，永远在那个年月里清晰着，不动声色，也深刻。,0,小弋央,315597327
71,2018,5,27,反正就是喜欢这首歌，就像喜欢你一样,2,只想抱抱马嘉祺,1360846611
72,2018,5,26,"一直都在等
一直都在找💛",0,hyx520yrr,362145142
73,2018,4,22,评论呢？,0,吾当张三丰,340234836
74,2018,4,18,封面是什么鬼,1,注定skrrrrrrrrr,29381978
75,2018,4,11,看见评论 我就有一种不阔xuo的赶脚,0,__某科学的意大利炮,287265826
76,2018,3,23,莫名的感动o (◡‿◡✿),0,浅浅草叶,49634758
77,2018,3,23,随乐而起，有感而发,0,冰柠檬170720,540590239
78,2018,3,21,喜欢,0,南悦妹儿,590571501
79,2018,2,25,这个是遇见吗,0,狮子尾七月,113318976
80,2018,2,16,爱要拐几个弯才来[猪],0,灰色调调9,308872562
81,2018,2,12,你不是在用吗？,1,十月and初一,410193082
82,2018,2,6,[爱心][爱心][爱心],3,-活得通透,357911301
83,2018,2,2,你们这些用网易云的女孩子一定很可爱吧,3,木木谣,347241586
84,2018,1,30,沧海桑田，陪你恒古恒今！,2,S_珊瑚海,399421116
85,2018,1,28,还好我最喜欢的歌你们都不喜欢,3,Million_任,104930926
86,2018,1,28,我爱你，但我不知道我该跟你保持多远的距离才叫合适！,2,永远的空白格,125373
87,2018,1,22,我不再是孩子了啊。,0,ChloeHon,438186579
88,2018,1,21,感触良多，却又不知从何说起,0,彬彬1号,286059683
89,2018,1,17,有些人觉得评论装逼矫情，却不知道他们用了多少气力把情伤写成看似平淡无奇的句子。可以不懂，但还请不要妄自评价好坏。,1,Riuson,66224500
90,2018,1,17,I trust you,2,Riuson,66224500
91,2018,1,16,评论少的原因是SQ啊…还有别的版本，评论早就过万了…,0,月影下的守望者,397292358
92,2018,1,13,emmmm想知道为啥评论这么少…,0,风Wii,404289702
93,2018,1,5,最美好的是遇见。最痛苦的也不过是遇见吧。,1,帐号已注销,279192884
94,2018,1,4,那天阴雨，我低落的走过小街，就在我抬头的一瞬间我遇见了对面的你，心里的阴霾仿佛一扫而空，换来的是无尽的快乐。我依然喜欢着你！,2,半醉半醒半路人,588348997
95,2017,12,31,都憧憬着遇见，现实却只不过匆匆的打了个照面,1,尬歌听,444118495
96,2017,12,31,遇见你是最美丽的意外,1,人生如戏梦醒人散,361493246
97,2017,12,19,不用好奇评论为什么这么少。                                        正如你不用怀疑为什么和Ta的遇见……,4,or轻触你手_,98807095
98,2017,12,19,遇见你很难得,2,梦巴厘,52341685
99,2017,12,1,为何不是999+,2,四夕和木木啊,472191959
100,2017,12,1,很好奇,1,四夕和木木啊,472191959
101,2017,11,28,这是你在毕业晚会上演唱的最后一首歌，演唱完之后，你就去了火车站，你说，你怕分别的场景，因为很伤感，当晚，我哭的撕声裂肺，你是我在大学遇见的第一个，也是我喜欢的最后一个，从开始到现在，一直喜欢，我希望，我能够继续遇见你，不管是偶然也好，刻意也罢[爱心],2,stronger丁坚强,594995599
102,2017,11,23,因为这首歌有好几个id好几个都999+了[大哭],2,冰镇西瓜汁不加冰,418002775
103,2017,11,21,ᖗ( ᐛ )ᖘ,0,Hello_youn,403912582
104,2017,11,21,"遇见 。不是刻意安排，而是不期而遇。
好比现在，十几年里兜兜转转遇见你的《遇见》",2,夏天西瓜籽,398849702
105,2017,11,17,再坚持36天,1,qwertyui0po,74553008
106,2017,11,15,Take our time,0,厨房的灯,401554992
107,2017,11,14,然后呢,0,非你莫属mylady,486742030
108,2017,11,14,对的人总会来的，等来了，就千万不要放手，一定要好好去爱,0,人心可畏Mrz,533616229
109,2017,11,14,好巧，我的女朋友叫张轶凡,0,人心可畏Mrz,533616229
110,2017,11,11,我遇见你是最美丽的意外，这是最温柔的分手方式吧。,2,雪色羽林,277849784
111,2017,11,10,回忆杀,1,帅气的白富草莓,325110583
112,2017,11,9,为什么评论这么少呢,1,Melrosy,136516993
113,2017,11,7,幸运的是遇见，而遗憾也只是遇见，却不能陪你走到最后。周轶凡,1,非你莫属mylady,486742030
114,2017,11,7,留。,0,_初出,251002458
115,2017,11,2,姿持,0,随便吃嘿嘿,389134304
116,2017,11,2,有些还是可以争取的，不要让自己后悔！,0,流浪的老海盗,605233048
117,2017,11,2,这歌听了10年，那是人生最美好的时光。那个美丽的意外，那个念念不忘的你 。当兵回来没能找到你，如今过去了10多年，你也许已经是一个幸福的好母亲吧！祝福你，这辈子能遇见你，真好！,1,流浪的老海盗,605233048
118,2017,11,2,都老了。。人只有老了才爱怀旧！,0,流浪的老海盗,605233048
119,2017,10,31,"""我遇见谁会有怎样的对白，我等的人他在多远的未来。""""我听见风来自地铁和人海，我排着队拿着爱的号码牌。""",2,李赫宰的小娇妻,502279417
120,2017,10,27,我一直觉得愿意跟另一个人分享自己的播放列表收藏的歌是一种很深的隐秘情谊 常用播放列表的音乐口味实在能披露太多东西了 你的性格 你的过往 你的暗处 你无法直陈的那些话 全都写在播放列表里 具有相似的音乐口味和具有相似的饮食口味 绝对可以成为衡量两个人是否可以久处不厌的重要标准。,7,啊无z,397313927
121,2017,10,25,那个美丽的意外 那个念念不忘的你 冬季好冷的风 还我有身上热烈温度 和你,2,CLDBMK,94932046
122,2017,10,25,最喜欢这个专辑封面,2,Champaig9n_M,574303037
123,2017,10,22,当你看到这条评论的时候加油不要放弃下面还有一个孙燕姿的版本不要钱😂,6,把根号吃掉,499028674
124,2017,10,16,有个版本已经十一万多了……[憨笑],0,宁宁宁stefanie,394262381
125,2017,10,16,这首歌评论怎么这么少？,2,小虾米VL,595355217
126,2017,10,15,那是个美好的黄昏，她抱着我说:遇到你真好……可是我要出国了 。临走时她轻吻了我的面庞，我一动不动也不知道该做些什么，只能静静看着她慢慢远去的身影……,1,overtheones,116739976
127,2017,10,14,“遇见你是最美丽的意外”，也许再也遇不到爱我如生命的你，爱你如生命的我。,2,我是一个酸奶圈,545694506
128,2017,10,14,我也已经这么老了,1,StarrySky泡芙,391770299
129,2017,10,14,[可爱],1,舟泣,437393421
130,2017,10,14,我在未来等着你与我执手偕老,0,感谢相遇is,543889835
131,2017,10,12,因为大部分人听的是这首歌首发专辑《The Moment》和09年那张收录经典歌专辑的版本，那里的评论都999+[大笑],0,有人执伞而去,589415550
132,2017,10,11,这么点评论不科学啊，应该更多不是,0,乔瞧巧悄,300990675
133,2017,10,10,啥时候我才能谈一场恋爱啊  不要轰轰烈烈  只要细水长流,1,高安尼,613742395
134,2017,10,10,从来没觉得遇见你是件坏事，至少我慢慢学会了你一个人长大。,1,偷吃你的可愛多,294237001
135,2017,10,6,很厉害,1,戏子伶人和你,510648731
136,2017,10,5,怎么这么少评论[呆],1,Lawchikwan,488732944
137,2017,10,3,就觉得这首歌和刘同的新书很配,0,葳蕤心光,57459432
138,2017,10,1,你开始发动态了，你开始秀恩爱，你开始变了，你开始找到考虑别人了，你找到了你爱的人，嗯，我该消失了，陪你走过那些寂寞又漫长的岁月，现在你有了她，那么再见吧，只想说，有生之年，有幸遇见，虽然你从未喜欢过我。,2,卿予默轩,517950201
139,2017,9,29,有一天，我喜欢的人会带着一猫一狗来接我。,5,渠说喜欢的人是王一博,512350342
140,2017,9,28,遇见你，遇不见你,0,再見贰丁目i,66815979
141,2017,9,25,求燕姿常去咖啡店坐标,0,wxF-hi,47170270
142,2017,9,19,我自问半个死人，见山如荒骨，见海如静水，见花见草也如死气升腾，天下万物也有白骨凋落那一天。唯独见了你，荒骨附色，静水奔腾，花草皆尽新生，万物上了色，还了魂，而你在其中，对我笑。,4,你一说是有印象,327434987
143,2017,9,17,情歌下面的评论中的一股清流,0,帐号已注销,265723268
144,2017,9,17,人生若只如初见，何事秋风悲画扇。 等闲变却故人心，却道故人心易变。 骊山语罢清宵半，泪雨霖铃终不怨。 何如薄幸锦衣郎，比翼连枝当日愿。——纳兰性德 木兰词·拟古决绝词柬,4,乙醇酸漆,314002577
145,2017,9,12,这首不用会员都快来,1,醉清秋他爹,369073688
146,2017,9,12,我喜欢他，可是他不喜欢我，希望他未来幸福,2,白七m,385823590
147,2017,9,7,这个版本没人评论,1,冰脉护手,102049922
148,2017,9,7,"庆幸和你相遇，wyf
",1,叫父i,400191663
149,2017,9,3,天，我以为这首歌评论应该是9999[惊恐],3,这个昵称和所有的故事一样长,251995143
150,2017,8,31,听到这首歌的时候  我就知道  只要好好努力  把自己越变越优秀  就一定会遇到那个也在走向我的人,3,豆四吧也叫阿豆,372431425
151,2017,8,30,在999+前先评论一遍，让那些后来的只能看着,1,隔壁的萨摩汪,351910820
152,2017,8,23,期待999+ 不怕烂大街 就怕燕姿没人听,0,妮仔叻,114143168
153,2017,8,14,这么好听怎么没人？,1,查理88888世,396462830
154,2017,8,13,因为还有别的版本,1,法庭侦探发出异议的声音,250943376
155,2017,8,12,为什么这种神曲才这么点评论,0,hannibal_03,13869530
156,2017,8,8,我遇见谁 会有怎样对白,0,我没有养猫阿-,497789129
157,2017,8,4,人平均活到七十二岁，一共两万六千二百九十八天，六十三万一千一百五十二个小时，三千七百八十六万分钟，差不多二十二亿秒左右，这十秒，你在读这段话，这十秒，你只属于我，陌生人我爱你。,3,你是人间ideal,357173140
158,2017,8,4,终于有我燕姿歌的版权了，开心得原地爆炸[大笑],0,兵长小矮子_,82017707
159,2017,8,4,我这是在干嘛,0,狗头chair,277396873
160,2017,8,4,漠漠伤感，漠漠心累，细想，又一片空白,2,man_96,288013429
161,2017,8,2,这首歌不比其他的差，但为什么人少,0,火星人无心看风景,507841185
162,2017,8,1,可能遇见一个人容易，是不是恰当的时间呢？有时候不得不承认人物的出场顺序很重要，很重要。,1,帐号已注销,420266754
163,2017,8,1,这几天心情不太好，隐隐地想哭。听到前奏，眼圈就泛起泪光。听这首歌的时候还是小孩子，现在，还想把自己当成一个孩子，可无论如何都要独立成熟起来了,1,小锅同学不是处女座,95964846
164,2017,8,1,不会吧，评论这么少？,0,小锅同学不是处女座,95964846
165,2017,7,28,"被删评论了吧
",0,烟火里的尘埃QQ,319889818
166,2017,7,26,我等的人 他在多远的未来,1,我的名字叫不高兴,246115840
167,2017,7,21,会的,0,世態炎谅丶,495845590
168,2017,7,20,你往左我往右 我们还会再见吗,0,哼唧哼唧哼哼酱,74607290
169,2017,7,20,为什么349评论,0,电气设备检修,320741363
170,2017,7,15,向全宇宙所有的音乐和音乐人致敬～いただきます～[吐舌],0,TheKingofTheMusic,73860362
171,2017,7,10,爱要拐几个弯才来，潸然泪下，一个人的时候总是孤独到绝望，你什么时候才来啊？救救我啊[流感],0,注定skrrrrrrrrr,29381978
172,2017,7,4,青春回不去了,0,芷儿youngDaddy,305958242
173,2017,7,3,室友说这歌难听，我起身把他床掀了,5,遂亡国度,282188005
174,2017,6,23,我喜欢你,0,迷津自渡LIANAO-Z,88046766
175,2017,6,15,遇见，再也不见。但我会记得那些美好与煎熬,1,Loki_堯,113161373
176,2017,6,14,我想遇见的他 好像都还没出现[皱眉]~,0,西里貓,352074255
177,2017,6,14,听到倒数第二句歌词，我遇见你是最美的意外，我想到了顾西爵的小说最美遇见你😊😊。几年前看的这部小说，这首歌也听了很多年，但是不知道为什么今天才反应过来。很多小说名字都是源于歌名和歌词，,2,懒觉永远睡不够,99120780
178,2017,6,13,突然随机到觉得很好听,1,一根藤上,280133136
179,2017,6,9,我想说，她是我同学,3,帐号已注销,249693932
180,2017,6,6,我遇见谁会有怎样的对白,0,twilight_yw,312246054
181,2017,6,2,离别是为了再重逢，感谢上天，让我遇见你,1,初沫柒,387661433
182,2017,5,30,手动踩爪印，端午燕姿专辑一日游,1,凌晨三点不睡觉的雨果,120801740
183,2017,5,22,都说网易有奇遇，我能在这里遇见我的那个她？,2,理查Dmiller-,78429092
184,2017,5,19,一直都觉得这是首歌好听呀~所有冗杂的话都是遇见。,2,Onyne,316965192
185,2017,5,16,对于那个时代的我们，这首歌一股网吧的味道~,0,丶蝉蝉,54337501
186,2017,5,13,我遇见谁，会有怎样的对白。这句词当时莫名就爱上了，好几年没听这个歌了。,1,whpwrn里里,340522663
187,2017,5,11,程成，那天我抱着我所有的卡带给你，第二天你告诉我只喜欢这首歌，如今你好吗？曾经那个让我情窦初开、不知所措的女孩，现在还好吗？这么多年过去了，在我心里，你依旧还是那个豆蔻年华天真烂漫的花仙子，是融化了我心的天使，遇见你是我最美的记忆，希望你永远幸福，过自己想要的生活。,1,再别康桥bye,365825805
188,2017,5,8,昨晚梦到燕姿了，天知道我有多高兴，那时候心里就只有女神的笑脸，她陪着我唱歌，哪怕眼泪到了嘴里可我还是笑着的，我不想在偶像面前出丑啊。可是，最终，梦还是醒了，眼角的泪痕还在，这是我第一次因为梦到喜欢的人哭，可是我还是很高兴啊[流泪]谁让我这么爱孙燕姿啊，我也很无奈啊，我在说什么啊！,2,咕叽咕叽唧唧,317130313
189,2017,5,7,她會是誰 會在哪,1,猫和爱人,51932500
190,2017,5,7,曾喜欢的一个名字 藏在歌词里,0,Enchanted__X,116171391
191,2017,4,26,因为有另一个高音质版[撇嘴]你们484傻,1,33333333333aaa,73107513
192,2017,4,24,鼓楼的地铁站 每次高中的晚自习后从那长长的电梯下来 伴奏想起 一阵风吹散了愁帐点亮了心情。,0,申小兔_,73804489
193,2017,4,7,[憨笑],0,简羽,66665889
194,2017,4,4,感觉这又是海外党扎堆儿的版本,4,与天共醉,442965633
195,2017,3,30,我走错了？？？321评论？？？[惊恐],1,阿拉比羅,292343756
196,2017,3,30,向左走向右走,1,隔壁有只喵小姐,400780069
197,2017,3,29,我还是无法原谅你，我爱你那么久，你却到今天才跟我说其实你已经有男朋友了。大概我和你相遇就是一个美丽的意外吧。,1,最后一片绯叶,254000475
198,2017,3,27,[大笑],0,周懿儿,260969310
199,2017,3,27,这么好的歌曲，我要多添点评论,1,周懿儿,260969310
200,2017,3,27,昆士兰。 你呢？,1,Shanaaaa,45496308
201,2017,3,23,我听见风，来自地铁和人海,0,张导弹,443002631
202,2017,3,21,哈哈，我快要下贼船了[可爱]加油,0,铁槛内人,37920587
203,2017,3,20,博士才刚开头呢 phd=permanent head damage,0,恍惚的上帝niko,13156137
204,2017,3,20,现在毕业了吗？还是keep fighting ？[奸笑],0,铁槛内人,37920587
205,2017,3,19,感觉这个是真的好听，真的 可以无限循环,0,Outlawer,102229472
206,2017,3,18,"同在澳洲[大笑]
",0,Shanaaaa,45496308
207,2017,3,7,我的另一半，当你听着这首歌的时候，我想对你说，你一定要好好地对待自己，按时吃饭，不要饿着自己，你现在寂寞只是暂时的，因为你要记住我一定会找到你的，在最美好的时候找到你，然后让你幸福一辈子~,3,睇咩睇丶,324263954
208,2017,2,28,经典,0,湖南省祁同伟,110358841
209,2017,2,26,什么时候遇见那个他,1,西里貓,352074255
210,2017,2,26,评论怎么这么少,1,视维,111449717
211,2017,2,23,一直在说服自己，最好的一直在后面，一直没有遇见1,1,No丨signal,114017920
212,2017,2,9,希望你遇见你的她 而我也会一如既往 [大笑],0,我想改名叫杨过XXD,61439295
213,2017,2,6,听见，冬天,0,yoyo48,99629813
214,2017,2,6,间歇性单曲循环 ,2,落雪有点甜,54214275
215,2017,1,27,有多少歌是为你听的,1,___lala_,306180189
216,2017,1,25,最爱的华语歌，一直都是,0,半凉刹,122538729
217,2017,1,24,会遇见的,0,巨蟹AB血,253098183
218,2017,1,23,我的天，这首歌不能被雪藏,1,Mr二月三,79654855
219,2017,1,17,我爸的手机铃[大哭],0,里昂多云,117013809
220,2017,1,13,向左走向右走？梁咏琪和金城武电影[流泪],0,LiveForLoveAng_036,332223354
221,2017,1,11,很好听，有一次无意发现的，经典歌曲,0,扶桑若晓,397845800
222,2017,1,10,歌,0,夏季八听说读写,292769901
223,2017,1,10,这首歌的伴奏成为了我们班的班歌旋律，我现在在填词。。法语版真的很难填得跟中文词一样好听啊，不过大家一起唱出来的话应该会很感动，毕竟歌词都是我们的回忆。,0,海贼王泰勒斯,375611553
224,2017,1,8,我爱的那个人在新加坡,0,付六五,272208759
225,2017,1,1,要幸福哦,0,浅浅草叶,49634758
226,2016,12,26,我遇见谁会有怎样的对白,1,小丸子的移动城堡,135239385
227,2016,12,25,我们叫那 分手摩天轮,1,Ciel半仙,9142291
228,2016,12,25,安好,0,迷津自渡LIANAO-Z,88046766
229,2016,12,25,这样的歌最不能听 心头总是不自觉的泛酸,0,帐号已注销,384664717
230,2016,12,23,第一次听歌初三，感觉那段时间好难熬，希望早点过去，现在再听，觉得真好，不开心的时候终于过去了[憨笑],0,出其不意的龙龙星人,90651383
231,2016,12,13,好听好听好听  自己亲口录了个音频给自己的女朋友，垫乐就是这首歌，感动的不要不要的。对了 我们快结婚了~[可爱],0,何大明白,250781980
232,2016,12,12,记得上学的时候人人上有人用这首歌配了言叶之庭，淡淡的忧郁弥漫而出，席卷全身,0,我是乖宝宝但有小情绪,110723263
233,2016,12,9,想起的都是她,0,什么鬼-李文成,368284136
234,2016,12,4,我排着队拿着爱的号码牌...... 在八组呆多了 看到这句歌词有种别样的感觉[晕],0,饥饿的冰淇淋蛋糕,271627527
235,2016,12,3,向左走，向右走～,0,彭彭妮儿,84752033
236,2016,11,29,在外国只有这个版本能听,3,地质宫广场,2894154
237,2016,11,29,🙇🙇🙇,0,丁怡秭,254376245
238,2016,11,28,可以请问咖啡馆的名字吗？,0,Aliceleeeee,18832007
239,2016,11,28,曾经以为遇见你就一直以为你是我这辈子要娶的人，如今呢，我连你联系方式都没有了，呵呵，遇到你我不后悔，谢谢你，我曾经那么爱过的你。,2,槿色无言,325959082
240,2016,11,27,喜欢她的声音,0,爱吃糖糖的果果,357009068
241,2016,11,24,今天感恩节，万分荣幸，生命中有那么一些人，给了我生命中的温暖与美好，谢谢你们。我希望一场美丽的意外，也希望终有一天，我的谜底会解开。,5,空明盏,84409370
242,2016,11,23,我听见风来自地铁和人海,2,眯赖,285344822
243,2016,11,19,评论这么少,0,孤独的银火丛,279319137
244,2016,11,8,我的初恋，全部都在孙燕姿的歌里，遇见，天黑黑，隐形人……隔着一个太平洋的爱，等待了10年，敌不过时间，距离和现实。可我心里最底，仍旧是他。期待有一天，能再次遇见。,4,筑梦踏实66,294041569
245,2016,11,8,我需要等谁吗？,0,小聂要做种花家的好兔子,248265269
246,2016,11,6,我遇见你是最美丽的意外❤,0,MlLaaaaaaaa,121362086
247,2016,11,2,情未变，人易老,1,LYL_TRADER,41624571
248,2016,10,31,再一次从梦中醒来，梦到她说，很想你，回来吧，很开心，醒来，枕边还是我一人，浩文，哥哥很想你,1,花落不拾,311472321
249,2016,10,30,潜意识里把它当成了“不遇见”，向左走的人和向右走的人有可能吗[心碎],0,沉香x_,350139299
250,2016,10,28,我在台灣前面的版本都聽不了，還好有這個版本的！留名留名,4,StillCurry,336923401
251,2016,10,21,这首这么少评论不科学啊,0,米小瑞,94598942
252,2016,10,14,这歌没有999+没道理啊,0,门口来了一框猪,263453883
253,2016,10,8,这首歌很老了依旧很喜欢,1,晨崽的顺毛,309822167
254,2016,9,25,分两段啊😯,0,onedx,102517179
255,2016,9,23,这么好的歌怎么才这么点评论？,4,又又大佬,273287389
256,2016,9,23,再听很多老歌的时候 都没了触动 遇见依旧给我惊喜^_^ ,3,Vana蘑菇,82648502
257,2016,9,20,温哥华夏天最美丽的遇见……miss you so much ,3,旨妤,334072033
258,2016,9,20,温哥华夏天最美丽的遇见……,0,旨妤,334072033
259,2016,9,17,看一仆二主，想听这首歌了。,0,仙仙儿我老婆,137122957
260,2016,9,16,11,0,lovestory村霉,333697417
261,2016,9,16,以前有个人呢，给我留言 总有一天我的谜底会解开。      然而我不知道前面一句是我遇见你是最美丽的意外。   错过了一段可能很完美的爱情，再想去找，也已经没机会了。,2,胖九井,134842906
262,2016,9,15,每次听都会想起2011年夏天那个闷头掉泪停不下来的傻姑娘,0,Ms美什,50682626
263,2016,9,13,这首歌总能让人想起过往的很多，有开心，有难过,0,海边的麦旋风,96625194
264,2016,9,11,[吐舌][吐舌][吐舌][呲牙][哀伤][哀伤][呲牙][呲牙][呲牙][呲牙][哀伤][呲牙][口罩][痛苦][痛苦][怒][撇嘴][怒],0,James1Cao,88823672
265,2016,9,8,一定要去看一场孙燕姿的演唱会啊,1,北城以北的念,100256294
266,2016,9,7,评论全在经典全纪录那边了,1,VtenderoO,106699473
267,2016,9,6,[憨笑],0,你猜你是不是,288389789
268,2016,9,5,[爱心],0,梦幻炫舞1,131899677
269,2016,8,30,坐在副驾听的这首歌 一个习惯的养成需要二十一天  可我们十九天的相处 就让我养成了每天都要想你的习惯,0,蹦奔崩,133615699
270,2016,8,29,我好爱燕姿燕姿。,0,周水子,59096270
271,2016,8,28,小学时就哼着唱的歌，不过当时不懂歌词的意思，现在懂了，然后......没有然后了,1,晚睡小姐zn,75939287
272,2016,8,25,我的未来让我好生期待[可爱],0,鲁迅的毛笔,320851192
273,2016,8,25,好听的歌总是评论好少,2,周二不用睡,79094132
274,2016,8,23,看小说提到这首歌，突然就想来听了！好像回到初中一样[可爱],0,Lyyyanni,63196406
275,2016,8,21,下载要钱?,0,源桃外世,123551037
276,2016,8,21,燕姿的唱法还是更适合戴耳机听，现场听感觉少很多,1,juncaiW,287022244
277,2016,8,20,遇见你是最美丽的意外 真的是冥冥之中自有天意 感谢遇见,0,软软sweet呀,300174157
278,2016,8,18,人好少，真好。,0,冬天的拖拉机ypf,66034941
279,2016,8,17,我遇见谁会有怎样的对白,0,Zqingyan--,250967985
280,2016,8,15,遇见你是我最美丽的意外！！！,0,时光一在路上,65698615
281,2016,8,11,我遇见谁会有怎样的对白 我等的人他在多远的未来 😔,0,莞菀宛婉,311453901
282,2016,8,10,我在等你，你知道吗？[发怒],0,不戴耳机死于独特,123170160
283,2016,8,8,竟然没有999+,2,-recoberry,55707445
284,2016,8,6,写了一长段话 删了 因为字数超了[撇嘴],5,Pink-Me,52977953
285,2016,8,6,[哀伤],2,Pink-Me,52977953
286,2016,8,5,[可爱][可爱][可爱],0,仿佛中了一种叫做周杰伦的毒,56955024
287,2016,8,4,我等的人他在多远的未来，如果等不到，那就一直等吧～🙊,0,Eating-a,82120544
288,2016,8,4,从小学听到博士，，给你100分,0,愤怒火柴盒,294333039
289,2016,8,3,小时候外公的铃声，原来外公在我小时候就那么潮了,2,仿佛中了一种叫做周杰伦的毒,56955024
290,2016,7,30,喜欢又能怎样，爱都不能轻易说出口，说出来的爱就是责任，就是包容，就是妥协，如果你不确定真爱就是眼前人的时候，放过自己放过那个无辜的人，不要等到爱变成负担，变成怨恨了才说出其实我没那么爱你了，人都很自私，更何况自私的爱，你给不了的爱就放手，成全自己成全彼此。,2,爱到最后是恩情-,69391331
291,2016,7,28,只需要一眼,0,你-没有如期归来,75178345
292,2016,7,25,那年我和她第一次在地铁相遇,0,恩召come,66107968
293,2016,7,22,05年在央六看完向左走向右走就一直开始听，听到初中结束，高中结束，大学毕业，转眼这都十一年了，好快。,1,sobanite,655049
294,2016,7,22,阴天傍晚车船外 未来有一个人在等待,0,Deardoer,127676875
295,2016,7,21,推荐喜欢遇见的各位去读 一路开花 写的《有没有一首歌让你记得我》[大笑][大笑][大笑],0,春日部樱田妮妮,41505215
296,2016,7,20,搬家收拾东西很累，但希望他回来时能看到一个温馨的只属于我们俩的小窝，想想就觉得幸福，真的，遇见他，是最美丽的意外,1,王大小蕊_,84239097
297,2016,7,19,想要再遇见你，却不敢回头,0,又又大佬,273287389
298,2016,7,16,遇见 单单只是遇见过你,0,星夜听夏,7437832
299,2016,7,6,遇见你是我最美的意外,0,LLIWANTING,290957293
300,2016,7,1,听的第一首孙燕姿的歌,0,逸yee,79052293
301,2016,6,25,六弄咖啡馆[亲亲],0,当我们谈论昵称时我们在谈论什么,119385084
302,2016,6,25,194个评论 天理何在,1,夏夜清风丶,250893249
303,2016,6,23,呵呵,0,CTRYY,99725744
304,2016,6,16,很喜欢这首歌， 也喜欢孙燕姿,0,夏天的西瓜和柠檬水,247095434
305,2016,6,14,每次听到这首歌内心都感慨万千。[爱心][爱心][爱心],0,zhxjuan,15442546
306,2016,6,14,想去一场燕姿的演唱会 看她静静的唱这首歌,0,山有木西木有桂,99378138
307,2016,6,13,现在过了嘛[开心],0,yyh1099,254063952
308,2016,6,11,一副不可挽留的样子,0,闻汤识面,107308043
309,2016,6,8,“ 等你时，世界如同加速镜头，而我如常生活，读书，看报，去超市采买食品，耐心洗净每一件衣物，花很长时间洗澡，扫除。我等着你，等你来见我，然后你离开，我再重复那些等待。等，本是一片虚空，而你硬硬的，是棉花糖里一颗小小的核，这个核使等待不再空茫，枯燥。你捞起了我，就是我的主人。”,75,小蜜罐蚁,53171690
310,2016,6,7,♡,5,小蜜罐蚁,53171690
311,2016,6,6,你叫我等你 那我就等你好了,1,桃沢小林,83152417
312,2016,6,4,小时候妈妈开车的时候我们经常放孙燕姿这首歌的碟片，还有广播里也会放，好多年以后我忽然想起这首歌的旋律，终于找到了[可爱]和妈妈一起听歌，像回到了小时候一样，,0,红薯皮儿,67525434
313,2016,6,4,我等的人他在多远的未来,0,待你如初-,283286207
314,2016,6,1,济南没有地铁，第一次坐地铁是在南京，那时候还跟他在一起。听这首歌里唱到地铁的时候整个人都是飞起来的来的，因为他，完全没有感伤的情绪。如今地铁里人来人往，却再也找不到当时那个人。,0,白玉京的悄悄话,253519183
315,2016,5,29,那时候我们都还是初中生。,0,Free丶Looper,100845391
316,2016,5,28,十多年了，浅浅的回忆，淡淡的忧伤，05年高中暗恋的女同学，是否有缘再见…,1,星宇天宸,131792780
317,2016,5,27,我等的人他在多远的未来,1,Kayla丶曦,263383347
318,2016,5,27,老歌,0,Candy彤,266058060
319,2016,5,25,生活好像跟5年前也没有什么区别，半夜手痒，想弹琴,0,XZerg,71002598
320,2016,5,24,好听,0,帐号已注销,102322205
321,2016,5,23,他们会很诧异  原来缘分已经戏弄他们多年  时机尚未成熟 变成他们的命运 缘分将他们推近 分离 阻挡他们的去路 忍住笑声 然后闪到一旁。每次听遇见都会想起这首诗，《一见钟情》，辛波丝卡。,2,像只狗的那个人,35942341
322,2016,5,23,燕姿无可替代，姿迷无处不在,1,七个东丶东,251997708
323,2016,5,21,我遇见谁会有怎样的对白,0,龍氣音乐,95646292
324,2016,5,20,我遇见你是最美丽的意外 你总能让我变得安静,0,-Flora喵,109946230
325,2016,5,20,我遇见你是最美丽的意外,0,-Flora喵,109946230
326,2016,5,20,🙋,0,-Flora喵,109946230
327,2016,5,17,那年的我们俩，终究还是选择的不同的道路，一个向左，一个向右,1,是刘梓溪i,103111515
328,2016,5,15,一样，新加坡,0,清风与你da,263722537
329,2016,5,14,“我会接住你”,1,吴子强,52574926
330,2016,5,10,其实这首歌有好几个版本....,0,Viking-505,246683759
331,2016,5,10,好听，这首歌是喜欢的人唱给我听的，一听就爱上了,1,NuoYa蜗牛,89880190
332,2016,5,10,随机播放少数不会切过的歌,0,水声丶,251701798
333,2016,5,9,终于有资源了！爱姿病患者在此！迷上这种声音了！[色],1,我想买一台投影,85984623
334,2016,5,7,爱要拐几个弯 ,0,你喔丶,81515296
335,2016,5,4,我排着队拿着爱的号码牌。,0,明雅歌,132328431
336,2016,5,1,我等的人他在多远的未来。期待。遇见。,1,桔猫,258452838
337,2016,4,28,总有一天，我的谜底会解开。下面三个字，求翻译。。。每个人都会把歌词解释成自己的故事，翻译到自己身上。这也是歌曲的魅力吧，我们都找到了自己,1,陈释我,58303854
338,2016,4,27,4.27,0,-Getout_,98267562
339,2016,4,27,总有一天，我的谜底会揭开……,0,爱如盛夏,267602805
340,2016,4,26,百听不厌,0,辛鹿麋,99000763
341,2016,4,26,真的该再见了，某个人,0,呐_要吃糖吗_甜甜的,250543158
342,2016,4,24,爱要拐几个弯才来，希望不要在变弯之前遇到,1,是刘梓溪i,103111515
343,2016,4,22,爱要拐几个弯才来。是的呀,0,舍脂婆雅,123245539
344,2016,4,22,不应该这么少把，一听还是挺好听的,0,麻利麻利汪,116290839
345,2016,4,22,最近喜欢听老歌嘿。,0,take3there,73128771
346,2016,4,20,记忆一下子回到了十几岁的夏天。,0,高晓小x,100074882
347,2016,4,19,💤💤💤,0,Cynthia_zyyyyy,104467435
348,2016,4,16,要刷很久的牙,1,帐号已注销,137395873
349,2016,4,10,听歌，复习，一天就过去了，晚安,1,Wonderland要朝前走,48974698
350,2016,4,9,学习生活了六年的城市要离开了，所有的东西都是一个经历，都是美好的回忆，朋友珍重～我爱过的，爱过我的人谢谢～,0,吆v听着,250453930
351,2016,4,8,好喜欢,0,我呆故我在咯,263301595
352,2016,4,5,常听常新🌙,0,进击的傻X,3299297
353,2016,4,4,you,0,小木木木木木木木木木,122579931
354,2016,4,1,[爱心],0,帐号已注销,31402375
355,2016,3,29,最喜欢孙燕姿的就是这首歌了，有一样的易友吗,1,行走中的木偶,5798142
356,2016,3,29,以为曾经的记忆已经被岁月尘封，可是忽然听见这熟悉的旋律，好像又想起了以前的她,0,行走中的木偶,5798142
357,2016,3,28,額(⊙o⊙)…  反正封面好看,0,你_看起来好像很好吃,110892655
358,2016,3,27,晚安,0,_HHHHHDDO,103562563
359,2016,3,26,初一那年暑假在舅舅家睡午觉，听到客厅电视里传来这首歌突然世界都清凉下来，满心都是对未来的期望和憧憬,8,米饭和年糕,42876962
360,2016,3,25,未来不能因此安排 遇见你已经很不可思议了,0,芝士啊,50005244
361,2016,3,25,评论多的不在此版本！,0,ssssteff,102967184
362,2016,3,23,这首歌听了十年，好可怕的数字,0,帐号已注销,246952012
363,2016,3,23,在英国，一想没心没肺，突然听到这歌就伤感了,1,Killua的喵,76230873
364,2016,3,20,怎敢再去打扰你 毕竟我不讨你喜 此后 是平庸是惊世是绚丽是落魄是风是雨 我都祝福你,1,孟翔超的孟,253779543
365,2016,3,18,"阴天傍晚车窗外 [可爱]（枯藤老树昏鸦，小桥流水人家，古道西风瘦马）
未来有一个人在等待[呆]（夕阳西下，断肠人在天涯）
寓情于景（切莫对号入座）：
闯荡天涯的游子啊，心中想得可是家乡的那家那小谁[大哭]",2,隧道一路,75593816
366,2016,3,18,"阴天傍晚车窗外 [可爱]（枯藤老树昏鸦，小桥流水人家，古道西风瘦马）
未来有一个人在等待[呆]（夕阳西下，断肠人在天涯）
寓情于景（切莫对号入座）：
闯荡天涯的游子啊，心中想得可是家乡的那家那小谁[大哭]",1,隧道一路,75593816
367,2016,3,18,怎么好听的歌竟然评论不过999[怒][怒],1,闪闪发光暖男心,60845311
368,2016,3,15,我等的人他在多远的未来[哀伤],0,不知名名模,49546386
369,2016,3,12,为什么越听越冷呢,0,他在这座城市里,80892589
370,2016,3,12,999的人么,0,a_liens,246042700
371,2016,3,9,我好想你....,0,木兮41,81695058
372,2016,3,9,好地方 没那么多矫情 喜欢就追回来 单相思就去追回来 不喜欢就追了再甩掉 哪来这么多死去活来[奸笑]  ,1,JefferyTsang_,42240455
373,2016,3,8,女神节快乐,0,帐号已注销,76066703
374,2016,3,6,☄,0,bioclast,9032431
375,2016,3,4,哟，很少评论啊，也许就像这首歌一样，一个人静静听着就好，看着空白发呆就好吧,0,HolyRocks,97456156
376,2016,3,3,我等的人他在多远的未来？,0,乌漆抹黑鸦,42318273
377,2016,3,2,[星星],0,mijio,106277073
378,2016,2,28,遇见你  一切都是最好的,0,小飞龙丶,107996517
379,2016,2,26,言叶之庭,2,他把清梦都寄托,136599486
380,2016,2,26,目前坐标新加坡，看见豆瓣上圈出过一个燕姿常去的咖啡馆，想去遇见她，可是，坡县每天都骄阳似火，满眼明晃晃的日光，写作晴天 读作绝望，根本没有出门的欲望。没有阴天没有情怀，从小学听到博士，我已经这么老了,268,恍惚的上帝niko,13156137
381,2016,2,25,我在芝加哥。凌晨一点四十三分。,0,sixfeetunderground,80075839
382,2016,2,20,lzd[心碎],0,HouseParty,90008496
383,2016,2,20,李舟满，又想起你,2,格洛阔,111234503
384,2016,2,17,我在洛杉矶，洛杉矶时间，凌晨2点51。,1,hello邓攀,97431617
385,2016,2,14,如果在新加坡遇见你，        那么，我会带着你去看岛上最大的鱼尾狮，听听它的传说，看着它脚下赌场的纸醉金迷，然后笑笑走掉。        （最大的鱼尾狮在圣淘沙，最著名的在赌场附近）,1,光影若惜,63239435
386,2016,2,14,如果在新加坡遇见你，        那么，我会带你去坐全世界最大的摩天轮——Singapore Flyer，        在最高点说出最美的誓言。,66,光影若惜,63239435
387,2016,2,13,没人真好,0,迷津自渡LIANAO-Z,88046766
388,2016,2,12,"「听见冬天的离开 我在某年某月醒过来」早安(,,•́ . •̀,,)",2,麦麦麦小布,9351526
389,2016,2,11,[大笑]因为你走错了专辑,0,我超想抱抱你,70415704
390,2016,2,9,网易没有伴奏啊。。。,0,浅忆流年xl,116688411
391,2016,2,7,安静的守着自己,2,不知名名模,49546386
392,2016,2,6,走啊，我们回家。,1,小蜜罐蚁,53171690
393,2016,2,5,"未来有一个人在等待，
爱要拐几个弯才来，
我遇见谁会有怎样的对白，
我等的人他在多远的未来。",2,不知名名模,49546386
394,2016,2,3,无限单曲循环,2,itumi,80968013
395,2016,2,2,让我不经意间想到了言叶之庭。谢谢,2,42岁青年,88598850
396,2016,2,2,这么好的歌这么少评论！,1,左呀左,48566128
397,2016,2,1,遇见-孙燕姿,0,nanagu,39838066
398,2016,1,29,🎐,0,xy--kap,129014775
399,2016,1,28,[哀伤],0,BestYet2Come,36682713
400,2016,1,28,评论不多，感觉像找到了一个自己喜欢却不被人发现的新天地。[憨笑],112,Nineninee,104387641
401,2016,1,27,没人真好,0,迷津自渡LIANAO-Z,88046766
402,2016,1,23,大概还要两三年,1,raspberrycranberry,44251218
403,2016,1,17,珍惜这段时光。,0,豆囝,37207098
404,2016,1,16,淡淡的忧伤[皱眉],2,HolyRocks,97456156
405,2016,1,14,把它作为公众号的第一期主题[奸笑][奸笑][奸笑],0,itumi,80968013
406,2016,1,14,把它作为公众号的第一期主题[奸笑],0,itumi,80968013
407,2016,1,13,我是80。。。燕姿的歌好好听！,0,蓝就和,105288044
408,2016,1,12,评论少也好，静静地听，不需要忙着看评论了。,0,Noble-Six,41415155
409,2016,1,11,听了这么多年，还是没有遇见金城武[皱眉][皱眉][皱眉]so sad！,2,中二酸,45353617
410,2016,1,7,💚✨,0,xiaowei7326,9681427
411,2016,1,6,很意外这里评论居然不过百,2,陈匡宇,114351364
412,2016,1,5,听了这么久每次听还是会好感动,0,airBIUE,94340167
413,2016,1,2,评论这么少  我不相信！！！,0,SudaFumi,35180589
414,2016,1,1,遇见你，是最美丽的意外  [亲亲]  @萌宝娃哈哈 ,1,于阳光,77814880
415,2015,12,28,从小学六年级就爱上这首歌。高中的时候我告诉初见我最爱这首歌，五音不全的他全程破音唱给我听。大学的时候告诉我第二个男朋友我最爱这首歌，十佳歌手的他差点唱哭我，可三年半的感情说变就变了，你说可笑不可笑。昨天跟喜欢的男生一起去KTV，他唱了这首歌。好想告诉他，真的很好听很好听。,3,我家有只小萌烊,83657113
416,2015,12,25,未末？对白？,0,醉永夜,33995135
417,2015,12,23,没错，爱是信仰，我固执，所以我还相信。,0,夏飘雪啊,100913913
418,2015,12,23,那时候我签名写得是：只是我的信仰不曾妥协。,1,夏飘雪啊,100913913
419,2015,12,19,哈哈,3,今生今世QGH,108805961
420,2015,12,12,遇见了又怎样。前奏很好听！,1,Lu-木南,97327199
421,2015,12,10,永远听不腻的歌,2,菠菜阿i,80090533
422,2015,12,7,遇见。离开,0,周二爷求清静,90256019
423,2015,12,6,总有一天我的谜底会解开[呆],2,南国少女,52497321
424,2015,12,2,整个青春，整个回忆都给这首歌了，那年冬天晚饭后的操场，她说，学会唱，遇见，我就和你好。从此耳机里一直都是遇见，好了五年还是分手了，05到10。我最不想回忆的时光，又是我最想回忆的时光。,147,烈焰花火,7907287
425,2015,11,30,高中送别语文老师的时候全班唱的是这首歌[爱心],1,迷倒众生丸,89954389
426,2015,11,30,曾经一直憧憬，一直等待，一直听这首歌，如今这首歌已经不再出现在我的播放列表中了，现在也只是恰巧遇见。这首歌像不像那个人。,1,白云苍狗by,67036129
427,2015,11,24,羡慕你们有机会等着遇见。,1,Aaron727,76361235
428,2015,11,24,如果人生只有一次遇见，我愿它成为最美好的邂逅,2,缘浅魂风,67971894
429,2015,11,19,我遇见谁会有怎样的对白 我等的人在多远的未来,0,-Kkkate,53249808
430,2015,11,17,"我遇见你是最美丽的意外
",0,DesperOodi,94856111
431,2015,11,15,过了十年 再听到这首歌 还是记起了我们第一次的遇见 夏天的阳光 照在你的白色校服上 绿色的影子映在你的脸颊 你眯着眼睛 笑的那么灿烂 只是现在一个在多雨的巴黎 一个在寒冷的多伦多 唯一不变的只是 地铁的人海 还有那个爱的号码牌,2,Kissmeplz,79117766
432,2015,11,13,抓到一只53,0,帐号已注销,86912454
433,2015,11,12,就像你唱的那么动听那么温柔[小鸡],0,得赶紧弄,85804723
434,2015,11,7,我遇见你是最美丽的意外,0,吃苹果的赫萝,88007802
435,2015,11,5,这首歌真是百听不腻的😄👍👍,7,珍珍不惜,94672214
436,2015,11,5,走心,0,wiviwa,102717525
437,2015,10,29,十三岁的时候,0,feievic,45293286
438,2015,10,26,我等的人她在多远的未来[心碎],0,孙燕姿的粉丝,36733053
439,2015,10,26,不喜欢44，来个45。PS:六级考了444。,6,绿沉绘深,53398360
440,2015,10,21,不管心情怎么差，只要听到这首歌就觉得一切都通畅了。,1,一如夏树,77390187
441,2015,10,21,遇见，离开，你还好吗？,2,Zzz夜雨聲烦,39755412
442,2015,10,16,我遇见谁，会有怎样的对白,0,邮差-L,94533168
443,2015,10,15,过去这么多年了,0,我爱唱反调,72652476
444,2015,10,14,对哦，一个永远向左走，一个永远向右走，能遇见，本就是最美丽的意外[爱心],2,怯若,72780822
445,2015,10,14,我说为啥评论这么少呢，也来凑个热闹吧。那年我十八，他也十八，在一起了，分了，现在未知。,1,寒沙带浅,74201052
446,2015,10,11,…………,0,欣儿宝宝呀,57222105
447,2015,10,11,支持燕子,0,豆蔻南瓜Eddie,52011854
448,2015,10,9,这歌听十多年了但是每次听到依然觉得还是那么好听，谁有同感？,2,angel的指纹,83647567
449,2015,9,30,[爱心][爱心][爱心][爱心][亲亲][亲亲][亲亲][亲亲][亲亲],0,闪泥啦啦啦,88079495
450,2015,9,29,我遇见你是最美丽的意外。 [可爱],0,Allen一路向南,63370493
451,2015,9,20,好听[可爱],0,古德纽斯,91567424
452,2015,9,20,我遇见你是最美丽的意外,0,原作者,78246711
453,2015,9,11,约。,0,吴大婶,83551664
454,2015,9,10,跳出来反驳你,0,快放开,31517382
455,2015,9,10,恍然间这么多年了。。,0,快放开,31517382
456,2015,9,9,哈哈哈⊙▽⊙,0,铁槛内人,37920587
457,2015,9,9,就喜欢你这种诚实,0,帐号已注销,35116195
458,2015,9,9,听着这首歌就想起我们大忠中，每周三中午的起床。,0,HW的云音乐,71104058
459,2015,9,6,安安静静听这首歌，结束我忙碌的一天，带着美丽的心情入眠,0,screamLLT,72281489
460,2015,9,6,十几年的爱姿病[蛋糕],0,千树0908,47898862
461,2015,9,5,"我相信
总有一天
我的谜底也会揭开[大笑]",1,姚史杰子杰,10018827
462,2015,9,4,很好听,0,本铜,88227801
463,2015,9,4,我遇见谁，会有怎样的对白～,0,姚史杰子杰,10018827
464,2015,9,1,为什么评论这么少,1,总是有,70711746
465,2015,8,25,听见，冬天的离开[哀伤][哀伤],2,QSamaReal,45894069
466,2015,8,20,[爱心],0,别情先生,31080099
467,2015,8,17,约么约么，帅逼们,0,Shoulders-,35517956
468,2015,8,17,约么约么，帅逼们,0,Shoulders-,35517956
469,2015,7,29,因为一仆二主才知道的我太out😊,0,孔武有力烤鱿鱼,44200225
470,2015,7,25,我也插一个,0,o随风飘c,41272981
471,2015,7,24,好,0,红豆包好吃,2404464
472,2015,7,23,果然姿迷无直男····我就默默看你们卖腐[大哭],2,帐号已注销,44399627
473,2015,7,20,评论这么少[生病],0,Yukinoeki,81322075
474,2015,7,19,擦，，，，评论不999+？？？？？,2,Oopsboys,34632439
475,2015,7,17,慢慢的就要步入剩男的行列了,0,At作梦,67686151
476,2015,7,16,歌词很棒！,0,向南向阳和北极光,79980041
477,2015,7,12,私人电台连续两首一样的歌，还以为单曲循环了。,1,Comedian-_-,37699340
478,2015,7,9,不约不约，叔叔我不约233,4,我系陈先森,62413616
479,2015,7,8,我喜欢这样空白的评论区。虽然我知道燕姿这首歌另一张专辑肯定是999＋。这里没有那么多感慨。没有那么多人撕。只有我。哦，楼上还有一位。嗨，帅哥你好。约么,64,我在北回归线,58989207
480,2015,7,5,"没人- -！
[鬼脸]",4,我系陈先森,62413616
