index,year,month,day,content,likecount,nickname,user_id
1,2019,11,20,遇见杨梓希,0,思慕到如今,1956493331
2,2019,10,27,我遇见你是最美丽的意外[亲亲][亲亲][亲亲],0,孙燕姿的粉丝,36733053
3,2019,10,24,你最美！,0,一点点都不静静,17445521
4,2019,9,23,录音棚的细致比不上live的真实,0,是邓先生吗,1600146393
5,2019,9,14,小时候感觉这首歌旋律好听 就把老妈手机的来电铃声 设置成了遇见[星星],0,顺时钟长大,45749776
6,2019,8,25,你才是最有眼光的哦，遇见了那么多的好歌！燕姿,1,清风明月Tobe,59097144
7,2019,8,23,老大，遇见之前你早就成名了好不,1,风车羽言,1482377661
8,2019,8,15,你很美,0,强大的小明,287917064
9,2019,8,5,同感,0,叁各九,1639122838
10,2019,8,4,有！,0,守着大王的花栗鼠yu,301332133
11,2019,8,2,因为有一个有一个妹妹叫燕美,0,我快樂所以你快樂嗎,259113225
12,2019,8,2,第二首成名曲 哈哈,1,我快樂所以你快樂嗎,259113225
13,2019,8,2,你很美,0,我快樂所以你快樂嗎,259113225
14,2019,8,1,老大你对自己的成名时间有什么误解哈哈哈,1,我很鱼块,125768521
15,2019,7,31,老大女士，你的成名曲是天黑黑😅,3,A-KUONG,577837024
16,2019,7,19,成名曲难道不是天黑黑？,0,fuxr,299643019
17,2019,5,10,你很美,0,那些年的傻呆呆,2856840
18,2019,4,24,成名曲不是绿光么  爱是一道光 绿到你发慌,1,兜兜潴,282946871
19,2019,4,3,天黑黑[呲牙],0,NovaXyz,122018966
20,2019,3,24,冬天就这么远走了。只是我还留在那儿。,2,Tdiox,556327162
21,2019,3,8,我一定要去看一次二姐的演唱会！我工作了！有钱了！！！,3,748484丶,47659835
22,2019,2,26,成名曲不应该是  天黑黑  么,2,君er丶,559419944
23,2019,2,24,"停，别继续往下划屏幕了，看看下面这行字

“你很棒！明天请继续加油！”

OK，可以划走啦

只是以防万一今天一整天都没有人夸你停，别继续往下划屏幕了，看看下面这行字

“你很棒！明天请继续加油！”

OK，可以划走啦

只是以防万一今天一整天都没有人夸你",2,西楼已去独上高楼,560623052
24,2019,2,18,遇见你真好，等待很值得，你是天上星，你是手中花，是我的余生。,0,幽兰香境,1727001946
25,2019,2,6,遇见呐，我要遇见你,0,说啥都对,1641833869
26,2019,1,25,"因为燕姿在家排行第二呀，次女为姿，所以叫燕姿。
还有，精彩评论里的燕美，是燕姿的三妹，血浓于水的那种[憨笑]",0,微溦微凉,66314208
27,2019,1,9,觉得燕姿美得人，都有眼光！,1,叶伯离华山论剑下的索罗斯,530885128
28,2019,1,7,所以她说:算是我的成名曲[亲亲][亲亲]永远爱燕姿,4,Joyce的橙子,1665584207
29,2018,12,26,成名曲，叫做：玉女剑[大哭][大哭][大哭],4,恋恋风尘602,85414186
30,2018,12,25,新迷  为什么叫二姐啊？~~,2,talia94,9673259
31,2018,12,11,成名曲：成名以后唱的曲子😂,3,转身是空,111727561
32,2018,12,2,超喜欢现场版 好温暖,3,RruNnawaYy,1335161378
33,2018,11,18,我遇见你 是最美丽的意外,2,Sunshine_5280,468918007
34,2018,11,17,我排着队，拿着绿色的号码牌。,3,遇见谁丶对白,374932425
35,2018,11,13,没有，我只是在单曲循环而已[大哭],1,吾之挽歌,60158938
36,2018,10,14,别这么可爱我的老天,1,Islandofcyril,48634536
37,2018,10,13,我也很有眼光的[大哭],0,0StefSun,304663132
38,2018,9,26,很高兴遇见你,1,MSYZg,249716014
39,2018,9,7,你二姐的成名曲太多了[吐舌],5,阿扑老了,494330773
40,2018,9,4,纳尼 我居然不知道孙燕姿来过玉林！（好吧当时肯定在念书,0,蟹斯基,104678981
41,2018,9,4,哈哈哈哈 都好可爱啊[钟情][钟情][钟情][钟情],0,蟹斯基,104678981
42,2018,9,1,真的哦[可爱],0,旧昔扰梦,260855652
43,2018,9,1,这是真的！！！[可爱],0,旧昔扰梦,260855652
44,2018,8,24,@极美欢庆 有人在等你,0,跳舞的克卜勒,122786310
45,2018,8,23,垦丁,0,毛毛虫0912,323067104
46,2018,8,10,真的，有些时候遇见就好,1,倾听者2002,1439732795
47,2018,8,5,在我怀念的我不难过等等里，永远有一颗想要把这首歌听完整的心,0,_诗芊,81037679
48,2018,8,4,hey,0,Tdiox,556327162
49,2018,7,12,为什么那么少评论？？？,0,chritlee,500422337
50,2018,6,30,嗯嗯2020极美欢庆,0,鲸与天空ocean,294942951
51,2018,6,15,高考结束后说什么也要去你的演唱会。。。如果有的话。。。,0,冷脚丫,1320812521
52,2018,5,30,05年那个温暖的午后，我遇见了孙燕姿，从此入坑。然后单身至此[奸笑],2,筱免點子,117864725
53,2018,5,20,你天黑黑时就很火😂😂😂😂,1,够钟___-,1434123714
54,2018,4,24,很美,0,毛毛虫0912,323067104
55,2018,4,11,听着听着就哭了，因为从未遇见,2,哆啦A梦171109,643783701
56,2018,4,8,❄️,2,Tdiox,556327162
57,2018,4,2,假的吧,0,訾央伪装小漠漠,247480354
58,2018,3,31,所以 这真的是三妹吗,0,大力plus,54291801
59,2018,3,31,听见live版就想哭！,2,强大的小明,287917064
60,2018,3,23,音质好差啊,0,周十二,16408826
61,2018,3,20,★,1,别是太空人,82949922
62,2018,3,15,[可爱],0,终极孤,400296205
63,2018,3,15,我排着队,1,33轉的LP,630862795
64,2018,2,28,lovely yanzi,1,Hey-Shangrila,92916753
65,2018,2,23,哈哈，那在哪,0,Kepler_VoanGogh,253205365
66,2018,2,18,你喜欢的歌，你说如果和我分开了就再也不会爱上谁了，但是现在的你 和他很幸福吗？,1,FAN7a5y,271021338
67,2018,2,15,想看一场燕姿的演唱会[流泪],1,Jonah乔纳,478575663
68,2018,2,4,歌词好像不对哦...,2,极美欢庆,351351231
69,2018,1,23,有眼光,1,Z不要那么熊急啊,67803003
70,2018,1,17,我等的人 他在多远的未来,3,c甜甜甜c,445376778
71,2018,1,12,什么,0,Kepler_VoanGogh,253205365
72,2018,1,9,像燕姿这样的，是真美，真心美。,2,黄昏大道,283374618
73,2018,1,8,不要在厕所了吧[生病],0,超人不会飞mmmmmm,376649320
74,2018,1,6,喜欢听这个版本,0,93back,478893530
75,2018,1,2,燕姿的歌迷为什么音那么准，不像学友哥的歌迷。。,1,清流似涧,533029856
76,2017,12,27,这辈子，最幸的运就是遇见你。我菜家小公主,0,有个小菜逼,636612261
77,2017,12,16,我还以为你说“绿箭”呢…,1,wantingtung,47467755
78,2017,12,14,活捉燕姿的妹妹！！！[可爱],2,晚婚晚育少生优生,255806791
79,2017,12,8,听着听着就开始哭 sad...[流泪],1,之吾白,94764662
80,2017,12,8,喜欢 你,0,之吾白,94764662
81,2017,12,6,“燕姿你好美”“有眼光”,5,MOSBYTTTT,30406903
82,2017,12,6,最喜欢这个,0,一悄,125578435
83,2017,11,28,live 版更有恋爱的冲动,4,OrangeEason,108016509
84,2017,11,23,有没有和我一样听到燕姿和歌迷对话就忍不住开心得笑的[爱心],2,封尘彳亍,356543149
85,2017,11,20,每一次燕姿和歌迷们讲话都好可爱啊/循环中[憨笑],4,双子_faye,626804992
86,2017,11,13,[爱心],2,永远有多远灬,346081467
87,2017,10,28,“有眼光”哈哈哈哈哈，你知不知道你有多可爱,4,望树人儿,63547330
88,2017,10,21,我很有眼光,3,mai粉私信我,53602122
89,2017,10,19,不论结局  感谢相遇.❤,5,小任小任sky,611935471
90,2017,10,12,厚面的嘿[大哭][大笑],1,门口好多-猫,82333320
91,2017,10,6,这首歌 不管什么版本 一听就心情好好,2,黑白金银灰,273069876
92,2017,9,27,[呲牙],0,t_ough,69588688
93,2017,9,7,我的手机里有三种版本的遇见[可爱][可爱][可爱],3,郭小军Zzz,330633718
94,2017,9,6,总有一天我的谜底会解开,3,被迫当人,125280195
95,2017,8,30,我看着路。梦的入口有点窄我遇见你是最美丽的意外,0,仟一佬,416843750
96,2017,8,23,妹，別來搗亂，快回家。,2,鄒爸比,85768778
97,2017,8,14,成名曲：绿……见[呆],3,素丸子Kwok,17385100
98,2017,8,10,我也很有眼光,0,不给我就捣乱,323331074
99,2017,7,25,两声清嗓也好好听！,2,clarify,52597685
100,2017,7,23,天黑黑哭晕在厕所里,7,Kepler_VoanGogh,253205365
101,2017,7,19,燕姿你好美,1,空有武侠梦,428530644
102,2017,7,8,美。,1,4thOutLoud,40845591
103,2017,6,30,专门过来找现场版,1,梅西给我传过球I,309037198
104,2017,6,30,这个版本不错哦[强],1,DCTML,129611773
105,2017,6,26,[口罩][流感][流感],1,小飞侠毛厚佳,345138591
106,2017,6,16,最开始我知道的是南宁的献唱，我高中，那就是14年前。然后玉林什么节献唱，我工作一年，那应该是7年前。最近一次南宁演唱会应该是一年半前吧？,2,AYA姿,250034479
107,2017,6,13,[爱心],2,永远有多远灬,346081467
108,2017,6,12,超级至尊不黏人女朋友成了单身狗🙄,5,厉害了我的Vv,395669963
109,2017,6,12,我输了一场冷战的赌也输了你,5,厉害了我的Vv,395669963
110,2017,6,12,孙燕姿来过南宁和玉林唱歌？？什么时候的事情啊,1,罗曼蒂克主义者,362068192
111,2017,6,9,你还好吗？那个陪我油盐酱醋，养狗狗，相信我能给你一百万的女孩 ,2,帐号已注销,390999602
112,2017,6,8,你很帅,0,气氛来了就要醉,308485041
113,2017,6,2,不可方物的美💓,3,黑暗行星古兰斯菲亚,495929451
114,2017,5,31,有眼光嘿嘿嘿！,1,我是丑王,127718208
115,2017,5,15,遇见的前提是闪闪发光做自己。,3,灰色会挥发,67644573
116,2017,5,14,遇见是为了更好的,1,便士penny,339850798
117,2017,5,11,“我不怕遇不到喜歡的人，只怕遇到喜歡的人不喜歡我”,7,遊戲-規則,396528325
118,2017,5,11,程成，那天我抱着我所有的卡带给你，第二天你告诉我只喜欢这首歌，如今你好吗？曾经那个让我情窦初开、不知所措的女孩，现在还好吗？这么多年过去了，在我心里，你依旧还是那个豆蔻年华天真烂漫的花仙子，是融化了我心的天使，遇见你是我最美的记忆，希望你永远幸福，过自己想要的生活。,3,再别康桥bye,365825805
119,2017,5,8,你！好！美！,3,Kesureeeee,62909661
120,2017,5,7,始于颜值,3,永远有多远灬,346081467
121,2017,5,7,很美,2,灰烬与白夜,279325581
122,2017,5,7,我都已经背下来了[吐舌],2,我是丑王,127718208
123,2017,5,6,燕姿好怕没人会唱的样子！,6,帐号已注销,65653942
124,2017,5,6,[钟情],1,Alsoran1991,276630071
125,2017,5,3,燕姿什么时候都美,1,木头晨,57869920
126,2017,5,3,遇见你 就不会再喜欢别人了,2,七月季望_,283356375
127,2017,4,30,[可爱],1,给我信心当我未如愿,72074685
128,2017,4,29,你好邓筑尹.,1,Kaprio,392153421
129,2017,4,28,确实很有眼光哦！,1,AlbertoCaeiro,285743758
130,2017,4,28,绿箭？,2,ZeroCh-X,132688805
131,2017,4,24,扔,1,它夏了,328586677
132,2017,4,20,听了整个高中的歌，每一句歌词都是一处回忆。永远都回不去的高中生活，永远都抹不去的美好回忆。,2,千里怀人月在峰,447520226
133,2017,4,3,臭屁的呆婶 你的成名曲是天黑黑,8,飞跃东南海,409885845
134,2017,3,28,过不去的总会过去，看不开的总会看开,2,蛐蛐和曲曲,248130242
135,2017,3,27,今天忽然听见这首歌，很多回忆又涌上心头。过去过不去，未来仍未来。,1,shockie,91155
136,2017,3,23,第一首 好喜欢💕,1,小栗粟,42762609
137,2017,3,17,有眼光！[呲牙],3,大佛会跳扭扭舞,325868344
138,2017,3,15,小学就喜欢他,2,陈fxzZ,102356585
139,2017,3,5,你好美,3,帐号已注销,124859943
140,2017,3,4,好喜欢这首歌啊 真的好喜欢好喜欢 喜欢到听到就会哭出来的那种喜欢,1,墨绿色的包子,110880019
141,2017,2,23,余晖透过枝头的间隙洒向这片土地，稚嫩的心扑通扑通的加速跳动，微风拂过你的发丝，也拂过我的脸庞，只是望着你的背影，想象着你嘴角的那抹微笑，地上的倒影正诉说着一则关于“爱”的故事,4,林若有光,108645569
142,2017,2,23,“贴哦哦”也是你的成名曲哦,5,狗不理浩子,275305356
143,2017,2,23,遇见[爱心],2,AA81689,389759105
144,2017,2,23,终有一天 我的谜底会揭开,2,自拍的梵谷,20250776
145,2017,2,23,孙燕姿的歌属于温暖温柔温情的人。,1,harezq,63461444
146,2017,2,23,评论这么少不科学啊……高中时姿姐南宁演唱会没钱去，广东工作时姿姐来广西玉林献唱又没得去，说着下次姿姐再开演唱会不管在哪怎么也要去了，然后姿姐成姿妈了…休息了几年……上次姿妈广州演唱会买了前排的票，听见姿妈在台上唱歌，我每听一首就会哭一次……感觉这么多年的梦终于圆了！,94,AYA姿,250034479
147,2017,2,23,这首前面情感更细腻，好煽情，哭了,0,mugbya,110719460
148,2017,2,23,爱死你了媳妇,0,神经质璐璐,265323473
149,2017,2,23,一出道就是巅峰[爱心],3,强大的小明,287917064
150,2017,2,23,瞎说，你的成名曲是第一张专辑的天黑黑,3,邓梓良,275684017
151,2017,2,22,啊啊啊啊啊啊啊啊啊吓我一跳,0,环球旅行包,9160973
152,2017,2,16,"
哇哈哈 聽見你的聲音就莫名的開心",1,_663,96971807
153,2017,2,13,哈哈的确是,0,我见过刘惜君卸妆的样子,334865174
154,2017,2,6,哭倒在湖邊,0,很小資,295780589
155,2017,1,14,"演唱会上 首首感动
",2,-庸人自扰之,46034418
156,2016,12,28,可爱得不行。副歌来了[色]后面的[亲亲],3,tangoonbaby,349353337
157,2016,12,23,03年的,3,秋---刀,33519114
158,2016,12,7,下一个你，什么时候才能遇到你。,0,Abcdbibibi,123903817
159,2016,12,2,在遇见之前就很红很红了啊,2,请叫我Jilon,44903063
160,2016,11,28,我好有眼光[鬼脸],0,小in酱,79814537
161,2016,11,24,燕姿，你好美。我很美吗？有眼光。我姿就是这么偶像派哈哈哈,4,跳舞的反骨,33249451
162,2016,11,22,孙燕姿！你好美！,3,思已lxd,96230074
163,2016,11,22,我遇见谁会有怎样的对白？我不知道，但我能肯定的是她一定很像你。,0,phoax,365938756
164,2016,11,15,这首歌叫做遇～～见,0,_UnaVida_,80518272
165,2016,11,9,超爱燕姿！,1,Ku丶ma,53276317
166,2016,11,5,一定要和最爱的人去听一次孙燕姿[色][亲亲],7,--Communication,54029799
167,2016,11,3,你最美！,0,ssisiss,56578313
168,2016,9,2,再想听遇见就要来这了 希望网易云把版权问题尽快搞定,5,chen陈陳-,293629844
169,2016,9,1,那是泪光，那力量，我不想再去抵挡,2,Fun欢愉_,320001059
170,2016,8,26,[亲亲],1,可阳快飞,115746724
171,2016,8,6,最爱的一首歌,1,帐号已注销,67063253
172,2016,8,5,很好,1,举个西木,60673274
173,2016,7,13,每次听到燕姿与姿迷的对话我都会傻笑[可爱],4,Song我的憧憬,51600636
174,2016,7,9,哈哈哈，考上大学了，希望能去姿妈的演唱会！,6,NBA名宿艾弗森,264049003
175,2016,7,5,孙燕姿你谦虚了好吗？《遇见》是04年的歌，04年你早已成大名了好吗？你的成名曲是《天黑黑》啊。,9,AUGUSTBIRD,377405
176,2016,7,1,TOO哭晕在厕所,3,想带妳骑单车,265868797
177,2016,6,30,还真的是回去又听了几遍对话[大哭],2,渣渣大华,135196643
178,2016,6,28,[亲亲][亲亲],1,可阳快飞,115746724
179,2016,6,28,[亲亲][亲亲][亲亲],2,可阳快飞,115746724
180,2016,6,19,你超级美的，我才不是想说我有眼光[憨笑],5,DiawleMaymayS,3652695
181,2016,6,6,老婆你好可爱啊,1,宋丶大将军,111363548
182,2016,5,26,这首歌算是我的成名曲 [开心] 那可是你的巅峰时期啊,5,当代歌坛,126763195
183,2016,5,23,单曲循环一晚也只为了某个回不来的人,4,郭丶Kai1234,83759766
184,2016,5,20,哼[可爱],0,向往北方的日子和乐子,75903833
185,2016,5,19,作业又布置少了吧、还有时间来这评论[大哭],0,amaoamao520,124733746
186,2016,5,5,我们都有眼光,1,帐号已注销,124859943
187,2016,5,4,演唱会版 比较有感觉诶,2,Gourd_ah,77602879
188,2016,5,2,找老婆就要找这么机智可爱的。,9,齐大葱,77154030
189,2016,3,17,2：50的“我遇见谁，会有怎样的对白”与“爱要拐几个弯才来”位置需要对调一下@曲库小护士,5,孟德斯Q,56605567
190,2016,3,6,每次听现场版燕姿和歌迷们说话的时候……,29,纳纳姿,120546705
191,2016,3,6,这句话说得好[流泪],1,向往北方的日子和乐子,75903833
192,2016,2,21,听着燕姿 就想起年轻时候那些个夏天,1,深蓝色先森,51482084
193,2016,2,20,等她的下一张专辑发布后,0,遮羞布罢了,33532401
194,2016,1,29,这首歌叫做 绿箭[呆],4,PureLabradro,31578561
195,2016,1,26,有没有跟我一样 把前面那一段跟歌迷对话反复听了好几遍的[色],105,阳光下的星星_,83193187
196,2016,1,23,燕姿：我很美吗？歌迷：你好美。燕姿：有眼光。,6,Deway_Pen,89404563
197,2016,1,16,爱逆光，你逆着光，却看见,1,夜色如谁,73446820
198,2016,1,14,我当然有眼光啊~[爱心],3,宋丶大将军,111363548
199,2016,1,9,这叫机智好吗，既夸了别人又夸了自己[可爱],0,吃完又饿了,43114042
200,2016,1,4,算我一个,0,Leslie学友,102100738
201,2015,12,23,[鬼脸][鬼脸]燕姿居然说出那么谦虚的话，有眼光～,1,生而有命_,39691799
202,2015,12,20,作业还是要自己做，路还是要自己走。🌻🌻🌻。,2,aaawakeime,89349827
203,2015,12,15,我的确很有眼光的,3,我在妳心中就那麼壞嗎,53597126
204,2015,12,12,感觉声音怪怪的,1,Birkhoff周先生,135934
205,2015,12,8,+1,0,未完成s,52426699
206,2015,11,24,听见冬天的离开，我在某年某月醒过来。。,0,长安叶乱,64305228
207,2015,11,21,莫名的感动哎,0,jane_liu1,87993315
208,2015,11,15,现场真棒~,0,菲儿灰灰,62222598
209,2015,11,3,[色]姿妈最美，虽然最爱的那首歌是雨天,2,帐号已注销,99902158
210,2015,10,29,还是天黑黑最经典！那年你来广州开演唱会，可惜第二天就高考了~~~所以没有去，遗憾啊，什么时候再来广州,1,富熊,38597120
211,2015,10,3,[强][爱心][强],0,夏雨天-,87164823
212,2015,9,28,好棒,1,翻滚的K,54074536
213,2015,9,18,[惶恐]遇见成 成名曲了 天黑黑绿光哭晕在厕所,2,姚大白,268625
214,2015,9,15,二姐 你的成名曲是天黑黑,232,孙燕美,542076
215,2015,8,29,燕姿很可爱*^o^*,2,夐_姿,87925659
216,2015,8,28,觉得燕姿美得人，都有眼光！,272,王小野子,45050196
