index,year,month,day,content,likecount,nickname,user_id
1,2019,11,27,爱你[爱心],0,盐太咸1,1396044220
2,2019,11,18,所有你渴望的剧情，已经握在你的手心,0,chenyuru0924,266077689
3,2019,11,17,孙燕姿最好！,0,chenyuru0924,266077689
4,2019,11,17,为什么这么好听！！！,0,chenyuru0924,266077689
5,2019,11,16,想听小赞唱这首[狗],1,1日就旧_,78364520
6,2019,11,13,不必再提，也没人在意。,0,Jessica沫,30638922
7,2019,11,6,整砖🈚粪曲。,1,到了打電話給我,136029624
8,2019,10,25,好想，去k房唱燕姿的歌。放肆唱。,0,跳舞的yanzi,287088787
9,2019,10,25,未完成,0,苑子潯的小号,1548957065
10,2019,10,25,这个版本大家就不必再跟队形了吧,2,苑子潯的小号,1548957065
11,2019,10,15,有另一个版本一万五千➕,1,别再奋力逞强,122065677
12,2019,10,12,永远 不是我就能实现 我想你 宝宝  ,0,萤YYY,345555285
13,2019,10,10,能懂,0,ImmensBeauty,1823021754
14,2019,10,7,永远,0,尾生zz,1489629484
15,2019,10,6,这首歌没有999+！,0,最爱林先生的好,494148398
16,2019,9,25,[多多耍酷][多多耍酷][多多耍酷],0,kobemamba8,325567312
17,2019,9,22,埋藏在我心中，以为不会变。这么多年，终于懂了这首歌,1,泽阳小闹,60032333
18,2019,9,22,曾经坚持过的故事不必再提，没有人在意,1,Heyheyxfy,45158791
19,2019,9,18,是啊，就是那个意境。,1,海东青_vach,55879681
20,2019,9,16,是惹，姐们说得对,0,isNn丶,362158056
21,2019,9,16,the moment 那边有，不过都在列队型😅,0,isNn丶,362158056
22,2019,9,14,中学开始喜欢燕姿，养成了我短发平胸控的审美……,2,Heeenk,9433780
23,2019,9,14,永远。,0,康大大大帅比,535556360
24,2019,9,11,01年看到一张孙燕姿的照片 就一直喜欢到现在,0,战歌小法师,485636333
25,2019,9,10,从学生的我已成叔叔咯[撇嘴],0,Derek_k0,559866643
26,2019,9,9,永远，燕姿,0,stefanielgl,644180982
27,2019,9,8,我天，我们居然在网易云秀哈哈哈哈哈哈哈哈哈,0,Youngformusic,131073342
28,2019,9,8,可以实现 爱你🤟,1,瓶子213,258891395
29,2019,9,4,我们的场景很相似，在晚自习下课的路上，拥挤的人群中听这首歌，那是众人热闹中我一个人的落寞。,0,林安Leo,122750027
30,2019,9,1,可真是太好听了！,2,也不是猪只打呼,355734135
31,2019,8,31,祖国的最南边是...曾母暗沙吗？😜,0,相隔着银河,90200106
32,2019,8,24,"你见，或者不见我 ，我就在那里 ，不悲不喜 ;
你念，或者不念我 ，情就在那里 ，不来不去 ;
你爱，或者不爱我 ，爱就在那里 ，不增不减 ;
你跟，或者不跟我 ，我的手就在你手里 ，不舍不弃",2,用户0000000000000000000009,328185906
33,2019,8,23,曾经坚持过的故事不必再提，没有人在意,0,淘淘宁宁,308800601
34,2019,8,22,那时候听的磁带，好怀念16岁的夏天秋天，孤独又充满希望。,1,容易得到容易失去,1446082755
35,2019,8,21,遇到了想永远在一起的姑娘。但是也许“不是我就能实现”。我爱你文文,1,Youngformusic,131073342
36,2019,8,19,那时我太小刚七、八岁的样子，也错过了你的青春。 希望以后我可以慢慢了解你。永远。,0,潜水大鲸鱼,476471883
37,2019,8,18,宝藏女孩 孙燕姿,1,长存我心,103120205
38,2019,8,11,夏天结束三天了。,0,有所掩饰,1323649349
39,2019,8,5,没办法，当时  我不难过  神奇  太火了，盖过了其他歌曲。,1,Linuxchen,279751935
40,2019,8,4,永远里最后一句歌词啊，大家都觉得很有共鸣吧,0,另-张脸,56020714
41,2019,8,4,这是什么梗？都发这句歌词，连《飘着》的下面都是这个,0,经纬180729,1536664663
42,2019,8,3,永远，就算还记得那天,1,我很鱼块,125768521
43,2019,8,1,永远和休止符都是只有中文版，my story your song的中文版叫未完成,0,识刀客,623315109
44,2019,8,1,中文版是哪首,0,酷酷的阿姿,261060427
45,2019,7,30,未完成真真是神专，无论前面的专辑或者后面的专辑有多好，这张在我心里始终神专,5,识刀客,623315109
46,2019,7,30,《永远》里那沁静的声音，恬淡的曲式，却道出沉潜在心中那一份不能割舍，却也无可奈何的情境，唱出对感情的坚持、唱出最深层的心痛。,1,识刀客,623315109
47,2019,7,30,专辑的制作人由李偲菘、李伟菘、包小柏3位担纲，其中孙燕姿第一次以歌手兼制作人的角色完成了《永远》、《休止符》两首歌曲。其中英文对唱曲《My Story your song》是与日本女歌手仓木麻衣的首度跨国合作，由孙燕姿填词、李伟菘作曲，同时收录原曲中文版在该专辑中，此曲也是整张专辑概念的延伸 。,4,识刀客,623315109
48,2019,7,30,这张专辑就是冷门歌曲大合集，永远 学会 了解 休止符 没有人的方向,6,识刀客,623315109
49,2019,7,28,评论没有999？,0,就是这样_1900,68242572
50,2019,7,28,好有意境 只是我们都回不到高中的时光 所以孙燕姿才成为我们的青春,0,one宝宝,622595614
51,2019,7,27,我这是有多少歌没听过啊 我恨！我今天要学会这首歌下午去ktv,0,SuhooppaT3T,360353557
52,2019,7,26,现在越来越觉得 未完成真的是神专,2,丰阝君,296235500
53,2019,7,26,我也想和你永远，可是没有人在意了,2,WILDCH1LD,326173548
54,2019,7,25,遇到一个几乎所以歌都喜欢的歌手真的不易，燕姿目前与我是唯一,3,LG林叶,564692276
55,2019,7,24,我的燕姿，从零零年在凤凰卫视听到你的天哦哦，就一直喜欢到现在[鬼脸],1,大老戚哟,289034986
56,2019,7,23,生日快乐呀,2,终于还是买了黑胶会员,293010079
57,2019,7,20,继续999+,1,孙燕姿丶,1813871469
58,2019,7,20,顶到999+,1,孙燕姿丶,1813871469
59,2019,7,19,每日推的这首歌 一如既往地好听！！！[色],1,怪兽喵呜酱,556141775
60,2019,7,18,永远,0,杨杨杨杨杨杨千嬅--,127539501
61,2019,7,6,冷门金曲之一,4,各种风格各种听,3260191
62,2019,7,5,也许我坚持最久的事除了吃饭睡觉就是喜欢燕姿..[亲亲],2,Erika_Linder,305117600
63,2019,7,5,很喜欢这首歌...,1,Erika_Linder,305117600
64,2019,7,2,不太会唱,1,八九不离食小姐,133898896
65,2019,7,1,回忆,0,_DODO-,281846253
66,2019,6,30,没人在意 别为了感动你自己,1,CheerSuperQ,319699039
67,2019,6,30,阳光斜过夏天的摇椅,0,简之乔,1442008014
68,2019,6,29,曾經堅持過的故事不必再提  沒有人在意,0,peasouper,18307359
69,2019,6,29,曾经坚持过的故事不必再提，没有人在意,0,另-张脸,56020714
70,2019,6,29,曾经坚持过的故事不必再提，没有人在意,0,一只站在屋顶的风,134869277
71,2019,6,27,这首歌不冷门吧？,0,想抱走gakki,343136191
72,2019,6,27,可我心怀你时 就已坠入深渊了,0,寻知行,493845917
73,2019,6,25,999见证者之一,1,余大狗,288635086
74,2019,6,23,辨识度很高的声音，连说话都像在唱歌的燕姿,3,lylmiy,1328219937
75,2019,6,23,我觉得这样分工挺好，一个排队形，一个抒发情感。适合不忍打乱队形又有想法要抒发的人各取所需。,3,恺慎,1795036965
76,2019,6,21,私人fm真是个好东西，回家的路上，耳机里突然响起的前奏，嘴角不禁上扬，想起了初中一遍又一遍的播放CD。喜欢孙燕姿，是我唯一坚持了十八年的事情。,2,赵容禄,455716685
77,2019,6,17,孙燕姿的声音一起 我就想点红心,2,唐小桂,254852863
78,2019,6,15,这首歌旋律平和，就算高潮部分也没有太澎湃，但却给人一种时间流逝的无奈与伤感，经典,1,天吾o,1838028489
79,2019,6,7,曾经坚持过的故事不必再提 没有人在意。,0,未完成是个期待,299224549
80,2019,6,7,为啥去themoment里评论，而不在原版这里,1,未完成是个期待,299224549
81,2019,6,5,追忆青春就会来听听燕姿,1,jasonYcj,566416091
82,2019,6,1,曾经坚持过的故事不必再提，没人在意,1,风雨具寂,1351250411
83,2019,5,27,薛定谔的猫,0,Kisamanoyime,132695643
84,2019,5,23,我读高中时孙燕姿发的这张专辑，当时感觉这首是《未完成》里最触动我的一首歌，高中的校园外就是一条繁华熙攘的街，华灯初上时夜色弥漫人来人往车辆川流不息的光景与歌词很应景。那时的我们很矫情，但很美好。,0,mio0502,292450310
85,2019,5,21,每次听都会感动，今天才明白其中滋味,0,枣糕少女宋觉觉,116531378
86,2019,5,13,隔壁 the moment 专辑里面 永远 评论1w+的😂,0,丰阝君,296235500
87,2019,5,3,另一个版本都13000了，而且队形应该是全云村最整齐的评论了,0,mylym,2765343
88,2019,5,3,不敢点开 每次一听就要单曲循环,0,八度依然二丁目,491739022
89,2019,4,30,燕姿的歌 适合独享 不适合分享,0,深深呼吸fate,1547633662
90,2019,4,27,曾经坚持过的故事不必再提 没有人在意。,0,汤汤爱燕姿,263976898
91,2019,4,27,网吧一整晚看你的MV……,4,太瘦欢盈,484796375
92,2019,4,24,磁带年代？,0,marrytu,42281164
93,2019,4,15,你们的永远，是在哪一天走丢的,0,维多利亚7654321,478803144
94,2019,4,13,六年级的歌，还是那么好听，居然没有999～,0,心驱,1453839863
95,2019,4,12,曾经坚持过的故事不必再提   没有人在意。,0,履霜之戒seven,281705873
96,2019,4,8,03年 4年级的我 小小脑袋却背下了这整张专辑的歌词 ,0,红豆妹,113102367
97,2019,4,7,曾经坚持过的故事不必再提 没有人在意。,3,Heyheyxfy,45158791
98,2019,4,3,曾经坚持过的故事不必再提 没有人在意。,1,夕颜May,442465991
99,2019,4,1,曾经坚持过的故事，不必再提，没有人在意。,2,子之选天,1391150898
100,2019,3,21,又开启单曲循环，熟悉的地方，陌生的眼光,2,1987htt,1682401311
101,2019,3,21,曾经坚持过的故事不必再提,0,姿了,56607757
102,2019,3,21,当年燕姿的歌我都会，人渐渐变老，也越来越恋旧，歌还是老的好,3,1987htt,1682401311
103,2019,3,21,想当年你很年轻，我还小,2,1987htt,1682401311
104,2019,3,21,助攻999+,0,Stefanie了解,354930587
105,2019,3,20,这应该是最好听的一首了,0,aerowy,67159460
106,2019,3,16,曾经坚持过的故事不必再提，没有人在意,0,Su酥-网易云,68982529
107,2019,3,14,这么好听的歌，都没有999+吗？,1,用户82458498,82458498
108,2019,3,13,燕姿，记忆的符号,0,33轉的LP,630862795
109,2019,3,6,来过。。。。,0,大叔有话说,1674818166
110,2019,3,1,永远，曾经在哪里实现！永远，却在那一天走远！,1,逃亡的kepler,104111830
111,2019,2,25,哈哈，那我就放心了,0,老清新鬼吼,252052455
112,2019,2,24,因为都在the moment那张专辑里的版本里，有一万多评论[大哭],0,好运背后灵,294341472
113,2019,2,24,指路the moment那张专辑里的这首歌，一万多评论～,0,好运背后灵,294341472
114,2019,2,24,恍如隔世,2,每个灰机都是为你打的,574321149
115,2019,2,18,穿过人群 拥济的夜~~,0,X中生,93115075
116,2019,2,18,那么好听怎么才这么点留言,1,老清新鬼吼,252052455
117,2019,2,18,这首二字神曲居然没有999,0,好汉酱,294652383
118,2019,2,14,所有你渴望的剧情 已经握在你的手心,0,取灯胡同的小咚咚,41826652
119,2019,2,10,男周女孙,1,羊咩咩喂,50148750
120,2019,1,25,没必要在对过往的种种想太多有的没的，我们都有属于各自的生活，煎熬或欢乐……不会再被过往拎着领带走……,1,向日葵的笑容-,1395852378
121,2019,1,25,曾经坚持过的故事不必再提，没有人在意,0,向日葵的笑容-,1395852378
122,2019,1,23,另一个版本里,1,小四的酱油,493214532
123,2019,1,21,学生年代最爱的歌之一，没想到竟然是个冷门儿小众…哈哈哈！,2,花莫笑丶,514517742
124,2019,1,20,曾经坚持过的故事不必再提，没有人在意,0,Heyheyxfy,45158791
125,2019,1,20,曾经坚持过的故事不必再提。,0,JeanZer0,115069125
126,2019,1,8,曾经坚持过的故事不必再提，没有人在意,0,另-张脸,56020714
127,2019,1,6,曾经坚持过的故事不必再提，没有人在意,0,Y淘淘,283975376
128,2019,1,6,这首最喜欢最后一句 学会最喜欢第一句,0,captainsunX,409974564
129,2018,12,31,曾经坚持过的故事不必再提，没有人在意。,0,老子是真的气,263551031
130,2018,12,28,即使失败，记得高傲,0,lifeisdivine,1715286576
131,2018,12,23,最喜欢这首,0,违禁关键詞,375614957
132,2018,12,19,曾经坚持过的故事不必再提 没有人在意,2,邋遢的壮壮,292483779
133,2018,12,18,这曲子编排， 让人种 恍惚  的感觉。,1,joker66888,89935033
134,2018,12,17,总觉得这张专辑的封面特别不像燕姿哈哈哈哈,2,fortpoi,124239758
135,2018,12,1,记得看到过一句话，说是燕姿没有难听的歌，果然啊，独特的嗓音，不管唱啥都好听,2,想风就前行,90797457
136,2018,11,29,挤字错了哈！过分,0,2018非主流不再沉默,288874097
137,2018,11,26,穿过人群 拥挤的夜,0,昵称已被占领0,623401086
138,2018,11,26,过了十二点   现在应该是第六天了  互相不理对方不发信息   这样僵持着  谁会先低头呢,1,_常勤,1423150000
139,2018,11,23,曾经坚持过的故事不必再提 没有人在意。,1,syz19780723,286808908
140,2018,11,20,没有999+不科学,0,KevinChen93,573624190
141,2018,11,19,这是用复读机反复听的那张专辑里最喜欢的一首,0,一只不是在发呆就是在梦游的胖子,18831585
142,2018,11,18,永远。,0,勇敢正直美少年,510961792
143,2018,11,13,开始听未完成。,1,Siriusly17,277593220
144,2018,11,12,曾经坚持过的故事不必再提   没有人在意。,0,一腔诗意喂汪了,260088265
145,2018,11,10,最喜欢孙燕姿,1,北原武曳,276462255
146,2018,11,2,初中时激动的买了第一只cd机 买的第一张专辑是潇潇的 和同座女生交换听了这张《未完成》 因此爱上孙燕姿的歌 无法自拔 [可爱],1,金kun,420106189
147,2018,10,30,对我来说这首可以进top10,2,姜汁儿怡口糖,117900490
148,2018,10,30,永远 不是我一个人就能实现[心碎],1,-甛甛甛-,1329282840
149,2018,10,27,初三的夏天，刚从远方的一所寄宿学校转学回到以前的学校，老同学放学后一起走进cd店，飘来了未完成的专辑声音，《神奇》真的很神奇~2003年的夏天爱上了你。,3,joozi_翥,7550672
150,2018,10,26,永远别说永远   [心碎],0,-阿阿阿Tian-,278218983
151,2018,10,20,曾经坚持过的故事不必再提   没有人在意,2,going_up_stef,372536854
152,2018,10,19,打卡姿妈,0,未完成我,126542781
153,2018,10,5,永远,2,xxxF李很烦_,478560706
154,2018,10,2,未完成就是永远,1,王山石三十,622969109
155,2018,10,1,打卡,0,跳舞的克卜勒,122786310
156,2018,9,26,这么好听的一首歌,1,珈曳,637769065
157,2018,9,21,10000+在moment那张里，其实都是同一句[奸笑],2,曹喵,130960157
158,2018,9,20,评论这么少，感觉赚到了[憨笑][憨笑],3,chessing,69530559
159,2018,9,17,你会不会看我一眼 只一眼就好 ,0,怎渡S,420338142
160,2018,9,17,+1,0,腊肉_i,265643623
161,2018,9,10,高一晚修前，把写着“永远”的点歌纸条递进播音室，翻到天桥的栏杆外坐着，等着校园里的永远唱起。。。,1,exclusive_lt,57351814
162,2018,9,7,这么好听的歌都没有999+？？？？？,3,Giraso1,375990359
163,2018,9,5,经典语录,0,jinjie66,340777958
164,2018,9,5,600了,0,jinjie66,340777958
165,2018,9,5,冲到999,0,jinjie66,340777958
166,2018,9,5,"好听的情歌
😍😍😍",0,jinjie66,340777958
167,2018,9,5,很好听，超级经典,0,jinjie66,340777958
168,2018,9,5,曾经坚持过的故事不必再提，没有人在意,2,可与人言吴二三,53521219
169,2018,8,27,[色][色][色]没有人会在意[亲亲],1,O_oHULLO,343829645
170,2018,8,27,[色]曾经坚持过的故事不必再提,1,O_oHULLO,343829645
171,2018,8,24,精选集版本留言太可怕了[惊恐],1,万恶的包子,82811707
172,2018,8,24,初三非典的路过，怀念那个时代，杰伦，燕姿,2,万恶的包子,82811707
173,2018,8,24,初二的夏天，非典刚过，在当时资源还没这么丰富的年代，这盘VCD我记不清看过多少遍，这首歌又循环了多久，爱装忧郁的年纪，歌词非常配,2,XC909,103061226
174,2018,8,22,精选集的版本留言多,1,小四的酱油,493214532
175,2018,8,22,最近对生活的意义充满了怀疑,1,湖人死忠,7776579
176,2018,8,19,曾经坚持过的故事不必再提，没有人在意,1,windbreaker风衣,1482000199
177,2018,8,18,每天一首孙燕姿～,0,_一颗开花的树_,304982021
178,2018,8,15,跳舞的梵谷都突破10w评论量了,1,在黑暗中起舞,66104325
179,2018,8,15,"此去经年，应是良辰好景虚设。
便纵有千种风情，更与何人说？",0,月色摇晃树影_,113465322
180,2018,8,11,没有永远其实也不错,0,Facevv,255889289
181,2018,8,11,曾经坚持过的故事 不必再提 没人在意,1,Facevv,255889289
182,2018,8,9,画图的时候听，加油,1,坐着我的摩托车wenny,123631217
183,2018,8,5,最爱的神曲,0,违禁关键詞,375614957
184,2018,8,5,曾经坚持过的故事，不必再提，没有人在意。,0,林34,400839327
185,2018,8,3,这里整齐的队形没了,0,有瑞克,32817376
186,2018,8,3,曾经坚持过的故事 不必再提。,1,_诗芊,81037679
187,2018,8,3,日推,0,爱和理智永远是敌人,420388696
188,2018,8,2,这首歌没999➕不科学,2,放予星空ly,50008117
189,2018,7,29,"曾经坚持过的故事
不必再提
没有人在意",0,雨天遇见隐形人,53055789
190,2018,7,28,冲999,0,骑士1989,75521112
191,2018,7,28,燕姿四十岁生日快乐,4,夏小莫,869908
192,2018,7,27,"你就在前方，站在梦想的路上。她也喜欢燕姿，所以用了这一句表白。
曾经坚持过的故事不必再提。后来结束，是这一句。
最爱的人，最好的时光，都在这首歌里了。",1,罗罗0049,547993375
193,2018,7,21,你可以选择音质啊，我看有无损音质的，你设置用了自动选择音质吧,1,熊熊烈菠萝,52434555
194,2018,7,21,我黑胶vip。。。,0,违禁关键詞,375614957
195,2018,7,21,高音质是付费的,0,熊熊烈菠萝,52434555
196,2018,7,20,这首歌网易的音质有点差啊。,0,违禁关键詞,375614957
197,2018,7,19,有一种沉重的赶脚.,0,yellowbigbird,303062936
198,2018,7,16,好听啊 偶然翻到 燕姿果然是我的宝藏,0,PaulGj,47515678
199,2018,7,11,初中的时候真的好喜欢这张专辑 每一首歌都喜欢,1,Leolucentleo,125372252
200,2018,7,8,曾经坚持过的故事不必再提，没有人在意。,1,C大宝,248388225
201,2018,7,4,♡,0,深到海里不是海,441075539
202,2018,7,3,曾坚持过的故事 不必再提 没有人在意,1,绝世小嗲精,70310199
203,2018,6,25,曾经坚持过的故事，不必再提，没有人在意。,1,耳朵借我A,345087339
204,2018,6,23,喜欢这首歌、喜欢的很特别,1,用户288822597,288822597
205,2018,6,16,前奏太棒了,1,管你小众大众我呸吼,308492392
206,2018,6,10,冲过人群 拥挤的夜,0,治愈系小帅,322923924
207,2018,6,10,所有你渴望的剧情已经握在你的手心。我突然懂了这句话。,1,咕叽-__,543531996
208,2018,6,6,好听缺人少,0,gerry_xg,79016046
209,2018,6,5,曾经坚持过的故事不必再提   没有人在意。,1,YIOU_MUSIC,583829231
210,2018,6,4,曾经坚持过的故事不必再提，没有人在意。,1,Vachol,367120413
211,2018,6,3,曾经坚持过的故事不必再提 没有人在意,1,Angelica白芷,307515
212,2018,5,27,曾经坚持过的故事，不必再提，没有人在意,1,ssslays,361833684
213,2018,5,25,我是没有人,0,逃城,82577801
214,2018,5,24,你知道吗，我永远得不到你唉，你知道我还在爱你吗,1,可乐根本不冒泡,409999814
215,2018,5,23,开始以为在一起便会是永远，后来才晓得分别才是永远,2,凌晨三点不睡觉的雨果,120801740
216,2018,5,21,那我是551,0,乔和Joi,246440006
217,2018,5,20,"害怕没有永远 ， 所以从不敢开始
路过 520",0,Sharaly,116024331
218,2018,5,17,永远，不是我就能实现,0,麦斯克,18629479
219,2018,5,17,没有多少评论，不应该。,0,roguexiao,50756413
220,2018,5,16,曾经坚持过的故事不必再提，没有人在意,1,svamei,101475353
221,2018,5,16,S,0,和平与志国,517799849
222,2018,5,4,每晚的晚安歌 ,0,YIOU_MUSIC,583829231
223,2018,5,1,点了『喜欢』的歌越来越多，唯有这2张专辑是会记住并自己手动搜索出来听的，哪怕其实也并没有觉得好听到循环一整天。我想这就叫青春吧，未必刻骨铭心，却总念念不忘。,2,买了会员还给我手机广告不愧疚吗,13975516
224,2018,5,1,这张封面  让我穿梭到了初三,0,心灵-自由,111497266
225,2018,4,27,2003送别篮球之神，迎来天之骄子，我最喜欢的石佛巅峰夺冠，薪火相传，生生不息,1,易卜星,282412444
226,2018,4,27,永远，不是我就能实现,1,L_YQ,86729765
227,2018,4,20,♥️,3,shanariel,289620678
228,2018,4,19,unfinished story,2,西柚方大同,283964311
229,2018,4,18,曾经坚持过的故事不必再提，没有人在意。,3,刘伟田,435181615
230,2018,4,18,曾经坚持过的故事不必再提，没有人在意,3,刘伟田,435181615
231,2018,4,14,哇，真的好听,2,自言自语77,44724272
232,2018,4,13,好听[呆],2,張_贰,42585757
233,2018,4,13,曾经坚持过的事情 不必再提 没有人在意,2,姿乎者也,124110299
234,2018,4,11,我爱孙燕姿！,2,赟光,454310581
235,2018,4,11,你就在前方，站在梦想的路上。,3,极美欢庆,351351231
236,2018,4,10,晚安[爱心],3,田小仙Y,113668143
237,2018,4,9,从来没有一个二十二岁的女生，像她一样唱歌！,4,子之选天,1391150898
238,2018,4,8,曾经坚持过的故事不必再提，没有人在意。,0,Stefanie_kf,260396530
239,2018,4,4,曾经坚持过的故事不必再提，没有人在意。,0,hhm0323,267366002
240,2018,4,3,曾经坚持过的故事，不必再提，没有人在意。,0,兮雨白裳,368141138
241,2018,4,1,握抓，同初三,0,影也别,493330639
242,2018,4,1,曾经坚持过的故事不必再提，没有人在意。,0,跳舞的yanzi,287088787
243,2018,4,1,曾经坚持过的故事不必再提，没有人在意。,0,aowinky,114854869
244,2018,3,31,曾经坚持过的故事不必再提，没有人在意。,0,跳舞的范骨,511674794
245,2018,3,30,果然有毒哈哈哈,0,乔和Joi,246440006
246,2018,3,30,曾經堅持過的故事不必再提，沒有人在意。,1,--北海北--,341483634
247,2018,3,29,曾经坚持过的故事不必再提  没有人在意。,0,赫里尔德,410343541
248,2018,3,28,曾经坚持过的故事，不必再提，没有人在意。,0,穎_寳珼Er,434398350
249,2018,3,28,曾经坚持过的故事不必再提  没有人在意。,0,你的十贰,400938324
250,2018,3,28,曾经坚持过的故事不必再提，没有人在意。,1,-甛甛甛-,1329282840
251,2018,3,27,the  moment  精选集保持队形,0,念舊的峰,49351360
252,2018,3,27,曾经坚持过的故事不必再提，没有人在意,0,ddarkwhite,548737444
253,2018,3,26,曾经坚持过的故事不必再提，没有人在意。,0,Swan_Song_,374576755
254,2018,3,26,曾经坚持过的故事不必再提，没有人在意。,0,H-S_Sun,296312220
255,2018,3,25,曾经坚持过的故事不必再提，没有人在意,0,stef流年,1367583538
256,2018,3,25,也是我的初中啊 永远 学会 接下来 以为等不到的25岁早就过去了 我也只是长成了个一无所成的大人而已,1,訾央伪装小漠漠,247480354
257,2018,3,25,曾经坚持过的故事不必再提，没有人在意。,0,訾央伪装小漠漠,247480354
258,2018,3,25,所以我应该是leave跟未完成时期入坑吧 不然为什么对这两张这么执念呢,0,訾央伪装小漠漠,247480354
259,2018,3,25,喜欢未完成,0,毛毛虫0912,323067104
260,2018,3,24,在03年的夏天听这首歌卡带不知道转了多少遍,1,Cheri祖远,281090136
261,2018,3,23,永远 有多远？该用什么单位来丈量？多希望走着走着就会天荒地老，就能直达 永远,1,克里斯科,34617857
262,2018,3,13,永远,0,33轉的LP,630862795
263,2018,3,8,听到前奏想起那段时光 鸡皮疙瘩都起来了,3,周果亦,98357645
264,2018,3,7,曾经坚持过的故事不必再提，没有人在意。,0,StefCarfts,284744752
265,2018,3,7,曾经坚持过的故事不必再提 没有人在意,0,高分少年丶,397032372
266,2018,2,28,那年初三，中考，怀念那个时候的自己，那么坚持那么努力,1,连风都不知道啊,58555930
267,2018,2,26,好听,0,lancelotee,71321835
268,2018,2,26,曾经坚持过的故事不必再提   没有人在意。,1,未完成19991230,503310441
269,2018,2,26,永远,0,未完成19991230,503310441
270,2018,2,24,永远,0,未完成19991230,503310441
271,2018,2,24,神专,0,未完成19991230,503310441
272,2018,2,24,每一首歌都好听,0,用户626652929,626652929
273,2018,2,23,"连明天都把握不住
我还是喜欢对你说永远
你可以怀疑我，怀疑明天
一定要相信我的话，相信永远
永远是明天的明天，比明天更远
我看见你，就看见永远
连今天都不知如何度过
我还是喜欢对你说永远
明知道诺言难以兑现
能给你的，也只有一个诺言
永远在河的对岸，山的那边
你看见我，就看见永远。",0,账号已申注销,385297799
274,2018,2,21,《The moment》专辑是5首新歌，加15首前六张专辑里对燕姿来说比较重要的歌。《永远》是燕姿第一次当制作人。,0,姿迷Kepler,62776498
275,2018,2,21,曾经坚持过的故事不必再提，没有人在意。,0,姿迷Kepler,62776498
276,2018,2,19,曾经坚持过的故事不必再提，没有人在意,1,going_up_stef,372536854
277,2018,2,12,姿迷们 为什么这首在这张专辑里面有 然后在the moment那张里面也有,0,www浩,300123585
278,2018,2,10,评论多的那一首在The Moment那张里面,4,易姿宣,263522389
279,2018,2,7,评论多的下架了 我们都楼梯都没了[哀伤],0,姜yan_,333108517
280,2018,2,6,唱吧录音，人声0，保存，单循,0,_dimgrey,93848765
281,2018,2,5,神人有二〖孙燕姿〗 〖周杰伦〗（排名不分先后）,2,Vincosgh,572360937
282,2018,2,4,这首歌可以，挺不错的，只是评论不多,1,好的噶就,110548042
283,2018,2,4,饶雪漫的啥小说？,1,那不勒斯的遗憾,7590143
284,2018,2,2,好听,0,用户285774055,285774055
285,2018,2,1,打卡,0,王金1711,632842409
286,2018,1,28,曲子也好听,0,王金1711,632842409
287,2018,1,28,都好听,1,王金1711,632842409
288,2018,1,28,永远，学会，了解,1,王金1711,632842409
289,2018,1,28,一直都觉得好听,0,王金1711,632842409
290,2018,1,27,完美的歌。,0,F7oyd,121706005
291,2018,1,26,莫名很喜欢听着这首歌睡觉,1,YIOU_MUSIC,583829231
292,2018,1,26,晚安曲,1,YIOU_MUSIC,583829231
293,2018,1,26,曾经坚持过的事情不必再提，没有人在意。,2,O_oHULLO,343829645
294,2018,1,25,这是我的青春啊！！！！,0,买女孩的小蘑菇,14100144
295,2018,1,25,"熟悉的地方 陌生的眼光，
音乐继续 弥漫想像，
你就在前方，
站在梦想的路上。",1,十三哥z,290982236
296,2018,1,22,永远的承诺永远不会是一句空话；永远是两个人的坚持。,0,一尾于,247945412
297,2018,1,21,我根本认不出封面是我姿,1,kendy的风筝,362892899
298,2018,1,21,曾经坚持过的事情不必再提，没有人在意。,0,奇夏尔魔法术士,247037916
299,2018,1,20,这是我不想分享的一首歌。,0,礼物的礼物君,433183675
300,2018,1,20,看饶雪漫的小说搜到的，当时听了一个晚上,0,大埔人民,250854606
301,2018,1,19,曾经坚持过的事情不必再提，没有人在意。,2,姿迷Kepler,62776498
302,2018,1,19,[色][色][色][色],0,洋芋呀洋芋呀,309953594
303,2018,1,17,超级好听了,1,茜茜不饿,252532753
304,2018,1,15,感情有理智所根本不能理解的理由。,0,熙迷鹿,39366220
305,2018,1,14,为什么听孙燕姿的很多歌都感动得想哭[流泪][流泪],1,铛铛君123,272812199
306,2018,1,12,永远,0,简爱_yanzi,2333895
307,2018,1,2,曾经坚持的故事不必再提，没有人在意,0,ddarkwhite,548737444
308,2017,12,26,前奏赞,0,只有音乐才是胡桃夹子的解药,277648200
309,2017,12,22,曾经坚持过的事情 不必再提 没有人在意,1,Wei电气白兰,93827334
310,2017,12,17,永远，不是我就能实现…,0,小小姿的不不不,622735202
311,2017,12,16,音乐继续弥漫想象，用了很多年的qq签名，好爱这首歌,1,R_Stone,1296115051
312,2017,12,16,舍不得又无可奈何。,1,_寒姐眼睛會說話,397907772
313,2017,12,13,这首歌还有另一个,1,固执的7-11_,261062772
314,2017,12,10,曾经坚持过的事情不必再提，没有人在意。,0,黑的不好啊,334467473
315,2017,12,8,曾经坚持过的事情不必再提，没有人在意。,0,迅哥_我是猹,315736978
316,2017,12,6,晚安,0,時間也不是萬能的,91483660
317,2017,12,6,曾经坚持过的事情不必再提，没有人在意。,0,C大宝,248388225
318,2017,12,5,震惊！！这首神曲居然没得999+！就冲孙燕姿这转音我特么都听了10年了！！,2,-still-alive-,126451052
319,2017,12,3,曾经坚持过的故事，不必再提，没有人在意。,1,我唔喺你杯茶,334879898
320,2017,12,2,永远都不会实现,0,礼物的礼物君,433183675
321,2017,12,1,还在喜欢他,1,十三说_,344128382
322,2017,11,29,好聽喔,0,cyndi629,89486513
323,2017,11,26,为什么这么好听？为什么？为什么！！！[大哭],1,another-sun,105072620
324,2017,11,26,跳舞💃的梵谷,0,歌吻鲧,368917990
325,2017,11,22,这首歌怎么没有999+啊。。,1,AIlennolan,467487362
326,2017,11,22,这首歌真的很好,0,黒色柳丁,278651159
327,2017,11,20,想哭[大哭],0,斧子鸽,108948864
328,2017,11,18,曾经坚持过的事情不必再提，没有人在意。,2,奔朗,282258936
329,2017,11,17,薛定谔的猫,2,塔西茜,120135198
330,2017,11,15,这声音也太好听了把,1,冰块儿与阔落,82103248
331,2017,11,14,竟没有999+？,0,骑士1989,75521112
332,2017,11,13,永远,0,lookmyheartofhm,82424135
333,2017,11,13,学会 真的是大神曲,3,丐丐龙,61471970
334,2017,11,8,我毕业的那晚喝醉了，给你打电话撒酒疯，你接着电话家里门也没关，开着车一路狂飙到我的学校，当你摸着我的头叫我小酒鬼的时候我知道，你是真的爱我的呀。虽然后来你不爱了，但那天是真实存在的啊，愿我爱的你永远留在那一天。,0,Yuna______,253441841
335,2017,11,7,曾经坚持过的故事不必再提，没有人在意。,0,极美欢庆,351351231
336,2017,11,6,再多一点点,1,苏三伞,111844957
337,2017,11,6,时间是什么啊，是行进的旅程，从不停歇；是东陆园的银杏页绿了又黄，是一颦一簇一呼一吸，是闭上眼睛看不见的自己，是睡梦里一再出现的你。[哀伤],2,长亭缱绻,19515209
338,2017,11,6,曾经的最爱。,1,猫一唯,71703804
339,2017,11,5,曾经坚持过的故事 不必再提 没有人在意,0,惆怅惘,441768634
340,2017,11,4,那时的词为什么那么美，穿过人群拥挤的夜,0,ccchensss,384144707
341,2017,11,2,绝对同意，都是我姿的抒情歌。,1,未完成我,126542781
342,2017,11,2,哇，大叔,0,燕姿的小小歌迷丶,388799810
343,2017,11,1,超喜欢这首歌！！！,0,Candyelfffff,120145529
344,2017,11,1,我最喜欢燕姿的两首歌《永远》和《隐形人》,2,ol王大可lo,404362372
345,2017,10,30,从《未完成》开始听孙燕姿，不知不觉已经14年咯,1,未完成我,126542781
346,2017,10,30,有一种评论叫做“曾经坚持过的故事不必再提，没有人在意。”大家都有过类似的经历吧,0,哥玛哥玛,533325548
347,2017,10,29,nice,0,白鬼樱子,103763328
348,2017,10,28,曾经坚持过的故事不必再提，没有人在意。,3,极美欢庆,351351231
349,2017,10,25,贡献一个评论,0,gagaI7,111770610
350,2017,10,24,425[憨笑][憨笑][亲亲],0,傻子-笨蛋,1331490
351,2017,10,24,[圈],0,大勇概论,134023899
352,2017,10,22,听燕姿的歌感觉瞬间就能回到中学,2,你脚底有个鸡眼,430497223
353,2017,10,10,永远，不是我就能实现,0,略略略哈_,75281442
354,2017,10,10,曾经坚持过的故事不必再提，没有人在意。,0,TestPro,34211381
355,2017,9,28,听这张专辑非典那年，我翻墙出去后可回不到学校了，于是在旁边租的房子，每天没事干，趴在窗边放着CD一遍又一边的听，今年33了，好回忆青春和我爱过的人，唉莫名的悲伤,5,豫西小天王,594110291
356,2017,9,26,曾经坚持过的故事，不必再提。没有人在意~,2,-有姿有菋-,129649056
357,2017,9,19,第一句话就有错别字@云音乐小秘书 能不能用点心,1,赫里尔德,410343541
358,2017,9,17,当年超喜欢的歌，现在才明白唱的是什么,1,ANRAN0701,541069667
359,2017,9,14,听燕姿的歌总能内心暖暖的，很安静，很放松,0,竟然有人抢了我的昵称,74685696
360,2017,9,14,有太多音乐就这样伴着某个场景永远的印刻在一些人的生命中。,1,量子墨者,176763
361,2017,9,4,曾经坚持过的故事不必再提，没有人在意。,3,了不起的-查理理,69381447
362,2017,9,4,永远永远,2,保罗韦斯利,124304842
363,2017,9,3,没记错的话，这首歌的制作人是燕姿本人，也是燕姿第一次当制作人，关键时刻里还因此收录了这首歌，,0,yanzironan,18615440
364,2017,8,29,哇，00后,1,keystroke,99220196
365,2017,8,28,永远有多远？,1,Burningfor,115087440
366,2017,8,27,曾经坚持过的故事不必再提，没有人在意。,3,keystroke,99220196
367,2017,8,27,好巧，我也是呀,0,混世魔王皮卡丘,47578529
368,2017,8,26,这首歌咋听之下 没有很抓耳 但是听了两遍以后就觉得还不错,0,云端的左耳,97418964
369,2017,8,26,燕姿，你的歌声一直温暖我，谢谢。,1,breeze19860909,485619031
370,2017,8,24,11岁开始听孙燕姿，现在27了,4,2016righthere,273023928
371,2017,8,24,这首歌我三岁的时候就出来了[呆],0,LoveAndKiwi,380534863
372,2017,8,22,第400条评论  永远，依旧！,0,wennnnxi0499,401444678
373,2017,8,22,加油…！,1,千屈菜,35338253
374,2017,8,22,哇！我也喜欢燕姿13年，儿子不知道在哪！,1,孽愆愆,3068164
375,2017,8,22,单曲循环中,0,千屈菜,35338253
376,2017,8,22,才发现自己喜欢燕姿13年了…今天儿子第十三天了,1,千屈菜,35338253
377,2017,8,21,[色],0,千屈菜,35338253
378,2017,8,20,曾经坚持过的故事，不必再提，已没有在意。,1,鲸与天空ocean,294942951
379,2017,8,14,没有人在意,0,维尼爱吃草呀w,84128174
380,2017,8,13,[星星]千言万语我只有给姿妈点颗星了  哈哈,0,_MoonQuake,390044093
381,2017,8,12,[爱心],0,shanariel,289620678
382,2017,8,12,永远，你永远是我爱的那个人。,0,伊诺诺诺诺,292867415
383,2017,8,11,好听,0,春水煎茶zzz,298330273
384,2017,8,10,喜欢这个唱腔,1,浜町河岸,376253557
385,2017,8,10,总会不自觉地哼起这首歌,2,简单的华丽wjf,247215191
386,2017,8,9,那时候的夏天，现在回忆起来不知道为什么阳光总是那么耀眼.没有现在的钢筋水泥，只有门前的小树林，我躺在门口的凉席上，一切都是那么美好.,2,kenanya_,52803933
387,2017,8,6,还有了解 学会 年轻无极限 tonight 未完成都很好听啊,1,阳三好,51429871
388,2017,8,4,那是多美好的一年！,1,nuber陆,52836283
389,2017,8,2,大傻，希望你能看到，这是分手那天你在朋友圈的分享的歌，很抱歉之前在一起的时候，我太自私了，总是提及自己的梦想，自己追求，却没有考虑到你，没有去考虑咱们俩的以后，我太迟钝了，等到我明白了如何去平衡梦想和爱情的时候，你已经走远了，我爱你，我现在依然心存能和你在一起的侥幸,4,Loststarc,16735667
390,2017,7,26,《未完成》里除了我不难过最爱的歌，真的是神专。,1,阳三好,51429871
391,2017,7,24,喜欢这时候的唱腔~,1,yanzicst,79056105
392,2017,7,23,滴滴,1,半座城池丶,500055772
393,2017,7,21,永远，不是我就能实现。,0,北回归线illusion,320490863
394,2017,7,18,你最近有没有想他？怎么可能还想他！！我还没说是谁呢。。。,0,并不聪明的我,51812149
395,2017,7,17,看《薛定谔的猫》才知道这首歌的，是我喜欢为数不多的中文歌,4,你的腿还好吗,483263577
396,2017,7,17,好吧，俩个字总结——————女人,1,十字街头29,84520410
397,2017,7,16,为什么会流泪？我一点都不伤心,2,-Saron,284865115
398,2017,7,11,今天一听前奏就想起来这歌我超级喜欢！,2,sigs,70273968
399,2017,7,9,LLZ，你说你最喜欢的一首歌之一。然后我就听了四年。我不告诉你。我有了很爱我的人，人们叫他小李。今天整理东西，发现你曾经送给我的钢笔，我毫不犹豫就扔到垃圾桶里了。我一点也不想你。,2,余喜宝,260041320
400,2017,7,4,曾经坚持过的故事，不必再提。没有人在意~,0,最近才听说,40416008
401,2017,6,28,[钟情],1,丝丝_Dreamer,412101926
402,2017,6,28,燕姿，我的青春,2,姣妍伴韶华,295075739
403,2017,6,26,初中时向喜欢的女生借过这盘磁带，所以这张专辑里的每首歌，都有那个女生的感觉,2,就一杯可乐,318602988
404,2017,6,21,曾经坚持过的故事不必再提，没有人在意,4,山有木兮木有叉烧,121294305
405,2017,6,20,不好意思打断隔壁队形，就在这里和我姿表个白，爱你到永远,3,Y-una,322710590
406,2017,6,19,曾经坚持过的故事不必再提 没有人在意,1,年少许我爱,71271617
407,2017,6,18,[大哭],1,LeafRot-叶腐,247192185
408,2017,6,18,搜索永远，收录在the moment里的那个评论6000+不过总结下来就是一句[大哭]曾经坚持过的故事不必再提，没有人在意,1,爱燕姿的猥琐共,99190907
409,2017,6,18,因为评论都在另个版本，没想到吧[大哭],0,爱燕姿的猥琐共,99190907
410,2017,6,17,告诉我这首歌没有999的原因,3,LeafRot-叶腐,247192185
411,2017,6,17,另一个版本的评论是没有人在意，这个版本就用来讲述吧。在意的人过来看看，挺好的~,4,跳舞的反骨,33249451
412,2017,6,17,我一定要去孙燕姿的演唱会,3,回忆与你L,436023969
413,2017,6,16,神曲！,0,拜拜卡迪拉,356412560
414,2017,6,16,神砖,0,拜拜卡迪拉,356412560
415,2017,6,14,燕姿陪我度过的青春，轻易不敢碰，不敢听……,2,longlong_0,136031359
416,2017,6,14,曾经坚持过的故事不必再提，没有人在意。,0,汤姆叔叔在哪,414925343
417,2017,6,12,曾经坚持过的故事不必再提 没有人在意,1,姿意燕为,263726012
418,2017,6,10,"以为不会变，
曾经坚持过的故事，
不必再提，
没有人在意。",2,鹿浥尘,106072500
419,2017,6,10,以前满大街的找未完成这张专辑,0,派拉诺德,39486182
420,2017,6,9,永远，不存在的,0,一叶扁舟_____,98760641
421,2017,6,9,燕姿出道十七周年快乐！！！,1,鸡蛋瘦肉粥多点葱花,98785309
422,2017,6,1,以为不会变，以为有永远，后来没后来,3,-大熊没有哆啦A梦-,356341922
423,2017,6,1,曾经坚持过的故事不必再提 没有人在意,0,阿杰iJay,425309351
424,2017,5,31,曾经坚持过的故事不必再提 没有人在意,0,置玖高殿上,342758843
425,2017,5,31,曾经坚持过的故事不必再提 没有人在意,0,飞跃东南海,409885845
426,2017,5,29,曾经坚持过的故事，不必再提，没有人在意。,0,凌晨三点不睡觉的雨果,120801740
427,2017,5,26,曾经坚持过的故事不必再提 没有人在意,0,JamesRondo,279587721
428,2017,5,25,曾经坚持过的故事，不必再提，没有人在意。,0,与准,124868690
429,2017,5,24,永远的燕子,0,取昵称请大家记住,483151892
430,2017,5,21,高二暑假买的这盘卡带，去北京的路上反复听了好几遍。。。,3,郭嘉懿_,121378814
431,2017,5,20,真的喜欢这首，无关爱情。,2,海棠青春,375981115
432,2017,5,15,曾经坚持过的故事不必再提 没有人在意,1,journeyfancy,22093583
433,2017,5,13,曾经坚持过的故事不必再提没有人在意,0,年少许我爱,71271617
434,2017,5,13,曾经坚持过的故事不必再提 没有人在意,0,年少许我爱,71271617
435,2017,5,11,习惯将这首和《流浪地图》放一起听，行驶在黄昏里黑夜里的漫长公路的摇摇晃晃感。,4,求其改个名吧,32379416
436,2017,5,11,曾经坚持过的故事不必再提 没有人在意,1,年少许我爱,71271617
437,2017,5,10,高中听这首歌的时候，没啥感觉，现在17年过去了，却经常会哼唱几句。,1,简单的华丽wjf,247215191
438,2017,5,8,曾经坚持过的故事不必再提，没有人在意。,1,Season-or-Nemo,100424826
439,2017,5,7,相同的评论都在另一个版本吧，这版本留给大家的故事[大笑],5,鸡蛋瘦肉粥多点葱花,98785309
440,2017,5,7,曾经坚持过的故事不必再提   没有人在意,0,一只站在屋顶的风,134869277
441,2017,5,7,音乐继续 弥漫想象,1,woowya,565146
442,2017,5,5,那时的我们不懂永远，很久以后我才知道 ，永远不是以前也不是以后，我们在一起的那些时光就是我们的永远。,3,y84998607,109688581
443,2017,4,27,好歌来回味,0,apoll0,35239933
444,2017,4,26,我觉得这首歌很好听 还有喜欢这首歌额人不仅有故事 而且品味还很高哈哈,4,陈鏌,129012136
445,2017,4,25,"不承诺永远。               -4.25",0,我-不-认-识,269501689
446,2017,4,21,一心要分开时，说过的永远只是笑话,2,tosouth1111,14277208
447,2017,4,15,曾经坚持过的故事不必再提，没有人在意。,3,我坐在九份的咖啡店,72788572
448,2017,4,13,曾经坚持过的故事不必再提   没有人在意。,5,素丸子Kwok,17385100
449,2017,4,13,曾经坚持过的故事不必再提 没有人在意,3,天仓栗,432325833
450,2017,4,10,这版本的队形不够整齐啊,1,粤语顶级配置,283543185
451,2017,4,10,燕姿跟结巴是我最喜欢的两位歌手[大笑]~，未完成的燕姿正在成长，而叶惠美我感觉是结巴的巅峰。,1,LuffyAndAce,44062294
452,2017,4,10,曾经坚持过的事情不必再提，没有人在意。,2,不歇不休,363463460
453,2017,4,9,姿妈,0,Levi子墨,101820340
454,2017,4,7,那时候下歌下多了，文件歌名和歌会出错，直到会用听歌识曲了才知道这首歌叫永远，不是未完成。。。但燕姿的歌就是贼好听。歌名混了也无所谓了。[爱心],3,就叫我小斌吧,105624229
455,2017,4,3,有个错别字 希望改正 拥挤,3,Aosenc,315165562
456,2017,3,28,彷徨青春留下的歌。,0,大胖熊mua,420795256
457,2017,3,26,曾经坚持过的故事，不必再提，没有人在意。,3,-有姿有菋-,129649056
458,2017,3,25,找到了。,1,我有努力和这个世界变熟,394296679
459,2017,3,25,the moment 里面的[憨笑][憨笑],0,蓝石头55,56061551
460,2017,3,25,性感的假声[憨笑],0,你的咸茶,134657520
461,2017,3,24,在哪儿啊？,1,我有努力和这个世界变熟,394296679
462,2017,3,24,我姿,0,我有努力和这个世界变熟,394296679
463,2017,3,22,另一个版本4000+了[憨笑],0,蓝石头55,56061551
464,2017,3,19,因为评论主要是在另一张专辑的永远里，就是楼下说的the moment,0,另-张脸,56020714
465,2017,3,18,曾经坚持过的故事 不必再提 没有人在意,1,帐号已注销,111020541
466,2017,3,16,The moment 里的 永远 评论已经沦陷,5,Oh-Jeff,127701932
467,2017,3,15,歌词超棒,0,点点想,382060155
468,2017,3,13,曾经坚持过的故事不必再提，没有人在意,1,尼尼拉,102189022
469,2017,3,8,看到这个评论数你就应该警觉了，没错！还有一个评论数高的版本，而且你将会看到网易云最壮观几乎最整齐的评论！,4,我叫美人鱼战士,286919616
470,2017,3,5,20:36,0,林守乐,55243746
471,2017,3,2,这么好的歌 没有999+十分不科学,0,yonho,17948209
472,2017,2,28,重点是编曲和词营造的氛围感,2,天天清早最欢喜_,301950831
473,2017,2,28,好久以后才听得懂,1,咩角,98158172
474,2017,2,27,曾经坚持过的故事，不必再提，没有人在意。,1,CherryKoala,61924421
475,2017,2,25,欸 已经第十三个年头啦📻,0,Hearyang,112870173
476,2017,2,24,全专最爱。,1,我是猫弟鸭,277724094
477,2017,2,21,好久没听这首歌了,2,Desteri,3751281
478,2017,2,12,《薛定谔的猫》观光团！千珍在第二集唱过一次，薛老师在最后一集又唱了一次，首尾呼应。,9,冷雨秋桐,55898334
479,2017,2,12,爱姿,0,姿意燕为,263726012
480,2017,2,1,熟悉的地方，陌生的眼光,0,going_up_stef,372536854
481,2017,1,26,曾经坚持过的故事不必再提，没有人在意。,2,燃烧的168,109716745
482,2017,1,22,嗯[呲牙]音乐剧里唱得也很好听！,3,骨灰级哈迷加赫本迷ho,70979298
483,2017,1,22,薛定谔的猫找过来的～,5,唐钰小七,256941694
484,2017,1,22,每天日推一首我姿[爱心],0,lm_stef,258724583
485,2017,1,20,想起高中不停给我买燕姿唱片的女生了～,1,yanzicst,79056105
486,2017,1,18,啊应该说是好巧哈哈[憨笑],0,骨灰级哈迷加赫本迷ho,70979298
487,2017,1,18,哇[大笑][大笑][大笑]好棒！,0,骨灰级哈迷加赫本迷ho,70979298
488,2017,1,18,我也喜欢哈利跟赫本！！！,0,-橙加一,112976026
489,2017,1,18,我也一样[呲牙],1,骨灰级哈迷加赫本迷ho,70979298
490,2017,1,14,看 薛定谔的猫 过来的。好喜欢里面的音乐,3,-橙加一,112976026
491,2017,1,14,所有你渴望的剧情，已经握在你的手心。永远，不是我就能实现～,0,Jason呀_,299420352
492,2017,1,13,初中的同桌是个假小子，是她借给我一盘孙燕姿的磁带，从此喜欢上了孙燕姿。当时我们还用孙燕姿的歌名作了一个接龙:接下来学会相信永远。十几年过去了，我们早已失去了联系。祝你安好,3,为了地狱少女,270048603
493,2017,1,12,为什么我姿的神曲还没999啊啊啊[强],0,__漫长的白日梦,98804341
494,2017,1,11,搜索一下，还有the moment的版本，那里的评论比较多,0,另-张脸,56020714
495,2017,1,11,可以去看看 the moment 里的版本....神评论[奸笑],0,Stef小傻,95849389
496,2017,1,10,喜欢，却是冷门？评论不多,0,GRAPEy,118431735
497,2017,1,8,曾经坚持过的故事不必再提，没有人在意。,1,Tobecontinued2000,78731934
498,2017,1,6,曾经坚持的故事不必再提，没有人在意。,1,遥远的肉,252846286
499,2017,1,5,曾经坚持过的故事不必再提，没有人在意,1,恒哥就是爱燕姿,251892416
500,2017,1,4,曾经坚持的故事不必再提，没有人在意。,1,风游光,3052114
501,2017,1,3,曾经坚持过的故事不必再提，没有人在意,1,YZ芣苢,330392808
502,2016,12,31,看我七十二变 不服,2,我想重蹈你覆辙,296308513
503,2016,12,30,大爱燕姿,0,LXMOON,93859325
504,2016,12,24,最后一集薛老师也唱了，都好听,3,疯狂的黑色幽默,77642831
505,2016,12,24,苏诗丁,0,Chrisjung,33236279
506,2016,12,24,感觉薛定谔的猫里唱的好听啊,0,疯狂的黑色幽默,77642831
507,2016,12,20,真心美哭,0,玄粉子,112682089
508,2016,12,15,这张专辑好多好听的歌,0,Sister_HA,338784984
509,2016,12,12,曾经坚持过的故事不必再提，没有人在意。,1,呢喃寂寞,59467619
510,2016,12,12,一年了 再见,0,山兔口水蛙,130676591
511,2016,12,10,特喜欢这首歌，喜欢燕姿唱的味道[亲亲][爱心],0,春天之恋,258758924
512,2016,12,10,好听，爱燕姿[亲亲][亲亲][亲亲],0,春天之恋,258758924
513,2016,12,7,曾经坚持过的故事，不必再提，没有人在意,1,圆润英俊的,44312678
514,2016,12,3,薛定谔的猫,5,Chrisjung,33236279
515,2016,12,2,曾经坚持过的故事，不必再提，没有人在意。,1,封不觉99,311428838
516,2016,12,2,曾经坚持过的故事，不必再提，没有人在意。,1,封不觉99,311428838
517,2016,12,2,曾经坚持过的故事，不必再提，没有人在意。,1,封不觉99,311428838
518,2016,12,2,曾经坚持过的故事，不必再提，没有人在意。,0,封不觉99,311428838
519,2016,12,2,曾经坚持过的故事，不必再提，没有人在意。,0,封不觉99,311428838
520,2016,12,2,曾经坚持过的故事，不必再提，没有人在意。,3,封不觉99,311428838
521,2016,12,1,真的太好听[爱心],1,芬兰的孤岛鲸,115963271
522,2016,11,28,所有你渴望的剧情，已经握在我的手心,1,跳舞的反骨,33249451
523,2016,11,26,即使我没有在当时听过这张专辑…但现在反过来听 却依旧听说出了当年的问道,2,VDeng,101025724
524,2016,11,26,永远 不是我就能实现,0,LLLLEOOO,276924637
525,2016,11,25,回到了高中时代,0,爬在红枣上的蜜蜂,141624
526,2016,11,23,[流泪]好喜欢我姿,0,JeanZer0,115069125
527,2016,11,22,曾经坚持过的故事不必再提，没有人在意。,5,一世长安长乐,92348813
528,2016,11,22,曾经坚持过的故事不必再提，没有人在意,4,酷圆虎,247542768
529,2016,11,22,曾经坚持过的故事不必再提，没有人在意,5,可阳快飞,115746724
530,2016,11,21,曾经坚持过的故事不必再提，没有人在意,6,ssslays,361833684
531,2016,11,21,这首歌不该就这点评论，多走心,0,咩角,98158172
532,2016,11,21,曾经坚持过的故事不必再提，没有人在意。,3,大喵说多谢啊,295671049
533,2016,11,21,永遠。,1,鄒爸比,85768778
534,2016,11,20,😍😍😍,0,天狼刃,278161657
535,2016,11,18,这张专辑是燕姿个性最强的一张 没有之一,0,强子很喜欢阿森纳,6612779
536,2016,11,16,曾经坚持过的故事不必再提，没有人在意。,3,一世长安长乐,92348813
537,2016,11,14,曾经坚持过的故事，不必再提，没人在意。,0,年少许我爱,71271617
538,2016,11,14,曾经坚持过的故事，不必再提，没人在意。,0,年少许我爱,71271617
539,2016,11,14,曾经坚持过的故事，不必再提，没人在意。,0,年少许我爱,71271617
540,2016,11,14,曾经坚持过的故事，不必再提，没人在意。,3,年少许我爱,71271617
541,2016,11,8,曾经坚持过的故事不必再提 没有人在意。,3,年少许我爱,71271617
542,2016,11,7,[钟情]...,0,帐号已注销,31690282
543,2016,11,4,永远曾在哪一天相信能实现 又从哪一天开始发现不是一个人就能够实现 又在哪一天发现不再相信永远 总有些人想却再也见不到 总有些味道 想闻再也闻不到 总有一天 见到也像见不到 闻到也只会暗暗难过 谁没那么几段故事 哭到不信永远 酷到不在意永远,1,呼噜呼噜瓢呀吓不着,42595294
544,2016,11,4,永远,0,呼噜呼噜瓢呀吓不着,42595294
545,2016,11,4,这首歌真的太爱了,1,阳三好,51429871
546,2016,10,31,永远，不是谁都能实现,0,E-V-Z,86643853
547,2016,10,29,曾经坚持过的故事，不必再提，没有人在意,1,对立统一王子面,60729859
548,2016,10,25,曾经坚持过的故事，不必再提，没人在意。,1,革力,263698243
549,2016,10,24,曾经坚持过的故事不必再提，没有人在意,1,求一切顺利的王多多,272099714
550,2016,10,23,好多事情都只有自己在意,0,时光小偷拿走眼泪,135124975
551,2016,10,21,曾经坚持过的故事不必再提，没有人在意,1,一只不完美的海星,3241795
552,2016,10,20,曾经坚持过的故事不必再提   没有人在意。,1,你很搞笑你很奇怪你頭髮很亂,99743796
553,2016,10,18,٩(๑^o^๑)۶,0,举个西木,60673274
554,2016,10,18,所有你渴望的剧情 已经握在你的手心,1,嘘-不要说话i,87843133
555,2016,10,14,曾经坚持过的故事不必再提    没有人在意,1,对立统一王子面,60729859
556,2016,10,13,曾经坚持过的故事不必再提   没有人在意。,2,帐号已注销,124859943
557,2016,10,13,小时候单曲这首歌…边玩红警尤里的复仇的任务…一听这首歌就想起来那个任务……,0,Mu-sic小神经,88064153
558,2016,10,13,我已无法分辨什么是冷门什么是热门 每一首歌都是一个回忆片段 都是我的青春宝藏,0,花椒吖好麻,9592890
559,2016,10,12,穿过人群拥挤的夜,0,海绵1874,298588296
560,2016,10,12,没有人在意,1,砍下我的手讓你帶走紀念,115891489
561,2016,10,8,好难唱！,0,清水煮蚕豆,50468714
562,2016,10,7,所以是南海的姑娘咯？,0,卤肉饭心情,33494507
563,2016,9,29,一辈子姿迷,2,Desperadorrr,305326637
564,2016,9,26,每次在地铁，看到拥挤人群，都会陷入深思的一首歌,0,Fat-帆,105886925
565,2016,9,25,曾经坚持过的故事不必再提，没有人在意,1,可阳快飞,115746724
566,2016,9,25,想起听磁带的年代，也想起很多个夜晚，因为喜欢一个声音而那么害怕她不再唱歌,1,Rita2016,110897883
567,2016,9,24,曾经坚持过的故事不必再提，没有人在意,0,YZKEPLER,42348015
568,2016,9,24,曾经坚持过的故事不必再提，没有人在意,0,YZKEPLER,42348015
569,2016,9,24,曾经坚持过的故事不必再提，没有人在意,1,YZKEPLER,42348015
570,2016,9,22,曾经坚持过的故事不必再提，没有人在意,2,another-sun,105072620
571,2016,9,13,曾经坚持过的故事不必再提，没有人在意,3,别吃肥肉,275177447
572,2016,9,7,你真是孙燕美？💗,0,杨亿嬅,273788048
573,2016,9,7,曾经坚持过的故事不必再提，没有人在意,2,老子是真的气,263551031
574,2016,9,6,曾经坚持过的故事不必再提，没有人在意,3,梵谷不跳舞,132774418
575,2016,9,5,曾经坚持过的故事不必再提，没有人在意,0,克卜勒世界巡回演唱会,83076889
576,2016,9,5,曾经坚持过的故事不必再提，没有人在意,1,克卜勒世界巡回演唱会,83076889
577,2016,9,5,曾经坚持过的故事不必再提，没有人在意,0,克卜勒世界巡回演唱会,83076889
578,2016,8,27,曾经坚持过的故事不必再提，没有人在意,1,帐号已注销,68810583
579,2016,8,27,曾经坚持过的故事不必再提，没有人在意,1,Yui1122,267885216
580,2016,8,26,曾经坚持过的故事不必再提，没有人在意,1,孤单---个人的狂欢,263901035
581,2016,8,19,"曾经坚持过的故事不必再提, 没有人在意",2,忘不掉的明天r,101795664
582,2016,8,16,其实我挺喜欢逆光的，还有stefaine,1,大喵说多谢啊,295671049
583,2016,8,8,好听！,0,zero龙x,116126066
584,2016,8,8,是不是很像苏打绿的味道？这张专辑03年 04年苏打绿初出茅庐 不是说什么 难免借鉴了,0,Noelsis,75749156
585,2016,8,5,燕姿的每首歌都是越听越好听，超级有味道。🍥,2,茶米鸭,307279214
586,2016,7,31,中学的课堂，回家的路上，小时候的老房子，全是回忆……,0,王不对称,254940840
587,2016,7,30,the  moment可以听哭，MV看着好心痛。陪着瘦瘦的她掉眼泪。,2,孙燕姿的手,100429699
588,2016,7,30,曾经坚持过的故事不必再提  没有人在意,3,孙燕姿的手,100429699
589,2016,7,28,一开口，回忆都涌上来了,2,JustBeIt,1711146
590,2016,7,26,好听死了[亲亲],0,北极之狐,18473968
591,2016,7,21,记得初中反复听两张磁带《the moment》《叶惠美》,0,直立行走的爬行动物,127232933
592,2016,7,17,曾经坚持过的故事，不必再提，没有人在意。,4,被雨淋过的夏天_,1903043
593,2016,7,13,我们认识这么多年，还有联系，很有缘分对不对？——只不过那天开始，我不再在意。,1,木非木非常木,17084481
594,2016,7,10,这首歌不想分享给任何人,2,钦宇星,31431346
595,2016,7,3,曾经坚持过的故事，不必再提，没有人在意。,2,微笑_sunshine,283086391
596,2016,7,2,大家努力去the moment 里那一版刷啊[吐舌],2,Stef小傻,95849389
597,2016,6,29,曾经坚持过的故事不必再提  没有人在意。,1,WOOOOMwang,275225493
598,2016,6,27,哈哈哈,0,Oh-Jeff,127701932
599,2016,6,27,这边有些人就别带节奏了吧[撇嘴],3,雨陨,31875806
600,2016,6,27,今晚，看到有通知，打开是有朋友在这首歌下我的评论上点了个赞。其实很巧，今晚在电影院里一个人包场看电影，提前进场，还没有播广告，但隐隐听到小声地播着这首《永远》。这个世界，真美妙。,3,qyuky,537078
601,2016,6,26,曾经坚持过的故事不必再提，没有人在意。,1,骚人_,120434078
602,2016,6,26,曾经坚持过的故事不必再提 没有人在意,1,流氓小豆儿,51533567
603,2016,6,25,曾经坚持过的故事不必再提 没有人在意,1,帐号已注销,124859943
604,2016,6,23,曾经坚持过的故事不必再提 没有人在意,1,littIejump,86057703
605,2016,6,19,曾经坚持过的故事不必再提 没有人在意,1,孙燕姿的手,100429699
606,2016,6,17,是不是无聊[呲牙],0,雨陨,31875806
607,2016,6,16,曾经坚持过的故事不必再提 没有人在意,1,亿吨奶糖,54428686
608,2016,6,16,哈哈哈,1,9点人,124168580
609,2016,6,16,曾经坚持过的故事不必再提 没有人在意,2,姿我,76551471
610,2016,6,16,"曾经坚持过的故事不必再提, 没有人在意",1,王子面oO,249311860
611,2016,6,16,"曾经坚持过的故事不必再提, 没有人在意",1,王子面oO,249311860
612,2016,6,16,"曾经坚持过的故事不必再提, 没有人在意",3,王子面oO,249311860
613,2016,6,16,曾经坚持过的故事，不必再提，没人在意。,5,姿迷Kepler,62776498
614,2016,6,16,我就是来找队形的 哈哈哈哈,2,那就长岛冰茶吧,268777652
615,2016,6,16,曾经坚持过的故事不必再提 没有人在意,3,帐号已注销,124859943
616,2016,6,16,想看队形的请找The Moment专辑,2,blink163,104342553
617,2016,6,15,神，我想删号重练[流感],0,永志不渝,44120652
618,2016,6,12,太好听太难唱……,0,我有捷癖,275144103
619,2016,6,12,高中写作文时把歌词写进去了，然后语文老师给了我个高分[大哭],1,熊熊烈菠萝,52434555
620,2016,6,11,小时候净看小丸子哆啦A梦金庸剧武侠琼瑶了，不喜听歌[大哭][大哭]我是高一才迷上孙燕姿的，那时都用qq音乐听歌，现在大学用网易云音乐，感觉我在植入广告[大哭][大哭][大哭][大哭],1,懒觉永远睡不够,99120780
621,2016,6,11,可不，那时候CD和复读机都用来听歌了……记得我收《未完成》的原版CD的时候还被没收过。,1,海东青_vach,55879681
622,2016,6,10,小学英语磁带，初高中英语光盘，对我来说就是资源浪费，根本不会去用。小学还特意买个复读机来听磁带，复读机现在都还压箱底呢[大哭][大哭],1,懒觉永远睡不够,99120780
623,2016,6,10,回复飘零了的蒲公英：哈哈，MP3历来不是听英语用的，诚如当年的英语磁带里录的也不见得是英语。,1,海东青_vach,55879681
624,2016,6,7,"高二，买了个mp3,目的是好好练英语听力，结果迷上了孙燕姿，把所有专辑里的歌都下到MP3里，于是，孙燕姿的歌伴随着我度过了高二高三那些压力山大的日子，于是，英语听力成绩还是那么地差[吐舌][吐舌]",2,懒觉永远睡不够,99120780
625,2016,6,7,相伴一生…,1,懒觉永远睡不够,99120780
626,2016,6,3,停不下来💚💚,1,Nnnnnnononn,115189651
627,2016,6,1,曾经坚持过的故事，不必再提没有人在意,1,刘成军阿阿,108904404
628,2016,5,30,[可爱],0,成小姿S,84991554
629,2016,5,29,+1,0,北极之狐,18473968
630,2016,5,23,克卜勒很多场都错过了吗？,0,qyuky,537078
631,2016,5,23,[可爱],0,qyuky,537078
632,2016,5,22,22:49,0,林守乐,55243746
633,2016,5,21,孙燕姿呀，等你开演唱会我大学都毕业了,0,藤井便利店_,8933421
634,2016,5,19,燕姿的歌竟然没有999,0,奥克赛德,54180896
635,2016,5,13,初中时听的专辑，每首歌都好听！,0,恩赐姐脱丶,95516652
636,2016,5,6,站在梦想的路上,0,Stef-木魚,70036533
637,2016,5,5,我姿迷人的声线呦[色],0,跳舞的小谷_,98206866
638,2016,5,5,在路上[跳舞][跳舞][跳舞],0,老师能赢吗,119649105
639,2016,4,28,前奏[憨笑],0,Cypress_Nectar,52419940
640,2016,4,24,[亲亲][亲亲][亲亲],0,可阳快飞,115746724
641,2016,4,23,打卡,0,看我可爱咩,65911192
642,2016,4,22,所有你渴望的剧情                                               已经握在你的手心,2,写在冬至,248327478
643,2016,4,17,[爱心],0,孙燕姿的锁骨,17714009
644,2016,4,14,手机上看歌词都是竖着的一个个0 0 0,0,藤井便利店_,8933421
645,2016,4,12,太好听的旋律 太难得的燕姿 太喜欢的偶像[大笑],0,stef陆师一,102265478
646,2016,4,12,20多年……居然发现什么痕迹都没留下,0,a我们都是小行星,126569551
647,2016,4,11,这张硬要分出最喜欢的话我可能是这首了，MV的时钟不停转永远有多远？当年收了这张的DVD，现在还在书柜里呢,0,今天要快乐还要记得活在当下,69785516
648,2016,4,9,啥叫永远,0,tosouth1111,14277208
649,2016,4,7,所有你渴望的剧情,0,MCSAlonso,35235052
650,2016,4,5,孙燕姿最有味道的一首歌,1,打平即可出线,100487215
651,2016,3,29,这首歌的转音也是简直了~~~~魔音[色],1,RRprincess,246195487
652,2016,3,29,永远不是我就能实现,0,那个米饭,8910787
653,2016,3,24,这里的评论很正常[大哭],0,雨陨,31875806
654,2016,3,23,吉他的旋律不要太美[亲亲],0,DogeDo9,34719885
655,2016,3,22,小时候听的，每次都会听哭。果然，我就在这样的路上。,0,ClaudiaJ,60171840
656,2016,3,17,所有你渴望的剧情 已经握在你的手心 曾经坚持过的故事 不必再提 没有人在意,0,晚安日记,78609860
657,2016,3,16,曾经坚持过的故事不必再提，没有人在意。,1,孙燕姿的锁骨,17714009
658,2016,3,14,我是100！！！！！！！！！！！！！！！！,0,xf帆,91895203
659,2016,3,14,。。。。怎么会这样,0,xf帆,91895203
660,2016,3,14,我是100 好吗！！！！,0,xf帆,91895203
661,2016,3,14,97,0,xf帆,91895203
662,2016,3,14,96,0,xf帆,91895203
663,2016,3,12,初一开始喜欢上燕姿就一发不可收拾，从第一张同名专辑开始张张买，甚至超过了歌坛天后王菲的专辑大碟,1,hfdeefv,45044229
664,2016,3,11,永远 不是我就能实现。。。,0,maki架依,119921291
665,2016,3,9,好感动，只因为声音,0,Oceanside_,61207195
666,2016,3,7,真的好爱你 燕姿,0,酷圆虎,247542768
667,2016,2,28,好听 歌词 加 燕姿,0,夏目和妖怪们,116098973
668,2016,2,15,好听却冷门,1,春风起时桃花开,52644701
669,2016,2,14,评论这么少呀 -.- 明明挺好听的,0,Jeromeo_-,107647600
670,2016,2,14,曾经走过N家音响店才找到这张专辑，买到这张唱片时的那一夜还历历在目。但是，有些人有些事却永远变得未完成。,2,派拉诺德,39486182
671,2016,2,12,二姐,0,Chigga_yuan,78497725
672,2016,2,12,[幽灵][幽灵][幽灵][幽灵][幽灵][幽灵],0,我们走在大路上,18266617
673,2016,2,11,永远在哪里,0,派拉诺德,39486182
674,2016,1,31,为什么评论这么少？,0,Curryl,77348631
675,2016,1,30,高二，冬天晚上，逢周五从新校区挤公交回家，门口路窄，经常一堵就是一个小时。车厢里都是不认识的同学，外面没有路灯，一片昏暗，这时打开MP3，听这首歌，单曲循环。然后车慢慢启动，穿过一段夜路，有了路灯，在满是冰霜的窗玻璃上氤氲着。从那年之后，每个冬天都要找几个晚高峰坐公交，就为这首歌。,125,海东青_vach,55879681
676,2016,1,29,曾经用这个做过关于燕姿的资料，喜欢前奏。,1,甜一分苦九分ya,50669579
677,2016,1,24,永远 不是我就能实现,0,ZY-7,17531038
678,2016,1,23,超喜欢这个前奏电音“啵啵啵~”的那里，双声道左右耳流动好爽[这边],1,亿吨奶糖,54428686
679,2016,1,23,[惊恐],0,湖人死忠,7776579
680,2016,1,17,大爱啊,0,yanzicst,79056105
681,2016,1,8,永远  不是我就能实现,0,jasballba,51054999
682,2016,1,5,"永远是我男神！
",0,国际米兰肠胃,119078874
683,2016,1,3,[色],0,黑暗骑士-TDKR,37793064
684,2015,12,29,麻烦你闭嘴精咽厚..,0,Fat-帆,105886925
685,2015,12,29,自从学了淋语后，这种姐妹相认的事情就经常发生惹,0,FAVORfever,58517772
686,2015,12,29,天了噜……,0,Fat-帆,105886925
687,2015,12,26,同学借走再也找不到歌词的一张卡带,1,花椒吖好麻,9592890
688,2015,12,18,很耐听,1,消失的盛夏,54553630
689,2015,12,5,隐藏神曲,2,linyafeng3333,67963355
690,2015,12,1,孙燕姿，一直暗恋到她出嫁。。,1,帐号已注销,74210210
691,2015,11,27,你是她妹妹？,0,情难自禁爱上你,70135137
692,2015,11,25,没有人在意,0,无印良痞,33890876
693,2015,11,24,最近一直循环惹,0,FAVORfever,58517772
694,2015,11,8,～～～,0,举个西木,60673274
695,2015,11,2,这盘专辑一响，自己立马就能回到当时，真是太神奇了。,2,丁大木头,524480
696,2015,10,24,编曲真赞,0,封尘小店,82393905
697,2015,10,20,所有你渴望的剧情，已经握在你的手心。,0,邪逼一枚,7094617
698,2015,10,19,车水马龙，渐行渐远,0,半点儿,73746118
699,2015,10,16,此刻，我在听《未完成》专辑。,0,远行的节拍,12611935
700,2015,10,15,可能因为《未完成》听得最久。觉得这张专辑最好听。而这是里面最耐听的,2,九条-,80934441
701,2015,10,7,一声婉转的前奏，瞬间回到初中被窝里听磁带的年纪。[这边]应了这句【永远 不是我就能实现】,1,SpencerWu,39490942
702,2015,9,28,怎么算拥挤的夜呢,0,SonOfGun,7560784
703,2015,9,6,神专有二《未完成》《叶惠美》,344,南京小牌档,57056018
704,2015,9,3,想起初中听的磁带了,0,雨天的伞和屋檐,62219310
705,2015,8,31,[禁止],0,吃不到早餐,35450474
706,2015,8,26,[亲亲],0,湖人死忠,7776579
707,2015,8,20,永远没人能超越燕姿的真假音转换啊,2,霹雳音乐博物馆,64199518
708,2015,8,17,想起了我的魔兽世界的艾迪：也许的永远,0,天池瑶光,23549282
709,2015,8,7,yanziyanzi.,0,帐号已注销,44991129
710,2015,8,5,评论这么少！！！！,0,Lorenzo_Tom,135155
711,2015,8,3,不科学,0,举个西木,60673274
712,2015,7,26,很感动,0,范范范宗伟,48815003
713,2015,7,20,神曲最多的专辑了,0,举个西木,60673274
714,2015,7,18,虽然已经不会唱了 但是副歌出来还是会跟着哼哼。。。,0,什么都听的直男,34674462
715,2015,7,16,谢谢这些年有燕姿陪着我们？🌼🙇🏻🙀👋🏻🙆,1,将往观乎四荒Zhang,41213820
716,2015,7,16,曾经坚持的故事不必再提,1,将往观乎四荒Zhang,41213820
717,2015,7,4,记不清多少年了 窝资,0,我立功了,35396421
718,2015,6,15,燕姿是一段时光。很长很长。,198,_末路狂喵_,38489705
719,2015,6,15,为什么评论这么少,1,湖人死忠,7776579
720,2015,6,7,仿佛回到了初中时的那个夏天。旧房子的小卧室，紧挨着窗户的破木桌，楼根儿底下吵吵闹闹的人群，蓝的一塌糊涂的天，一切都是to be continued……,70,蛋蛋wo,7142796
721,2015,6,2,喜欢,0,樂了个偏头痛,31228250
722,2015,5,30,我们都曾觉得会和身边人走到永远  其实 这也很美好,1,树海人,39433906
723,2015,5,26,好听,0,Daggger,36164800
724,2015,5,17,燕姿,0,HikkiKenji,31403033
725,2015,5,9,[呲牙],0,湖人死忠,7776579
726,2015,5,8,[大笑],0,张伯夷,61378267
727,2015,5,6,坚持过的故事不必再提,0,Halo_Stefanie,44758870
728,2015,5,2,当年《未完成》里最爱的一首。,1,鳄梨梨梨子,37286003
729,2015,4,28,前奏超级像地铁的声音，四年级六年级初一前后三次去北京，从祖国最南边。在地铁站听着这首歌有种迷茫，也许是早熟，希望有人陪。于是，你来了，你又走了。,49,达尔文少女,51853263
730,2015,4,27,永远有多远？,0,一腔诗意喂了狗--,42162146
731,2015,4,21,"只想收藏，不想分享
",146,必遇江海,285128
732,2015,4,14,好几首看歌名想不起来 但一听竟然还能哼出歌词,0,水开了吧,36668774
733,2015,4,3,让我回到那个夏天的晚上。温热。少年。希望。这首歌我不想和他人分享。,0,無極小熊猫,2855149
734,2015,3,31,我姿最好的专辑里最耐听的一首歌,1,带上我回到时间里和你,3882892
735,2015,3,28,冷门好歌,0,散若烟云,35996981
736,2015,3,25,满满都是十几岁的记忆。当年听歌的状态，走在大马路上听着卡带，插着一边耳机和他们分享。,2,nuber陆,52836283
737,2015,3,24,再听，满满的都是回忆。,1,帐号已注销,919248
738,2015,3,15,[色],2,散若烟云,35996981
739,2015,3,13,这首歌那年失恋听哭。,1,奶茶还是好喝,5773686
740,2015,3,8,我明白永远不是我就能实现，可那些故事曾经是我也是你。从此以后，不谈永远，爱要谦卑，有多远走多远,1,不完全部落_,34537673
741,2015,3,8,曾经坚持过的故事，不必再提，没有人在意。 ,126,岸芷汀兰妖妖,40555719
742,2015,1,16,特别喜欢这首,0,菁菁will,30432832
743,2015,1,10,那时候的你，真的感觉蛮脆弱的。,0,Fredasyd,1251476
744,2014,12,31,曾经坚持过的故事，不必再提，没有人在意。,5,Kepler426,18744672
745,2014,12,29,❤️🌞🌞,0,樂了个偏头痛,31228250
746,2014,12,26,我藏起来 的秘密在每一天 清晨里 ,0,肖培培,2477402
747,2014,12,4,非主流好听的个,0,PSY-Edgar,33747790
748,2014,11,16,这首个人很喜欢，但感觉是燕姿的冷门金曲之一吧，相对其他的来说,0,奶茶还是好喝,5773686
749,2014,9,23,“曾经坚持的故事  不必再提  没有人在意”  算的上二十多年的注脚吧,0,devilcry222,19629200
750,2014,8,28,永远，曾经在哪里实现,0,阿夏之信心,9422814
751,2014,5,10,"音乐继续，弥漫想象，你就在前方，站在梦想的路上。
",0,朕知道了呵呵,3356923
