index,year,month,day,content,likecount,nickname,user_id
1,2019,11,15,占个评，勇敢的给我刷个赞。,0,想你不过如此1910,1962405357
2,2019,10,3,真的是一个年龄听有一个年龄的感触。现在勇敢面对生活，活出自我才是最重要的。,0,纵然浮生若梦亦要素履而往,308888671
3,2019,6,24,真的好听,0,好好俊的一身嫩肉,32280033
4,2019,5,6,天后实力太强,3,依然渐飞,44419218
5,2019,3,30,惊了 评论这么少,2,rakimy,264268675
6,2019,2,3,所有难过都留在今天 明天之后希望我能新年快乐,1,brOxygen,249625994
7,2019,2,3,百听不厌！,0,全球顶级音乐现场,409898621
8,2019,1,28,是出了很久了，小老弟不知道吧,0,动情当探险一场,294209985
9,2019,1,4,谢谢每日歌曲推荐  这首歌是个惊喜[爱心],2,鲸鱼ei-,414753115
10,2019,1,4,趁没火先评论了先[大笑],2,鲸鱼ei-,414753115
11,2018,10,25,评论居然这么少？？,1,_我爱这哭不出来的浪漫,36714861
12,2018,9,25,评论少的不可思议...,1,Harrrrison,265377271
13,2018,9,17,还是评论太少，我来组成头部！,2,灰哥2015,63529105
14,2018,9,15,是我勇敢太久。,2,成美降灾守义城,95504821
15,2018,8,20,你让我最后 把心痛当拥有,2,蝴蝶不造梦,107198734
16,2018,6,23,谈恋爱怕不怕分手？恩？别回复了？三观不在线？怕失败？厉害。别谈恋爱了会分手的。别祸害人家姑娘了[大笑],1,一口气能吃三个肉夹馍,259794305
17,2018,6,23,我是怕失败，被车上的人看到,1,溪水清清流淌,565179612
18,2018,6,23,因为一直没勇气开口,2,溪水清清流淌,565179612
19,2018,3,21,"是我勇敢太久，李斌，四年来的爱与痛，确定要为你一个人而活，我不能说出口
黑暗中寂静的空气像火，让我害怕又收手，最后只能拿心痛当永远,
是的，我不该勇敢了太久，我不该要确定为你一人而活，我不该让你感到那么折磨，
明白了爱最终是寂寞，那么，从这一刻起，余生不在请你指教，挥手,微笑，再见!",3,觉非11,268790768
20,2018,2,6,是我太主动了，我累了。,3,仔唧唧唧,321760107
21,2018,1,2,我会继续努力的,1,午候紅茶G,302611556
22,2017,11,26,加油,1,zacharystore,109485976
23,2017,11,13,好累,2,斯露黎,561831090
24,2017,11,4,需要一点点勇气,1,刘RF,340897000
25,2017,10,22,104个评论认真的吗？,1,Cathy_An,335054168
26,2017,9,6,寻找2017年5月21日(周日，520网络情人节第二天)莆田15路公交上站着的女生。那天你在“兴化宾馆”站下车，我也跟着下车。屋里一男的(应该是你亲戚)看到你，说“陈×(也可能是‘程’，没听清第二个字)，你回来了”，我转身要走，你察觉后转头看我。希望你看到后能跟我联系。,2,溪水清清流淌,565179612
27,2017,9,5,爱情公寓里是不是有这个插曲,0,可以不鸽了吗,276764891
28,2017,8,29,我来贡献第100条。顶起来,0,狼已成外婆,282436262
29,2017,8,16,居然提到了A3,0,690战术盒饭,55836470
30,2017,8,8,这个歌这么好听 不火天理不容啊[发怒],2,你别动我买橘子,453851027
31,2017,7,4,这首歌我真的天天听，不火？,1,晚安睡觉觉,278956831
32,2017,5,29,刚才去百度A3……看那个设定很厉害的样子……,0,木杨酱,280626267
33,2017,5,5,昙花一现的A3，当年宣传真TM火，转眼内测就完蛋。,1,忘词大魔王,58512342
34,2017,5,5,我只能勇敢到这里了...,3,y84998607,109688581
35,2017,4,21,就是因为冯先生的麦克，害得我听这首歌整整单曲循环了一个星期。,0,STATEN-,250987902
36,2017,4,17,日常听歌打卡，92。,1,feizaonaoli,47171697
37,2017,3,31,就这个版本不用钱[开心],3,伊是小女人,45885107
38,2017,3,26,这个日期很好,0,梦云蒿,121918617
39,2017,3,23,[色],1,一个成败者,82060315
40,2017,3,22,你最喜欢的歌 却再也听不到 ,0,苔菜米馒头,135810479
41,2017,3,20,一个赞的都是自己点的[大哭],0,放晴灬,287647506
42,2017,3,19,听一次哭一次,0,乔琪伊伦,120129652
43,2017,3,18,这是可以下载的 其他的要钱,2,壹個人藏好,246900455
44,2017,3,12,这首歌…不是很火的吗…………[呆],1,不厌君-,265095367
45,2017,3,7,好歌的评论总不会太多的。,0,qyuky,537078
46,2017,3,4,好熟悉的歌 是主题曲吗,2,在劫难逃逃,124107155
47,2017,2,13,[皱眉],0,runforit,116908469
48,2017,2,4,是我勇敢太久,0,范特西小姐-,103278936
49,2017,1,17,就得在这种没有评论的歌儿里刷一下存在感[大哭],1,拉拉拉飞驰,61003016
50,2017,1,16,打卡,0,二三而已,271121764
51,2017,1,13,希望大家永远都不要失去爱人的能力[爱心],2,Jiiixxx,338324400
52,2017,1,7,酱紫,0,我是猪猪猪猪猪123,121704557
53,2017,1,7,因为刚刚才有版权,3,毕业我的头发还在吗,55890641
54,2016,12,29,厉害了我的姐,0,Grossstadtlowe,120818456
55,2016,12,28,打卡,0,feizaonaoli,47171697
56,2016,12,27,23号晚上去唱K，回来后决定把阿妹的歌再捋一遍，今天继续。,1,feizaonaoli,47171697
57,2016,12,23,"为什么评论都这么少
",0,我是猪猪猪猪猪123,121704557
58,2016,11,30,[哀伤],0,brOxygen,249625994
59,2016,11,28,一般都是有另一个版本[奸笑],2,没有故事但有酒呀,289508735
60,2016,11,27,评论好少，这么好听的歌[憨笑],2,赵大鹤子,128664782
61,2016,11,25,为你一个人而活，我不够勇敢，对不起。,1,La_concorde,90459720
62,2016,11,17,第一次听还是在高中呢，现在都大学毕业两年了。,1,FTD1004,47514986
63,2016,11,14,是我勇敢了太久，值到现在已经无法为谁再勇敢了，我想我就这样的孤独终老了。,0,純兒兒兒兒兒,308527323
64,2016,11,14,我还是决定为我自己而活，爱自己更多一点。,0,阿甜甜甜甜55,98063608
65,2016,11,13,明明很好听,0,王晓晨我媳妇儿,122774661
66,2016,8,21,怎么音质这么差，听不清楚呢,3,支离破碎碎碎,3774642
67,2016,8,6,是我勇敢太久,2,我不是紫霞,41668501
68,2016,7,27,穷人来听歌，[大笑],2,IciSube,132964705
69,2016,7,7,阿妹的歌不适合失恋或单身狗听，越听越难过,2,猫咪是会笑的,267368170
70,2016,6,30,@云音乐曲库  歌词有的地方错了啦,0,_单向度的人,9126783
71,2016,6,17,真的很想很想回到过去,2,我不是紫霞,41668501
72,2016,6,14,"很好听
",1,颜阿七s,284412091
73,2016,6,3,谁的眼神能永远？,3,七天松,260421810
74,2016,6,3, 我以前录了这首歌的视频给你 是我勇敢太久 决定为你一个人而活 把自己唱憋  现在我们分开也半年多了 听说你换了很多女朋友  我现在有人说说话了 虽然也异地  我虽然在一分开时 抱怨过 后来发现 其实 还是相信曾经那些 嘴巴不在意了 其实 就自己知道 我那么死心塌地 鬼哭狼嚎 都过去了 望好,7,Lelucer,102643700
75,2016,5,16,这首歌好多版本，不是不火，评论都分流了,5,suertegloria,105380165
76,2016,5,14,想起来孙思怡，哼奇奇谁还记得？,1,爱是偶然还是必然,105825075
77,2016,5,13,爱一个人不一定要说出口,0,是什么让我退缩,63333883
78,2016,5,13,这么好听的歌为嘛评论没有999+？,1,zhang90,42851076
79,2016,5,9,"不要说评论少了，去看看另一个版本的吧
",1,Stef小傻,95849389
80,2016,5,9,不火没天理,1,lifsux,48940849
81,2016,5,7,"以前，这首歌一听就哭
现在，其实也还好啊，这么多年不也这么过来了嘛
恩，这就是成长咯",2,卉灰凉凉的偶吧,267468229
82,2016,5,2,评论出人意料的少！,0,-方頭獅__,265208485
83,2016,4,29,渐渐喜欢张惠妹,1,涂涂_zZ,124283760
84,2016,4,24,好听[色],0,Me_Amo7211,104485522
85,2016,4,24,不知道下次听到会是什么时候,0,素怀羽,48124714
86,2016,4,22,好听好听！,0,Gigi的碎碎念,63320252
87,2016,4,11,好喜欢！,0,DangDang-,79361393
88,2016,4,8,[汗]这么少评论！,0,藿香正气肿,89178025
89,2016,3,28,"以后
以后，也许我还会一直唱歌
也许不会
可这并不妨碍我曾经那么喜爱唱歌
那份对音乐的热情
它一直都在
至少曾经存在过…",0,Alvin-Leeee,125077670
90,2016,3,27,是我勇敢太久 决定为你一个人而活 却不敢说出口。,1,独木泛舟_,247170651
91,2016,3,15,高三下学期的一个晚上，听到这首歌后循环了一整晚，然后哭了。没有谈恋爱，并不知道是为什么。或许是因为自己对于心里面的那个遥远的自己，勇敢太久了吧。还好一切都过去了。,0,熙东,78123176
92,2016,3,12,最难逃过的就是这种歌,2,李duang,130013251
93,2016,3,7,记忆里爱应该总是温柔 😔,2,糖不甩小姐__,136301366
94,2016,2,27,有种想哭的冲动,0,黎曼有个猜想,57044337
95,2016,2,25,最喜欢的之一,0,lonerangerlin,103291352
96,2016,2,18,你可以出个歌单,0,黎曼有个猜想,57044337
97,2016,2,18,因为A3才知道这首歌的请点我,0,終焉輓歌,97975174
98,2016,2,13,那些很好听却又不火的歌系列,82,陈念稚_,87800448
99,2016,2,4,忍不了了,0,PCbaby,94425997
100,2016,2,4,天哪……这么少的评论,1,PCbaby,94425997
101,2016,1,28,是我勇敢太久，决定为你一个人而活,2,每天都很困啦,103328805
102,2016,1,27,怎么这么少评论 不科学,0,阳光灿烂的日子s,44697467
103,2016,1,21,勇敢…也只能勇敢[呆],0,Eruic666,61500928
104,2016,1,20,当年很喜欢,0,夏天甜甜甜,105099895
105,2016,1,19,城市充满短暂的烟火，无处躲。,0,冬夜光临,121762833
106,2016,1,15,每次去ktv必唱阿妹的这首歌😍😍😍,1,似缘似情是童真,73024238
107,2016,1,14,评论竟然这么少  哈哈  来占个位置,0,我超想抱抱你,70415704
108,2015,12,13,昨天看了演唱会get了好多歌。觉得这首歌超好听,0,KJJ-,52701469
109,2015,12,9,评论多少影响不了歌的质量，,2,滚滚滚滚吧,79890230
110,2015,12,9,[大笑],0,Super-leeeo,85288892
111,2015,12,1,我等着 这个评论多起来 ！,0,地球上的荒岛,106832857
112,2015,11,30,怎么只有四条评论？！！！这！！,0,ilbibi,40574655
113,2015,11,22,"听得让人心疼。

犹记得当初阿妹发“勇敢”时的激动，卡带的感动永远在记忆里。",0,ChrisYan,112129
114,2015,10,22,勇敢，勇敢！,0,ameiloveU2,55577879
115,2015,9,13,这么好听的歌怎么人这么少啊,1,羽之游离,89137567
116,2015,7,19,很喜欢的一首,0,接下来是什么,45678842
