index,year,month,day,content,likecount,nickname,user_id
1,2019,11,27,锻炼少了吧,0,Sofya666,517438572
2,2019,11,27,青春的声音,0,Sofya666,517438572
3,2019,11,26,demo小样也初见雏形,0,GRAPEy,118431735
4,2019,11,21,翻译关辛苦了,0,反向参照系,79355981
5,2019,11,20,太甜了吧,0,sunjiahang,375838001
6,2019,11,19,分儿～～～～[吐舌],0,laura07w,6862098
7,2019,11,16,是老了 不稳定了 退步倒没有 生了小孩的女歌手感觉都会退步 梁静茹 王菲都有点 气息不好把控,0,FALLOUTMANandVANGOH,1971914834
8,2019,11,15,好像听到一个我心永恒的音～～～,1,_Mercy___,1362856018
9,2019,11,14,太可爱了,0,红茶拿铁不好喝,1324554780
10,2019,11,12,燕姿的唱功真的随着年纪在退步[汗],0,太瘦欢盈,484796375
11,2019,11,8,等低等得低得～,0,一只玩意儿,91743688
12,2019,11,6,任性冲啊 2020等你,0,Siriusly17,277593220
13,2019,11,5,真爱粉来了,2,YY不是孙燕姿,1852637523
14,2019,11,2,声音太好听了吧,0,sunjiahang,375838001
15,2019,11,2,我真的好爱这首demo!,0,-昵称正在编辑中-,1510322198
16,2019,11,2,啊啊啊我也知道了!!!,0,-昵称正在编辑中-,1510322198
17,2019,11,1,能一摸一样再唱一次嘛哈哈哈哈,1,qiuQAJ,505290620
18,2019,11,1,什么信,0,呱熙熙,45278535
19,2019,10,28,这才是真正的音乐人,0,---老陳--,1862528315
20,2019,10,25,哇 好听,0,StefanieTXX,126966250
21,2019,10,24,很好听。,0,善酒l,303480940
22,2019,10,22,说话真是太好听咯,0,Lynn_61,102134163
23,2019,10,15,这个配词的大师是真爱啊 给跪了[大哭],1,Ynai,281036875
24,2019,10,14,好听好听！,0,大胖妮,54839937
25,2019,10,14,我要赞一下贡献歌词的人...hhhh,2,c-3氷,7725615
26,2019,10,9,深夜听好爱这个哼唱，哈哈哈哈,0,SUKI190721,1914819360
27,2019,10,8,心情不好的时候这个demo太治愈我了,0,啄啄Olwen,516488308
28,2019,10,7,等你？,0,61啊-,344061703
29,2019,10,7,燕姿保佑我考上研究生，成为更优秀的人,2,向左走方向,54198997
30,2019,10,5,deng de deng di～,0,心愿无限大_,1296779651
31,2019,10,2,哈哈太可爱了,0,苑子潯的小号,1548957065
32,2019,9,29,好喜欢听燕姿说话哦,0,SANJIU9,281870167
33,2019,9,27,好听,0,仗剑携酒与天涯,247914140
34,2019,9,23,就服歌词贡献者[吐舌],0,迅哥_我是猹,315736978
35,2019,9,21,歌词厉害了6666[大哭],0,霉头霉脑云散月现自在飞花slay,42294326
36,2019,9,21,燕姿最可爱[色],0,霉头霉脑云散月现自在飞花slay,42294326
37,2019,9,18,可爱！,0,想活在秋天,134708566
38,2019,9,13,中秋快乐呀,0,Kepler小姿,342372326
39,2019,9,7,爱了，真的爱了,0,-hiitsme-,548851650
40,2019,9,6,好可爱,0,-寒蝉_,407161701
41,2019,9,6,哪里有信,0,XQ0823,489797899
42,2019,9,6,我喜欢,0,阿苯en,500709282
43,2019,9,3,最喜欢的歌和mv，没有之一。,0,不知木舞,1444848596
44,2019,9,2,燕姿中文好流利哈哈哈哈哈 ,0,_不加糖有点甜,128108088
45,2019,8,29,就是它！！！呜呜呜,4,漂浮群岛et_moi,101098936
46,2019,8,28,什么信,0,TheRealShameless,30087797
47,2019,8,26,李泽珑写给我姿的信里应该就是这首demo了吧,8,女神是孙燕姿啊,395256634
48,2019,8,25,蹬大地～,1,加油啊开飞船的大哥哥,1368279288
49,2019,8,24,明天步入新的轨迹，希望一切顺利。,0,Kepler小姿,342372326
50,2019,8,24,晚安。,0,Kepler小姿,342372326
51,2019,8,23,想看这首歌制作现场MV[色],0,没用的扯,34617427
52,2019,8,22,我来了,1,跳舞的梵谷yanzi,318974517
53,2019,8,22,无与伦比，就这么任性,0,splower,454299963
54,2019,8,20,任性坚强固执不为人所束缚,3,乐在其中忠,430245243
55,2019,8,19,50万加仑的水，42公斤的体重，88个琴键，24分钟车程，33转的LP，一个任性的我 ，一个离开的你,4,闪电冷冰,1326856718
56,2019,8,18,这个女人我爱死了,0,万古啊长存,629173321
57,2019,8,18,晚安小可爱。☾,1,也不是猪只打呼,355734135
58,2019,8,17,任性,0,Kepler小姿,342372326
59,2019,8,17,下午好,0,Kepler小姿,342372326
60,2019,8,16,好爱好爱这个女人[爱心],0,Kepler小姿,342372326
61,2019,8,16,任性,0,Kepler小姿,342372326
62,2019,8,16,太可爱了,0,Kepler小姿,342372326
63,2019,8,16,随便哼都超好听的水平,1,Kepler小姿,342372326
64,2019,8,16,疯狂循环ing,0,Kepler小姿,342372326
65,2019,8,16,我好爱这个小角落,0,Kepler小姿,342372326
66,2019,8,16,晚安啦,0,Kepler小姿,342372326
67,2019,8,14,晚安。,0,Kepler小姿,342372326
68,2019,8,14,微博同ID 是我。,0,Kepler小姿,342372326
69,2019,8,14,哪位大哥配的歌词，这也能整一个[强],2,李泽山YJF,504060643
70,2019,8,14,哈哈微博过来的?,0,万古啊长存,629173321
71,2019,8,14,随便哼一下都很好听。,0,Kepler小姿,342372326
72,2019,8,14,太可爱了太可爱了,0,Kepler小姿,342372326
73,2019,8,14,晚安,0,Kepler小姿,342372326
74,2019,8,13,太爱了,0,Kepler小姿,342372326
75,2019,8,13,嘿,0,Kepler小姿,342372326
76,2019,8,13,哼一下都好听的歌手就是燕姿了吧,1,万古啊长存,629173321
77,2019,8,13,这歌词太好笑了…😂孙燕姿讲话好好听,1,鸿心闪闪,1749308107
78,2019,8,11,这确实是有点任性了呀,1,岁与恐迟,1470016456
79,2019,8,10,甜甜儿。[憨笑],0,也不是猪只打呼,355734135
80,2019,8,9,是真爱贡献的歌词！贡献歌词的辛苦了,2,甜齁齁,491342026
81,2019,8,7,贡献歌词的辛苦了,2,今天夜间到明天白天,60011618
82,2019,8,4,天呐太可爱辽,0,Rua_O,374885215
83,2019,8,4,我好喜欢她啊呜呜呜呜呜呜呜呜呜呜呜呜呜呜呜,0,漂浮群岛et_moi,101098936
84,2019,7,31,真爱才会来听燕姿的登登,0,衣服宁,395370960
85,2019,7,30,为什么没有歌词都可以唱的这么好听！！！,1,是铿铿啊,277795664
86,2019,7,27,我好喜欢听这些咚滴咚是怎么回事[大哭][大哭],1,cy909191,254876722
87,2019,7,27,说话好可爱[爱心][爱心],0,Kepler小姿,342372326
88,2019,7,26,燕姿好可爱啊,0,xxsince1994,63576738
89,2019,7,26,我姿好可爱呀,0,圈圈圈圆圈圆圈圈的圆,260089010
90,2019,7,25,哇哦以前一直没有发现这个版本！天呐天呐这声音太好听了叭！[爱心][爱心],1,Carice_,1440604450
91,2019,7,24,好好听！巨好听！超级无敌好听！[爱心][爱心][爱心],0,黑子的夜空,135319255
92,2019,7,21,完了我好像也是,0,衣服宁,395370960
93,2019,7,20,连没有词都可以唱的让人这么难受，功底太强,4,RRRRReady,315053588
94,2019,7,17,现在也是十一点五十分儿[可爱],2,标量-时间,1467060801
95,2019,7,17,好可爱姿姿,1,MorainSu,269253668
96,2019,7,12,声音好酥好好听,1,围绕着我崇拜,397947640
97,2019,7,12,燕姿的声音好好听[色],1,超人类Jf,254080732
98,2019,7,11,我也是，主要是以前买的卡带里面没有这个[哀伤],0,Linuxchen,279751935
99,2019,7,10,小样都唱出感情来了......厉害[色],4,霉头霉脑云散月现自在飞花slay,42294326
100,2019,7,10,可可爱爱,1,霉头霉脑云散月现自在飞花slay,42294326
101,2019,7,10,完了完了我好像也是,1,她是十三,1358886744
102,2019,7,9,🌠辛苦的一天，晚安啦,0,树wm,123279055
103,2019,7,6,任性！,0,-散落,73584136
104,2019,7,4,打卡,0,yoyo原,118579126
105,2019,7,1,遵命！我这就滚去抄![呲牙],1,用户330106533,330106533
106,2019,6,30,我天惹，我姿也太可爱了吧,1,RainbowAfterTheRain,59825347
107,2019,6,30,任性的demo,1,RainbowAfterTheRain,59825347
108,2019,6,30,惩罚你抄这首demo歌词10遍🌚,3,Sulite_,343351961
109,2019,6,30,好好听啊,0,飞船安吉拉,132915110
110,2019,6,27,十一点五十分,0,我正经799,129203055
111,2019,6,26,大爱,0,Sunny4918,1374498398
112,2019,6,20,十一点五十分儿~嘻嘻嘻,1,哎呀junjunjun呀,1685645018
113,2019,6,19,等待燕姿的回归,0,神龟威,360934532
114,2019,6,18,才发现这个角落，开心,1,魔性的蘑菇,128604014
115,2019,6,10,支持,0,我叫他1706,502922017
116,2019,6,10,支持,0,kitest,105908342
117,2019,6,7,快20年了，原来我喜欢燕姿这么久了😍,3,炎武之刃,415851849
118,2019,6,5,说实话，作为姿铁杆粉的我，今天第一次听这个。[呲牙],4,用户330106533,330106533
119,2019,6,3,女神女神,1,超人类Jf,254080732
120,2019,5,31,甜心,2,最喜欢吃肉啦,371150408
121,2019,5,29,燕姿姐姐太可爱了吧,2,栏歌_,31004990
122,2019,5,26,很文艺又很率性的女生,3,山野starwang,327472142
123,2019,5,25,常听着这个入眠,0,mathroccck,321013777
124,2019,5,21,你要笑死我吗？,1,忘川巫,1341405275
125,2019,5,21,随口都这么好听,0,枣糕少女宋觉觉,116531378
126,2019,5,16, ٩(❛ัᴗ❛ั⁎),1,玄mini,291069769
127,2019,5,15,当然会喜欢了[开心],0,从心的废柴,1476855930
128,2019,5,13,只想在这个角落静悄悄地飘过～～,0,Flightlesser,121861243
129,2019,5,13,希望小熊可以任性一点，说出她的心里话，这样小熊就可以开心一点了,3,小熊瓜,293198756
130,2019,5,11,爱了,0,poet_on_the_rail,1582908778
131,2019,5,2,谢谢歌词贡献者（滑稽）[大哭][大哭],7,皓月星尘,499727006
132,2019,5,1,世界上怎么会有这么可爱的女孩子,0,青蛙也吃西红柿,360254282
133,2019,4,30,那时候铅球男孩坐在台下，我唱破音了。但是那时候我还不明白，这并没有改变什么，以后也不会改变什么。,0,nononono酱,413179678
134,2019,4,29,姿迷真的姨母笑🤗🤗[可爱],1,十年尔如斯,355711827
135,2019,4,25,这个歌词翻译的太棒了👏,4,Thea_w,338762508
136,2019,4,23,歌词厉害🤣,0,YJJ胖胖,507900189
137,2019,4,15,我爆哭,0,kyuu_u,363371602
138,2019,4,14,我只想说 我爱孙燕姿[爱心],2,大眼睛的刘胖子,55734389
139,2019,4,14,怎么这么可爱！,1,脸很小的人,348894308
140,2019,4,13,开头不自觉的笑了,0,HYOUNG-,36261825
141,2019,4,9,燕姿歌神撒浪嘿,0,桃子啊哈哈,374183701
142,2019,4,8,愣了一下，一看手机，半夜11：50,3,浅斟酌,268686976
143,2019,4,4,这个demo无敌,2,程大事,260517754
144,2019,3,31,可爱,0,yeah-,20407312
145,2019,3,27,我喜欢这个,0,Anelsteral,637074571
146,2019,3,26,不需要歌词，喜欢这个旋律,0,我家才子不才,391179554
147,2019,3,26,好听,0,我家才子不才,391179554
148,2019,3,22,喜欢燕姿5年了 从初中到现在的大学 好几次我以为我已经不那么爱燕姿了 但每一次听到声音我都会激动 我以为我把她丢了 但每次听到她的歌声就会有不同的感动 我没有丢掉燕姿 她已经成为了青春里的一部分 人生路上重要的一笔,6,我是魏胖子,529178480
149,2019,3,19,然后 .. 嗯  有李伟菘老师给我弹钢琴  希望你们会喜欢,3,七真-七,1608143861
150,2019,3,19,水中没有歌，只有我的任性,0,七真-七,1608143861
151,2019,3,18,哇，醉了！！,0,别跑我还要听你讲故事,393797388
152,2019,3,16,好听,0,2016猫猫呀,434837481
153,2019,3,16,这个歌词真是把我逗笑了哈哈哈哈哈哈哈,1,YY_Chang,66594846
154,2019,3,14,可不能这么说，只是每个人的感觉不一样罢了，作词明明很好啊。。。,0,人血馒头薛之谦嘻不知道别来问我,1529460927
155,2019,3,14,哈哈哈哈，都喜欢(๑´ڡ`๑),1,人血馒头薛之谦嘻不知道别来问我,1529460927
156,2019,3,14,嗯嗯，燕姿真是太美好了(๑´ڡ`๑),0,人血馒头薛之谦嘻不知道别来问我,1529460927
157,2019,3,8,你们要的主播 哈哈哈,0,oldfree,50853959
158,2019,3,8,《忐忑》式唱法,2,北方以北9175,81945044
159,2019,3,5,好可爱,0,ppppppppeq,134171673
160,2019,3,4,必须喜欢啊，哈哈哈哈，终于蹭上燕姿前1000的评论了,2,时光小偷ttt,442728261
161,2019,3,3,这是迪琳习翁的我心永恒的调调,0,此昵称作废,121706839
162,2019,2,26,11点56分~,0,会魔法的老虎,87870656
163,2019,2,26,没有歌词随意哼唱也好听～,0,海带饼干,303803628
164,2019,2,24,11点50分,0,我想散伙,499863432
165,2019,2,24,好好听！,0,芋头君1996,103048322
166,2019,2,23,11点50分儿…妈呀可爱爆了,1,sarah说,6567246
167,2019,2,23,19年的燕姿老粉表示，第一次听,1,宅囧胖,132983041
168,2019,2,23,内地版的专辑没有[流泪],0,宅囧胖,132983041
169,2019,2,23,小可爱,0,帐号已注销,49752994
170,2019,2,20,不填词主歌部分居然有一瞬间像大破船的调调。敲好听,0,Dun_One,70230588
171,2019,2,3,做歌词的是魔鬼吗？[幽灵],6,夏洛克的影子,255278439
172,2019,1,28,好巧  第一次听到  刚刚好是11点50分  纪念一下 哈哈,1,流浪的帆布鞋,1717580353
173,2019,1,28,爱,1,易消逝之人-,505518130
174,2019,1,27,她好可爱啊,1,没有一步之遥,53340270
175,2019,1,8,11：50听到，特意看了一下时间，好奇妙(✪▽✪),8,喝冬瓜汤的寒萤,271890086
176,2019,1,8,哈咯大家好……😁😁😁,0,安德鲁的狗,50568930
177,2019,1,7,姐唱歌怎么这么好听！,0,孙月半儿_,45775852
178,2019,1,5,真爱粉,0,安静时听歌,80344378
179,2019,1,3,随机到宝藏？！,1,talia94,9673259
180,2019,1,1,10点50芬儿[亲][亲],0,捅咕,92694995
181,2018,12,27,哈哈哈～这个歌词,0,西尔莎-罗男,286466113
182,2018,12,25,这么多年听燕姿的歌，就是一种幸福的感觉,0,小小烁,80544605
183,2018,12,25,其实一直都蛮丧的，也好像没办法改变什么，但是觉得我姿的歌和音乐还有笑容就是这个世界上最美好的东西，人生还是值得的,4,小小烁,80544605
184,2018,12,25,感觉不管我姿几岁，永远是那种青春美好的感觉,2,小小烁,80544605
185,2018,12,25,其实比起燕姿的歌，我更喜欢她说话[多多大笑],0,小小烁,80544605
186,2018,12,23,等到等你，等到你，                       等到你，等到，等你，等你            等到你，等到儿你，                       等到你，等到，等你，等你，        等你等你,2,想养猫想很久了,478301472
187,2018,12,21, 好可爱啊[多多可怜],0,鸡飞蛋打汤,259942253
188,2018,12,20,日常寻找宝藏1/1,1,小谣爷,96193057
189,2018,12,6,这首歌点赞会不会影响我今后的推送？,3,王圐圙1,347596920
190,2018,12,2,建议去看看王菲的《哪儿》，我菲随意的无词歌，或说是菲语歌也被写出了词[大哭],1,請你自便取去,419728217
191,2018,11,28,好可爱。原来哼唱都这么好听,0,张大zhao,517302641
192,2018,11,25,不是十一点？,1,W若莲,121363070
193,2018,11,20,太好聽了,0,ftujdb,58827934
194,2018,11,18,那我来报个到[爱心],0,韬说,262927320
195,2018,11,16,燕姿说话都是好听的！！！！,2,Stef小傻,95849389
196,2018,11,12,现在是晚上10点50分，发现宝藏了[可爱],0,还是你民哥,1655777754
197,2018,11,12,[可爱][可爱],0,当时的月亮ed,19092722
198,2018,11,12,因为歌词不到位,0,当冬夜渐暖yz,398756291
199,2018,11,8,好可爱~~~,1,呼哈哈9299,254030302
200,2018,11,6,😂,0,念舊的峰,49351360
201,2018,11,3,  对歌词要求不要太高，至少不是什么滴咚滴咚滴咚,1,YZ芣苢,330392808
202,2018,11,2,为什么感觉有歌词的还没有这个哼唱的好听，什么原因呢？,1,淋漓尽致2018,94872449
203,2018,10,30,姿迷之所以喜欢燕姿，绝大多数是喜欢她的真实，对，就是这个原因,2,东东夜奔,321394485
204,2018,10,23,哼唱都这么好听！！！,1,WoO_Wala,333227218
205,2018,10,20,歌词太可爱啦,2,going_up_stef,372536854
206,2018,10,19,我好爱孙燕姿。现实中很丧的我只能在孙燕姿这里找寻安慰[亲亲][亲亲],2,小小愿望就快实现了他在笑,124506618
207,2018,10,18,呜呜呜呜孙燕姿讲话的声音甚至比唱歌的声音更好听,4,今天改个什么名呢,131889355
208,2018,10,15,歌词哈哈,0,难讲你知,7287502
209,2018,10,9,哪里能找到这个钢琴谱,0,再也没有纯白的灵魂-,388303192
210,2018,10,7,凌晨一点一个人从电影院出来，走回家的路上觉得这个初秋的夜晚格外安静而美好，脑子里全是这首demo的旋律，大概这就是真爱吧,2,EdwinWai,61093801
211,2018,10,3,太好听了吧也，开口脆,1,RainbowAfterTheRain,59825347
212,2018,9,30,歌词是谁弄的……我保证不打死他……,0,百里追风,256902409
213,2018,9,29,现在是晚上十点四十二分儿 晚安~,0,森YicoRoy晴,395695228
214,2018,9,24,哈哈哈哈，这张专辑最爱，无限单曲循环的,0,kason07,335087180
215,2018,9,24,@kason07 这个听过嘛[憨笑],0,戾与优柔_,56134736
216,2018,9,21,太可爱了 ,0,ST_1973,502807160
217,2018,9,20, 喜欢,0,木枝可乐,627735984
218,2018,9,17,哈哈哈哈，真的很任性呀,1,每次都强迫我起昵称,1484526623
219,2018,9,16,妈呀 网易还有这种神作  找了好久 喜欢呀,0,舒畅的心情happy,122668088
220,2018,9,11,哪个调皮鬼还加了词,2,爪冢梦作男,42632124
221,2018,9,6,太可爱了燕姿啊,0,雀雀欧妈,322431679
222,2018,9,5,真爱打卡[呲牙],0,胡郎远,102221229
223,2018,9,3,是谁这么贫气还给这首配上歌词,1,取灯胡同的小咚咚,41826652
224,2018,8,30,真爱粉、前面说好好好可爱,0,H_66,55731158
225,2018,8,25,好可爱！[流泪][流泪][流泪],0,不会唱歌的nn,1408233315
226,2018,8,22,Same[可爱],3,EminemCollection,513590986
227,2018,8,22,😂😂😂😂436,0,cccccccccccccccccccccccccccccx,273769095
228,2018,8,19,哇，这个更好听，女友版。,0,挪威森林的甲壳虫,258461466
229,2018,8,17,弄歌词的人也是个人才了,0,_极美,86612358
230,2018,8,15,cd里没这个…,0,st3ne,6219898
231,2018,8,12,11点50分儿~哈哈,0,大风东南西北吹,1548118741
232,2018,8,11,哈哈哈哈哈哈[可爱][可爱][可爱],0,-李拾叁-,45681973
233,2018,8,10,燕姿真的超可爱啊啊啊,0,Kaneki-king,612358411
234,2018,8,6,都不知叫啥好了 李伟菘 伟菘 李伟崧老师[大哭],0,山野starwang,327472142
235,2018,8,3,爱燕姿,1,跳舞的梵谷yanzi,318974517
236,2018,8,2,🎧,0,_诗芊,81037679
237,2018,8,1,我燕姿滴滴滴也能出歌[撇嘴],1,-Ariana_Grande-,585410257
238,2018,7,27,哈哈哈哈哈哈哈哈给歌词贡献者打call！！！太可爱了哈哈哈哈哈！,0,121个逸儿,129095979
239,2018,7,24,怎么这么好听,0,结冰不下雪,450822166
240,2018,7,23,[蛋糕],0,百克,123817167
241,2018,7,23,[蛋糕],0,丼眠,3418384
242,2018,7,20,还有这首demo！发现宝藏了！2018.7.23燕姿生日快乐[礼物],3,Paddy2,80378003
243,2018,7,16,7月16号晚上11点45[呲牙],0,_shengxiang,57645729
244,2018,7,12,[大笑]好听,0,blueberrypie,41491137
245,2018,7,4,18点27,0,Dandelioner,87125845
246,2018,7,3,听到这首歌，燕姿说现在是11点50分，哇，正好和我现在的时间吻合~~~~~~~~~~~,1,科恩厨房MZL,1491927585
247,2018,7,2,榜姐留言了。会有人来吗？哈哈哈,1,夜会流年,35531125
248,2018,6,24,随机给了我这一首，高中的夜晚循环过任性,0,白泽画东,270535134
249,2018,6,23,歌词我给满分,2,啪啦咔擦,110980310
250,2018,6,22,是要多爱燕姿的我们，才会点到这里，谢谢你们。,0,帐号已注销,381456706
251,2018,6,21,连demo都很好听啊,0,今日茶饭事,397767258
252,2018,6,14,宝藏,0,n1是我的瘾,80970902
253,2018,5,31,CD里也没有这段吧？？,0,asdf1987,133938856
254,2018,5,29,率性纯真的燕姿，就算是铛铛铛我也爱听😊,0,许我七分暖,447904314
255,2018,5,27,现在是11点25分,0,咕叽-__,543531996
256,2018,5,20,他让我觉得爱是对的,1,WeAreHardOnEachOther,73305155
257,2018,5,12,真爱燕姿[可爱],0,下一任桐城派掌门,402769879
258,2018,5,12,[可爱],0,风挽歌丶,120161652
259,2018,5,12,😊,0,风挽歌丶,120161652
260,2018,5,11,听到现在几点 一看时间 刚好晚上十一点五十[大笑],2,呀蜥蜴,1327943756
261,2018,5,6,来~梦醒时分自己唱,0,是ZEE哦,286514958
262,2018,5,5,脑补歌词,0,毛毛虫0912,323067104
263,2018,5,3,[亲亲][亲亲],0,遇姿人,541269428
264,2018,4,25,[亲][亲][亲][亲][亲][亲],1,遇姿人,541269428
265,2018,4,23,第一次听到这个demo啊，惊喜！,2,思考中的酱油,73537155
266,2018,4,22,现在是1点35分～,0,Erika_Linder,305117600
267,2018,4,18,我又想起了那个特殊的夏天。,3,极美欢庆,351351231
268,2018,4,16,hello大家好现在是21:48,1,雨还是不停地落下_,100825170
269,2018,4,12,任性,0,跳舞的反骨,33249451
270,2018,4,12,收到,1,stef流年,1367583538
271,2018,4,12,hhh,0,stef流年,1367583538
272,2018,4,11,好听ƪ(˘⌣˘)ʃ,0,什么都看不透,424591562
273,2018,4,3,要命的可爱！！！,0,安東沒尼奧,363538833
274,2018,3,27,20:13,0,林守乐,55243746
275,2018,3,27,燕姿的声音让我感受到了春天[亲亲],1,A-Seventee,17887467
276,2018,3,25,希望另一半是当初的燕姿,1,33轉的LP,630862795
277,2018,3,24,哈哈哈,0,毛毛虫0912,323067104
278,2018,3,20,我想找个孙燕姿一样的女朋友,0,噢呀角,484285271
279,2018,3,18,十一点五十分儿,0,Anruo素,132736248
280,2018,3,18,3.18上午11点56分,1,比一点多很多点,344085429
281,2018,3,16,可爱炸裂,1,一起轧马路吧,126154854
282,2018,3,15,现在是凌晨一点三十三儿，听燕姿根本停不下来！,1,眸里星河i,478911487
283,2018,3,13,11.50分儿～,0,-风衣-,96406986
284,2018,3,12,好听,0,33轉的LP,630862795
285,2018,3,9,孙燕姿,0,33轉的LP,630862795
286,2018,3,9,@是一颗糖y ,0,狮子巨婴,340379936
287,2018,3,2,美姿姿,1,夏天树上有蝉,309000923
288,2018,3,2,现在是早上9:53,0,苏苏苏苏苏苏苏禾呀,331479824
289,2018,2,22,哈哈哈哈哈哈哈哈任性的任性版,2,H-S_Sun,296312220
290,2018,2,22,好可爱,0,十年爱姿病,255447939
291,2018,2,3,真的和当时买的美卡的卡带歌序一样 还有很多之前没听过的demo,2,CSC-707,343284867
292,2018,1,31,demo,1,跳舞的反骨,33249451
293,2018,1,30,燕姿太可爱了[可爱],0,越南周润发,56714380
294,2018,1,23,一直在我喜欢的音乐。,1,好好工作侠,119828969
295,2018,1,22,现在是六点二十八 熬通宵了 晚安,1,苏苏苏苏苏苏苏禾呀,331479824
296,2018,1,19,说李伟菘三个字很好听,0,名叫三毛,449344295
297,2018,1,19,[色],0,我见过刘惜君卸妆的样子,334865174
298,2018,1,16,小年轻,0,Stefanie_kf,260396530
299,2018,1,16,任性（动地版！）[憨笑],0,炎武之刃,415851849
300,2018,1,13,啊哈哈,0,双子_faye,626804992
301,2018,1,5,因为demo喜欢上这首歌 哈哈,0,JeanZer0,115069125
302,2018,1,4,我们很喜欢,0,NTUfail,71924954
303,2017,12,31,笑死我了,2,十三姐的小流氓hh,405570613
304,2017,12,29,haoting,0,PyLov,103996493
305,2017,12,28,哈哈，声音好听,0,Stefanie_kf,260396530
306,2017,12,28,可爱死了！,0,与准,124868690
307,2017,12,25,可爱可爱,0,handsome若尘,396370170
308,2017,12,24,好听呀。,0,姿迷,7559252
309,2017,12,24,Demo 这么好听也是没谁了,0,赫里尔德,410343541
310,2017,12,19,等滴等得 滴得滴得 ~,0,只有音乐才是胡桃夹子的解药,277648200
311,2017,12,19,好可爱,0,茶李李i,30675831
312,2017,12,13,每首歌都有demo版就好了,1,湖人死忠,7776579
313,2017,12,12,心都化了[憨笑],0,星了丶,317502498
314,2017,12,11,嗯~,0,星了丶,317502498
315,2017,12,10,全世界最可爱,0,guistar97,82137494
316,2017,12,9,李伟菘音乐家里[大哭],0,Kepler-_-,300077987
317,2017,12,4,我猜你八成是南方人ヽ( ̐〥 ̐)ﾉ,0,劳资世界第一,432115105
318,2017,11,28,伟菘~,0,王大大锅同学,91813388
319,2017,11,28,那个在哪里是玛莎的声音吗,0,o0bambin,111060479
320,2017,11,27,我姿聲音真可愛～,0,directorrowe,1923073
321,2017,11,25,哈喽大家好，现在是晚上几点现在几点？11点07分，我在寝室听孙燕姿哼歌,0,燕姿的小可爱,624565662
322,2017,11,25,正在写无聊的实验报告听到这首歌好暖啊[亲亲],0,且忧当生,120718249
323,2017,11,25,从燕姿的第一张专辑到现在，17年，最近几天狂回味燕姿的歌，只有燕姿,2,人鬼百合,406443986
324,2017,11,23,好可爱 好好听 好喜欢,0,__藏_,252422095
325,2017,11,22,很爱这首歌,0,sumner23,487680013
326,2017,11,22,只会越来越爱她[爱心][爱心],0,_嘻嘻嘎嘎略略略__,429250943
327,2017,11,21,什么时候燕姿再自己写一首情歌啊[亲亲],1,掀翻老窝,340479935
328,2017,11,11,啊燕姿的说话声音好温油啊,0,活着只求好玩,266447964
329,2017,11,5,好喜欢,0,微笑_sunshine,283086391
330,2017,11,2,哈哈哈哈哈哈,1,孙燕姿哟,476147851
331,2017,10,30,[爱心][爱心],0,UnspokenWords,72830206
332,2017,10,18,已经为学钢琴找到了足够的理由，自弹自唱任性，简爱，和silent all these years,4,不二家的小丸子和樱桃家的棒棒糖,396136768
333,2017,10,17,哇,0,凯撒不爱我_,97346924
334,2017,10,15,好爱姿妈声音,0,但偏偏0,414460779
335,2017,10,15,比带歌词更好听！！！,0,湖人死忠,7776579
336,2017,10,12,crying is healthy,1,sangrealyang,329028103
337,2017,10,10,记忆永远是最美好的[可爱]@我所爱的人,0,skk8,44455032
338,2017,10,8,可爱可爱可爱,0,八月长安x,263542124
339,2017,9,26,燕姿真的好可爱我的妈,0,Mundaney,40198814
340,2017,9,22,比正式版好听。。,1,湖人死忠,7776579
341,2017,9,21,美姿姿,0,孙燕姿哟,476147851
342,2017,9,19,"微博看到一个评论,说孙燕姿的声音像阳光下玻璃破碎的声音
",5,刺猬是只猫小喵,330001604
343,2017,9,19,"嗓音很嚣张,喜欢这个说法.
",1,刺猬是只猫小喵,330001604
344,2017,9,18,哈哈，好想要个这样的女盆友～,3,舟牙,65003742
345,2017,9,18,好可爱,0,NumbLater,115418975
346,2017,9,16,任性就是，我为你任性了那么多次，你还是离我那么多次。,2,彩虹金刚丶StefanieWithyou1706,503506224
347,2017,9,13,爱姿,1,姿意燕为,263726012
348,2017,9,8,懂滴懂得懂滴懂得,2,雪花气息,408899309
349,2017,9,6,真的是11点50分！！！缘分啊,4,来年春天种菠菜,254003875
350,2017,8,31,不想开学,2,极美欢庆,351351231
351,2017,8,25,快要到七夕了，我喜欢的女生我却不能给你什么，你对我的好我都记得，你说孙燕姿是你喜欢十年之久的偶像，我要在她的每首歌下留下足迹，我想告诉你垦晴008我好喜欢你…,2,圈圈圈不住你,547941773
352,2017,8,21,以后最好不要让我在大学遇到一个像燕子。的短发女孩。不然我一定我往死里追。追到她怀疑人生。😍😍,3,爱姿病患者却仍姿迷不悟,534742072
353,2017,8,19,适合当DJ,0,EmilieAdams,77662760
354,2017,8,4,单曲循环,0,好好工作侠,119828969
355,2017,7,22,喜欢喜欢喜欢,0,半座城池丶,500055772
356,2017,7,20,😂😂,0,白目君MT,32732305
357,2017,7,20,黄晨7⃣️ 你在哪儿,1,E饺子M,369930637
358,2017,7,15,好听死啦,0,想去吹太平洋的风,431966292
359,2017,7,5,哦，这人的名字真奇怪。,1,光阴最是化浮沫,340722855
360,2017,7,5,就是胡乱嚎叫,1,C4Jforever,39552417
361,2017,7,5,胡嚎是谁？,0,光阴最是化浮沫,340722855
362,2017,7,2,居然这么少评论,0,SnowLam,69766095
363,2017,7,2,好可爱～,0,杨南国,64507476
364,2017,6,28,评论+1@木一昜,0,越乃寒,116970513
365,2017,6,27,喜欢你，可惜...真的很好听，设成铃声啦，好的东西一起分享才好,0,安静的小郭子,292666783
366,2017,6,23,可爱*^o^*,0,瑾涩seven,264034419
367,2017,6,22,爱姿,1,姿意燕为,263726012
368,2017,6,22,爱姿,1,姿意燕为,263726012
369,2017,6,21,又见你,0,我真的读着对白,398369163
370,2017,6,18,多多原創,0,Tobeagentleman006,385404632
371,2017,6,17,我很喜欢,0,回忆与你L,436023969
372,2017,6,16,声音怎么那么好听,0,coversmoonlight,417630381
373,2017,6,15,[爱心],0,了不起的老人家,37782426
374,2017,6,12,爱姿,1,姿意燕为,263726012
375,2017,6,9,孙燕姿说话好好听啊,0,悄悄撤退,124727349
376,2017,6,6,我耳朵最幸福的事情就是可以听你唱歌,0,飘着_,246618908
377,2017,6,5,爱姿,1,姿意燕为,263726012
378,2017,6,3,如果有滚动歌词，请记住我花了一个积分[大哭][大哭],0,婕a婕,416625276
379,2017,6,1,歌词应该改成荡荡滴，哒哒滴～,0,帐号已注销,75980429
380,2017,5,29,手动踩爪印，端午燕姿专辑一日游[奸笑],0,凌晨三点不睡觉的雨果,120801740
381,2017,5,28,爱姿,1,姿意燕为,263726012
382,2017,5,27,好可爱！！！,0,一颗沉眠的海胆呀,99327692
383,2017,5,23,这demo专辑和精选集里都没收路过啊！错过了10几年才听到啊！可恶！[流泪],2,klesdia,83668325
384,2017,5,15,咚滴咚得～咚滴咚滴咚～,2,三土酱儿,72352845
385,2017,5,14,一个人在机场等晚点飞机,3,小了星星,313638471
386,2017,5,14,[爱心],0,永远有多远灬,346081467
387,2017,5,12,爱姿,1,姿意燕为,263726012
388,2017,5,10,酷酷的！,1,我才是强强强,55800971
389,2017,5,9,会成功的！,1,一个SB他总是酷酷的,41224222
390,2017,5,8,现在是五月八日十三点四十八分 在教室里写作业 准备考研 希望顺利 爱你呀燕姿,3,Mamihlapinatapaiiiii,54817958
391,2017,5,5,迪达拉乱入,0,超生培欲,81692122
392,2017,5,5,动地洞得 动动 地地,1,闪亮亮的阿星,64032851
393,2017,5,4,11点50分刚好听到这首歌,1,Stefanie遇见,282988953
394,2017,5,2,好萌，哈哈哈……,2,十年生死两茫茫五年高考三年模拟,263145459
395,2017,5,1,彻底迷上燕姿了[色],1,百感交集l,278778830
396,2017,4,24,喜欢,0,YatingWang,78296308
397,2017,4,12,现在听到燕姿的任何一首慢歌 那种恍如隔世的感觉挡也挡不住 脑子里就糊糊的 什么也不敢想 什么也不愿想 哪怕目光呆滞眼歪口斜 也要就这么醉过去醉过去[流泪],3,CT2O,55619059
398,2017,4,12,顺便除了这个任性Demo 真的自弹自唱版也炒鸡好听！燕姿写的曲子总是有灵气啊～而且超喜欢这种随意的感觉😊,0,121个逸儿,129095979
399,2017,4,12,哈哈哈哈哈哈明天给她带到哈哈哈😄,0,121个逸儿,129095979
400,2017,4,12,这画面感！！！爆炸！！！请你和你舍友再次接受我的膝盖[大哭][大哭][大哭][大哭][大哭],0,CT2O,55619059
401,2017,4,12,😂😂于是我舍友学会了cos李伟菘 我俩一唱一和唱完整首Demo哈哈哈哈哈,1,121个逸儿,129095979
402,2017,4,11,我服你[大哭][大哭][大哭],0,CT2O,55619059
403,2017,4,6,才华横溢的我姿,0,小众控,334487058
404,2017,4,2,无意中划到，原本准备划回去，结果听见燕姿讲话，啊啊啊,1,一篮子钱,449689082
405,2017,4,1,现在是2017年4月1号 13点35分,2,一个便当啊,62911844
406,2017,4,1,嘻嘻,0,一个便当啊,62911844
407,2017,3,28,[亲亲],0,四街站神_单纯王,252931856
408,2017,3,26,凌晨三点五十六分，在听歌,6,帐号已注销,124859943
409,2017,3,16,哈哈哈哈  好温暖,0,dearCD,253304375
410,2017,3,11,前面的那段已经被我剪成铃声[亲亲],1,精神寄托,6926343
411,2017,3,10,现在是两点五十九分……,1,海绵1874,298588296
412,2017,3,9,dum dee da,0,何嘉棋MusicK,5638459
413,2017,3,6,巧吗？  刚好  11点50。。。  我在听你  [爱心],3,丨偏爱单曲循环丨,88842107
414,2017,3,2,22:46,2,林守乐,55243746
415,2017,2,24,😅,0,湖人死忠,7776579
416,2017,2,22,倩倩我爱你！,0,喜欢听歌感人的歌,97337001
417,2017,2,20,哇咔咔好可愛！！！！,0,陈特特喜欢二七二,136826636
418,2017,2,12,好可爱哈哈,0,Summer_hyj,276948897
419,2017,2,10,已收藏,1,风中拾遗,283224068
420,2017,2,6,啊啊啊啊啊啊啊我要融化了！爱姿！,1,飲風踏月,120988839
421,2017,2,5,中文水平暴露了,0,诺坎普拉玛西亚,83009512
422,2017,2,3,萌萌噠！,0,lm_stef,258724583
423,2017,2,2,旋律很好听啊 姿,0,飞跃东南海,409885845
424,2017,2,1,同城你好,0,帐号已注销,86366987
425,2017,1,31,萌,1,stef小流氓z,56720800
426,2017,1,29,QAQ孙燕姿娶我！！！,0,121个逸儿,129095979
427,2017,1,29,破233 炒鸡喜欢这个以至于同学一问我现在几点我就自己接完这首Demo所有内容😂😂😂😂,2,121个逸儿,129095979
428,2017,1,25,[呲牙],0,三岁不能再多,78266318
429,2017,1,24,温柔啊~~~~,1,Kukakesu,320541678
430,2017,1,22,爱资,0,我见过刘惜君卸妆的样子,334865174
431,2017,1,11,爱姿,1,姿意燕为,263726012
432,2017,1,11,好喜欢这样的任性！[幽灵]开头燕姿说话的声音好好听！,5,Stefanie遇见,282988953
433,2017,1,7,"demo更好听
",2,永远有多远灬,346081467
434,2017,1,7,一个字都不需要 眼泪却已完全止不住,2,冷秋檀,887298
435,2017,1,2,[色][亲亲],0,Christina-Aguilera,76483469
436,2017,1,2,他。。。,0,Christina-Aguilera,76483469
437,2017,1,1,这个Demo好带感,3,零小瑢,290658615
438,2016,12,27,你这么会这么傻呢。。。。。。傻得可怜[心碎],0,用户277715628,277715628
439,2016,12,27,爱姿,1,姿意燕为,263726012
440,2016,12,16,哈喽大家好，现在是…  现在是几点[可爱],1,鄒爸比,85768778
441,2016,12,15,天哪这个版本好可爱,1,Fancynodoubt,100202269
442,2016,12,6,在我这里，他的声音是世界上最好听的声音，很特别，没有之一，不是过度崇拜，他的嗓音很嚣张啊,2,木子域,265716565
443,2016,12,2,滴滴咚咚都这么好听！[色][色][色],2,Stephanie_禾西,70914766
444,2016,11,29,还是感觉这个乱哼的demo更好听,1,七七四十一,131567214
445,2016,11,29,现在是2016年11月29日，我28岁的第一天，燕姿比我大十岁，整个青春都是燕姿的歌声陪伴，找过几任女票都是姿迷，嗯，她们都很好，只是都没有走到最后。,7,Ro1030,90652954
446,2016,11,24,爱姿,2,姿意燕为,263726012
447,2016,11,21,爱姿,2,姿意燕为,263726012
448,2016,11,17,表白我姿[亲亲],1,北极之狐,18473968
449,2016,11,14,爱姿,2,姿意燕为,263726012
450,2016,11,12,她大概是那个年代最出色的唱片歌手之一,4,Areang,65987325
451,2016,11,9,燕姿说李伟菘老师的时候可好听了,5,sqwho,26320738
452,2016,11,8,爱姿,2,姿意燕为,263726012
453,2016,11,3,好可爱[亲亲][亲亲][亲亲],1,不再犹豫0622,7204684
454,2016,10,31,就是任性,0,北城以北的念,100256294
455,2016,10,31,爱姿,1,姿意燕为,263726012
456,2016,10,30,姿姿姿,0,神经需要治疗,296791640
457,2016,10,26,现在是11点50分,2,帐号已注销,127967417
458,2016,10,26,好美的Demo,0,花鹿在隐身,113252149
459,2016,10,24,爱姿,1,姿意燕为,263726012
460,2016,10,19,一下就被燕姿拉到她所在的场景了，一堆人开开心心任性的玩音乐，随意的语气好喜欢~,5,成熟的幼稚C,348673036
461,2016,10,15,11:50分儿,0,反向参照系,79355981
462,2016,10,14,很随性很舒服  ,2,天涯木桩,318254408
463,2016,10,14,现在听跟捡着宝似得。开心,1,于帅楠,250764305
464,2016,10,14,是啊，当时买的磁带里面没有后面的这些，只有十首歌。,1,阿拉蕾米花,126159809
465,2016,10,13,哇，终于找到这首歌了，好早之前听过，刚刚听到另一个demo还在想这首！,2,不二不二小狮子,96750028
466,2016,10,13,扫歌扫到一个宝贝[色]我很满意,0,花椒吖好麻,9592890
467,2016,10,12,我以前竟然没听过,0,于帅楠,250764305
468,2016,10,4,心动了,0,大妈海贼团首席料理师,50644898
469,2016,9,30,开头说话声好听好听,0,jjjg134,120773673
470,2016,9,27,十一点五十分儿~~~~,0,starnoo,39399561
471,2016,9,25,呀儿喽,0,欣小尉,57078833
472,2016,9,24,❤️,0,行年年年,89098264
473,2016,9,15,这Demo的确很任性……,0,该账号已注销0904,102446006
474,2016,9,14,[亲亲],0,study中whoops,48435532
475,2016,9,11,懂滴懂嘚，滴嘚滴嘚😂😂我被洗脑了😂😂,1,sfnasiouuipsdgfihsdvbfgisdfgvs,258578188
476,2016,9,5,另一种感觉😁,0,FiJiWind,118328372
477,2016,8,25,十几年才第一次听到DEMO版的任性……感觉像在饮珍藏十几年的美酒   开心！,3,珞入gogogo,257441050
478,2016,8,25,燕姿,0,听风闻空,35375783
479,2016,8,23,分儿…,1,我姿道,36554022
480,2016,8,21,哈哈哈好可爱,1,_吴子诚,275017518
481,2016,8,20,谁要姿迷做女朋友呢？,1,你才是呆逼桑-,43172453
482,2016,8,17,@Moech ,0,shpaiw,16083854
483,2016,8,14,居然有讲话哈哈哈,0,ETSUNY,19828006
484,2016,8,13,就这个，挺好,1,爱姿海,126397948
485,2016,8,13,改个名字吧，少女，太恐怖了……[惊恐][惊恐],1,-则为你如花美眷_似水流年,95326727
486,2016,8,6,我姿還會兒化音[亲亲],1,directorrowe,1923073
487,2016,8,1,😏😏,0,爱姿海,126397948
488,2016,8,1,我是王海峰我喜欢孙燕姿,4,爱姿海,126397948
489,2016,7,28,同感呐,1,攻城狮金辉,45191504
490,2016,7,25,是个彩色的潇洒哥[开心],1,未来是星辰大海,134343616
491,2016,7,24,哈哈哈哈，可爱死了，我不追星却追你[亲亲],1,Stef逆光,263709714
492,2016,7,22,都是感动，又回到了高中时代,1,halcyonone,2741037
493,2016,7,22,11点50分儿~太可爱了,2,没脑兔,284685033
494,2016,7,13,这算彩蛋吗，以前买的正版里都没这个[惊恐][亲亲][大哭],1,北极之狐,18473968
495,2016,7,13,妈呀发现了珍贵的宝物💕,2,扁食拌面,88925029
496,2016,7,1,第一次听👂好爱[亲亲],1,所爱隔山海ttt,263524615
497,2016,6,29,[亲亲][亲亲][亲亲][亲亲]怎么听都不够,1,开点药给你吃好吗,36843947
498,2016,6,29,哈哈哈 第一次听到[亲亲],1,Someonekepler,271898612
499,2016,6,29,爱姿,2,姿意燕为,263726012
500,2016,6,29,萌翻啦[可爱][可爱][可爱][可爱],1,魚Fisher,89740178
501,2016,6,24,好可爱～[亲亲][亲亲][亲亲],1,三分钟小姐_,74181557
502,2016,6,23,十一点五十分儿,2,Lution_,79140672
503,2016,6,22,可愛,1,小蝦米奇奇,130686480
504,2016,6,9,我竟听这么多遍,3,Stefanie7lv,249236742
505,2016,6,9,太可爱了[可爱][可爱][可爱][可爱],2,Stefanie7lv,249236742
506,2016,5,29,当年听磁带的感觉突然就冒出来了,5,帐号已注销,42502910
507,2016,5,27,楼上的好可爱[大哭][大哭][大哭],1,雨陨,31875806
508,2016,5,26,孙燕姿连哼歌我都能单曲循环[憨笑],3,帐号已注销,76193863
509,2016,5,23,halo大家好现在是晚上几点现在几点？（11:50 分）11:50分～（在哪里）在李伟菘音乐家里哈哈哈 在伟菘家里 然后 他 刚做完做完这首歌 然后由李伟菘老师帮我弹钢琴 希望你们会喜欢这首~,157,林守乐,55243746
510,2016,5,23,又来听,1,林守乐,55243746
511,2016,5,22,我炒鸡喜欢这首demo啊啊啊啊啊啊 尤其开头木马木马～,4,林守乐,55243746
512,2016,5,21,天啊好喜欢啊啊啊啊,3,林守乐,55243746
513,2016,5,21,甜辣 竟然哼完整首歌了,2,林守乐,55243746
514,2016,5,14,好听,3,hi天暖了,101823630
515,2016,5,14,[爱心],2,湖人死忠,7776579
516,2016,5,12,[吐舌],1,65418,519706
517,2016,5,8,😊,1,MAI_SHIRAISHI,97380507
518,2016,5,2,哈哈哈哈哈,1,渭水明月,80750225
519,2016,4,28,绝了 自弹自唱,1,你老了也可爱,86874042
520,2016,4,27,听你哼唱完晚安~,1,Cypress_Nectar,52419940
521,2016,4,26,洞滴洞滴,1,ixiaosan,29815409
522,2016,4,12,声音糯糯的[憨笑],0,野味浪鲜,105893622
523,2016,4,12,循环开头，太可爱了,1,UenoJuri,44156313
524,2016,4,11,情绪很多·我很安静,3,StefanieTae,53983636
525,2016,4,11,听了好久都没评论😗,4,爪冢梦作男,42632124
526,2016,4,8,我竟然好喜欢这个demo！！燕姿哼的超好…,1,与旧友,1805209
527,2016,4,4,寂寞很吵/我很安静,2,云頞,89353543
528,2016,3,25,就喜欢这款的,1,七七四十一,131567214
529,2016,3,24,所以，你的愿望实现了么？,1,即使,7101031
530,2016,3,19,真的超级喜欢听你姿讲话哇~~,1,哦珍妮花比尔斯,137203265
531,2016,3,18,以后也这么录几首啊！,2,Oh-Jeff,127701932
532,2016,3,17,五十分儿！[大哭],1,20134829,248418510
533,2016,3,12,唉,0,CrEndry,48589791
534,2016,3,9,就我觉得demo版歌好听吗,0,Ice-point,80274282
535,2016,3,9,"很遗憾没有早点遇见yanzi，很感谢上帝我没有错过yanzi。
当时听任性后，我任性的把yanzi的每一首歌都听了，如今已经每首都耳熟能详，第一天，漩涡，奔，完美的一天，懂事，爱情证书....现在还在任性...
yanzi，谢谢你[爱心]你还是你，我最喜欢的歌手，没有之一。[亲亲]",7,only7SAN,78013854
536,2016,3,8,11点五十分儿！！！！！好可爱,1,我是丑王,127718208
537,2016,3,6,难道你要黑满是肌肉的小腿么[呲牙][呲牙],1,帐号已注销,107036864
538,2016,2,26,最好听的咚哒滴,0,Zhaosingsing,130769006
539,2016,2,20,喜欢。,0,口水哥啊,84140487
540,2016,2,18,资深姿迷[吐舌],1,我是丑王,127718208
541,2016,2,17,地咚、滴咚、滴得、滴得_(:з」∠)_,2,亿吨奶糖,54428686
542,2016,2,12,嗨，还看见几个和你头像一样的  ，哈哈,0,Chigga_yuan,78497725
543,2016,2,3,噹哒噹哒哒哒噹哒～,0,我是丑王,127718208
544,2016,1,30,预购CD版，话说燕姿真是偲菘和伟菘的御用歌手……,2,海东青_vach,55879681
545,2016,1,29,[强],1,湖人死忠,7776579
546,2016,1,27,我姿说话真好听啊！听这首歌，想起了张老板的宝贝清唱版，声音也很好听。,0,AmanoAki,44216242
547,2016,1,21,傻瓜 当然喜欢啊,0,与旧友,1805209
548,2016,1,10,已经听到这个版本的歌词都会了[吐舌][吐舌],0,闪泥啦啦啦,88079495
549,2016,1,9,下面由燕姿演唱歌曲任性的任性版。,238,第几个月亮,12205716
550,2016,1,7,好可爱，滴答打的哈哈哈哈哈哈哈哈分儿,0,黑夜清晰过白昼,96670505
551,2016,1,6,分儿～[大哭]好可爱,1,那天与你邂逅的薇薇,7004245
552,2016,1,4,萌哭 demo也好听惨,1,闪泥啦啦啦,88079495
553,2016,1,3,求sq音质[流泪],0,蓝绿藻的梦,31528337
554,2016,1,2,[亲亲],0,黑暗骑士-TDKR,37793064
555,2015,12,29,101,1,hanguklous,98433687
556,2015,12,25,我是100，哈哈,1,雨陨,31875806
557,2015,12,23,[大笑],2,孙燕姿的粉丝,36733053
558,2015,12,23,98,2,孙燕姿的粉丝,36733053
559,2015,12,23,十一点五十分儿[憨笑][憨笑][憨笑],2,孙燕姿的粉丝,36733053
560,2015,12,22,好听，demo哼出了另一种感觉,1,chris153709,108684847
561,2015,12,22,好听！,1,幺弟er,40915434
562,2015,12,19,孙燕姿 — 任性DEMO,0,Wykay,7575360
563,2015,12,18,[色],0,消失的盛夏,54553630
564,2015,12,13,尤其喜欢talk部分啊,0,StefSngEeTze,68786043
565,2015,12,13,睡醒就开始单曲循环这个demo。,0,账号还是注销吧,17481219
566,2015,12,12,歌词重要吗 咬字重要吗？,0,欧阳小小小小小小小小小小小小小,18879459
567,2015,12,11,好喜欢燕姿这首demo呢,0,一麻一麦,41198193
568,2015,12,6,美好！,0,岛岛岛岛岛岛岛上,44229355
569,2015,12,2,好听[外星][外星][外星],0,Swallow燕姿,55255820
570,2015,12,2,终于找到了,0,love_real__pcy,103560012
571,2015,11,30,什么是永远呢 这就是吧 如果有机会 真想做一个音乐人 ,2,SailorJ,1811129
572,2015,11,26,本来已经被日系女声调教的差不多了............................................................................................................................................................................的....................................然而,1,LZAKU,56740392
573,2015,11,17,为啥听起来比完整版都好听,1,九月三秋,15216505
574,2015,11,16,～～！,0,举个西木,60673274
575,2015,11,4,現在十一月四號淩晨兩點零二分，坐在大街上好冷,2,starrylee,29431936
576,2015,10,31,擦，居然一点印象都没有，面壁去[惶恐],0,边一个发明了返工,849116
577,2015,10,20,好听[呲牙],0,宣武言北,29310053
578,2015,10,9,說話聲音這麽可愛[亲亲],0,directorrowe,1923073
579,2015,9,26,[爱心],0,用户41965267,41965267
580,2015,9,23,这是真爱才会来的角落[憨笑],453,暗星_西哎去斯,62532615
581,2015,9,10,哈哈，你猜我开头循环了几遍…,1,帐号已注销,17705637
582,2015,9,6,萌萌哒[呆][亲亲],0,闪泥啦啦啦,88079495
583,2015,8,27,随便哼哼就好听,0,湖人死忠,7776579
584,2015,8,13,燕姿声音好听到爆,65,西瓜爱我我爱西瓜,55015094
585,2015,8,9,十一点五十分儿～要不要这么萌啊，燕姿[大哭],128,失眠的苏菲,48369143
586,2015,8,7,“固执算不算任性的要求”,3,Daimio,9543557
587,2015,8,6,是玛莎吗,0,小石头5,7349465
588,2015,7,11,声音好可爱,0,seekshin,30964517
589,2015,7,10,好好听的声音,0,宝大宝大宝宝,55901429
590,2015,7,8,我可以任性么？可以不硬撑么？可以不假装么？可以哭么？可以歇斯底里么？连呼吸都觉得好难好难……可不可以对我好一点点……我要的不多……请对我好一点……,1,芮良Mercemy,39473748
591,2015,7,2,大爱,0,文艺问,62595931
592,2015,6,29,[亲亲],0,湖人死忠,7776579
593,2015,6,28,一起跪[流泪],0,fluent战士求收敛,61644046
594,2015,6,28,说话真好听，哼哼也好听[色],0,fluent战士求收敛,61644046
595,2015,6,28,真的好好听。,0,Yihoon,47658859
596,2015,6,22,萌萌哒[憨笑],0,克卜勒的小叶子,18281935
597,2015,6,22,天啊好萌,1,Yyhaaa,1316673
598,2015,6,13,-------------------最近喜欢搜集各种Demo听，很有趣-----------------------,0,许圣明,10902046
599,2015,6,13,---------------------------最近喜欢搜集各种Demo听，很有趣。-------------------------------,0,许圣明,10902046
600,2015,6,11,嗓子好就是任性[大笑]随便哼哼就好听,1,9号天台,53103092
601,2015,6,10,啊 喜欢 ,1,Riorni,43112461
602,2015,6,8,就是这个声线，奠定了我的初恋，奠定了我整个昨天，嗯，还有明天,2,一撮蒜蓉烤生蚝,1112193
603,2015,6,6,可爱得这么任性,0,可以乐的,11847380
604,2015,6,5,讲话好可爱[亲亲][亲亲],0,乔豆玛袋,35806306
605,2015,6,1,说话真好听，我把闹钟设成这个了[色],1,了不起的老人家,37782426
606,2015,5,27,当滴当滴 地洞地洞 [亲],1,驴子桑,30782347
607,2015,5,25,开头说话声音简直好听！,0,回头鹿,36350786
608,2015,5,21,太可爱了,0,warshion,40577653
609,2015,5,19,失眠中,1,湖人死忠,7776579
610,2015,5,9,"歌词有误啊,一个字也对不上",1,时光漫步777,36369581
611,2015,5,8,哼得都这么好听，我也是醉了～,0,黑犬黑犬,398301
612,2015,4,16,任性地滴咚滴咚,73,星穿玉米,17638520
613,2015,4,15,燕姿说话声音为什么要这么好听！无限循环开头,204,不知今夕何夕,46848056
614,2015,3,9,就是喜欢,1,夏末秋未,9178719
615,2015,2,25,奇怪，我更喜欢她的demo因为更放松更肆意,1,帐号已注销,53006101
616,2015,2,22,美,0,Zeke_Zhu,39385404
617,2015,2,5,喜欢燕姿[呲牙],0,熊猫眼就是我,42370940
618,2015,2,1,😭好听,0,熊猫眼就是我,42370940
619,2015,1,22,俏皮可爱。,0,我是韩小猫是我,42179107
620,2014,12,29,滴答滴答滴滴答,0,乐乐兔,27005
621,2014,12,27,一直哼么，燕姿好任性[大哭],2,故里天清,15338047
622,2014,12,27,真喜欢燕姿的声音！,0,故里天清,15338047
623,2014,12,26,没听过的版本,1,一字张,35290723
624,2014,12,10,任性,0,川留海,35972044
625,2014,12,1,爱,0,好迷茫呀,44366724
626,2014,11,27,天啦撸。。。,0,S_Tier,1701774
627,2014,11,24,燕姿好萌！,1,再见远坂凛,40519220
628,2014,11,21,就是任性[奸笑],0,gysan,14215348
629,2014,11,21,依旧燕姿[亲亲],1,了不起的老人家,37782426
630,2014,11,17,[亲亲]声音没得黑,42,噹噹噹咚咚锵,16847681
631,2014,11,12,泪盈眶是为毛。,2,MOONERV,12249299
632,2014,11,12,这个胡嚎的demo很好听的说,99,C4Jforever,39552417
633,2014,11,11,很静,0,Riiiiingo,9352013
634,2014,11,11,惊喜,0,第二杯_半价,38025092
635,2014,11,11,好好听,0,港逸软床,36807323
636,2014,11,11,Qqqqqqqqq,0,puek,33426398
637,2014,11,11,一直是听她的歌 ，这还是第一次听到孙燕姿的demo 神秘性感、     ,1,老姜头的耳刮子,16922438
638,2014,11,11,这么可爱的孙燕姿，越来越爱了,224,帐号已注销,12901528
639,2014,11,11,[大笑],0,NightGhost,11388964
640,2014,11,11,太可爱了！[亲亲],0,魏喂喂,35268844
641,2014,11,10,睡不着我就醒着…,0,不醒June,9190605
642,2014,11,10,好,0,借我一把爱情的枪,10536576
643,2014,11,10,这才是唱功啊,1,caine0223,34510643
644,2014,11,10,燕姿好可爱[色][亲亲],0,九片棱角_,19807524
645,2014,11,10,我勒个去(ーー゛),0,潇潇冒泡,3340885
646,2014,11,10,哼都哼的这么好听,0,篱落未,8951638
647,2014,11,10,以前竟然没听过。。我跪下[流泪],0,大怪兽的小公举妹妹,34639147
648,2014,10,16,姿迷无处不在,2,经过南青山-,1702811
649,2014,10,10,[亲],0,小越呢,15736492
650,2014,9,27,好听好听好听！！！[可爱],0,小_苹果,5811692
651,2013,11,26,没有歌词的更爱啊,0,实在哥狄笛迪,3028126
