index,year,month,day,content,likecount,nickname,user_id
1,2019,11,23,mv更好看喔,0,Davie504,57455489
2,2019,11,11,好久没听这歌了，回来听又是不一样的感觉,0,8楼永远爱3楼,80342819
3,2019,10,26,耳机里放着这首歌，脚都不自觉踏出“就是这样”的拍子,0,我说叫我祭司就好,293894206
4,2019,10,20,我的宝藏，我爱的姿妈[憨笑],1,未闻花香喔,1539330488
5,2019,10,8,听到啦，怀念中学，下班路上,0,悲伤是奢侈品消受不起,67850144
6,2019,10,5,来这里考古了,0,叠加态,133026520
7,2019,10,5,就喜欢你姿这种类型的歌,0,叠加态,133026520
8,2019,10,2,这首的MV超美,3,未-完-成,494969845
9,2019,9,29,okokokok 就是这样 让我们一起 摇滚起来,1,7things_,1318437548
10,2019,9,29,我喜欢这首，但是我没有评论，我错了,0,7things_,1318437548
11,2019,9,17,后面两首都没有，这张是翻唱专辑，后面两首都是新歌，明显不符！,0,碧湖漫步,134764
12,2019,9,10,爱哭前奏,3,圈圈圈圆圈圆圈圈的圆,260089010
13,2019,9,9,这首为什么才这么点评论呜呜呜呜,0,也不是猪只打呼,355734135
14,2019,8,30,我两个孩子，都离婚了。。现在还是想找个像燕姿一样可爱爱笑的姑娘。。。,0,十二弦吉他,1451577955
15,2019,8,30,今天不就是永远？？！！！,0,谢小P谢小P,36145223
16,2019,8,25,从大铭脱口秀听到的，一路找到这里[亲亲],1,吾名曰小龙,387693748
17,2019,8,17,17年前买的磁带里不记得有这首歌了,0,iupopo,35957994
18,2019,8,14,年轻时的你,0,从前有个跳跳Jaye,487830997
19,2019,8,9,高音绝,1,Islandofcyril,48634536
20,2019,8,8,广州燥热的夏季迎来了立秋，突然就想起了记忆中的这首歌，歌声和旋律都是那么熟悉又抚慰人心。,2,Athena_and_her_owl,1720874836
21,2019,8,8,摇滚吧！全世界！,0,我很鱼块,125768521
22,2019,8,7,太喜欢她的唱腔了,1,非也非飞,440312810
23,2019,7,30,有种小任性的感觉，年轻真好,3,盗PortgasDAce,120876629
24,2019,7,22,摇滚女孩！,1,RevolverHKD,1509538174
25,2019,7,18,小时候；因为这首歌和直来直往超级喜欢燕姿。摇滚吧！全世界,4,loogia,41208131
26,2019,7,15,就是这样,0,Davie504,57455489
27,2019,7,5,真好！,0,Jay爷,600324080
28,2019,7,5,这首和年轻无极限 可以无缝连接,1,Jay爷,600324080
29,2019,6,25,摩托罗拉摩托罗拉摩托罗拉。,1,s1ck1000,1471605268
30,2019,6,15,评论里全是熟人啊,0,你们爱的大飞,259678257
31,2019,6,13,就是这样,0,06June2019,47422243
32,2019,6,10,有的呀！！,0,用户330106533,330106533
33,2019,6,9,当初磁带里没有这首呀！,1,我爱芝加哥,2056480
34,2019,5,31,姿妈唱什么我都爱听(ಡωಡ),0,Landung,562248348
35,2019,5,24,写得好,0,山寨力宏,3358960
36,2019,5,23,怎么都好听,0,枣糕少女宋觉觉,116531378
37,2019,5,14,孙燕姿对音乐的品味真的是 超棒，音乐审美很棒,2,东东夜奔,321394485
38,2019,5,13,年轻的声音。。,0,Davie504,57455489
39,2019,5,11,卧槽  读书时候听的是假磁带吗 孙燕姿所有的歌一首不拉 唯独这张专辑唯独漏了这首歌  居然一点影响也没,2,桂桂880827,468590961
40,2019,5,9,我还以为是悲伤情歌呢，没想到这么欢快呀，好听,1,愿君依旧笑,559237310
41,2019,4,30,这首歌的MV是结合3D动画的，很可爱呦，大家记得看,3,整天都在打哈哈,608981139
42,2019,4,22,听过燕姿的看电视的同学举个手，里面燕姿好年轻活泼啊。超喜欢,1,s1ck1000,1471605268
43,2019,4,16,我第一台手机就是摩托罗拉孙燕姿代言的，型号不记得了，蓝色机身，好像还是黄色屏幕哈哈,0,茶茶湘子,624784241
44,2019,3,31,一个屁觉得另一个屁很赞,3,愁容的骑士,381814572
45,2019,3,24,好high啊,0,冷脚丫,1320812521
46,2019,3,13,通宵砍传奇 一直单曲循环,1,夜夜犯罪,249249437
47,2019,3,1,恭喜恭喜,0,孙燕姿的小迷妹啊,327977684
48,2019,2,28,我做爹了,1,爬在红枣上的蜜蜂,141624
49,2019,2,24,进图书馆了[大笑],1,O_oHULLO,343829645
50,2019,2,16,大众是个屁,6,森海一只鱼,119354431
51,2019,2,10,Motorola手机广告曲,1,s1ck1000,1471605268
52,2019,1,23,就是这样，好年轻,0,lifeisdivine,1715286576
53,2019,1,23,以前听这首歌的时候总会想起喵喵的slogan:就是这样！喵！,0,酱爆腰花,3324113
54,2019,1,21,不要给歌曲强加过多的定义，只能说这首歌不能被更多的大众所接受[可爱],0,墩_墩,374160700
55,2019,1,12,很多歌迷都没听过这首吧,2,ZY-7,17531038
56,2019,1,8,这首歌很适合演唱会嗨起来！,1,用户277381598,277381598
57,2019,1,3,就是这样，摇滚吧全世界,0,吴迪迪迪迪di,329247569
58,2019,1,2, 希望2019 燕姿和 姿迷都开开心心， 如愿以偿。 ,0,孙燕姿的小迷妹啊,327977684
59,2018,12,31,哈哈哈哈 666 拭目以待,0,孙燕姿的小迷妹啊,327977684
60,2018,12,31,恩，加油，按道理明年应该代孕的孩子就来了呢,0,爬在红枣上的蜜蜂,141624
61,2018,12,30,那你加油,0,孙燕姿的小迷妹啊,327977684
62,2018,12,26,没有,0,爬在红枣上的蜜蜂,141624
63,2018,12,20,我不管，我不管，我不管。,0,阿拉阿宗,71637086
64,2018,12,10,那你当爹没有,0,孙燕姿的小迷妹啊,327977684
65,2018,12,10,妹子，哥是雄的,0,爬在红枣上的蜜蜂,141624
66,2018,12,9, 你现在当妈了没有,0,孙燕姿的小迷妹啊,327977684
67,2018,11,11,磁带还保留着，可是没有机器了,0,小鱼-大鱼,77407085
68,2018,11,10,上次听这首歌还是磁带[吐舌],0,木鱼__,109883124
69,2018,11,9,燕姿的很多歌都值得很多年以后再回头听听 每次听感觉都不一样,1,Serendipityyy,33664969
70,2018,11,1,晨起叫醒曲[可爱],1,XJen_90,362863842
71,2018,10,31,仿佛回到了那个夏天，背着书包听着歌那个开心呐,0,悟空_-_-,52262458
72,2018,10,29,助力999，这么好的歌居然没人,0,S逆光_,351122752
73,2018,10,20,燕姿这首竟然没听，好听啊,0,janeguoforever,404570295
74,2018,10,12,留名   燕姿我爱你,0,Landung,562248348
75,2018,10,7,我想还有太多好听的歌，被埋藏在时间的河流,1,神圣无名,267135454
76,2018,10,2,是最爱的燕姿啊[亲亲],0,苏靖岗,350976808
77,2018,10,1,最后两首是bonus track ,0,XavierKANGDuanxu,1296562228
78,2018,9,27,好聽。愉悅。,0,H_Stef,309880055
79,2018,9,19,mv超可爱,0,彼得潘与狼,261245021
80,2018,9,17,nana...start,0,A-KUONG,577837024
81,2018,8,18,好听,0,抠脚刀男骚,345308381
82,2018,8,9,找到了,0,老古董vvv,1419458132
83,2018,8,2,...天呐 原来是这首歌[大哭][大哭][大哭],0,_诗芊,81037679
84,2018,8,2,摩托罗拉手机,0,寒水涧,39926713
85,2018,7,30,恭喜我姿儿女双全[憨笑][憨笑][憨笑],3,Criska卡配罗,104251265
86,2018,7,28,当年这好像某广告的歌,0,最终電車,62205258
87,2018,7,22,第一次听,0,麦丽素0723,544048498
88,2018,7,20,那是你还不够迷,0,人生啊浮浮沉沉,1521277718
89,2018,7,16,喜欢她的所有,0,林深时见鹿晗,125413239
90,2018,7,12,就是这样 敷着面膜听着姿妈的歌，美滋滋,0,baolinbaby,611794860
91,2018,7,12,就是这样！！！,0,晴雨jiang,442613345
92,2018,7,6,是啊，等我娶她！她嫁人了，我也不直了！,3,爬在红枣上的蜜蜂,141624
93,2018,7,2,引入副歌的那声琵琶，想到杨玉环,0,小城旧音,292465669
94,2018,7,1,就是这样！！[惊恐],0,骨灰盒7,618884971
95,2018,6,25,等你成年吗,0,姿迷,7559252
96,2018,6,12,摩托罗拉T191，记得那个广告就是黑白屏上的小兔子。。,2,圣杯八,302207563
97,2018,6,2,不管 不管 不管 向前看...,0,歌吻鲧,368917990
98,2018,5,25,梵谷不跳舞,0,梵谷不跳舞,132774418
99,2018,5,19,就是这样！前进！,0,Erika_Linder,305117600
100,2018,5,12,有个问题，这首歌不是翻唱的嘛😓我一直为这张专全都是翻唱…,0,丰阝君,296235500
101,2018,5,6,今天真是个好日子！,0,Erika_Linder,305117600
102,2018,4,21,那时候摩托罗拉还很牛比的。,0,一路向北171222,1318006692
103,2018,4,17,这是一首广告歌吧,0,归属何方,1358738
104,2018,4,14,这首和up2u貌似当时引进版没有收录,1,李牧畚,267765402
105,2018,4,14,好听,0,毛毛虫0912,323067104
106,2018,4,13,嘿呀[可爱],0,張_贰,42585757
107,2018,4,8,还有很多很好听的歌，我随便给你来一个，私信给你,1,跳舞的克卜勒,122786310
108,2018,4,7,我的谁都别抢,1,YSHii-,411163040
109,2018,3,31,我姿的歌能让人在黯淡的时光里，笑成另一个世界的自己。或许我下次醒来，我也能变成这样一个洒脱的人,4,赫加文,80700321
110,2018,3,30,是啊，刚才手机突然放了这首歌，惊觉这首歌怎么这么好听！,1,MDXIS,344564103
111,2018,3,23,傲娇！,0,老楼上的猫,36122428
112,2018,3,22,我的热门你不赞,0,跳舞的克卜勒,122786310
113,2018,3,22,这首歌是有多冷门！[撇嘴],1,老楼上的猫,36122428
114,2018,3,22,真希望有一天能找个燕姿一样的女生,2,英格拉姆s,344450592
115,2018,3,22,说去就去,0,英格拉姆s,344450592
116,2018,3,22,年轻有朝气,0,英格拉姆s,344450592
117,2018,3,22,活捉,1,跳舞的克卜勒,122786310
118,2018,3,22,[大哭]不可以,1,跳舞的克卜勒,122786310
119,2018,3,20,"又是一个10点回家的夜晚,谢谢路上有你的歌陪伴",0,有时候的夏,92221771
120,2018,3,20,怎么，不可以吗[奸笑],0,Jay爷,600324080
121,2018,3,20,[大哭]公开撩妹？,0,老楼上的猫,36122428
122,2018,3,19,今天不就是永远？,0,英格拉姆s,344450592
123,2018,3,19,就是这样 超越虚拟的世界,0,英格拉姆s,344450592
124,2018,3,19,说去就去,0,英格拉姆s,344450592
125,2018,3,14,愿大家 心事少一点，情绪好一点,0,33轉的LP,630862795
126,2018,3,12,gay 多点,0,林守乐,55243746
127,2018,3,5,我是个假粉,0,念舊的峰,49351360
128,2018,3,4,我上高中就听过了，摩托罗拉主题曲。一晃快十几年过去了。,0,一路向北171222,1318006692
129,2018,3,4,摩托还得靠骡拉。,0,一路向北171222,1318006692
130,2018,3,3,那段叫声……很好听啊[憨笑],0,33轉的LP,630862795
131,2018,3,1,就是这样 摇滚吧全世界,0,英格拉姆s,344450592
132,2018,2,25,MOTO,0,郑局捣鸡猫,88067399
133,2018,2,24,就是这样,0,未完成19991230,503310441
134,2018,2,14,就是这样,1,跳舞的克卜勒,122786310
135,2018,2,12,新年快乐,0,DogIII侯家方,128760365
136,2018,2,12,正好今天天气大好，走路带风,0,廖莹如,86204440
137,2018,2,8,这是给哪个手机的推广曲？,0,海雾戦艦Haruna,58898304
138,2018,2,2,这个竟然没有评论,1,果汁爱学习,1350631564
139,2018,2,1,15年姿迷,1,王金1711,632842409
140,2018,1,28,啊哈？,0,闲棋清宵信拈花,455501288
141,2018,1,28,我是男姿迷，高中开始听燕姿的歌,0,Jay爷,600324080
142,2018,1,28,姿迷，有男票吗[奸笑],0,Jay爷,600324080
143,2018,1,21,哇好早的歌，随机到的，不过燕姿的每一首歌都会唱(●ˇOˇ●),0,闲棋清宵信拈花,455501288
144,2018,1,20,耐听[亲亲],0,SissiO_o,359922103
145,2018,1,14,好听好听！,0,lost晓,136252950
146,2018,1,11,"7911upup
",0,给周先生的一支歌,103641395
147,2018,1,6,很带感！签到！,0,向日葵的天空138,1332989081
148,2018,1,4,姿妈最美[亲亲],0,等不到的晚安与我无关,375186998
149,2017,12,30,冬天了 我穿短袖  体验夏天的感觉  突然想到燕姿这首歌 ❤️  ,1,sunyanzi33,40958518
150,2017,12,18,前奏真带感,1,跳舞的克卜勒,122786310
151,2017,12,17,天津fm106·8来的,0,Shiping-侍萍,353217116
152,2017,12,14,[色][憨笑],0,恕不闲聊,124205244
153,2017,12,6,反正我女的,0,陌上蕈,310643715
154,2017,12,2,老歌总是最美,0,女Rp王,130150517
155,2017,11,29,首首都是经典,0,幸福来敲门999,487608383
156,2017,11,25,总会自私的在发现一首喜欢的歌之后，就想让它不被别人发现。。。,0,爱啃TNT,487505847
157,2017,11,23,千万不要都来听，虽然评论少但是并不想突然火了都过来跟风听,0,弋者何慕,48039650
158,2017,11,20,天冷的时候听一听，突然就不冷啦,0,与准,124868690
159,2017,11,17,粉了14年，[这边]竟然没听说,1,小小雨昵称已被占用,339284221
160,2017,11,16,哇塞老歌真好听,1,姿迷,7559252
161,2017,11,15,出了新专辑都不开演唱会！,0,我本来就很瘦,375918828
162,2017,11,13,+1,0,禽室长,1533191
163,2017,11,4,不管 不管  不管,0,歌吻鲧,368917990
164,2017,11,2,喜欢燕姿十几年，为什么这首像没听过一样，我大概是假的歌迷,2,念舊的峰,49351360
165,2017,10,27,年轻就是好，那时候的燕姿，活力四射,0,英格拉姆s,344450592
166,2017,10,27,年轻的,0,英格拉姆s,344450592
167,2017,10,24,打卡,0,平面小狮仔,85869759
168,2017,10,10,燕姿的女歌迷多一点还是男哥迷多一点呢？这是个困扰我很久的问题,3,ni瞎呀,280591460
169,2017,10,8,就是这样摇滚吧全世界 座右铭,2,五号克里斯,136043655
170,2017,10,5,速度快一点 脚步大一点，心事少一点 情绪好一点，明天或后天 不管 不管 不管，向前看紧一点，就是这样 摇滚吧 全世界，就是这样 超越虚拟的界线，就是这样 颠覆时间。,1,会飞的圆圈圈,377533009
171,2017,10,1,我太爱这首歌。,0,Miasun8,547177720
172,2017,9,29,18年姿迷留名,1,风云无霜,101464143
173,2017,9,16,就是这样,0,奇妙能力者曾梦娇,106584213
174,2017,9,14,我第一台也是摩托罗拉的  298呢 虽然只是老人机,0,沦落而成美z1,508505735
175,2017,9,14,人怎么这么少啊  快来顶上999+啊,1,沦落而成美z1,508505735
176,2017,8,13,就是這樣 發新專吧。,4,鄒爸比,85768778
177,2017,8,12,爱姿,0,封不觉99,311428838
178,2017,8,5,还能怎样,0,TGLYY,270466393
179,2017,8,1,这是这首歌第200条评论。,2,跳舞的克卜勒,122786310
180,2017,7,28,[爱心],2,徐丨若木,246749232
181,2017,7,28,姿持我姿[憨笑],1,180cm一,115012093
182,2017,7,26,卡带里没有！,1,一鱼鸿毛,375981275
183,2017,7,25,就是这样！,1,贝影犹存,264592075
184,2017,7,21,就是这样好听,1,甜甜辣辣就是我,475642194
185,2017,7,21,加油努力忙着优秀忙着长大。,2,有空一起看星星好么,515035194
186,2017,7,20,那天，我蹲在后院的旱厕里拉屎，外面下着雨，随身听里的这首歌让我喜欢上了孙燕姿。,1,rking555,258328394
187,2017,7,14,听燕姿的歌的感觉，这首好听，那首也好听，卧槽，怎么全部都好听。就是这样，神奇的燕姿。,48,跳舞的克卜勒,122786310
188,2017,7,10,同问,1,张大zhao,517302641
189,2017,7,10,燕姿的声音永远都拥有能穿透我心灵的能力！这么多年了，一直觉得做你的歌迷是幸福！,0,张大zhao,517302641
190,2017,7,9,评论少的歌不一定差[钻石],1,罗宏镇镇长,398974365
191,2017,7,5,"第一次听是听宿舍的同学唱出来的，今天不知道为什么脑子就一直冒出这首歌旋律，以前一直以为是“就是这样，要拥抱全世界”.....Anyway,今天是晴天。",2,DEER_SIR,1713259
192,2017,7,3,摇滚全世界,0,香香君的太阳,74384242
193,2017,7,3,就是这样,0,香香君的太阳,74384242
194,2017,7,1,听起很欢乐,0,悟空7V_,43887687
195,2017,6,30,184[吐舌],0,KitKat__,41723861
196,2017,6,29,啥都不想做。只想听歌。就是这样。,2,木又南,291853741
197,2017,6,25,181？,0,山人倚梦,113511311
198,2017,6,23,就是这样，摇滚吧，全世界,0,尽力170419,470214770
199,2017,6,18,暴露年龄了[憨笑],0,henryrjw,281446749
200,2017,6,15,就是这样！,0,丶一朵无言花,429740462
201,2017,6,15,来打卡,0,KitKat__,41723861
202,2017,6,11,啦啦啦啦心情好,0,LALA197,398705118
203,2017,6,8,日常打卡，有燕姿的地方就有我。,1,跳舞的克卜勒,122786310
204,2017,6,4,给我点赞的都是真姿迷！,1,美羊羊与小灰灰,70860907
205,2017,6,3,💓,1,黑暗行星古兰斯菲亚,495929451
206,2017,6,2,日常打卡，有燕姿的地方就有我。,3,跳舞的克卜勒,122786310
207,2017,5,29,手动踩爪印，端午燕姿专辑一日游😏,1,凌晨三点不睡觉的雨果,120801740
208,2017,5,28,[鬼脸],1,过往云烟视而不见,305289320
209,2017,5,26,过分好听！,1,Missing芽,129376696
210,2017,5,16,啦啦啦啦啦太好听,1,刘林凯,135873777
211,2017,5,15,听到这首歌，情绪会被调动起来,1,张紫宁的侧脸,37236080
212,2017,5,15,十四年,1,starrylee,29431936
213,2017,5,15,就是这样自然,1,starrylee,29431936
214,2017,5,13,[吐舌],1,过往云烟视而不见,305289320
215,2017,5,10,我的第一台手机就是摩托罗拉T191[大哭],1,韦一道没有每天做一道菜,71802443
216,2017,5,10,天气晴。[爱心],2,就一姿迷,257349522
217,2017,5,7,就是这样 没错,1,第二最爱5,40713001
218,2017,5,6,摩托罗拉心语T191，懂的人请举手！轻点右上角,5,henryrjw,281446749
219,2017,5,3,有燕姿的地方就有我,1,气氛来了就要醉,308485041
220,2017,4,30,就是这样～,1,你好艾瑞斯,102242948
221,2017,4,25,就是这样 摇滚吧全世界[奸笑],1,鱼雨子酱,50983533
222,2017,4,16,为什么当时的卡带里没有这首歌。。,1,迷糊酱Mia,421693402
223,2017,4,9,就是这样摇滚吧全世界！！,1,00粒粒橙00,359728641
224,2017,4,8,适合……去旅行,1,苏三伞,111844957
225,2017,4,7,我爱孙燕姿,1,O_oHULLO,343829645
226,2017,4,5,最爱就是这一句—就是这样摇滚吧全世界！每次唱完，感觉自己年轻真好！,1,五号克里斯,136043655
227,2017,4,4,就是这样好听！,2,稻草人铭,260570030
228,2017,4,3,顶。。。,1,Mark朽木,49455719
229,2017,3,30,光啦啦啦都好听,1,失眠大猫,58785369
230,2017,3,30,姿妈好洒脱，就是这样[发怒][发怒][发怒],0,失眠大猫,58785369
231,2017,3,30,凑凑凑凑人数，顶姿妈,0,失眠大猫,58785369
232,2017,3,28,摇滚吧全世界！！！,0,O_oHULLO,343829645
233,2017,3,23,"就是这样。。
",0,雨殇HV,73353857
234,2017,3,19,心事少一点，情绪好一点[爱心],0,故是人,96842636
235,2017,3,10,就是这样,1,太阳底下0723,16072610
236,2017,3,2,[爱心][爱心][爱心],1,悄悄撤退,124727349
237,2017,2,27,爱姿,1,姿意燕为,263726012
238,2017,2,21,Yan-zi.,2,孤独小孩o,273175427
239,2017,2,21,就是这么酷炫,1,小妮子大王,270783251
240,2017,2,21,这么好听的歌居然没有999+,2,Leroy_R,40156164
241,2017,2,20,酷毙了，word姿,0,柒星雪,85911992
242,2017,1,28,就是这样 摇滚吧 全世界,0,于你旧故,45536863
243,2017,1,10,姿式洒脱~,1,八宝蔡菜菜,376055697
244,2017,1,5,[亲亲],0,阿凛alin,314946325
245,2017,1,5,就是這樣，你那麽酷。[呆],1,鄒爸比,85768778
246,2017,1,5,就是這樣，天天關注姿媽。[亲],1,鄒爸比,85768778
247,2017,1,5,就是這樣，喜歡姿媽。[亲],1,鄒爸比,85768778
248,2017,1,3,莫名的好心情～,1,__打马而过,263655467
249,2016,12,22,很有感觉。,0,雨殇HV,73353857
250,2016,12,8,很爱的专辑，当年听了无数遍，当年[流泪],2,南湖梦寻,78888262
251,2016,11,30,我姿,1,抛物线Ai,75868101
252,2016,11,30,如果网易云早点出现 相信我 这评论肯定会爆掉,1,包包发发呆,330557939
253,2016,11,22,大爱,0,一凌乱指纹一,365165697
254,2016,11,22,[爱心]~,0,代号六壹,47462296
255,2016,11,21,哪都有你！！,0,HelloWinnie-,51808854
256,2016,11,19,就是这样，顶顶顶,0,天狼刃,278161657
257,2016,11,4,当年燕姿的歌首首都这么nb吧,1,万圣节的老朋友,34075495
258,2016,10,29,那就这样吧,0,ROARSUM,110373349
259,2016,10,29,听到这里的都是真爱,0,莫名其妙哼,347123341
260,2016,10,25,评论太少，不开心！,0,uncanny1993,7607400
261,2016,10,20,就是这样😊,0,Believe_Angel,64943187
262,2016,10,19,听到又想到小时候，洗着衣服，复读机里放着孙燕姿磁带，声音开到最大跟着唱的，好美好的～,2,Asperger-,88128096
263,2016,10,16,哒啦啦啦[呲牙],0,有惆怅跌入了恒河,117914800
264,2016,10,15,心情助力器,1,韩建国小朋友,29901804
265,2016,10,11,包小柏的曲，易家扬的词，孙燕姿的歌！！！这么nb居然评论少的可怜！！！多希望云村村民们在万里晴空心情大好的时候听到这首歌啊！！🌴🌾🌾☀🌊🌈🍻💃🎤,142,DogIII侯家方,128760365
266,2016,9,24,晕死了！,1,爬在红枣上的蜜蜂,141624
267,2016,9,20,"在没听孙燕姿之前，我以为这世界上只有周杰伦
",3,诺坎普拉玛西亚,83009512
268,2016,9,14,总是有听不厌的歌.........一个CD，一人一只耳机的岁月如在昨日，伴我青春的声音~  如今五年天各一方的俩人，能确定的也只是同时都还那么的喜欢听着你的歌......,2,YoursongMystory,279517279
269,2016,9,12,今天就是永远！,0,過雲雨86,99523824
270,2016,9,5,103,0,sn98,65189538
271,2016,9,3,热血沸腾的歌 ,0,journeyfancy,22093583
272,2016,8,27,101,0,立凡2,125223205
273,2016,8,27,就是这样爱燕姿到老！！！,4,帐号已注销,124859943
274,2016,8,25,99,0,Ziu丶To,295862279
275,2016,8,23,98,1,看我可爱咩,65911192
276,2016,8,20,过百,0,JaxP1nkman,103385637
277,2016,8,19,是的，你暴露年纪了……,1,忘不掉的明天r,101795664
278,2016,8,19,我还没当爸，哎,0,忘不掉的明天r,101795664
279,2016,8,14,94,0,Leeuz,86744306
280,2016,8,13,好带感,0,野小玄,44137665
281,2016,8,8,少见的不过百,0,zero龙x,116126066
282,2016,8,7,就是这样！哼唧,0,帐号已注销,3616642
283,2016,8,1,前奏的鼓点很有感觉！,1,嗯-好的,38290128
284,2016,7,29,手机名字就叫孙燕姿[大笑],1,爱姿海,126397948
285,2016,7,29,我是王海峰我喜欢孙燕姿,2,爱姿海,126397948
286,2016,7,17,抖到停不下来,0,Zhaosingsing,130769006
287,2016,7,15,记得当时一个手机的广告还用到了这个歌。。好久远的事情，忘了什么牌子了，好像是摩托罗拉？,0,悲伤的小可乐,32461353
288,2016,7,14,嘿嘿，更怀念的是青春,0,-有姿有菋-,129649056
289,2016,7,13,磁带的时光好怀念啊,1,帐号已注销,3616642
290,2016,7,13,忠实姿迷，想说的是，磁带的时代，这首歌一天能听十几遍！那种怀念无可匹敌！,2,-有姿有菋-,129649056
291,2016,7,11,我们燕姿就是什么类型的歌都能拿捏到位，什么苦情励志这类杀手锏就不说了，舞曲，小清新，摇滚，哪样不是手到擒来？,4,忘不掉的明天r,101795664
292,2016,7,5,我拿这歌参加过比赛[呲牙][呲牙]还拿奖了,3,是小27吖,106458515
293,2016,7,3,差点儿就跑去买薇姿了[大哭][大哭][大哭],0,南极极帅,2970468
294,2016,7,2,前面几句好像懒得去管,1,woowya,565146
295,2016,6,24,[可爱],0,三分钟小姐_,74181557
296,2016,6,18,就是这样，嗓音是那么美,1,账号还是注销吧,17481219
297,2016,6,18,表白孙燕姿,0,账号还是注销吧,17481219
298,2016,6,12,青春和阳光的味道,2,Stefanie7lv,249236742
299,2016,6,9,[憨笑],0,淑一儿,117484846
300,2016,6,7,滴 学生卡,1,Nnnnnnononn,115189651
301,2016,6,2,就是这样,0,其实很简单k,51332087
302,2016,5,30,就是这样,0,帐号已注销,125411539
303,2016,5,28,广告歌,0,柒星雪,85911992
304,2016,5,27,深爱这一张。,1,slxxx,9427842
305,2016,5,25,[爱心],0,细水长流---,13977923
306,2016,5,22,好听啦啦啦,0,林守乐,55243746
307,2016,5,22,21:13,0,林守乐,55243746
308,2016,5,14,前奏 厚厚,0,孙燕姿的锁骨,17714009
309,2016,5,12,那些评论四五百的我都忍了 这个不过百真是不能忍<(｀^´)>,1,嘻嘻哈哈的嘻嘻xixi,68194415
310,2016,5,10,挺好听的,0,-mmm-_,134181266
311,2016,5,9,初一的歌,0,Stoleakey,18293048
312,2016,5,6,我就是这样  哈哈,1,指点江山654,104508435
313,2016,4,29,[惊恐],1,月亮可以代表我的,83289457
314,2016,4,27,咚咚咚咚咚咚,0,Cypress_Nectar,52419940
315,2016,4,26,哈哈哈#就是这样#,0,姿为你生,118632959
316,2016,4,25,这评论不科学，我姿的评论由我们组成～,7,SparksFlyMe,16617893
317,2016,4,22,嗯 就是这样,0,举个西木,60673274
318,2016,4,16,摩托罗拉都已经倒了[大哭],1,Cassen,37056951
319,2016,4,15,脚步大一点,0,孙燕姿的锁骨,17714009
320,2016,4,7,当时觉得两首广告歌是这张专辑里最好听的,0,oopsopus,102547415
321,2016,4,7,不是没人听 因为听这首歌的那个年代 都用磁带,0,雨陨,31875806
322,2016,3,31,就是这样 摇滚吧 全世界,0,AmanoAki,44216242
323,2016,3,23,就是这样[呲牙],1,其实很简单k,51332087
324,2016,3,14,评论数不该是这个样子的！！！！！,0,xf帆,91895203
325,2016,3,7,多久没听了 一张口就能跟着唱 其实都没忘[可爱],1,hiddentrackkk,18334259
326,2016,3,6,让我们一起摇摆……,0,孙燕姿的锁骨,17714009
327,2016,3,4,崩次打次崩次打次 崩次打次崩次打次,1,石楠的荒原,92607144
328,2016,2,26,听着歌的感觉就是哪哪都很好……,0,a我们都是小行星,126569551
329,2016,2,10,就是这样！,1,禁忌魔法师,2454019
330,2016,2,6,有多少人因为wyyyy的问题听歌有些卡顿的这首歌曲，感觉效果更好。,0,李剑7,12795261
331,2016,2,5,哈哈哈。,0,忘则通,79952063
332,2016,1,11,我不管 我姿怎么唱都好听,4,卷积赫敏,77600286
333,2016,1,8,[憨笑]在我心中，跟伦哥一样占据着我中二期的歌手。。充满回忆,0,大爪子猫,50633290
334,2016,1,7,"我的心情，向明天看齐~速度快一点，脚步大一点。
寸阳分阴须爱惜，休负春色与时光[大笑]。",0,长亭缱绻,19515209
335,2015,11,28,不认真听还真没听出来音质有问题,0,海外小仙人,65586509
336,2015,11,27,"说去就去 发出讯息 接收我的频率
冒险前进 顺从心里的好奇
不想隐瞒 不想委屈自己
我的心情向明天看齐",0,长亭缱绻,19515209
337,2015,11,11,评论好少,0,heynoodles,11877675
338,2015,10,28,满血[奸笑][奸笑][奸笑],0,你不是孤岛__,65204835
339,2015,10,6,抖腿[生病],0,M猫耳朵M,88532251
340,2015,9,28,嗯 就是这样,0,Jeremy-Anifacc,7302920
341,2015,9,12,都当妈了！都不等我,59,爬在红枣上的蜜蜂,141624
342,2015,9,11,啦啦啦,0,starrylee,29431936
343,2015,8,30,我姿唱什么都好听,1,starrylee,29431936
344,2015,8,30,翻唱莫文蔚得,0,starrylee,29431936
345,2015,8,7,好了，不卡了,0,李剑7,12795261
346,2015,7,22,因为这首歌以为电脑坏了，要不是看评论我都要换电脑了，燕姿你真会玩儿。,0,李剑7,12795261
347,2015,7,16,揍死则氧 揍死则氧 腰滚吧犬世接,2,帐号已注销,44399627
348,2015,6,2,我还以为电脑卡死了[流感],1,失眠的苏菲,48369143
349,2015,6,1,[惊恐],0,帐号已注销,36100836
350,2015,5,25,机智的我用别的播放器下了这首歌,2,湖人死忠,7776579
351,2015,5,19,这首像在总结本专，就是这样，本专发售，大家快来买吧，下专再见了[呆],0,控场,40913104
352,2015,4,27,[狗],0,假装不是大灰狼,44687748
353,2015,4,21,great,0,iCewords,45448138
354,2015,3,17,摩托罗拉广告曲，这卡得没法听！,0,Rishon1st,52576324
355,2015,3,13,@网易云音乐 这首歌有卡顿现象[哀伤],0,湖人死忠,7776579
356,2015,3,13,@网易云音乐 这首歌音源有问题,0,蜜汁叉烧卤肉饭,126188
357,2015,2,22,"我的光碟是不是花了
",0,我要起个文艺范的名字就叫狗蛋吧,48681890
358,2015,1,30,这首歌会卡顿，我还以为是我手机的问题,0,Hk_chen,45175827
359,2015,1,13,卡顿,0,再回不去了,39219333
360,2015,1,8,为什么我听的时候会卡顿？,0,深蓝蜕变,46503072
361,2014,12,30,不穿鞋子体会真的感觉。,0,杰弗利_,39354044
362,2014,10,4,[晕]就是这样。,0,水源春华,14137768
363,2014,7,8,很符合燕姿的个性。。,0,孙燕美,542076
