index,year,month,day,content,likecount,nickname,user_id
1,2019,11,23,加油加油加油,0,愿君依旧笑,559237310
2,2019,11,22,13听起来很上头，沉淀过后更加好听。,0,rfmjs,1357855390
3,2019,10,16,本来想给巴尔韦德找个歌单没想到蛮好听,0,我说呀豁你说giao,395301700
4,2019,9,26,哈哈哈西蒙尼guna,1,六月缺二,120961613
5,2019,9,24,深夜听这首歌感觉真是太好了,2,Original源_,68005848
6,2019,9,22,巴尔韦德out,13,Asap_SRIC,480338278
7,2019,9,22,神专《未完成》，首首都喜欢！,0,梦游姿,555864141
8,2019,9,1,真好听嘻嘻,0,也不是猪只打呼,355734135
9,2019,8,28,可惜网易云上没有,1,自然卷都是坏蛋吧,549854503
10,2019,8,28,Mv美哭了,1,自然卷都是坏蛋吧,549854503
11,2019,8,25,这个评论数不科学呀,0,菜小岩,473329892
12,2019,8,23,"all i wanna do
i do it for you...",0,Z___Robin,1653972546
13,2019,8,21,转眼，你大学毕业了。工作加油,2,羊咩咩喂,50148750
14,2019,8,18,接下来，有好有坏，我都接受！,1,孤帆远江湖,28294002
15,2019,8,18,陶笛吧，陶笛的声音特别好听。真喜欢，比如说《中国姑娘》中间的陶笛演奏，还有陶笛版《千与千寻》。,0,Aupa--Atleti,3676156
16,2019,8,8,满满的回忆,0,Lanchony,101406533
17,2019,8,6,让我看得见，我的信念。,0,xtingya,338191920
18,2019,8,4,好听,0,Goon66,122002802
19,2019,8,3,准备每个再见面👄,0,哈哈娃哈哈哈,117113599
20,2019,7,30,中间那段是什么乐器？口风琴？笛子？,0,识刀客,623315109
21,2019,7,30,特别喜欢这首歌 ,0,泓susan,1456199223
22,2019,7,29,这张专辑最爱接下来 未完成 学会 没有人的方向,1,识刀客,623315109
23,2019,7,27,越来越喜欢这些冷门,2,Rtyuioplk,261981695
24,2019,7,23,我们一直在哦,0,左撇子笨蛋,17493502
25,2019,7,20,顶,0,孙燕姿丶,1813871469
26,2019,7,18,听爆,1,没有灵性的阿周,119517518
27,2019,7,17,开头就是底气。all i wanna do   i do  it for you。,0,假的圆子,131347276
28,2019,7,15,我愿意努力，也愿意接受所有,0,重金悬赏失踪的胸,120410296
29,2019,7,9,赞成～,0,夕鹤君,395032870
30,2019,7,9,加油～我们都要加油～,0,夕鹤君,395032870
31,2019,7,7,这张专辑最喜欢这首歌[爱心],1,晴天不能说的秘密,420643215
32,2019,7,6,很奇怪，《未完成》这张我最喜欢的就是这首歌，暖心又展望了未来，希望和友谊永存。,6,amberhupo,117417048
33,2019,7,6,来看看燕姿，想你！高中的三年有你的陪伴！,0,蜜屎郑大坨,133373093
34,2019,7,4,偶尔觉得累 是了解,0,DacoZ,506872244
35,2019,7,2,没听过,0,八九不离食小姐,133898896
36,2019,7,2,一样一样的 还抄歌词 跟着复读机看歌词唱歌，每首歌都记得顺序和歌词 喜欢的歌在A面B面都记得,0,美洛施,1329930475
37,2019,7,1,第五首。。,0,kendy的风筝,362892899
38,2019,6,27,i do it for you,0,mini薄荷糖,282909247
39,2019,6,25,孙燕姿性格一览无余的一首歌 无论是曲还是词,2,十月知望,610352051
40,2019,6,25,越听越好听呢，继续打卡,1,s1ck1000,1471605268
41,2019,6,18,蛮好听诶！,1,Sparrrrk,270935914
42,2019,6,9,出道19周年快乐❤️Stefanie,1,白開水_Stef,63024998
43,2019,6,9,all i wanna do i do it for you❤️Stefanie,0,白開水_Stef,63024998
44,2019,6,7,冷门好歌[奸笑],1,小米糕啊,1436371488
45,2019,6,7,好喜欢,0,眼零,247100789
46,2019,6,5,[多多无语],0,唐某不沾刘女,347702944
47,2019,5,25,姿妈总能让我在各种坏情绪面前平静下来,2,左撇子笨蛋,17493502
48,2019,5,25,不同意从stefanie开始有失水准，一直到克卜勒都是很好的，只有no.13不合格（我认为,0,mathroccck,321013777
49,2019,5,22,我觉得后面的歌质量也不错,0,他-舅,409543249
50,2019,5,21,和贴吧ID一样,0,杨-老八,120709623
51,2019,5,21,大学已经毕业了吧，还记得这条评论吗？,2,杨-老八,120709623
52,2019,5,1,"接下来，有好有坏
接下来，我去迎接，不后退",0,半票清晨,515749052
53,2019,4,30,这首歌评论这么少 不合适啊,0,深深呼吸fate,1547633662
54,2019,4,29,"all i wanna do
i do it for you",1,我是魏胖子,529178480
55,2019,4,27,接下来有好有坏,0,汤汤爱燕姿,263976898
56,2019,4,25,那时候买卡带，用复读机，一张专辑反复听反复听，听到每一首歌都会唱，连歌词都能背下来，连和声都能唱出来……真的挺怀念信息没有那么爆炸的年代，可以专心扎实地做一件事，学一首歌。可是，才不过十年啊！,3,Autism-H,50695673
57,2019,4,24,燕姿和杰伦，八零后的时代,0,宁琅大人,481803345
58,2019,4,13,mp3+1，那个时候磁带已经不常见了,0,May_fisher,1672347857
59,2019,4,7,评论好少,0,冰薪q,353130041
60,2019,4,6,接下来 可好可坏 [大笑],1,雨墨_disc,80205673
61,2019,3,19,同!不过我是用MP3听燕姿的歌。,1,time-will-tell-me,361105773
62,2019,3,14,"作曲：李偲菘
作词：廖莹如
编曲：Terence Teo

已经添加修改，请小伙伴们重新刷新歌词",7,作词_作曲_编曲_MV导演天下第一,546057330
63,2019,3,5,燕姿(｡･ω･｡)ﾉ♡,0,青山惠美_,81814134
64,2019,3,5,燕姿总能把我带回儿时那无知无畏的心境中呢，祝我生日快乐，哈哈。,2,MOONERV,12249299
65,2019,2,28,每首都这么好听,0,s1ck1000,1471605268
66,2019,2,25,编曲很燕姿哈哈哈,1,迷幻shinee,400625173
67,2019,2,21,95年的,0,1984__,34559962
68,2019,2,11,all i wanna do，i do it for you,2,s1ck1000,1471605268
69,2019,1,17,冷门金曲,1,华_筝,15247544
70,2019,1,14,我觉得后面的专更好听啊,2,大吉大利宝宝,545189629
71,2019,1,7,巅峰的孙燕姿唱啥都好听,1,Y淘淘,283975376
72,2018,12,27,燕姿很多歌不是唱爱情~是唱生活，唱感觉，唱心情。,7,等待的三脚猫,425452061
73,2018,12,25,接下来，有好有坏，接下来我去迎接不后退，希望自己能有个好结局[拜][拜][拜],4,Marrrrs,117891569
74,2018,12,25,超级喜欢 隔段时间就想听这首 无理由,2,Fad-off,1623631626
75,2018,12,21,接下来，终于迎来了复习155天后的考试[拜][拜][拜],3,Marrrrs,117891569
76,2018,12,20,"冷门系列真爱粉聚集地，滴，打卡
怎么能这么好听",4,silicon泥,267369216
77,2018,12,18,以前感觉身边粉燕姿很少，还一度担心燕姿不能被大众喜欢,1,一只龙哩,128221954
78,2018,12,11,一hei,0,Jason_Xye,293202154
79,2018,12,9,接下来，祝自己15天后考研顺利[星星][星星][星星][星星],6,Marrrrs,117891569
80,2018,11,28,评论居然这么少,0,s1ck1000,1471605268
81,2018,11,20,初中的生活一下子浮现在眼前 老了老了 哎,0,Osakasun,77209585
82,2018,11,14,好听呀,0,思璐漫漫,65072376
83,2018,11,9,十几年前的歌，现在听全是怀念过去，怀念那一年喜欢过得男生和做过的傻事,1,念舊的峰,49351360
84,2018,10,30,咦，好像没听过，虽然下载了[大哭],0,眸里星河i,478911487
85,2018,10,28,我觉得还好吧，是乐坛整体不行了，燕姿新专辑还是很有水准的，是时候和克卜勒确实有点平庸。,1,彼得潘与狼,261245021
86,2018,10,23,燕姿的歌真的大不如前了，从英文同名专辑开始，一个不如一个了。为什么在最红的时候宣布退出歌坛，真的很难让人接受。不过还是感谢燕姿当年给我们留下的这么多好专辑好歌曲，未来，未完成。,1,爱生活爱燕姿,560609259
87,2018,10,22,接下来或者接不下来，活着或者死亡,0,丶乛o乛丶,356414662
88,2018,10,20,过了执医考试，接下来。。。,1,going_up_stef,372536854
89,2018,9,22,生活总是会慢慢慢慢慢慢慢慢慢慢好起来的[憨笑],5,簌暮云,1535202251
90,2018,9,12,接下来有好有坏，我都会去迎接,3,FAKINGRID,380794258
91,2018,9,9,冷门金曲,0,今天美好且平凡,551345119
92,2018,9,8,燕姿每张专辑都很有概念,1,FAKINGRID,380794258
93,2018,9,4,接下来有好有坏，我只要记得起点,3,自由行走的花姐,257247794
94,2018,8,27,燕姿的每一首歌我都听过， 每首歌都好听[憨笑][憨笑][憨笑],3,O_oHULLO,343829645
95,2018,8,21,当一切从零开始,2,滑天下之大稽乂,449291978
96,2018,8,18,好听啊，可惜只有少数人听到,1,windbreaker风衣,1482000199
97,2018,8,10,我在贵阳，等你燕姿,3,小小小小小的橘子,85533246
98,2018,8,5,👊🏻,0,林34,400839327
99,2018,8,3,🎧,0,_诗芊,81037679
100,2018,8,1,小时候听的歌常听，现在再听也好听,0,懂事的女孩没人疼,344154386
101,2018,7,31,接下来，还是燕姿,0,奇奇奇奇奇奇乐园,334895512
102,2018,7,30,儿女双全，恭喜燕姿,1,朱一金,626735320
103,2018,7,28,接下來，你要去哪？,0,布鲁斯37号,454262282
104,2018,7,28,燕姿四十岁生日快乐,1,夏小莫,869908
105,2018,7,25,all i wanna do i do it for you,0,雨天遇见隐形人,53055789
106,2018,7,20,初中每次英语听力考试之前试音就放这首，听了三年，终于找到了。阳城三中。,1,the-deer-and-the-crane,318302729
107,2018,7,1,[亲亲],0,我和孙燕姿,100853806
108,2018,5,28,老歌越听越怀念，逝去的那些时光啊，好遥远。,0,水草肃KG,50912230
109,2018,5,25,这张专辑真心好多好听的歌，回个头值得听,2,此间的少年waw,251295053
110,2018,5,25,前奏想起，思绪全都回到过去……,0,33轉的LP,630862795
111,2018,5,23,接下来听你唱到80岁吧,2,Ro1030,90652954
112,2018,5,15,早上起来忽然想哼这首。,0,雨还是不停地落下_,100825170
113,2018,5,11,火锅米线店听到的，然后翻了她几张专辑才找到[大哭],1,扮了解,367524077
114,2018,5,7,你不主动的话 我可以积极一点 你脾气不好的话 我可以耐心一点 你说养不起我 我可以少吃一点 可是你说有喜欢的人了 我就一点办法都没有了呀,1,Fishk1ki,415187405
115,2018,5,7,mark,0,无语的自白,101941920
116,2018,5,1,接下来好好生活,0,我为姿狂,264088748
117,2018,4,29,好爱的一首歌啊,0,33轉的LP,630862795
118,2018,4,27,可以的话，还蛮想看的[呲牙][呲牙][呲牙],0,CHENYUDAN--,279712105
119,2018,4,27,手机录的 画质一般般 确定要看,0,訾央伪装小漠漠,247480354
120,2018,4,23,[呆]好听,0,張_贰,42585757
121,2018,4,23,日推[呆],1,張_贰,42585757
122,2018,4,22,接下来!我去迎接!,0,赟光,454310581
123,2018,4,19,中间那个乐器的声音太好听了！！！,1,西柚方大同,283964311
124,2018,4,14,刚才坐在喜欢的人车上听到电台放这个歌，两个人一起表示怎么这么好听[呲牙],1,山羊胡可以遮住双下巴,260673391
125,2018,4,11,我爱孙燕姿！,3,赟光,454310581
126,2018,4,7,😍😍,0,H_Stef,309880055
127,2018,4,6,回忆啊全是回忆,0,王不对称,254940840
128,2018,4,5,这歌现在听觉得还是不过时啊,1,很摇滚滴事,98010521
129,2018,4,5,🙋🏻同去了一场,1,Emma0613,351476038
130,2018,4,2,继续,0,33轉的LP,630862795
131,2018,3,23,克卜勒大连场我录了完整版的接下来 真的是好喜欢未完成这一张,3,訾央伪装小漠漠,247480354
132,2018,3,23,[亲亲],0,GrandmaLion,56455831
133,2018,3,23,永远,0,害淡,45874458
134,2018,3,21,接下来，有好有坏,2,stef流年,1367583538
135,2018,3,20,[爱心],0,遇姿人,541269428
136,2018,3,20,如此靠近的遥远,0,33轉的LP,630862795
137,2018,3,18,心里能感觉，你们还在，如此靠近的遥远,0,going_up_stef,372536854
138,2018,3,6,接下来有好有坏 接下来可好可坏,2,小小愿望就快实现了他在笑,124506618
139,2018,2,27,03新歌会上你好美啊,3,极美欢庆,351351231
140,2018,2,26,有好有坏,1,未完成19991230,503310441
141,2018,2,26,接下来,1,未完成19991230,503310441
142,2018,2,24,有好有坏,0,未完成19991230,503310441
143,2018,2,24,接下来,0,未完成19991230,503310441
144,2018,2,18,这么好一首歌，评论太少了,3,33轉的LP,630862795
145,2018,2,6,？／一1星,1,lch大华,1287208711
146,2018,2,6,[流感],0,lch大华,1287208711
147,2018,2,5,16:41,0,疯_jf,262379467
148,2018,1,18,"接下来有好有坏
我只要记得起点
接下来我去迎接
不后退",0,微溦微凉,66314208
149,2018,1,17,爱你,3,太阳底下0723,16072610
150,2018,1,15,17:43,0,小种兔,492540
151,2018,1,14,15:47,0,字迹微寒,100562566
152,2018,1,4,10:47,1,林守乐,55243746
153,2018,1,2,还是粉色的磁带,2,ddarkwhite,548737444
154,2017,12,16,听遍燕姿所有歌，自己建一个,0,自行车99,283198338
155,2017,12,16,想找一个听孙燕姿就会很开心的歌的合集？有没有宝贝安利给我歌单,0,自然两小卷儿,549858192
156,2017,12,16,今天来打个卡，改变下评论数～,0,_寒姐眼睛會說話,397907772
157,2017,12,13,燕姿声音好好听[亲亲],1,Cat-Mate,112325450
158,2017,12,6,天天年年   ,0,兜兜-QAQ,426308718
159,2017,12,2,回听阿姿老专辑，真是青春气息浓厚啊,2,小小烁,80544605
160,2017,11,23,加油加油,2,遇姿人,541269428
161,2017,11,22,未完成后就接下来,2,黒色柳丁,278651159
162,2017,11,20,好想去看演唱会,1,空心人aliens,293890770
163,2017,11,16,Data[强][强],0,伊森92,5788229
164,2017,11,1,❤️孙燕姿❤️,1,Candyelfffff,120145529
165,2017,10,29,好听,0,粥暖立黄昏,318895506
166,2017,10,28,不后退噫耶~~,1,花老师小课堂开课啦,353426857
167,2017,10,26,孙燕姿，是什么让她不一样呢？可是，就是不一样，不算狂热粉，但是追随她也有12年了吧……时光怎么流转，世界怎么变迁，但是，总是需要她的声音在，听到就会心安,3,不倒的翁wa,56655266
168,2017,10,24,[圈],0,大勇概论,134023899
169,2017,10,23,有时候  也会想  如果你能帮帮我  我会更有进步吧  可是没有关系的  我从来不应该自以为地你应该帮我  或许  我会自己坚强的,2,苏三伞,111844957
170,2017,10,23,最适合  微笑面对啦,0,苏三伞,111844957
171,2017,10,22,人生毕竟是长跑，回头看，曾经的失利其实也没那么可怕，不是都过去了对么，每个阶段都是新的起点，不怕,1,fluent战士求收敛,61644046
172,2017,10,21,有那么夸张吗[奸笑],1,湖人死忠,7776579
173,2017,10,21,真的是真爱粉啊，到处都看到你,0,燕姿我好想你,403139403
174,2017,10,21,同年龄,0,sty海角天涯,415578058
175,2017,10,19,2003年一个人在宿舍屋顶听着这首歌，当时的情景现在仿佛还历历在目。,1,Ymiee,96531668
176,2017,10,18,十年姿迷，一只中医考研狗每天在自修室煎熬挣扎，去工作不考研的想法无数次闪现，又无数次破灭，接下来有好有坏，12月考研加油[哀伤],7,飞机场de十点半,46177241
177,2017,10,12,‪思路要清晰,0,今天也沮丧了,100161461
178,2017,10,11,24岁的我重新来听燕姿24岁时候的歌,0,sponge啊,40474796
179,2017,10,7,接下来，有好有坏，我只要记得起点。,3,燕姿我好想你,403139403
180,2017,10,5,接下来就是等新专辑了,1,湖人死忠,7776579
181,2017,10,2,听到这首歌好舒服🌥,2,人生得意须尽餐,401462482
182,2017,9,30,爱姿,1,姿意燕为,263726012
183,2017,9,27,评论有点太少了，唉[汗],0,smap-吼吼,399637248
184,2017,9,25,这首好好好好听的歌还是只有这么点评论，但我已经爱了燕姿好久好久了[憨笑]时间过得真快,2,孙霉菲,486142030
185,2017,9,20,接下来要听更多你的歌,1,童辛大可爱,445126747
186,2017,9,11,安心～,0,Islandofcyril,48634536
187,2017,9,7,笛子的感觉 怎么让我有一种秦国一统   刘邦反秦成功，  大唐盛世然后在宫廷里庆祝的画面[大笑],0,左倾者,340559134
188,2017,9,3,那些年，一张专辑可以陪伴一个暑假。,1,danyanpi,52204354
189,2017,9,2,真心好歌,0,左倾者,340559134
190,2017,9,1,期待每一次见到她 听到她,0,始乱终不自弃,80399969
191,2017,8,29,我是赵昂，加油燕姿，我爱燕姿,0,卧似昭昂,566748770
192,2017,8,26,[可爱],1,breeze19860909,485619031
193,2017,8,23,yep！,1,bornthiswayhaha,74666970
194,2017,8,20,笛子声好好听,2,mmivan,103380352
195,2017,8,18,[爱心],2,过往云烟视而不见,305289320
196,2017,8,16,2017-08-18 12:50，饿得睡不着，想产品方案有些兴奋，接下来要去深圳，要和深圳彻底地say goodbye吧……接下来有好有坏，我都要一直有勇气面对🤗🤗🤗,2,乐呵乐呵爱折腾,87411107
197,2017,8,12,[亲亲][亲亲][亲亲],0,海洋过森林,325742808
198,2017,8,12,[大哭][大哭][大哭][大哭],0,帐号已注销,47771448
199,2017,8,11,00:18,0,林守乐,55243746
200,2017,8,8,最坏还未发生   所以不用担心   最好我不知道   所以不用去想    活在当下   够了,2,帐号已注销,258664711
201,2017,8,1,[爱心],0,wokansheihewoyiyang,113113844
202,2017,8,1,[憨笑],0,傲慢的上校yao,17748403
203,2017,8,1,听不清心的声音,0,苏曼_0310,249751105
204,2017,7,29,最近很喜欢,0,hello_嗝嗝,89108431
205,2017,7,24,这么好听的歌，都没有评论,1,Stef黑大帅,370779083
206,2017,7,23,老大生日快乐,3,极美欢庆,351351231
207,2017,7,22,我居然没听过这首歌,0,kendy的风筝,362892899
208,2017,7,20,接下来，要继续推自己向前。,0,咕叽-__,543531996
209,2017,7,18,不知为啥，还有几天就到30岁的我，突然就很想听这首歌,2,大能Ryan,298107206
210,2017,7,16,😁😁😁😁😁😂😃,0,有一只小蜜蜂,383989994
211,2017,7,14,一听到她的声音，整个人都放空了！[撇嘴],0,连钦亮,106632778
212,2017,7,11,前奏一听，我发现这歌我以前超喜欢~,0,sigs,70273968
213,2017,7,7,高中的时候好喜欢这首,0,阿拉蕾的幻想,130658563
214,2017,7,3,这首的编曲 非常适合傍晚,2,Asheezus,110070215
215,2017,7,2,[圈],0,过往云烟视而不见,305289320
216,2017,7,1,每周打卡,0,过往云烟视而不见,305289320
217,2017,7,1,[爱心],0,过往云烟视而不见,305289320
218,2017,7,1,最喜欢这首歌的意义和歌词,1,错生不错过,422192437
219,2017,6,23,分数[皱眉],1,佐加野,48033530
220,2017,6,23,接下来，为啥评论这么少！不服,0,帐号已注销,136258714
221,2017,6,22,爱姿,0,姿意燕为,263726012
222,2017,6,22,打卡,0,O_oHULLO,343829645
223,2017,6,22,爱姿,1,姿意燕为,263726012
224,2017,6,17,啊~,0,回忆与你L,436023969
225,2017,6,15,爱姿,0,姿意燕为,263726012
226,2017,6,11,燕姿就美在每一首歌都带着真实细腻的小心情,1,Mundaney,40198814
227,2017,6,11,可怕，竟然有一首我不熟的[生病],0,Mundaney,40198814
228,2017,6,10,爱姿,0,姿意燕为,263726012
229,2017,6,4,爱姿,0,姿意燕为,263726012
230,2017,6,1,All i wanna do.i do it for you.,1,Desperadorrr,305326637
231,2017,5,30,像我姿写给歌迷的信，现在看来真是感慨良多，十七年了，伴随着我的整个青春期，我姿无法再被超越！,3,凌晨三点不睡觉的雨果,120801740
232,2017,5,30,接下来，有好有坏，又如何？,1,菜小岩,473329892
233,2017,5,28,记得起点撒,0,帐号已注销,110063332
234,2017,5,26,笛子好听,3,一颗沉眠的海胆呀,99327692
235,2017,5,19,🚶,0,其險也如此,57083432
236,2017,5,18,好尴尬😅,0,StopTheClock,70663689
237,2017,5,18,95年的啊🌚🌚,0,1984__,34559962
238,2017,5,6,1分15秒的竖笛貌似又重新把我带回了初中时的自己,2,CleanLiam,65152456
239,2017,5,6,为什么评论这么少？演唱会版本特别好听。喜欢里面的笛子还是什么乐器的加入，简直不能太棒。,1,肉饼君,44821925
240,2017,5,5,尾音好美,1,starrylee,29431936
241,2017,5,3,在这里，斯蒂芬妮成了小众歌手,5,deeyu,325815489
242,2017,5,2,好歌人少系列 立个flag 999+ ,4,coreylee808,247069569
243,2017,5,1,总会在夏天午夜时分听起 窗外飘着雨,1,醉拳甘乃迪士尼,324133877
244,2017,5,1,母带听过,1,醉拳甘乃迪士尼,324133877
245,2017,4,25,听燕姿的歌总能感觉被温暖包围着,3,真红之翼-H,119734057
246,2017,4,15,神曲啊卧槽,2,-账号已注销____,318623237
247,2017,4,2,！！,0,雨__灰,116236646
248,2017,3,30,好听,0,否定先生呀,359054751
249,2017,3,27,爱姿,2,姿意燕为,263726012
250,2017,3,26,晚安，燕姿,1,YZ芣苢,330392808
251,2017,3,10,这首很明显是唱给姿迷的歌[亲亲],1,Kepler0723,247883470
252,2017,3,10,"all i wanna do, i do it for you",4,海绵1874,298588296
253,2017,3,7,爱姿,0,姿意燕为,263726012
254,2017,2,27,高考的前一天听的最后一首歌，隐隐瑟瑟的感觉。高考完11年了，自己也过着左手右手的生活。也许命运就是有这样的安排，也许这种感觉才是《未完成》的精髓。接下来，我继续听着那个年代的自己，有了那个纯真懵懂的时代，夫复何求。,4,像一个英雄背一把宝剑,331431977
255,2017,2,26,"all i wanna do, do it for you",1,飞跃东南海,409885845
256,2017,2,26,接下来我去迎接，不后退！,0,SngEeTzeSng,104396853
257,2017,2,21,歌荒的年代，我重新把孙燕姿，周杰伦，陈奕迅的歌听成新歌……,4,就叫七柒咯,322552622
258,2017,2,20,♥,0,门可罗雀cCc,45395870
259,2017,2,12,爱姿,0,姿意燕为,263726012
260,2017,2,11,有你们陪在每一天,0,过往云烟视而不见,305289320
261,2017,2,7,接下来，有好有坏,2,going_up_stef,372536854
262,2017,2,1,不知道啥时候有演出,1,比一点多很多点,344085429
263,2017,2,1,要去！太棒了,1,一起轧马路吧,126154854
264,2017,1,20,每首歌都是满满的回忆，能回去就好了～,2,yanzicst,79056105
265,2017,1,11,@赤豆sama ,0,帐号已注销,37324702
266,2017,1,8,箫,0,遥远的肉,252846286
267,2017,1,5,all i wanna do,1,IWillTryAnythingOnce_,120948778
268,2016,12,27,接下来有好有坏。可是我不想面对。我怕听到下一句 不论好坏，好的怕自己不够格坏的怕自己撑不住。,1,天越亮,108082590
269,2016,12,27,爱姿,1,姿意燕为,263726012
270,2016,12,23,我能把这首歌理解是送给我们歌迷的吗[憨笑],3,爱喝伊利,44669133
271,2016,12,20,爱姿,1,姿意燕为,263726012
272,2016,12,15,[爱心],1,强大的小明,287917064
273,2016,12,10,偏爱燕姿冷门歌[奸笑]我是真爱粉,5,比一点多很多点,344085429
274,2016,12,10,我一定要去一次孙燕姿的现场,4,比一点多很多点,344085429
275,2016,12,8,心里能感觉，你们还在，如此靠近的遥远,1,圆润英俊的,44312678
276,2016,12,7,就是知足淡然[憨笑][憨笑][憨笑],1,蒋大智,103533263
277,2016,11,29,燕姿放心，我们会永远支持你的,3,帐号已注销,124859943
278,2016,11,26,等你来演唱会,1,Ccchoc,63076208
279,2016,11,26,温习,1,Ccchoc,63076208
280,2016,11,26,小时候听燕姿的专辑，总是喜欢这些不是主打的歌，每天写作业都听,2,王大發大發,124859282
281,2016,11,26,谢谢你陪我成长[亲],2,-i倪-,273359834
282,2016,11,21,这首超喜欢,1,辛蒂王,292792811
283,2016,11,20,怎么讲？,0,叁三俩两,58997232
284,2016,11,20,等,1,孤单---个人的狂欢,263901035
285,2016,11,19,超好听的一首歌 我希望燕姿所有好听的歌都能被安利 而不是像飘着那样 奇怪的走进大众的视线,3,于你旧故,45536863
286,2016,11,18,这首 变成了我的人生观[呆][呆][呆],2,蒋大智,103533263
287,2016,11,15,哟！贵阳,0,嘿独眼熊,109161426
288,2016,11,11,今天看了燕姿的演唱会视频，发现这首好好听。,2,跳舞的梵谷乀,264352662
289,2016,11,11,爱姿,2,姿意燕为,263726012
290,2016,11,9,漩涡是这张专后面出的 。。。,1,楠梓只想做小受,35415969
291,2016,11,9,这张专的封面酷酷的,0,楠梓只想做小受,35415969
292,2016,11,7,同15级，同高考失利,1,姿意燕为,263726012
293,2016,11,7,爱姿,1,姿意燕为,263726012
294,2016,10,29,开头有点像漩涡,2,脑荔木支,34272776
295,2016,10,24,姿迷无处不在，燕姿无可取代！,2,吴士生非,112880785
296,2016,10,24,突然想起了中间间奏的旋律,1,ZY-7,17531038
297,2016,10,20,爱姿,1,姿意燕为,263726012
298,2016,10,19,深圳演唱会的惊喜呀！简直爱死燕姿了…,2,白鬼樱子,103763328
299,2016,10,16,青岛演唱会上第一次听到，现场太惊艳😘👯,3,一只不完美的海星,3241795
300,2016,10,15,未完成是完全酷的专辑,1,反向参照系,79355981
301,2016,10,13,我已无法分辨什么是冷门什么是热门 每一首歌都是一个回忆片段 都是我的青春宝藏,0,花椒吖好麻,9592890
302,2016,10,13,我是来温暖燕姿的冷门歌曲的[可爱][可爱][可爱],2,花椒吖好麻,9592890
303,2016,10,9,"all i wanna do, i do it for you",2,海绵1874,298588296
304,2016,9,29,一辈子姿迷,3,Desperadorrr,305326637
305,2016,9,27,[爱心],2,---宫商角徵羽---,252905260
306,2016,9,27,能听到这儿的都是真爱，这是我最喜欢的一盘专辑,1,叫我李天王,263284637
307,2016,9,26,啦啦啦啦，我就是喜欢她不喜欢别人！,2,孙燕姿你是光芒果,77464742
308,2016,9,23,爱姿,2,姿意燕为,263726012
309,2016,9,21,爱姿,0,姿意燕为,263726012
310,2016,9,21,爱姿,1,辛鹿麋,99000763
311,2016,8,31,不懂为什么，就是特喜欢这张专辑封面上那种感觉的孙燕姿。于是，就很偏爱这张专辑里的每首歌。,3,就叫七柒咯,322552622
312,2016,8,30,我觉得你的昵称就直接暴露年龄了……,1,sendo_14,133365885
313,2016,8,16,"all i wanna do, i do it for you~",0,allensongallen,110131462
314,2016,8,13,接下来，让我们疯狂的没休没躁吧,1,疯歌,1669376
315,2016,8,1,@矮油_小怪兽 ,0,MyBackisTurnedOnYou,60278770
316,2016,7,31,我是王海峰我喜欢孙燕姿,3,爱姿海,126397948
317,2016,7,27,我是王海峰我喜欢孙燕姿,0,爱姿海,126397948
318,2016,7,23,我们当地电台的一位电台主播，也是男生，也是燕姿的粉，他叫阿剑。[可爱],0,陈鏌,129012136
319,2016,7,19,我燕姿,2,motorcycles,283973423
320,2016,7,14,让我看得见，我的信念！,1,Stef逆光,263709714
321,2016,7,7,[流泪]毕业了,1,极懒虫,137065846
322,2016,6,30,高考最美在阴差阳错,1,其实你不知道fly,77380084
323,2016,6,29,"All I wanna do ,I do it for you",0,WOOOOMwang,275225493
324,2016,6,28,燕姿的歌就是这么忧而不伤 甜而不腻啊,2,很摇滚滴事,98010521
325,2016,6,25,这张的磁带我都有呢哈~,1,粟丹Sudan,13092967
326,2016,6,23,原來這麼多人喜歡燕姿，我是男生啊，呵呵(^_^)，不好意思說,2,小蝦米奇奇,130686480
327,2016,6,22,接下来，有好有坏,1,Stefanie7lv,249236742
328,2016,6,16,这首歌真的是唱给我们的啊[憨笑],1,Stef小傻,95849389
329,2016,6,12,复读机的时光,1,我有捷癖,275144103
330,2016,6,7,在电台里偶然听见，这就是缘分吧，陪我好多年,1,熬糖罐儿,69129818
331,2016,5,28,爱生活❤️爱燕姿,1,瞬间得瞬间,51835828
332,2016,5,27,好清澈的一首歌[大笑],2,楠楠邶邶,88627127
333,2016,5,22,22:58,1,林守乐,55243746
334,2016,5,16,《未完成》整张专辑在我心目中绝对是No.1，主题从励志到治愈，爱情苦情到友情，现实生活到梦想希望全都囊括，充满人文关怀情感，连最冷门的《接下来》也如忙碌过后的一杯抚慰人心的奶茶，伴我度过了最辛苦的那年高三🙂,3,裕典,7582133
335,2016,5,10,[大笑],1,戴琉璃冠冕,55151201
336,2016,4,28,[星星],1,9分段,43698842
337,2016,4,23,风轻云淡的励志感[憨笑],2,香瓜与冬瓜,59584865
338,2016,4,13,接下来，会好的。,1,羴也,45109332
339,2016,4,9,从未完成开始，一直到现在，那时候一张磁带反复的听，燕姿，我一定要看一场你的演唱会！,1,昔我网易杨柳依依,94984198
340,2016,4,8,封面好像绫濑遥(´ω｀。),3,精卫-,48729462
341,2016,4,6,燕姿赶紧再开演唱会吧，虽然不想你太累，但是大家都还想听你唱现场[亲亲],2,与旧友,1805209
342,2016,3,23,当我心烦意乱无所适从，我总会打开一个相册看看你们的照片,1,帐号已注销,52361918
343,2016,3,22,我是100咩,1,misstefary,55157484
344,2016,3,22,我的青春啊。,2,ClaudiaJ,60171840
345,2016,3,22,要到九十九哈哈~,0,ClaudiaJ,60171840
346,2016,3,22,接下来~怎么都好,0,ClaudiaJ,60171840
347,2016,3,22,磁带还在家静静躺着,0,ClaudiaJ,60171840
348,2016,3,22,一个人在外地读书，转眼就过去了五年。换了地方，不知道接下来是好是坏，可还是告诉自己不后退。,1,一片海绵,99929129
349,2016,3,21,我是94,1,家养型浣熊,69839733
350,2016,3,20,爱你，美人姿[可爱],1,美好的雀斑,113276650
351,2016,3,20,接下来，我要起床了,1,美好的雀斑,113276650
352,2016,3,14,尼玛 还会删评论！！！,0,xf帆,91895203
353,2016,3,14,我不忍心看到 评论数连99+都没有,3,xf帆,91895203
354,2016,3,14,88,0,xf帆,91895203
355,2016,3,13,留个脚印,0,纳纳姿,120546705
356,2016,3,13,以前的歌才有以前的感觉,0,iamee,20651020
357,2016,3,11,又想舔屏了，，,2,爱喝伊利,44669133
358,2016,3,5,接下来有好有坏，我只要记得起点。,0,zhengke_,129442832
359,2016,3,1,接下来，水草缸马上要到了[呲牙][呲牙],0,草包脑子,46787102
360,2016,2,27,明天,0,无够翘,88327610
361,2016,2,25,勿忘初心 感谢有你,1,9buli,46175575
362,2016,2,20,有年夏天，晚上去网吧，后来旁边座了一个女的，后来她给我写纸条问我什么问题，她不怎么会电脑，原来她是聋哑人，我们沟通都是用文字，后来一起下的网吧，我那会还在骑自行车，骑车的时候，我带的cd机里放的就是这首歌，外面还下着毛毛雨，带着她去吃的饭，记得很清楚吃的是鱼香肉丝，,1,洛杉矶道奇,48665715
363,2016,2,18,哥们，加油,1,Magic1lin,86285214
364,2016,2,15,接下来有好有坏,0,lonely王-铁柱,41087192
365,2016,2,4,接下来，就要过年了，新年快乐，everybody[幽灵],0,澜本姿语,76707783
366,2016,2,2,不忘初心。[大笑],1,lsoda,5756328
367,2016,2,2,接下来，有好有坏。,0,焦躁的木,52977934
368,2016,1,29,这么少人啊,0,ballllllllllllll,120478063
369,2016,1,28,这歌评论好多同城啊,0,很摇滚滴事,98010521
370,2016,1,25,本汪[流泪][流泪][流泪][流泪][流泪][流泪][流泪][流泪][流泪],0,超绝可爱万丽娜,17715728
371,2016,1,22,[爱心],0,用户41965267,41965267
372,2016,1,19,接下来有好有坏,0,孙燕姿的锁骨,17714009
373,2016,1,13,接下来，有好有坏,0,PP药药药别停,123149544
374,2016,1,7, 接下来有好有坏,0,太阳底下0723,16072610
375,2016,1,3,[亲亲],0,黑暗骑士-TDKR,37793064
376,2016,1,1,今天第一次听到这首歌 和朋友晚饭后兜风的车里 电台正在播 认真听着歌词 还有从车窗外灌进来的风 一切都刚刚好,0,tusoa,76246112
377,2015,12,21,这么好听[流泪]大晚上的真的,0,丑毛毛-,85698599
378,2015,12,16,55,0,未完成s,52426699
379,2015,11,22,温暖[爱心],0,Flipped__x,49745777
380,2015,11,19,这么好听，异地神曲嘛,0,星期一的红糖渣,40321555
381,2015,11,14,接下来，我的丽快生日了，我肯定要装逼，祝福短信都不会给她发。,0,lonely王-铁柱,41087192
382,2015,11,7,接下来是什么？,0,箐皮大崽子,46492420
383,2015,10,27,[呆],1,背了个影,26852587
384,2015,10,15,【接下来有好有坏/我只要记得起点】今天有点激动，也有点想你，所以再复杂的纠结也抵不过对你的期待啊。晚安啦。,1,幽灵小姐要加油,52274423
385,2015,10,14,燕姿晚安！,0,大英帝国五连发,44598564
386,2015,9,16,接下来，我要洗裤衩😂😂,0,帐号已注销,52361918
387,2015,8,21,不打算写到朋友圈，因为那里理解的人少。第一次听这首歌是高一刚军训完，去买的人生第一张正版专辑，还是卡带，听了很多天，当时喜欢永远、了解、神奇，听这首歌没太大感觉，现在快奔三了，经历了人生的苦难与挫折，偶然脑海响起这段旋律，只想对自己说，加油，接下来有好有坏，至少还有好的部分,8,布莱克小威喵,2807526
388,2015,8,15,。。,1,湖人死忠,7776579
389,2015,8,15,心里能感受……,0,田间风筝,85958555
390,2015,8,11,yanziyanzi.,1,帐号已注销,44991129
391,2015,8,7,yanziyanzi.,1,帐号已注销,44991129
392,2015,8,7,晚安[大笑],0,Yyhaaa,1316673
393,2015,8,2,接下来 可好可坏,0,听出犬哮,52045863
394,2015,8,2,高考失利，痛苦懊恼听这首歌度过，转眼已快2月，今天收到录取信息，我已释然，大学加油,90,榕阿嬷,75526113
395,2015,7,29,澳门归来,1,苗小王,18133540
396,2015,7,27,就是,1,YZKEPLER,42348015
397,2015,7,16,谢谢这些年有燕姿陪着我们？🌼🙇🏻🙀👋🏻🙆,54,将往观乎四荒Zhang,41213820
398,2015,7,11,接下来 澳门克卜勒[星星],3,乔豆玛袋,35806306
399,2015,7,9,这么少，不科学～,2,我要滴幸福,41437077
400,2015,6,28,6·27·大连Kepler,5,Mxiao丁,17854069
401,2015,6,28,从大连演唱会过来，希望可以每年看一场燕姿的演唱会,6,噗噜噜沽洽洽,17371894
402,2015,6,20,评论好少[怒],0,Caroline515,63154632
403,2015,6,20,今年的演唱会好像都唱了这首,2,kuma的赏味期限,70729752
404,2015,6,20,封面好像刘品言。。。,0,sylviachinggg,32395219
405,2015,6,14,从青岛演唱会过来,1,我们不如这样,19450805
406,2015,6,14,接下来 有好有坏 我只要记得起点,1,董嘉硕stef,8068674
407,2015,6,8,睡前刷一刷#孙燕姿出道15周年#,0,Timohhu,32186702
408,2015,6,2,催泪惹,0,大怪兽的小公举妹妹,34639147
409,2015,5,19,这首歌中考时一直给我力量,0,熬糖罐儿,69129818
410,2015,5,17,从贵阳演唱会过来,57,羊咩咩喂,50148750
411,2015,5,3,从长沙演唱会过来！！！,4,在路上行走,48723938
412,2015,4,11,从常州演唱会过来,1,单曲循环患者,9913822
413,2015,4,11,从常州演唱会过来,0,单曲循环患者,9913822
414,2015,4,6,燕姿是一个时代，但又不止于一个时代。,240,Travelforsoul,45646219
415,2015,3,31,@zxxpsy ,0,带上我回到时间里和你,3882892
416,2015,3,29,跟着演唱会歌单来的,2,从前冷,7553250
417,2015,3,28,演唱会新歌单，练起来,0,一字张,35290723
418,2015,3,28,深圳场要唱这首[惊恐][惊恐][惊恐],0,大怪兽的小公举妹妹,34639147
419,2015,3,23,永远听不厌的孙燕姿。,0,WLOSTWAY,33202756
420,2015,3,19,"All I wanna do, I do it for you.",0,eric慢慢等,14112166
421,2015,3,14,是笛子声吗，还是埙？感觉不太清脆啊，但很好听,0,夏眠的猴子,52446857
422,2015,3,9,我才发现还有评论这个功能欸！！,0,流泪时光,47655202
423,2015,3,9,i do it for u~,0,未完成s,52426699
424,2015,2,9,带回了03年,1,时间煮鱼abc,2971048
425,2015,2,9,接下来有好有坏，我只要记得起点,0,二不贰,11117039
426,2015,2,7,一下带回到06年,0,婲颜惹人醉,49787022
427,2015,1,9,接下来有好有坏，我只要记得起点。往前冲啊别害怕,0,795795,36818997
428,2014,12,10,07年大学入学军训仿佛还在眼前,0,平成风俗,106046
429,2014,7,18,绕个路回家，有些事开始复杂,2,何小马,17761221
