index,year,month,day,content,likecount,nickname,user_id
1,2019,9,25,谢谢小曲库，这个专辑我爱了！,0,我有一块小饼干,333348483
2,2019,7,12,曾经的我们都不会想到，当初那些温柔，那些承诺，都已变成了笑话，这条路走了多久啊，又是什么时候它再也没有我们手牵手的画面。我们，都是笑话啊。,2,哒哒哒夸夸夸,454120056
3,2019,7,7,这就是为啥网易缺少很多热门歌曲版权我却依然喜欢网易音乐的原因：推荐的歌无论新旧总能给当下的我新的感受。我会找熟悉的歌回忆过去，但更喜欢不经意间再次听到曾经常听的歌回到过去，或是听到我从未听过的歌而刻下未来对当下的回忆，这就是网易音乐带给我的—永远都在路上，永远感觉对未来充满期待。,2,扣肉YZZW,17521381
4,2019,6,24,196我来了,1,我莽任我莽-,341243064
5,2019,5,16,这是单为这张专辑重录的吗？,0,你实在太实在了,124123185
6,2019,4,14,谁还记得  是谁先说，永远的爱我。,1,风景依旧-故人不再,369568002
7,2019,4,14,整天到处撩,0,风景依旧-故人不再,369568002
8,2019,4,12,从2 her转过来的,0,IsAspect,127046588
9,2019,3,25,190我来迟了,0,舒肤佳是最美好的,114590120
10,2019,3,19,因为这是为你量身定做的歌,0,吸着烟徘徊在街www,1437326836
11,2019,3,15,不应该啊,0,QIDGK-G,263351692
12,2019,3,15,怎么才这么点评论？,0,QIDGK-G,263351692
13,2019,3,11,记得又如何？不记得了又如何？过往种种，皆是虚妄,0,来人给调音师加鸡腿,253246528
14,2019,2,24,怎么会有永远，即使有，也是自己吧。,0,传肖人员,56528586
15,2019,2,21,伤心的时候听的歌 他伤心时候听的歌 不让他伤心 走了,0,贺兰皮皮,1459057634
16,2019,1,5,我每天一评论,1,阳宝宝321,263825340
17,2018,10,28,多好的歌,1,阳宝宝321,263825340
18,2018,10,7,过了多久我也还记得,1,阳宝宝321,263825340
19,2018,8,5,大部分评论在《真实》和《10年精选》两张专辑下面，这是和孙燕姿的合辑～不过我更喜欢《2 her》的封面～,1,_拚_,15580004
20,2018,8,5,才183个评论，不科学啊[惊恐],2,竟然不习惯_,294122969
21,2018,7,2,过了很久还是很好听,1,远山黛s,443461563
22,2018,6,14,评论这么少？,0,一只鱼o3o,303502129
23,2018,6,13,不该放弃你。,0,一只可爱的肉丸子啊,512177402
24,2018,5,16,《记得》是张惠妹在2001年10月29日，由华纳唱片公司发行的《真实》专辑中收录的歌曲。该曲由易家扬作词，林俊杰作曲，吴庆隆编曲，张惠妹演唱。后来JJ 的《她说》专辑翻唱的啦,3,歸丨鄉,247680396
25,2018,5,16,186个评论【微笑】,0,歸丨鄉,247680396
26,2018,5,13,怎么评论这么少,0,_Alice__Z,346886671
27,2018,3,22,最后未必是因生死而分开，不过是爱不下去了。,0,叶深深深深,326290889
28,2018,2,16,别这样  你还有论文  还要找工作[撇嘴]  你还是大龄少女呢 [流泪],0,香菜girl,483006325
29,2018,1,25,所有的回忆我都记得 当初你那么喜欢我 我却不以为然 当我发现我爱上你的时候你却不信任总以为我是感动我做了那么多后悔的事你现在这样我不怪你其实都是我的错让我错过了那么好的你你说是我让你成长了这可能是我唯一为你做的吧,1,南栀北枳丶七夏,348915639
30,2018,1,9,那年她失恋，考研，我一直和她一起，考上之后一起去ktv，她就唱了这首歌。唱得好寂寞。从那时起我的歌单里就一直存着，时不时听一听。现在她研究生毕业，工作好几年了，遇到了真正爱她的人，看着朋友圈里的她幸福快要溢出来的样子，真为她高兴。,0,Elinor_Sun,61424882
31,2018,1,5,我说听着像张惠妹呢 还真是2333,0,yqy9517,45397248
32,2017,12,18,阿妹,0,小五的想象地狱,343183410
33,2017,9,30,JJ在几年后拿回去自己唱了，阿妹原唱,0,Toiletsaki,42792608
34,2017,9,29,翻唱？,0,jxzz_,489819229
35,2017,9,29,是JJ写的曲啊,0,Toiletsaki,42792608
36,2017,9,26,怎么感觉这首歌是jj的,0,jxzz_,489819229
37,2017,8,29,谁还记得 其实就是 只有我还记得,1,即兴人格分裂,105814352
38,2017,8,11,我好想你。好想你。真的,1,BellSy,60461312
39,2017,8,4,记得点歌台没人点播节目的时候就一直听着这首,0,ySiWi,267872091
40,2017,7,5,两个女人的战争使我喜欢这首歌，并且更喜欢齐伟,1,骄傲的知识分子,114667051
41,2017,6,20,哇，我居然找到了你的评论,1,houlai_L,249374779
42,2017,6,17,好听的歌,0,麦伢妹,33916591
43,2017,6,3,第十七个冬天的夜晚 两千个秘密没人知道 包括 我曾偷偷喜欢你,0,-mreasonchan-,354283884
44,2017,5,4,以前的一句话是我们以后的伤口。刀刀入肉，句句唱到了我的心坎里,1,大老王____,434653271
45,2017,4,24,不好意思刚认识你就喜欢你了,1,不吃鱼的鱼饼,294909776
46,2017,4,9,“听这些歌又回到望天发呆的忧郁女孩”,0,FFFFFFSSSSSSS,132234769
47,2017,4,9,记得几年前你是那么美好，如今还是那个模样然而再也不是我触手可及的那个人了。我只记得最后我爱的人都像你,2,L简单的方式,258838063
48,2017,3,29,@愤怒的扬声器 ,0,京浜東北線,3079342
49,2017,3,29,恭喜解禁[奸笑],0,京浜東北線,3079342
50,2017,3,28,我已深陷,0,胡重一,378495802
51,2017,3,26,"记得 是你先说永远爱我  可最后你走了受伤的却是我【We are all right, the young age has destroyed this commitment.】说好的走到最后我们却输给了时间  初恋想过成家·荒谬  当初年少的我们只因太相信爱情童话",1,語軒Hins,386939373
52,2017,3,23,过了太久没人记得当初那些温柔。,0,mmmmnnmmmnnn,56094213
53,2017,3,19,评论这么少,0,雲槦,247841664
54,2017,3,17,承诺什么的都只是一时的，誓言也只是当时的一时之快。谁能看到以后。谁能牵着你的手保证：只牵你的手给你想要的幸福，爱你宠你一辈子。谁又记得当初那奋不顾身的付出，毫无保留。不爱了就是不爱了。爱情也有保质期。完了就是结束了。记得不如忘记，忘记也就不曾想起。,2,诺言是一个疯字,288295167
55,2017,3,16,我们再无可能了,1,長島冰茶红好彩,353310557
56,2017,3,15,超级超级想去那个知识青年上山下乡的年代，大概是王小波看多了[流泪],3,faceoffunfun,349140445
57,2017,3,15,谁还记得爱情开始变化的时候,0,发条子_,85124624
58,2017,3,11,时间让对方都改变了，当初的我们都已走远。[流泪],0,偶尔想起记忆中的你,436190052
59,2017,3,7,记得，听这首歌好像是与去年的去年的去年的去年的去年的去年的去年的去年的去年的她有关。但，我们都忘了这条路走了多久。记得的，不记得了。,0,qyuky,537078
60,2017,3,4,还是网易云好，能找到免费的版本，以后单曲循环有救啦，心情好[憨笑],2,Macchiatooo,77582294
61,2017,2,19,谁还记得是谁先说永远的爱我  听多了会心伤,0,狮子王kkw,392347476
62,2017,2,9,穷人版[大哭],1,镇隆是我,246207457
63,2017,2,2,好听，JJ有才，阿妹会唱,0,风夕与丰息,260958218
64,2017,2,1,人家不是用了emoji表情代替了吗[奸笑],0,帐号已注销,53914879
65,2017,1,30,看爱情保卫战来的[撇嘴],0,谛听万物,347447323
66,2016,12,27,23号晚上去唱K，回来后决定把阿妹的歌再捋一遍，今天继续。,1,feizaonaoli,47171697
67,2016,12,24,怎么这么少评论,2,过客199310,374220995
68,2016,12,21,齐伟对赵欣梅的爱。虽然剧很狗血，但被其中的爱情深深感染。一个男人的一生中总有两种女人：红玫瑰热烈而美丽，神秘却危险；白玫瑰温润而暖心，稳定却平凡。安稳的活着，热烈的死去，大概我更爱后者。,3,白云是天,263710915
69,2016,12,21,两个女人的战争,2,白云是天,263710915
70,2016,12,13,这么经典的歌，让它成为999+！！！朋友们，加油！,1,锘与少年,364360159
71,2016,12,12,我就喜欢不要钱的😍,4,clyget,290464335
72,2016,11,28,我事时间会说真话，你却不想听了[哀伤],1,差异化的世界,113477413
73,2016,11,21,没有承诺没有表白没有开始没有结束没有过去没有未来。,0,-乐之-,282943321
74,2016,11,12,为什么评论这么少啊,0,中二骚年-,271471154
75,2016,11,2,看到这种歌觉得我们国产就是棒！,2,听着音乐上着大学,281259689
76,2016,10,31,这是下意识的，我懂,0,hewittchoi,8881718
77,2016,10,30,同上,0,hewittchoi,8881718
78,2016,10,30,我读得很溜，没说到孙燕姿差评,0,hewittchoi,8881718
79,2016,10,30,你把张惠妹排在前面我不开心了,1,hewittchoi,8881718
80,2016,10,30,谢谢你把我姿排第一位,1,hewittchoi,8881718
81,2016,10,30,我就想上个热评，可以吗(●—●),0,未申_,17901400
82,2016,10,25,听这些歌又回到望天发呆的忧郁女孩,1,泡泡是只小胖喵,77064270
83,2016,10,25,会不会有以后,0,猫的房东东,38538966
84,2016,9,28,你好点了吗现在 加油(ฅ>ω<*ฅ),0,用户76610493,76610493
85,2016,9,27,你先说会永远的爱我[哀伤],0,-憨憨wu,35227016
86,2016,9,25,那段时间，一开口就是这个。。然后是光良的 你还记得我们的约定~一辈子都不能~。。。。[皱眉],0,不乖的耳朵,121598477
87,2016,9,24,这首歌评论这么少？不科学,2,草莓椰汁儿,55336525
88,2016,9,24,[爱心],0,陈俊凯c,124934944
89,2016,9,22,在图书馆，趴着听！ 听进心里去了！,0,JamCss,128711147
90,2016,9,13,❤️❤️❤️,0,薇苾L657184,321093408
91,2016,9,9,谁还记得，是谁先说永远的爱我,0,小星球撞树,299010827
92,2016,9,5,阿妹 燕姿 杰伦 陈奕迅的演唱会都看过了 还差个五月天she 我的青春就圆满了,4,MAXINEHAN,87844008
93,2016,9,2,其实这是一首不敢听的歌,1,Galanyyy,105526046
94,2016,8,29,这是一个悲伤的故事,1,开往银河,76418078
95,2016,8,27,自从我把收藏的歌曲全部删除，才发现，私人fm推荐歌都还不错。,0,突然想起你欧耶,286081743
96,2016,8,24,只剩一把伞,0,帐号已注销,108533727
97,2016,8,23,你竟然是活的。。？,1,帐号已注销,125300378
98,2016,8,23,fm今天推得歌足够让我抑郁一段时间了,0,没错是阿晓啊,68712689
99,2016,8,20,以前的一句话，是我们以后的伤口😂   情话别说太满，,1,末小1994,126828899
100,2016,8,18,真实和记得,0,明天也要努力啊姑娘,134331346
101,2016,8,17,给我推等不到和记得[哀伤],0,JASON的飯特稀,44556564
102,2016,8,15,喜欢你，想对你百般好。前提我得有个男友。,1,三分叔叔,286030181
103,2016,8,14,98,0,Cookie烤焦了,256141251
104,2016,8,13,100都不到……,0,Terrylawrence,118701140
105,2016,8,12,97  记得  安静的房间 竟然是私人FM大写的赞啊 顶顶顶顶顶,0,胡适之不适,42821303
106,2016,8,12,96。[憨笑],0,青椒妞丝,82526543
107,2016,8,7,记得,0,小MOOON,103045060
108,2016,8,6,只有93这不科学啊？说好的999+呢,0,像一个问号,301430356
109,2016,7,22,不记得,0,31H31h,112641541
110,2016,7,14,确实，曾经越甜蜜动人，分离以后想起来越痛苦，所以忘记比较好,0,秦天真,281391470
111,2016,7,13,可能你永远都不会知道 世界上有一种爱叫放手 ,2,Kimi_zhao,106750294
112,2016,7,1,这首歌陪伴了我刚毕业一年的旅行,0,智扬吴彦祖,113740779
113,2016,6,29,我还记得你联系我的那个时间点，我被骗了6000元。我想一生都会记得你！,0,逯爱岩,267603715
114,2016,6,27,有些歌应景却唱不出来,0,millet91,57427797
115,2016,6,26,现在推荐给我的歌都是当初的你常听的,0,bzzlu,102916445
116,2016,6,26,喜欢这个版本,0,用户47546294,47546294
117,2016,6,23,nayebiniliangefuhaodoumeiyouhao[惶恐],0,qiangwushuang,17802024
118,2016,6,22,过了太久没人记得   当初那些温柔,0,求求丶小婊砸,125705716
119,2016,6,15,谁还记得是谁先说永远的爱我，你我在一起四年，如今这般模样，真的要两个相爱的人，等着对方先说分开的理由吗？,0,zz木影,46520786
120,2016,6,15,暗恋的时候失恋的时候心里有个人的时候不要听中文情歌，太容易入戏，芝麻大的事儿都恨不得滂沱泪流…,2,一只暴躁的大坏坏,88762689
121,2016,6,14,记得.,0,走遍世界丢了你,112831455
122,2016,6,13,这个和林俊杰的不懂哪个先出来？,2,放逐_归途,280271295
123,2016,6,9,高一就在听 高二会唱的。现在大一要结束 一直被声音和歌词感动  后来  有些故事融进去了 就不听了  又见推荐[哀伤],0,帐号已注销,74190788
124,2016,6,8,情歌,0,ms乱世,60847855
125,2016,6,6,听着听着就流泪了,1,宋-耳机分你一半,253092800
126,2016,6,5,绝壁是喜欢阿妹的记得！怎么听都不会厌..,1,Adolie,99084270
127,2016,6,1,好听的歌，要留下个评论,0,呐呐呐呐呐哎,124195424
128,2016,5,31,阿妹这个版本更有感觉[哀伤][哀伤][哀伤],1,i萌萌哒的贱贱i,252916665
129,2016,5,29,好听，，，，嗯嗯嗯@邓超的儿媳妇小鹿的老婆,0,昨天我老婆允儿生日,127138178
130,2016,5,29,你们会不会听着听着又跳到刚开始啊？,1,BigSister,272806845
131,2016,5,28,这首绝对是催泪神曲,0,一路走过的风景,31355779
132,2016,5,26,物以稀为贵,0,一只不爱喝水的鲸鱼,128036261
133,2016,5,25,为什么这么好听的歌，评论竟然这么少！！！！！,1,四火同学呢,123186872
134,2016,5,22,走得太远，终于走到分岔路的路口。,0,LouiseeeLV,1423691
135,2016,5,17,最怕的是，那些过往你还记得，那个陪你走过过往的人已经忘了,0,Sancho桑荞,48166269
136,2016,5,17,❤️❤️,0,Muniram104,74373672
137,2016,5,15,如何维持爱情中的新鲜感。好喜欢，张惠妹。你胖了我也爱你。,0,Xxxphoebe_,99565114
138,2016,5,15,碎的心如何补,0,Xxxphoebe_,99565114
139,2016,5,15,哈哈哈哈 网易云莫名其妙给我推这歌 这是高中班主任手机铃声,0,裴秀智啊,32287686
140,2016,5,14,整部劇，都藏在腦海。,0,tortoisebaby,251922333
141,2016,5,14,评论好少[呆],0,748484丶,47659835
142,2016,5,12,"我们都忘了 这条路走了多久
心中是清楚的 有一天 有一天都会停的
让时间说真话虽然我也害怕
在天黑了以后 我们都不知道会不会有遗憾
谁还记得 是谁先说 永远的爱我
以前的一句话 是我们以后的伤口
过了太久 没人记得 当初那些温柔
我和你手牵手 说要一起走到最后",0,我是一个小气球,275346373
143,2016,5,12,这首歌最好听的还是阿密特这个版本,0,一路走过的风景,31355779
144,2016,5,8,以前听的时候感觉很凄美，现在你肥了，我就现实了,0,慕凡师兄,120252931
145,2016,5,7,就忘了那些事，忘了彼此吧，只记得你自己当时的快乐心情就好，我们都只是更爱自己的，毕竟没心没肺，才能活着不累,0,HaHa不高兴先森,130998705
146,2016,5,3,对啊，那么好听的歌为何评论竟然没999+,0,炸掉明日天地,45470456
147,2016,5,2,应该不记得了吧,0,汤七七y,256030419
148,2016,4,28,你的评论成功的吸引了我的注意力但是你知道吗写评论的时候不用标点符号会让人看起来很累麻烦下次评论的时候打几个标点符号好吗顺便说一下我给你的评论点了个赞[大哭],42,扯淡旳微笑,109695770
149,2016,4,21,我们都忘了这条路走了多久,0,总有人很晚还没睡,133621109
150,2016,4,21,我就不信聂敏敏也用网易云,2,寻求你我所爱,133243127
151,2016,4,18,都忘了 谁还记得呢,0,奥利奥给你i,263238813
152,2016,4,16,心都听化了,0,月下独酌112,132367704
153,2016,4,14,让时间说真话,1,Nov2July,51471729
154,2016,4,9,谁还记得,0,靡不有初鲜克有终-,118306757
155,2016,3,30,我记得你啊，虽然一直避开不去想，但是性格固执也反映在感情上吧，你还会记得我么。,1,DietPepsin,8644398
156,2016,3,25,就这个能下载,1,东京烟雾,70515544
157,2016,3,24,[开心],0,Celine张cc,255748268
158,2016,3,24,是啊 边听还边脑补电视剧 [呆],1,必胜兔,6023873
159,2016,3,24,是不是只是缺一个理由。,0,FrFr_哈鲁Ma,69767219
160,2016,3,23,我也是。突然发现真好听。,0,Celine张cc,255748268
161,2016,3,22,看了电视剧跑来单曲循环这首歌 ,2,必胜兔,6023873
162,2016,3,20,"我们都不知道会不会有以后两个相爱的人等着对方先说",1,帐号已注销,96541744
163,2016,3,18,不想听情歌！因为想爱却又怕受伤,0,二狗KING,116212012
164,2016,3,16,[憨笑]三十一,0,雪凄凄,94907509
165,2016,3,12,永远不要妄想marketing报告的字数会少于3000[皱眉],0,HH在UK,124102150
166,2016,3,7,过了太久，久到什么都忘了，哈哈。。。,1,咕噜咕噜的泡泡鱼,76974379
167,2016,3,7,。歌里都是心情,0,一块扣肉QAQ,52321538
168,2016,3,5,其实喜欢一首歌并不一定要评论的，只要心中有那种感觉何需知音？,1,那邊那個叫羅什麼的,50102919
169,2016,2,21,我们会不会有以后...当这句话说出口时，心里或许就已经有答案了。,0,FreeMyHair,16274423
170,2016,2,21,好少人,0,FreeMyHair,16274423
171,2016,2,20,版本不对吗？人那么少。,0,奶奶哥,72751571
172,2016,2,15,忘掉不开心。人生苦短，及时行乐。,0,浅灰色黄昏,58056825
173,2016,2,4,就连去年在一起时穿的牛仔裤，都肥的不要不要的了。你也离开了，它也穿不了了。你说我的胡萝卜腿也变了。你也不会在嘲笑我了…好难过，你说的，我都记得…只是，我们却没有在一起最后，可是我还是爱着你。,50,春色撩人-,39827483
174,2016,2,3,[钟情],0,后天无语,123879751
175,2016,1,30,评论这么少，确实不科学,2,faye瑞安,87299988
176,2016,1,26,你说，那些快乐都会记得，因为曾经拥有❤️,0,擦啦嘿呦呦,124448119
177,2016,1,11,爱情保卫战分手时的歌曲，感觉调调不错，但一段恋情就真的结束了！,2,用微笑面对,7371443
178,2016,1,3,amei声音好棒,0,canendure,97913331
179,2016,1,2,为什么评论会这么少…,0,SudaFumi,35180589
180,2015,12,25,我又成为了听孙燕姿张惠妹梁静茹刘若英悲伤歌曲的女子[口罩]什么韩国欢快的歌美国激情澎湃的歌丝毫听不进去🌚这并不是一件让人高兴的事😐又要抑郁一阵子了吗[大哭]别这样还得考试呢[大哭],171,侯天宇Oxygen,74767312
181,2015,12,19,烦喏<(ToT)>,0,xixicos,110688579
182,2015,12,16,为何你们都不评论[跳舞],0,蓝爱天空,34438080
183,2015,12,10,这么少，评论，不科学,1,单某某_,54350700
184,2015,11,30,太好听！！,2,奚子奚,97529211
185,2015,11,28,突然听到 怀念～,0,yayayya,94420224
186,2015,11,16,终於給我推薦中文歌了,0,starrylee,29431936
187,2015,8,20,比林俊杰的好听,1,沈如意SRY,928974
188,2015,7,29,没错哦~《2 Her》是张惠妹和孙燕姿的一张合辑哦,80,云音乐曲库,2608402
189,2015,7,28,@云音乐小秘书 @云音乐曲库 孙燕姿成张惠妹了[生病],0,巴拉巴拉大姐夫,77852121
190,2015,7,23,怎么会出现张惠妹[大哭],2,帐号已注销,44399627
191,2015,7,13,[色],0,我不是完美小孩_M,60992154
192,2015,7,5,[惊恐],0,HYUNAXUAN,59257572
