index,year,month,day,content,likecount,nickname,user_id
1,2019,10,12,[呲牙]高中让一个男生帮我抄过这首歌的歌词,0,一只小爷爷,332937582
2,2019,10,7,竟然这么少的评论，学起来,0,XQ0823,489797899
3,2019,10,5,哈哈哈[大哭],0,爱姿患者,376450780
4,2019,10,5,好热啊╰（‵□′）╯,0,加油啊开飞船的大哥哥,1368279288
5,2019,9,18,高音超好听啊！,0,想活在秋天,134708566
6,2019,9,17,太阳底下很热,1,518124,393138893
7,2019,8,18,初二的时候，一直引以为傲的英语成绩突然下降得厉害，特别沮丧。无意间听见这首歌，好像全身都有了力气。15年过去了，现在跟那群初二的小屁孩儿讲初二英语的方法的时候一直没有告诉他们，我是听了燕姿的歌。这是我的秘密吧。哈哈,2,小仙儿1014,1578742737
8,2019,8,17,"天..第一次听到燕姿的这首歌。
日推来的。",4,Gunnnnnnnnnnnnnnnnnnnnnnnnn,263908921
9,2019,8,16,梦回多年前，期待燕姿的演唱会，祝我抢到票!,0,flyingendless,1563706823
10,2019,7,31,每天早上来一遍，开启阳光一整天！,3,y点儿,1296829452
11,2019,7,30,开心开心，夏日消暑,1,弓子宸Lemon,122484126
12,2019,7,23,生日快乐孙燕姿孙燕姿孙燕姿孙燕姿,0,FannySong,74028050
13,2019,7,16,每首都好听，为什么评论这么少，期待明年的演唱会，啊啊啊啊一定要去,0,旖旎11111,330340362
14,2019,7,15,想起了小学时候，我拿着我哥的松下随身听，还有燕姿的磁带，第一次就入迷了,2,小清叫Alan,41402255
15,2019,7,6,我好像又回到了15年前的夏天,1,迦蓝_深红乌鸦,47314867
16,2019,6,27,"做一件对的事
这一天你会很快乐
下一个快乐也要超过☀️",0,Jocelyn香蕉君,393875602
17,2019,6,12,冷门好歌打卡,0,yoyo原,118579126
18,2019,4,26,确认过眼神，是XISU的人,0,郁欢zg,1490733856
19,2019,4,26,缘分呐😊,0,大脸姑娘阿he啊,261473121
20,2019,4,25,校友，一耳朵听就耳熟,0,晴耕雨读1009,133827746
21,2019,4,25,我是跳过去补血的[鬼脸],0,莱恩出跳刀,262479235
22,2019,4,23,XISUer😊,6,大脸姑娘阿he啊,261473121
23,2019,4,5,被洗脑了,0,_吴子诚,275017518
24,2019,3,31,好听诶，怎么没999+呢,3,愿君依旧笑,559237310
25,2019,3,17,好好听,1,任我行走江湖血雨腥风,1492183287
26,2019,3,14,太阳底下听太阳底下晒太阳底下,2,爱姿患者,376450780
27,2019,2,7,新年快乐！燕姿,0,Londinium_,299325388
28,2019,1,14,这样的一首歌，只因为是孙燕姿唱的就变得特别好听,2,阿呆--1803,1396270820
29,2019,1,9,想起初中时候的阳光午后和好友一起去上学的路上 ,1,葫芦小菁刚,327244417
30,2019,1,7,做一件对的事今天你会很快乐，拖延症之歌,0,贫穷是我的属性,65533524
31,2019,1,4,在你的音乐品味中，也藏着高冷的一面。这首有些小众的《太阳底下》，你今年听了32遍。,3,莱恩出跳刀,262479235
32,2018,12,28,做一件对的事 今天你会很快乐,1,林宥俊,347460612
33,2018,12,19,"每当心情不好情绪低落时候都会听这首歌,这么多年来,一直支撑着我,谢谢你,孙燕姿",1,伟宏27,366335676
34,2018,11,19,"人总是在做自己爱的事情时最美。

打破懒惰，向985冲啊，向建筑系冲啊，为美好未来加油啊(ง •̀_•́)ง

晚安。",1,橪大哥,357067947
35,2018,11,13,一首能让心情无比开心的歌。,0,倒过来的天是云,317479226
36,2018,11,10,这首歌很好听啊 居然没啥知名度,1,竹井小久,52789565
37,2018,11,8,在太阳底下，打破等一等的懒惰，做一件对的事，今天会很快乐。,0,阿拉阿宗,71637086
38,2018,10,22,评论太少了。,0,慌张羔羊,69512799
39,2018,9,16,我们都被照射,0,很摇滚滴事,98010521
40,2018,9,11,哈哈，最早的磁带，还是很喜欢的这些古灵精怪的歌~,2,wonwine,249598699
41,2018,9,2,我一定要考乐中,0,chenyijiehooooo,608362154
42,2018,9,1,[爱心][爱心][爱心],0,Mswishfulthinking,277763165
43,2018,8,18,太阳底下[可爱],0,stef虎牙,86952410
44,2018,8,3,太阳底下，热热热[吐舌],0,四有农民,79825724
45,2018,6,21,最爱燕姿，要9999999999,1,跳舞的梵谷yanzi,318974517
46,2018,6,12,为评论999+助力[大笑],1,我在关注我,260597008
47,2018,5,8,燕姿加油！,0,nidemingzi你的名字,586048443
48,2018,5,2,来到这里的都是真姿迷~,0,_燕窝_,485300141
49,2018,5,2,服了老铁，请收下我的膝盖....,0,_燕窝_,485300141
50,2018,4,10,声音极具特色,0,石铁笼,387469629
51,2018,3,29,超级好听啊～,1,王俊凯说他想我了,325834340
52,2018,3,11,[色],0,H_Stef,309880055
53,2018,1,16,下午考试，激励自己,1,计时人生,258834281
54,2018,1,16,很喜欢这首歌哦,0,计时人生,258834281
55,2018,1,10,没问题,0,烤鸭-,435017779
56,2018,1,7,也很励志,0,林深时见鹿晗,125413239
57,2018,1,1,新年第一天，早上醒来就想到了姿妈的这首歌，新年是真快乐呀，走路都能笑出声音来[憨笑],2,我是爱姿病24,249129637
58,2017,12,30,火前留名  等待999+,1,田谷雨嘢,450200844
59,2017,12,17,爱姿妈一辈子[爱心],1,yore-moon,325174224
60,2017,12,9,[色],1,Kepler-3,378301025
61,2017,12,7,太阳底下是同一个家,0,写在冬至,248327478
62,2017,11,20,我就敢说燕姿这些评论很少的歌我都会唱🙋🙋🙋服不服哈哈哈,8,DidyTsui,383946017
63,2017,11,18,听完满身能量嘻嘻嘻,0,清汤时蔬,424026940
64,2017,11,4,[鬼脸] 谢谢你 你也要幸福噢～,0,W若莲,121363070
65,2017,11,3,你很勇敢，要幸福呀！,0,一台红色收音机,312525151
66,2017,11,1,我们在太阳下发光发热[惶恐],0,Candyelfffff,120145529
67,2017,10,26,很喜欢这歌，一搜，居然没有999,0,思想上的污点,276905464
68,2017,10,25,我竟然会唱,0,巴然和日,72196949
69,2017,10,22,超喜欢这歌,0,someoneandsome,2846512
70,2017,10,21,我的青春，都在里面,0,愚人2333,279466676
71,2017,10,11,感觉这首歌充满满满的活力,0,将爱和时光通通看透,50948253
72,2017,10,9,[亲],0,真没称呼了,46163026
73,2017,9,18,居然这么少的评论，其实这歌还不错的～,1,陪Robin渡过,363747326
74,2017,9,12,初三难以入眠的时候，她的歌一首一首的放，直到困意来袭，现在，大二，她的歌依然陪伴着我🌸🌸🌸,1,默玥哒哒,481925822
75,2017,8,19,成长有得点难懂,1,木子王可-,268353457
76,2017,8,15,火钳留名[大笑],0,July-Seventeenth,394504687
77,2017,8,6,快进两倍完全可以做什么冰红茶或者雪碧的广告背景乐啊[可爱],0,六只八爪鱼,277924404
78,2017,8,5,太阳～底下～ 发光～发热～ ,1,松德君,420089439
79,2017,8,3,初中的时候我给全班同学教学过这首歌曲！,4,nuber陆,52836283
80,2017,7,30,棒棒,1,艾银十四,84376596
81,2017,7,24,很喜欢这首啊,0,王喆apace,49469366
82,2017,7,15,好听好听，别被人发现了,2,剧情简介中,136695024
83,2017,7,10,很好听啊,1,青春bgm,137134453
84,2017,7,10,这首歌评论好少啊,1,青春bgm,137134453
85,2017,7,4,超好听，我本无意与众不同怎奈品味出众[可爱],3,温暖如汝,255888912
86,2017,7,4,我们都被照射,0,康子洋,361595597
87,2017,6,30,知道这种感觉,0,ZKGZKGZKGX,73827212
88,2017,6,25,每次做了一件好事的时候就会想到这首歌[奸笑],1,漫步的渴,11985761
89,2017,6,19,快乐[可爱],1,无糖菠萝,125737568
90,2017,6,14,这首歌一直觉得是很好听的，咋就是听的这么少,1,_-太阿,441964684
91,2017,6,12,你先主动别人也就主动啦啦啦啦啦,1,FishAndMissChen,312464101
92,2017,6,10,我姿的歌都灰常好听[可爱][可爱][可爱],2,漂浮群岛走吧,121974190
93,2017,6,8,以前不懂孙燕姿的歌有什么好听的，但最近发现随着年龄的增长这种风格的歌才是最经听的，而且越听越有味道,5,4-forever,490660738
94,2017,6,5,谢谢。,0,hdek,258919527
95,2017,5,23,这是我听孙燕姿的第一首。过去13年啦。可惜那时候还没有感受到魅力，直到逃亡。,2,梦想太远午餐吃饭不吃面,256522772
96,2017,5,23,都是我的青春啊啊啊啊就在太阳底下我们都被照射…,2,lotus4747,2450087
97,2017,5,19,我姿的每首歌我都喜欢,1,孤独的时候也经常,137603828
98,2017,5,16,每首歌都喜欢,0,我才不是撵红兔,281210342
99,2017,5,6,最近重温燕姿的歌，各种青春回忆啊,2,ztt郑,321340949
100,2017,5,6,真是什么样的人就吸什么样的粉！被粉十四年，无论听多少次都能接受满满阳光，大爱燕姿！,6,冰茶拿铁,259574192
101,2017,5,5,初中听的，感觉自己一下子就老了呢,1,Lee_仔,7384951
102,2017,5,3,燕姿这首是我用了好久的网名,5,热风ste,333938742
103,2017,4,30,阳光正能量,0,弱水三千多取几瓢,46493773
104,2017,4,24,庆幸自己高三时候听了这首歌，做一件对的事这一天你会很快乐！,0,缺席的黑夜,126886342
105,2017,4,22,这歌好听但是冷门,2,小猪佩奇1218,57086777
106,2017,4,15,太少了吧评论,1,-Stefanie--,435506899
107,2017,4,12,做一件对的事[爱心],0,我是黑黑黑苹果,29761014
108,2017,4,11,为什么评论这么少。。。。,0,羊羊羊点,74493277
109,2017,4,9,好听！,0,sy781018,127330772
110,2017,4,8,好有正能量！,0,寒拾泉,334582186
111,2017,3,24,喜欢燕姿的感觉就像是刚晒过的被子一样温暖。燕姿，永远爱你[亲亲],3,坡花Stefanie,399160963
112,2017,3,23,签到,0,吕立开,135164365
113,2017,3,20,孙燕姿是我女神,3,我有努力和这个世界变熟,394296679
114,2017,3,17,孙燕姿正能量的歌很多，奔，第一天，绿光，太阳底下。,2,小晖小子抢走了,41812117
115,2017,3,10,孙燕姿的歌评论居然这么少 ╭(╯^╰)╮这是多么阳光的歌曲呀就是要在太阳底下放声歌唱,0,伊默轩,249878836
116,2017,3,4,我现在就在太阳底下听着燕姿的歌,2,帐号已注销,124859943
117,2017,2,15,本来不想评论  但燕姿的歌评论怎么能这么少,0,风色挽歌,263564958
118,2017,2,11,[亲亲][亲亲],0,天黑黑-Kepler,280227837
119,2017,2,8,哥青春年少时的华语乐坛可谓“百家争鸣”；周杰伦，林俊杰，王力宏，潘玮柏，飞儿乐团，she，孙燕姿，萧亚轩，蔡依林，陶喆，五月天还有好多，当年的歌曲质量真心甩现在这些选秀党太远！现在林俊杰，周杰伦，蔡依林依旧坚挺！其它的不是在家养孩子就是发福，飞儿乐团和萧亚轩直接迷之失踪！,6,发疯的Riff,391564
120,2017,2,2,我的太阳花女神上线啦～,2,DICI小气鬼,252271359
121,2017,1,30,声音好好听啊！,0,YZKEPLER,42348015
122,2017,1,12,高中的空间音乐之一…真心好听。很温暖。,1,abbycicigi,349063902
123,2017,1,11,一起走到可不是[惶恐],0,硒硒,258739742
124,2017,1,10,今天有个好消息,0,计时人生,258834281
125,2017,1,10,[奸笑],0,强大的小明,287917064
126,2017,1,6,燕姿晚安,2,YZ芣苢,330392808
127,2016,12,29,好听,0,kk小磊,293655886
128,2016,12,24,👽👽👍👍👼,0,帝辛亞瑟,286516455
129,2016,12,23,[跳舞],0,芬兰的孤岛鲸,115963271
130,2016,12,21,这首歌很好听啊，，怎么,1,陈艺艺艺yi,62256201
131,2016,12,21,暖暖暖,0,计时人生,258834281
132,2016,12,20,闪闪发光,0,Vaewla,292320986
133,2016,12,13,做一件对的事今天你会很快乐！,1,大风吹吹包裹你,336287217
134,2016,11,26,太阳底下，发光发热[大哭],1,徐丨若木,246749232
135,2016,11,1,听完后～能量满满的，谢谢燕姿[亲亲],3,帐号已注销,124859943
136,2016,10,10,爱姿,1,姿意燕为,263726012
137,2016,10,10,感觉现在就在太阳底下,0,TTTToDaYYYY,104258621
138,2016,10,8,我们都在太阳底下,0,DanCingVanGogh,263043497
139,2016,10,2,好听啊！[呲牙][呲牙],1,李呀李嘉图哦,75346693
140,2016,9,25, 你说的是 一起走到,1,很摇滚滴事,98010521
141,2016,9,25,现在才发现是那么好听耐听！！！！！！！！！！！！！！！！,1,很摇滚滴事,98010521
142,2016,9,21,101燕姿晚安了,2,YZ芣苢,330392808
143,2016,9,20,100，哈哈,0,海阳LY,36469924
144,2016,9,20,すき[色],0,都宝-,60456425
145,2016,9,20,燕姿的歌真的是正能量,1,老子是真的气,263551031
146,2016,9,19,我来加评论☺️,0,薄荷塔的椅子酱,124549103
147,2016,9,19,每首都会 都是经典,1,Encore朵,291134675
148,2016,9,18,每首都留言，都留言，留言，燕[吐舌],1,方圆已被注册,63103560
149,2016,9,10,麦当劳总放,2,强大的小明,287917064
150,2016,9,10,发光发热,0,酱酱一开,42169219
151,2016,9,8,觉得评论少去所在专辑的链接看看啊,0,思念若隐若现,122145766
152,2016,8,25,我记得我姿还有一首这个曲的英文版吧,1,养猪夫人,35010119
153,2016,8,14,我来+1[呲牙],2,四街站神_单纯王,252931856
154,2016,8,14,♡,0,朝着太阳晒嗨,38971837
155,2016,8,11,正能量之歌，爱燕姿,3,岁月CD,256198136
156,2016,8,8,燕姿的每一首歌我都当宝贝一样的爱它们[爱心],3,Kathryn_小艾,253272322
157,2016,7,31,[爱心],0,CECINING,48442071
158,2016,7,29,眀天99+,0,孤单---个人的狂欢,263901035
159,2016,7,27,7月的武汉，太阳底下的我快热化了[口罩],1,trailblazer韓,88823306
160,2016,7,24,这么正能量的歌没人喜欢，都喜欢忧郁伤感去作自己,2,夏日风Summer,296621286
161,2016,7,21,孙燕姿没充值吧,0,狐狸的尾巴11,42733081
162,2016,7,20,我是王海峰我喜欢孙燕姿,2,爱姿海,126397948
163,2016,7,18,热浪太强。晒shi了😥,2,与鹅结婚的猫头鹰,102577326
164,2016,7,16,燕姿,0,motorcycles,283973423
165,2016,7,12,用了一年多的铃声，现在依旧在用[色],1,不爱吃芹菜s,283650471
166,2016,7,11,我首歌很好听啊,0,和平一只猹,302641780
167,2016,7,11,也很好听,1,忘不掉的明天r,101795664
168,2016,7,10,小资但质优,1,寻找未来重合的方向,298912663
169,2016,7,10,好听,1,寻找未来重合的方向,298912663
170,2016,7,7,太阳底下☺,1,顽固-TOUGH,133903492
171,2016,7,3,不科学，评论这么少[惊恐],0,素心尔雅,119687782
172,2016,6,30,😘😘,0,别再奋力逞强,122065677
173,2016,6,15,哈哈哈笑出声,1,硒硒,258739742
174,2016,6,14,竟然连99+都没有。。。,0,帐号已注销,107770235
175,2016,6,12,早安曲目,0,拖延症之王,63831894
176,2016,6,9,这么好听的歌,1,别再奋力逞强,122065677
177,2016,6,9,没过百？,1,别再奋力逞强,122065677
178,2016,6,9,竟然是伍乐城写的,1,帐号已注销,111020541
179,2016,6,8,太阳底下是同一个家,1,---愚人---,263580320
180,2016,6,8,[亲亲][亲亲][亲亲]好听,1,姿迷,7559252
181,2016,5,29,童年記憶系列,0,钢铁之翼,57465690
182,2016,5,29,记得我初三的时候喜欢这首歌，有段时间天天唱，别人都说我是疯子，哈哈😄,0,这一刻爱姿-蔓,135910100
183,2016,5,24,脚印,0,Nnnnnnononn,115189651
184,2016,5,23,滴 学生卡,1,爱姿海,126397948
185,2016,5,21,这首歌可以给黄豆代言，就在那晒，天天在那晒，晒足180天[大笑],4,微风旭日,71913485
186,2016,5,20,好听[爱心],0,-mmm-_,134181266
187,2016,5,18,我发现我把燕姿一首首冷门都点过去之后，果断都收藏了！,1,硒硒,258739742
188,2016,5,18,滴滴打卡,0,硒硒,258739742
189,2016,5,17,意思走过了整个大学,0,逃亡,983049
190,2016,5,16,来过[亲亲],1,看我可爱咩,65911192
191,2016,5,13,听这首充满power,0,sobremesa_a,113357580
192,2016,5,9,快大四了，昨天是头一回在图书馆坐了将近8小时，下次要学更久，每天都要进步一些！！！,2,手风琴号,56579018
193,2016,4,22,燕姿只有少部分伤感歌曲和情歌   一部分阳光快乐的歌曲  一部分励志正能量的歌曲,0,向左走方向,54198997
194,2016,4,22,我们都在太阳底下努力奋斗,0,向左走方向,54198997
195,2016,4,18,评论数也太少了,1,雨陨,31875806
196,2016,4,17,做一件对的事，今天你会很快乐。,0,帐号已注销,44399627
197,2016,4,13,[爱心]听了有动力起床了,0,Lim-CarpeDiem,91379124
198,2016,4,11,太阳底下是同一个家,0,写在冬至,248327478
199,2016,4,4,就在这太阳底下,0,抛物线Ai,75868101
200,2016,3,18,姿妈好多歌都是充满阳光的,2,小聂要做种花家的好兔子,248265269
201,2016,3,16,反正每一首冷门都是好听的……,1,一只馒头就是我,122635037
202,2016,3,6,燕姿[爱心],0,纳纳姿,120546705
203,2016,2,23,不光副歌，主歌的旋律也很抓耳啊,1,Cagurls,57342479
204,2016,2,19,总感觉这歌词好励志[憨笑],4,SWIRLing_DETiny,97804474
205,2016,2,18,又找到燕姿冷门好听一首[憨笑][憨笑][憨笑],2,跳舞的小谷_,98206866
206,2016,1,21,U,0,Dawndddd,125910782
207,2016,1,17,不知道为什么，这首歌总让我想到小天狼星。,0,水音Celia,100121216
208,2015,12,25,天本来是阴的~听到这首歌的时候，突然太阳出来了~~~~,1,Jasmine_Jumping,48674656
209,2015,12,19,燕姿好多歌都冷门，评论少，不开心！,2,甘肃深蓝,76234880
210,2015,12,17,tonight i feel close to you 也是我最近重新听的歌喔[色],0,八喜小乐,18367562
211,2015,12,7,超级耐听,0,很摇滚滴事,98010521
212,2015,11,17,最近霧霾陰雨寒冷的氣息充斥著生活的每一個角落，来听燕姿的聲音溫暖一下,1,starrylee,29431936
213,2015,11,16,评论好少～支持燕姿回一个[大笑],2,柚子柿子橘子,74897313
214,2015,11,16,就在太阳底下,1,燕姿是女神,85555701
215,2015,11,14,喜欢,0,暗物质粒子,61833538
216,2015,11,3,演唱会唱过这首？,0,海外小仙人,65586509
217,2015,8,19,每次听这首歌心情都会好一些,2,不只是逆光,68467295
218,2015,7,6,太阳计划   …初中听的,0,那个思那个哲,61346177
219,2015,6,29,怎么燕姿每一首没听过的都这么好听，之前MP4里装的辣么多燕姿的歌真么还是没下完[惊恐],0,抛物线Ai,75868101
220,2015,6,20,这首其实也会唱，只是没那么熟悉，因为听的少,0,王梓辰__,7296394
221,2015,6,18,这么厉害。,0,特瓦格瑞人,17343324
222,2015,5,25,评论太少，差评,0,lsoda,5756328
223,2015,4,28,长沙演唱会唱了 这是唯一一首我没跟唱的歌 很遗憾 爱燕姿 所以应该每一首都必须要会！！,107,王梓辰__,7296394
224,2015,4,18,小学六年级时最喜欢听！！！,0,今晚去打猎,55335446
225,2015,4,7,[亲亲],0,froglee,56978956
226,2015,3,9,第一次唱给大家听是在初二的班会课上。,0,nuber陆,52836283
227,2015,3,9,好远了。,0,nuber陆,52836283
228,2015,3,7,评论好少[惊恐],0,新世纪傲娇少年杨铁柱,32645045
229,2015,2,26,伍乐城  。。,0,熊熊烈菠萝,52434555
230,2015,2,1,[大笑],0,散若烟云,35996981
231,2015,1,17,做一件对的事  今天你会很快乐 啦啦啦啊,1,robertjsawyer,36833301
232,2014,11,20,好像回到第一次听见这首歌。,0,ciciclaire,36137878
233,2014,10,29,猪栏理想要抛弃,0,Stefanie_zeze,39868920
234,2014,10,6,醉了醉了醉了！！副歌真好听啊呜呜呜！！,8,19710115号观众,2781851
235,2014,5,25,[亲亲][亲亲][亲亲][亲亲]爱死了,0,废猪佩奇,2944585
236,2014,3,7,口水歌，但是听了会让人感到高兴啊哈哈,0,i神说,6333033
