index,year,month,day,content,likecount,nickname,user_id
1,2019,11,24,不错,0,唐浩然不玩,599693711
2,2019,11,19,耳朵怀孕警告。,1,也不是猪只打呼,355734135
3,2019,11,16,燕姿的歌每一首都好听[大哭],0,chenyuru0924,266077689
4,2019,11,13,喜欢我姿的第十年！我已经今年二十岁，最爱我姿，，全世界安利！！！,1,她从雾里来,1609131323
5,2019,11,10,二字神曲,0,chenyuru0924,266077689
6,2019,11,9,二字神曲不是吹的！,1,chenyuru0924,266077689
7,2019,11,7,好温柔的第一句 我已经化了,0,乾隆十八掌,63687102
8,2019,11,4,宝藏,0,XQ0823,489797899
9,2019,10,25,为何燕姿作曲的歌都这么冷门？,0,识刀客,623315109
10,2019,10,24,和绿光差不多的感觉！,0,苑子潯的小号,1548957065
11,2019,10,21,金曲呀!,1,当夏日微凉,592810705
12,2019,10,21,冷门歌曲啊!,1,当夏日微凉,592810705
13,2019,10,21,妈呀，太好听了吧,0,当夏日微凉,592810705
14,2019,10,16,宝藏歌曲,1,游周记,78132325
15,2019,10,8,哈哈我姿写的曲,0,XQ0823,489797899
16,2019,10,5,生日快乐[蛋糕][蛋糕][蛋糕],0,图弗洛,315079736
17,2019,10,2,闭上眼，打开耳朵，听见。,0,君小懒呀,1728902881
18,2019,10,2,她的歌有魔力啊！,0,云云云云流,1334766690
19,2019,9,29,！！！完了❤️了,0,隐于极光之下,380448359
20,2019,9,27,因为思念，我穿越漫天风雨世界。,1,太阳-还会照常升起,405095260
21,2019,9,22,其实忘记了蛮好的,0,訾央伪装小漠漠,247480354
22,2019,9,22,不是 后来发现是间奏,0,訾央伪装小漠漠,247480354
23,2019,9,22,有时候开始唱了发现猜错歌名，就知道又该循环了[多多捂脸],0,earwormSYZ,1580154679
24,2019,9,20,听爱的表达会牵挂 听爱的牵挂放心上,0,999里有一个我,120605470
25,2019,9,14,就是太冷门,0,苑子潯的小号,1548957065
26,2019,9,14,你也做了那个题吗 😂,0,苑子潯的小号,1548957065
27,2019,9,13,给我999+,1,也不是猪只打呼,355734135
28,2019,9,13,害。太好听辽。,0,也不是猪只打呼,355734135
29,2019,9,6,这盒卡带听了好多年,0,爱买萌的小姑娘,317525419
30,2019,9,4,罚自己听五十遍  听了三十秒前奏居然听不出来是这首,5,訾央伪装小漠漠,247480354
31,2019,9,1,好听！,0,Sparrrrk,270935914
32,2019,8,29,恭喜,0,霉头霉脑云散月现自在飞花slay,42294326
33,2019,8,29,间奏好听哭了！,2,霉头霉脑云散月现自在飞花slay,42294326
34,2019,8,23,上班的路上听着简直不要太舒服,1,像暗杀似的绕到背后给你一Jio,1359745788
35,2019,8,22,开学就是兵荒马乱，手足无措，丢东丢西...,1,计时人生,258834281
36,2019,8,19,燕姿的歌我是这么认为的但是蜂蜜乌龙茶没有喝过，你这么形容emmmm。。。。想去尝尝了[大哭],1,笑睛睛,1333137922
37,2019,8,16,每次听到这首歌 就想起骨肉相连（我姿你到底什么时候开演唱会啊啊啊啊啊啊,1,用户昵称q,1378485700
38,2019,8,13,燕姿,1,小燕子Supreme,45628154
39,2019,8,11,自己作曲，厉害了，很好听,2,一梦千百度,47532751
40,2019,8,8,昨天自己一个人过的七夕，还胖了一斤，有给我点赞的没[大哭],2,将军领,387504811
41,2019,8,2,我姿自己作曲。,0,7things_,1318437548
42,2019,7,30,好,0,Ed1son--,279253821
43,2019,7,24,好感动,1,xxxxkx,248946436
44,2019,7,24,冷门不代表不好听,2,人生堪堪,317497255
45,2019,7,22,顶,1,孙燕姿丶,1813871469
46,2019,7,20,顶999+,0,孙燕姿丶,1813871469
47,2019,7,20,好听啊,0,孙燕姿丶,1813871469
48,2019,7,18,.我设计了一万种方式遇见你，可是一直害怕一次真正的相遇。[哀伤],2,做祢的小可ai,1910326320
49,2019,7,12,卡,0,Chertime,83946830
50,2019,7,7,难得一见,0,Lucifer309,133927094
51,2019,7,3,燕姿这首也是少有人知的神曲,4,没人比我更爱韶涵和燕姿,1332471327
52,2019,7,2,好神的曲！一种飘渺的感觉,4,tales乐纸,77934372
53,2019,7,1,因为思念 我穿越漫天风雨世界,1,此Windows副本不是正版,39989427
54,2019,6,19,我就说嘛，这种风格的调调肯定是燕姿写的,2,坏兔子_,451109516
55,2019,6,13,我能听见，你说吧,0,一定一定要微笑呐,1697911570
56,2019,6,5,少年时喜欢听她甜美忧郁的情歌，现在却更爱这一首：空旷而不绝的呼唤，执着思念着，相信着彼此的爱情。,3,Julianney,128632560
57,2019,5,30,这首歌，和浓眉毛一起听,6,西红柿炒鸡蛋就是番茄炒蛋,246333358
58,2019,5,26,好听我爱毛彦羽永远的和你一起,2,无远弗届626,387096020
59,2019,5,20,喜欢了16年，还是最打动我的声音,4,枣糕少女宋觉觉,116531378
60,2019,5,15,每一首都好听,1,姑苏客st,79800447
61,2019,5,14,燕姿的歌真的很好听❤,1,昱喵儿,1330572316
62,2019,5,13,周一我姿给我治愈,1,长寿豆花干拌面,54836792
63,2019,5,12,阿，又找到一首好听的。,1,愿君依旧笑,559237310
64,2019,5,12,能让人安静下来的歌,1,Mr丶人,1368780949
65,2019,4,29,作曲孙燕姿哇,1,鄒爸比,85768778
66,2019,4,28,冷门好歌打卡,0,失智青年王建国,122871896
67,2019,4,28,重叠着你的声线,0,DA27,49654585
68,2019,4,26,这首也是极喜欢的,1,孙燕姿best,46251605
69,2019,4,23,在，也不见,4,--朴智妍--,517014403
70,2019,4,18,你要原谅残疾人,2,goFCKyoUrself,120597870
71,2019,4,10,我好喜欢听她唱歌啊,2,晚来一笑待春风,1325463850
72,2019,4,8,表白我姿[可爱][呲牙][亲亲],0,爇忆ruoyi,44036367
73,2019,4,3,给我姿盖楼,0,河屋流鹊北,44784757
74,2019,3,25,2019.03.25打卡签到,0,伴读小书童1812,1692114998
75,2019,3,24,属于冷门好听的歌了,0,你的视线是谅解,48728206
76,2019,3,17,旋律好听,1,爬在红枣上的蜜蜂,141624
77,2019,3,14,"作曲：孙燕姿
作词：廖莹如
编曲：吴庆隆

已经添加修改，请小伙伴们重新刷新歌词",24,作词_作曲_编曲_MV导演天下第一,546057330
78,2019,3,10,嘻嘻嘻,0,梦幻病,1457618662
79,2019,3,10,啦啦啦,0,梦幻病,1457618662
80,2019,3,10,好听啊,1,梦幻病,1457618662
81,2019,3,7,好听😊,0,藏在众多孤星之中还是能找到你,1757287698
82,2019,3,7,嘻嘻,0,半句再见h,454019599
83,2019,3,6,好听啦,0,_吴子诚,275017518
84,2019,2,28,被统计折磨死了，一点儿要毕业的喜悦都没有，哭唧唧(´;︵;`),1,空心人aliens,293890770
85,2019,2,23,还记得第一次听这个歌，还是用复读机放卡带听的,0,stefanie丫丫,531016582
86,2019,2,21,好听好听好听,0,k-nana7,390468808
87,2019,2,19,打破！,0,sixwords-worldside,248045092
88,2019,2,12,打破521[吐舌]，522[亲亲],0,starflos青离,570561327
89,2019,2,10,抢我姿的521!!!,4,丶雪色风信子,554318581
90,2019,2,10,抢女神的520,2,S-Asimilar,358895519
91,2019,2,10,很开心燕姿几乎所有的歌都会唱。,1,s1ck1000,1471605268
92,2019,2,10,这首歌很早的啊，之前没听过？,2,s1ck1000,1471605268
93,2019,2,9,难得一见,6,一kepler,1409592056
94,2019,2,1,好听,0,西窗南常,515507528
95,2019,1,29,很有意思的歌呀  感觉和专辑封面很搭额 哈哈哈,1,小米糕啊,1436371488
96,2019,1,19,爱爱👄爱,0,清清的心,286859891
97,2019,1,18,感觉很冷门，但是好喜欢吖嘿,0,空心人aliens,293890770
98,2019,1,7,燕姿自己作的曲✌🏻,4,vInCent哇,48926777
99,2019,1,6,日常表白孙燕姿,1,麦丽素0723,544048498
100,2018,12,30,想起那个高中暗恋的对世界抱有极大好奇心的姑娘了。。,1,银月守卫,271866761
101,2018,12,28,居然没有999➕? !,0,不羁的Moni,45354136
102,2018,12,25,副歌起来，就打了个寒碜。,1,我只会乱乱唱,272309134
103,2018,12,23,越听越好听❤,2,某时某_刻,1309374449
104,2018,12,22,没看到啊,0,想当教练员,1509947439
105,2018,12,19,沙沙的声音，你听她的honey honey很明显,0,彼得潘与狼,261245021
106,2018,12,19,烟嗓是什么[呆],0,H_Stef,309880055
107,2018,12,17,好听好听棒棒哒[多多大笑],0,某时某_刻,1309374449
108,2018,12,11,我很喜欢我18岁那年收到的生日礼物,0,时光浥尘,136541348
109,2018,12,8,超喜欢，孙燕姿真是宝库，你以为把她的歌都听完了，结果又能发现隐藏神曲\^O^/,5,ACE_Tiffany,467001198
110,2018,12,6,你们听听孙女士所有评论少的歌 会发现 都是宝藏啊啊啊啊啊啊啊🤩,3,長樂安康-,117769295
111,2018,12,5,501喽,0,Stefmc,479820619
112,2018,12,3,第五百！！！！,0,我就看看不评论了吧,532834636
113,2018,11,30,这么好的歌，没人听？,0,currencybao,258261214
114,2018,11,24,好喜欢这首，真真是当年用随身听和磁带的回忆,0,你看见过小白兔么_,77762078
115,2018,11,24,打卡 我不会的啊 啊啊啊啊 ,0,孙燕姿的小迷妹啊,327977684
116,2018,11,14,03年，喜欢上你的时候你刚好隐退了。时隔一年，你回来了，带着这张专辑。,2,斯德哥尔摩囚徒,48586717
117,2018,11,12,打卡,0,凌晨Jce,115773497
118,2018,11,11,孙燕姿确实带一点烟嗓。。之前袁惟仁也说过,1,彼得潘与狼,261245021
119,2018,11,5,这首真没听过[大哭]假粉,0,控场,40913104
120,2018,11,4,太好听了，开着车，吹着风[憨笑],0,薄荷糖叶,62397318
121,2018,10,24,对鸭对鸭,0,Lyeenne,297240818
122,2018,10,24," 怒刷了这个专辑呀 你
",0,孙燕姿的小迷妹啊,327977684
123,2018,10,23,这首超好听吖！小伙伴们快来听！,0,Lyeenne,297240818
124,2018,10,21,因为思念，我穿越漫天风雨世界。,4,匹诺小天,6857497
125,2018,10,6,可是你总不说，一直不和我说话，我听不到,1,Child170926,600926106
126,2018,10,3,燕姿自己的作曲很耐听，建了个歌手本人作曲的歌单，喜欢的可以看看,4,navaney,303003911
127,2018,9,29,突然没有你在旁边吵吵，好不习惯,0,林深时见鹿晗,125413239
128,2018,9,26,对，绝对不能肮脏这首歌曲《听》孙燕姿！,0,用户1565762831,1565762831
129,2018,9,22,"😐在我身边重叠着你的声线
因为思念我穿越漫天风雨世界",0,121个逸儿,129095979
130,2018,9,20,我也喜欢这首哈哈哈，以前买了这张专辑，真是听到烂,0,小猪君的俩耳朵,255930738
131,2018,9,19,欧耶,0,可可爱爱林宥嘉,273341056
132,2018,9,18,很好听的歌曲 为啥这么少评论？,1,甲20170324,620636689
133,2018,9,1,通感  就是摸着他的喉结  听见他的声线,3,Dawn161107,1361357933
134,2018,8,31,这张专辑的元素真的很丰富,0,prince-Joshua,117961245
135,2018,8,30,真符合我现在,0,林深时见鹿晗,125413239
136,2018,8,25,有谁和我一样，又把燕姿的歌全部翻出来，仔细去看每一句歌词，然后不断的寻找共鸣，不断的陷入回忆……,5,枫叶蓝1801,1352177614
137,2018,8,14,好听啊,0,我是克里斯18525,1389196395
138,2018,8,12,听见,0,让ert,258267094
139,2018,8,12,好听,0,让ert,258267094
140,2018,8,10,A面最后一首歌,1,风景de卜卜星,705026
141,2018,8,7,ლ(´ڡ`ლ),0,林34,400839327
142,2018,8,5,像发现宝藏[大笑],0,树wm,123279055
143,2018,8,3,🎧,0,_诗芊,81037679
144,2018,7,15,听这首歌的时候都买了专辑,0,当当desire,397699957
145,2018,7,13,还是熟悉得味道！[大笑][大笑][大笑],0,米斯特灬MJ,74297960
146,2018,7,7,隐藏菜单呀,0,城镇青年XX,323672673
147,2018,7,6,作曲  孙燕姿,2,vInCent哇,48926777
148,2018,7,4,哈,0,毛毛虫0912,323067104
149,2018,7,3,这首歌很好听啊，但是感觉听的人很少,0,X嘿X,472831153
150,2018,7,2,优秀,0,鳐不可及,320937730
151,2018,6,28,难得一见。。。,1,丰阝君,296235500
152,2018,6,25,听爱的表达，会尴尬,1,Zora_0097,443523878
153,2018,6,17,还有是😂难得一见,1,Nickle丶丶,537398257
154,2018,6,16,🙂,0,鹿园琪琪,67094042
155,2018,6,12,我发现我喜欢的，都是冷门歌曲[呆],2,天越亮,108082590
156,2018,6,8,好听到炸裂(〃ω〃),0,Stefa_nie,495122194
157,2018,6,4,难得一见,2,大天狗v,425124720
158,2018,5,31,太喜欢这首了……,1,Stefa_nie,495122194
159,2018,5,31,好听！,0,HoloLend,343101843
160,2018,5,26,小学的时候 那时候还不是智能机 用内存卡听的！！,1,董小姐楼下的莉莉安,351855192
161,2018,5,24,好听,0,O_oHULLO,343829645
162,2018,5,20,声音不要太听啦,0,王金1711,632842409
163,2018,5,11,在，也不见。,1,将将好_,255544950
164,2018,5,5,[惊恐],0,毛毛虫0912,323067104
165,2018,4,29,你又不懂了吧，论地区的重要性[大哭],1,33轉的LP,630862795
166,2018,4,29,网吧很早就很多了啊。。。。,0,跳舞的克卜勒,122786310
167,2018,4,29,你就不懂了吧，很久很久以前，我们那边是没有网吧的[大哭][大哭][大哭],0,33轉的LP,630862795
168,2018,4,29,[大哭][大哭]花钱到店里下。。。。好怂啊，不都是网吧自己下,0,跳舞的克卜勒,122786310
169,2018,4,29,以前的都还是花钱在店里下载到p3和内存卡里的，现在依然在,0,33轉的LP,630862795
170,2018,4,27,我爱孙燕姿[吐舌],0,可阳快飞,115746724
171,2018,4,25,[口罩]孙燕姿所有歌都下载了的路过,3,跳舞的克卜勒,122786310
172,2018,4,25,除了是时候，基本上专辑早就有了啊,0,跳舞的克卜勒,122786310
173,2018,4,24,尾音和鼻音真好听～,0,Ro1030,90652954
174,2018,4,21,并不想与别人分享！,2,有爱姿病的程序圆,290885829
175,2018,4,17,冷门歌,0,湖人死忠,7776579
176,2018,4,16,这首歌很可爱,1,伶伶伶呀,532777766
177,2018,4,12,这歌很厉害，stefanie专辑个个精品,0,林兰夕,20169129
178,2018,4,10,这首歌很有味道的。,0,音音乐乐哆RUAI咪,129564873
179,2018,4,9,听他的潇洒 祝福他,4,云_安安,1395846467
180,2018,3,31,心里的诺言 不经意被听见,2,云_安安,1395846467
181,2018,3,25,"专辑的话  只有《是时候》那张时隔两年 去年6月才恢复版权  《彩虹金刚》去年年底也有了
之所以人少 大概是有的歌暂时还是由姿迷在守护吧  相信总有一天会被有心人听到并喜欢。",0,空港里的露絲瑪莉,249970032
182,2018,3,25,居然是自己作曲！,1,空港里的露絲瑪莉,249970032
183,2018,3,24,燕姿作曲,1,端端和蔚蔚,294293338
184,2018,3,18,因为思念 我穿过漫天风雨时间,3,远行的节拍,12611935
185,2018,3,15,燕姿作的曲都不错,1,A-KUONG,577837024
186,2018,3,12,燕姿,2,王金1711,632842409
187,2018,3,12,好听呀,2,王金1711,632842409
188,2018,3,6,是的，以前好多歌都听不了,0,丶一朵无言花,429740462
189,2018,2,28,发现新大陆,0,H小流氓,297607033
190,2018,2,26,冷门,0,未完成19991230,503310441
191,2018,2,26,一亿万呀！[大笑],1,那时候我们总有好多话,116094806
192,2018,2,25,《听见》是孙燕姿演唱的一首歌曲，由廖莹如和涂恺芝作词，孙燕姿作曲，收录在其2004年10月发行的《Stefanie同名专辑》中。 百度百科,1,FOURxA,539611757
193,2018,2,21,超爱这首,3,太阳底下0723,16072610
194,2018,2,21,oh yeah 又来听 漫天风雪世界,0,RZDCY,345664511
195,2018,2,20,这首太好听,0,发热的C,116096676
196,2018,2,18,我有下载孙燕姿二十多首歌,0,檐下嬉闹猫和狗,357104130
197,2018,2,13,超爱这首,0,芦根甘草薄荷饶,248359022
198,2018,2,13,燕姿的歌是不是因为网易云得到版权的时间比较晚所以评论的并不多呢,0,mystory2019,68617271
199,2018,2,11,好久没听的歌拉,0,CHENYUDAN--,279712105
200,2018,2,6,这张专辑好几首燕姿自己创作的,0,vInCent哇,48926777
201,2018,2,6,我人生第一个mp3中的第一首歌,1,TIMElaw,3464780
202,2018,2,2,999助攻,1,-Stefanie--,435506899
203,2018,2,2,迷人的声音,1,王金1711,632842409
204,2018,2,2,“因为思念我穿越漫天风雨世界”  大二听的歌 现在毕业两年 唯一记住的只有这句歌词,4,陈叨叨今天没有喝咖啡,396733742
205,2018,2,1,999助攻,0,王不在很烦,366283444
206,2018,1,30,好好听，被我漏了,0,桃太郎了了,590041986
207,2018,1,29,好听(ง •̀_•́)ง,0,想环游世界的松鼠sama,450861333
208,2018,1,26,孙燕姿 遇见你 听见你 So lucky,0,Musiq-echo,76832541
209,2018,1,25,真好听啊，耐听,0,yanzicst,79056105
210,2018,1,21,[亲],0,KitKat__,41723861
211,2018,1,20,助攻,1,跳舞的反骨,33249451
212,2018,1,15,如果我,1,起床乜,517038059
213,2018,1,15,想要999加,1,起床乜,517038059
214,2018,1,15,都好,1,起床乜,517038059
215,2018,1,11,又一首留给姿迷的歌 嘻嘻,2,訾央伪装小漠漠,247480354
216,2018,1,3,也太好听了吧🤩,4,-大大白bUg,286001234
217,2018,1,3,我不知道未来的路怎么样，我只知道听到你的声音我就会笑。,2,吴侬软语H,288050920
218,2018,1,2,[大笑],0,listentoquiet,257493293
219,2018,1,1,[大笑],0,listentoquiet,257493293
220,2018,1,1,[可爱],3,极美欢庆,351351231
221,2017,12,31,[呲牙],2,不想失眠呢,376038133
222,2017,12,31,[大笑],1,listentoquiet,257493293
223,2017,12,28,[吐舌],1,鲸与天空ocean,294942951
224,2017,12,26,[憨笑],1,DAKARATTE,60723912
225,2017,12,23,12年后再次听到，还是能哼出旋律,1,怪_胎,16078365
226,2017,12,20,挂念消失的氛围,1,跳舞的反骨,33249451
227,2017,12,17,只想闭着眼睛专心听，什么都不想写哈哈哈,0,_寒姐眼睛會說話,397907772
228,2017,12,15,不要害怕,1,暮至明,94756999
229,2017,12,11,燕姿作的曲,0,毛毛虫0912,323067104
230,2017,12,11,如果声音有形状，那一定是我曾经努力的样子,1,稀饭糖拌,393429504
231,2017,12,11,不科学！！评论不到999+,1,泽日生1123,134851495
232,2017,12,7,啦啦啦,0,吴侬软语H,288050920
233,2017,12,6,啵啵啵~打卡~么么哒,1,超人类啊Beeee,470571219
234,2017,12,2,是，所以难受,1,番茄hhhhh,499524270
235,2017,12,2,是啊  可惜对方难以看见,0,温温流流,62001214
236,2017,11,29,网恋真的也会很有感情啊,1,番茄hhhhh,499524270
237,2017,11,29,对啊,0,番茄hhhhh,499524270
238,2017,11,25,燕姿每首歌都很独特,0,夜航船rockey,52797137
239,2017,11,24,喜欢你的心情，边听着歌边在操场上练习高考体育。17岁，感谢在最美好的时段，遇见最好的你,0,时光与阴雨,626894460
240,2017,11,23,"慢慢回忆啊~~~我的青春啊！
",1,豆豆龙222,3619824
241,2017,11,23,突然就想起了自己的大学时光了，今年正好10年了～,1,nicole170530,496053956
242,2017,11,22,Stefanie是我最喜欢的一张专辑。磁带CD都有☺️,4,999里有一个我,120605470
243,2017,11,20,晚安，亲爱的小哈[亲亲],1,bhur丶,252037617
244,2017,11,12,燕姿自己作曲的歌里，最喜欢的就是这一首了…,4,富士ap,37041512
245,2017,11,10,为了999,0,中毒很浅,19922381
246,2017,11,7,再来表白一次中间和声,2,跳舞的反骨,33249451
247,2017,11,7,这首是你姿自己写的吧,0,訾央伪装小漠漠,247480354
248,2017,11,3,越听越好听，真正喜欢她的人才会听的歌,2,大旭叔叔,114382057
249,2017,11,1,也许这些歌就是燕姿为那些真正喜欢听她唱歌的人准备的,3,iamalvinwoo,346832507
250,2017,10,29,ok,2,贝影犹存,264592075
251,2017,10,26,直到十多年后的今天，也是这样喜欢这首歌。,1,你看见过小白兔么_,77762078
252,2017,10,24,典型的沙发音乐,0,阿肥89757,17780385
253,2017,10,22,她说,0,M曾1703,434220019
254,2017,10,20,中间！！！,1,E_n_dRoll,55043728
255,2017,10,18,还有两天，等的好辛苦,1,不二家的小丸子和樱桃家的棒棒糖,396136768
256,2017,10,17,[开心],1,帐号已注销,29401041
257,2017,10,13,[哀伤],0,阿雨哟,42924107
258,2017,10,9,这首歌是燕姿作曲的哦～,0,CMQ1111,252952234
259,2017,10,7,很美的歌。,0,麋鹿_先森,466391229
260,2017,10,2,旋律很特别,1,跳舞的yanzi,287088787
261,2017,9,28,燕姿冷门金曲系列,1,豫西小天王,594110291
262,2017,9,28,难得一见,0,豫西小天王,594110291
263,2017,9,27,群里在推荐 哈哈 350啦。,1,白眼jing,73802352
264,2017,9,25,-349,0,vandeBeek,71927503
265,2017,9,17,希望听新专辑也有这么多最初的惊喜和任何时候翻出来跟着唱的歌，管它冷门不冷门。,0,微子zzz,78283296
266,2017,9,17,真的太好听了,0,少年刘贺之烦恼,72066549
267,2017,9,11,脑海里哼了一天这首 才回忆起歌名是听见,0,chrisni,104929662
268,2017,9,10,作曲孙燕姿,1,KitKat__,41723861
269,2017,9,7,不会吧 这首歌只有300个评论😱,1,爽身粉清凉油,87701678
270,2017,9,5,太灵了,0,SpiritDitch_2,85618655
271,2017,9,1,我姿的好多歌都可以上《金曲捞》[奸笑],4,等待的三脚猫,425452061
272,2017,8,26,这么好听 没人也好,3,Quistae,17945620
273,2017,8,26,期待新专辑，my goddess,2,拾玖的天,265200192
274,2017,8,25,被埋没[流泪][流泪][流泪][流泪][流泪]第N首,1,赫里尔德,410343541
275,2017,8,24,晚安,1,想去吹太平洋的风,431966292
276,2017,8,23,恩,1,姿意燕为,263726012
277,2017,8,22,风,1,姽婳涟翩,90281873
278,2017,8,22,要发专辑了吗？我竟然不知道,1,Causeben,385914009
279,2017,8,22,难得一见，标准的姿迷呀，我也是,0,Causeben,385914009
280,2017,8,22,因为思念 我穿越漫天风雨世界,1,MasakiSudaa,344895094
281,2017,8,20,反正就是好听。,2,孙燕姿你是光芒果,77464742
282,2017,8,19,我也是……,1,野猪林yeah,55498041
283,2017,8,18,新专辑快发了，激动的回味一下老歌[幽灵][幽灵],1,穿围裙的姑娘,438721239
284,2017,8,16,第一次听诶[大哭],0,Franklate,64706119
285,2017,8,9,我那时候也是这样震惊。。。。,1,MeowIor,66776560
286,2017,8,8,哇 燕姿这首歌我居然第一次听[大哭],0,奇迹还是还给我吧,329131286
287,2017,8,7,打字法连带打出来的没注意[开心],0,zengzimin,380809583
288,2017,8,6,不是难得一见吗[呆],1,橘子香气i,44026187
289,2017,8,5,暑假循环专辑，日常表白小姐姐,4,我独南行Z,133815629
290,2017,8,5,习惯了，喜欢燕姿,0,姿意燕为,263726012
291,2017,8,4,那么多年了，听起来不输现在的歌曲,0,mafeifan,1164403
292,2017,8,4,15:03,0,林守乐,55243746
293,2017,8,4,真巧,0,Ro1030,90652954
294,2017,8,4,是,1,姿意燕为,263726012
295,2017,8,4,在b站看到同一个id名字是你吗？,0,Ro1030,90652954
296,2017,8,4,什么嗓我都爱，要爱她一辈子不脱粉！哼！,0,Ro1030,90652954
297,2017,8,2,打卡,0,春水煎茶zzz,298330273
298,2017,7,31,这个评论这么少...居然还有这么多人没听过这首歌，太可惜了,1,starnoo,39399561
299,2017,7,27,难得一见,0,瓶中信2016,124268997
300,2017,7,25,爱姿,1,姿意燕为,263726012
301,2017,7,24,承包我姿,0,kepleradio,279594179
302,2017,7,17,大爱前半部分,2,亚热带蜉蝣,96586532
303,2017,7,15,[呆],1,啊是RRR阿,385430023
304,2017,7,14,为我姿顶一波[吐舌],1,180cm一,115012093
305,2017,7,6,15年前听过这歌  挺喜欢的  今天搜的时候只记得是孙燕姿的   歌词里有一个  在我身边  搜了半个小时终于找到了[憨笑][憨笑][憨笑],3,便携式热点,286413867
306,2017,7,5,😂😂😂😂,0,破风选手,93955720
307,2017,6,22,听你的歌就足诶,2,747X,316770704
308,2017,6,21,[爱心],0,过往云烟视而不见,305289320
309,2017,6,21,爱姿,3,姿意燕为,263726012
310,2017,6,20,300+😂😂,3,耳朵借我A,345087339
311,2017,6,19,爱姿,2,姿意燕为,263726012
312,2017,6,18,太好听了吧！好听到哭,2,树里纳凉,290813958
313,2017,6,18,跨年消失的氛围,1,不想再祈祷,440402710
314,2017,6,16,在我身边，重叠着你的身影。因为思念，我穿越漫天风雨世界！,2,瓶中信2016,124268997
315,2017,6,16,爱姿,2,姿意燕为,263726012
316,2017,6,15,爱姿,2,姿意燕为,263726012
317,2017,6,15,谢谢你！我可以等你放暑假后，我不急[憨笑][憨笑],1,Song我的憧憬,51600636
318,2017,6,14,现在没电脑不太方便弄，不好意思啊，暑假还可以,1,跳舞的反骨,33249451
319,2017,6,14,因为思念 我穿越满天风雨世界,1,芦根甘草薄荷饶,248359022
320,2017,6,13,评论这么少不科学,2,BeaverPapa,79016482
321,2017,6,13,你好！可以帮我剪辑天黑黑现场版的最后的琴声吗？燕姿一直说谢谢的那版[可爱][可爱][拜][拜],1,Song我的憧憬,51600636
322,2017,6,9,今天孙燕姿唱了整整17年了,6,扛起孙燕姿就跑,2594529
323,2017,6,9,天啊这竟然是孙燕姿作曲，这首歌我喜欢了好久,2,悄悄撤退,124727349
324,2017,6,8,爱姿,2,姿意燕为,263726012
325,2017,6,7,一直挺喜欢这首，尤其爱最后那句,1,greengreenlight,82920643
326,2017,6,7,爱姿,2,姿意燕为,263726012
327,2017,6,1,冷门里面一直忘记这首歌,1,橘咲_,52079797
328,2017,6,1,作曲孙燕姿,1,另-张脸,56020714
329,2017,6,1,难得一见,1,另-张脸,56020714
330,2017,5,31,这个我记得是作曲还是编曲是孙燕姿,1,黒色柳丁,278651159
331,2017,5,31,[吐舌],1,过往云烟视而不见,305289320
332,2017,5,30,你楼下和我，咱们仨基本每首歌都在[大哭],1,凌晨三点不睡觉的雨果,120801740
333,2017,5,30,zhei首当时的广告歌啊，我说怎么听着味道不对呢[大哭],1,凌晨三点不睡觉的雨果,120801740
334,2017,5,30,咱们仨基本每首歌都在[大哭],1,凌晨三点不睡觉的雨果,120801740
335,2017,5,30,手动踩爪印，端午燕姿专辑一日游,1,凌晨三点不睡觉的雨果,120801740
336,2017,5,29,爱姿,2,姿意燕为,263726012
337,2017,5,27,爱姿,2,姿意燕为,263726012
338,2017,5,27,每周打卡,1,过往云烟视而不见,305289320
339,2017,5,27,5天才多了3条评论,1,过往云烟视而不见,305289320
340,2017,5,23,单单声音足够令人着迷[憨笑][憨笑],2,爱愚人的国度,293267957
341,2017,5,23,燕姿写的曲,1,另-张脸,56020714
342,2017,5,22,爱姿,0,LWP丶Yy,134715484
343,2017,5,21,每周打卡[流泪],1,过往云烟视而不见,305289320
344,2017,5,17,刚毕业的那时候自己开车的时候我就循环这张专辑,0,郭菀菀er,358052753
345,2017,5,15,我爱你孙燕姿[爱心],0,Champagne-Wines,114344953
346,2017,5,14,听见，遇见，难得一见，半句再见，在也不见 莫名扎心,1,我曾经的幻梦,246490077
347,2017,5,14,听、听、听那就是燕姿,0,一地故里,118066649
348,2017,5,12,爱姿,1,姿意燕为,263726012
349,2017,5,11,今天早上六点多走在马路上又莫名其妙地哼起来来 😂自己也是有趣 😂时隔半年,1,竹修先生,82219573
350,2017,5,11,我一定要变得更好 穿越风雨去见你,3,扛起孙燕姿就跑,2594529
351,2017,5,10,哈啊～,0,听老婆们唱歌,48946883
352,2017,5,9,让我穿越漫天风雨世界的羽翼，就是她的声音,3,充氧期,129163140
353,2017,5,7,[可爱],0,Stefzizi,440964997
354,2017,5,7,《学会》《了解》《相信》《害怕》《终于》《任性》,4,smallsix,38658752
355,2017,5,6,终于鼓起勇气，和不应该的人说开了。难过吗？前半生认认真真喜欢过的第二个人。喜欢的，不一定就能属于自己。,0,沐--禾,78437808
356,2017,5,3,好听好听,1,lancelotee,71321835
357,2017,5,3,打卡,1,lancelotee,71321835
358,2017,5,3,居然没人！！！,0,霜刃di,125918599
359,2017,5,3,阿,0,霜刃di,125918599
360,2017,5,2,哎，随他吧,0,池森井冰,304715631
361,2017,5,2,加油999,0,池森井冰,304715631
362,2017,5,1,重庆演唱会，燕姿在上面唱，我在下面哭，一首歌就是一段记忆,0,浮生若梦_________________,320263872
363,2017,4,30,听见，遇见，难道一见，半句再见，再也不见,181,zengzimin,380809583
364,2017,4,26,爱你的人会想尽一切办法来到你身边。 ​,2,_深海蛋黄,133111202
365,2017,4,26,这个应该是个广告歌吧，确定不是三层苏打夹心饼干的广告歌咩,0,t豆娘,115917109
366,2017,4,21,因为思念，我穿越满天风雨世界[钟情],4,李大大和李果果,303458585
367,2017,4,21,999助攻,0,croissant0520,136872477
368,2017,4,20,禅,0,croissant0520,136872477
369,2017,4,11,不经意被听见[憨笑],0,嚣张的蝴蝶会不会飞,365960841
370,2017,4,10,想我姿,0,账号还是注销吧,17481219
371,2017,4,6,听见，冬天的离开，我在某年某月醒过来,1,我亲爱的偏执狂____,103775355
372,2017,4,6,燕姿的每首歌的评论都很美[呆],0,夜路生花__,278101022
373,2017,4,6,副歌好听！,0,这下应该认不出我了吧,246035061
374,2017,3,30,天惹，错过的神曲,0,钙莉,260207642
375,2017,3,27,因为思念 我穿越漫天风雨世界,1,充氧期,129163140
376,2017,3,26,好听,0,少越少越,104295388
377,2017,3,23,爱燕姿[亲亲][爱心][钟情],0,春天之恋,258758924
378,2017,3,14,[亲亲],0,跳舞的反骨,33249451
379,2017,3,14,超爱,0,我是小小一座山,41952114
380,2017,3,13,我不管，我要打卡，我的燕姿我来了。,3,孙燕姿你是光芒果,77464742
381,2017,3,11,遇见,0,赫里尔德,410343541
382,2017,3,11,那首听见 冬天 橱窗前 的歌不是这首吗...叫什么名啊,0,会陪你看烂片,300509224
383,2017,3,6,以前年轻的时候听这张专辑完全不记得有这首歌，这次把这张专辑找出来听竟然发现还有这样一首歌。只能说，长大了，心态变了。,0,scandol-rk,335774799
384,2017,3,5,某句听成亲爱的爸爸 以为是彩虹金刚里的sweet child o'mine ,1,林守乐,55243746
385,2017,3,5,22:16,0,林守乐,55243746
386,2017,2,23,这是我真正认识燕姿的第一张专辑 因为当时我买了 [色],0,-ZZD,18097421
387,2017,2,23,爱姿,0,姿意燕为,263726012
388,2017,2,22,stefanie 啊 我曾经买过这个正版专辑啊，一晃十几年过去了,1,我家的小狗会唱歌,116461472
389,2017,2,18,超喜欢副歌部分！,3,沉默那些年,310725225
390,2017,2,18,你很奇怪吧，我有表达那个意思吗？,2,我们始终相信,801120
391,2017,2,18,真是奇怪，燕姿哪来难听的歌,0,Ahian_Chan,102970803
392,2017,2,15,就爱这种调调啊,1,8宝稀饭oO为未来奋斗为明天努力,96577619
393,2017,2,12,爱燕姿[亲亲][爱心][钟情],0,春天之恋,258758924
394,2017,2,7,这首歌热评怎么没有孙燕美了[撇嘴],1,keystroke,99220196
395,2017,2,5,哇，刚听完听见，就随机到了遇见[大笑][大笑][大笑][大笑][大笑][大笑],1,我们始终相信,801120
396,2017,2,5,这张专辑真是每首歌都是超级好听。,0,我们始终相信,801120
397,2017,1,29,听见冬天车窗外[小鸡],1,xm青,355106073
398,2017,1,29,[爱心],0,Plutonep,129646016
399,2017,1,26,喜欢,0,10253273886,289228616
400,2017,1,20,刚好这些歌都是她自己做的曲。,3,呆洛克,51310523
401,2017,1,20,好长时间没听这首歌，一听前奏就能跟着唱，暴露年龄的说,0,小蜗牛听歌,60445074
402,2017,1,20,你一定是x年老粉吧😊小众，可是我喜欢,0,小船leepoly,120870309
403,2017,1,20,《明天晴天》《真的》,1,呆洛克,51310523
404,2017,1,20,燕姿作曲的棒,0,Ro1030,90652954
405,2017,1,8,爱姿,0,姿意燕为,263726012
406,2017,1,7,求推荐燕姿同类型的歌[流泪]好听,0,小船leepoly,120870309
407,2017,1,5,哪怕他从未对我说过一言一语，我也听得到他的声音。,2,心動期限最短,310499455
408,2017,1,2,我一看名字想到的是：冬天的离开,1,林守乐,55243746
409,2017,1,1,姿迷,1,姿意燕为,263726012
410,2016,12,31,不止你爱我也爱😳,2,凉丶凉夜色,368550154
411,2016,12,29,爱姿,1,姿意燕为,263726012
412,2016,12,26,爱姿,0,姿意燕为,263726012
413,2016,12,26,爱姿,0,姿意燕为,263726012
414,2016,12,20,爱姿,0,姿意燕为,263726012
415,2016,12,14,这张专辑真的高质量，经得起循环倒带,2,阿亮学长超酷炫,53935191
416,2016,12,14,我的起床铃声,0,North雾霭,270432882
417,2016,12,11,好听,0,JOE雪城,66202518
418,2016,12,9,这么经典的歌没人评论啊,0,丑咩一只,77482571
419,2016,12,7,大爱,0,GoeAlwyn,270448245
420,2016,12,2,啊……的转音！,0,Stephanie_禾西,70914766
421,2016,12,2,爱姿,0,姿意燕为,263726012
422,2016,12,1,☝,2,花老师小课堂开课啦,353426857
423,2016,11,29,重要的事情说三遍,0,喊破喉咙也没有用,256397276
424,2016,11,29,破喉咙破喉咙破喉咙  有用没用喊三下子,0,二狗go-go,63381633
425,2016,11,27,因为思念我穿越满天风雨世界,2,lllllllllsi,53115006
426,2016,11,23,😢😂,0,湖人死忠,7776579
427,2016,11,23,某人一定是男的.......,0,喊破喉咙也没有用,256397276
428,2016,11,21,这首看来没多少人听啊,0,貓也喜歡被擁抱,118234369
429,2016,11,21,打卡，这首当年也是超爱,1,Fann大帅比,275040745
430,2016,11,18,迷妹,0,蒋大智,103533263
431,2016,11,15,大三的秋天买的这张专辑，那时候和某人吵架了，一气之下离开学校三天，谁没有联系，去了音响店，买了这张专辑，整张磁带一直在循环地听，现在听这首歌，想起从前，想起大学时光，好怀念......音乐可以带我们回到记忆中的过去，空惹人伤悲.....我们又回不到过去。,6,谬音小陟,51741970
432,2016,11,14,爱姿,0,姿意燕为,263726012
433,2016,11,11,好搞！,0,当代歌坛,126763195
434,2016,11,9,今天擦黑板突然哼起来。时隔多年没听这首了。,4,竹修先生,82219573
435,2016,11,6,hallo there,0,Sssunnn12,7552300
436,2016,10,31,燕姿这首歌真的好冷门,0,我只会乱乱唱,272309134
437,2016,10,29,十二周年～,0,完成已注销,35832605
438,2016,10,25,这首歌超好听怎么才这么点人？！,1,Luster0816,49258761
439,2016,10,22,听见冬天的离开 我在某年某月醒过来 啦啦啦啦啦啦,0,Maokon7,118910900
440,2016,10,22,为什么 开头我想到了 《无限大》[大哭],0,一只不完美的海星,3241795
441,2016,10,10,大爱中间的和声（？）那部分，我的手机铃声,3,跳舞的反骨,33249451
442,2016,10,7,隐藏神曲[大笑],3,北极之狐,18473968
443,2016,10,7,爱姿,0,姿意燕为,263726012
444,2016,10,1,专辑最爱,1,蝈蝈一直很绿,6310886
445,2016,9,28,在一次火车上听的这首歌，一下就被吸引了,2,FingA,309634805
446,2016,9,26,欢迎来到燕姿的隐藏神曲世界[可爱],5,叫我李天王,263284637
447,2016,9,16,晚安[兔子],1,辛鹿麋,99000763
448,2016,9,11,爱姿,0,姿意燕为,263726012
449,2016,9,6,啊啊啊啊,0,study中whoops,48435532
450,2016,9,4,爱姿,0,姿意燕为,263726012
451,2016,8,29,→_→,0,布朗不熊,14709960
452,2016,8,28,………,0,虎锐,487355
453,2016,8,24,1。。,0,孤单---个人的狂欢,263901035
454,2016,8,22,难道不是 快点消失的氛围😃,0,帐号已注销,270495837
455,2016,8,18,他他他他的声音很好听，是能让我一脸春样的声音哈哈哈,0,苏三伞,111844957
456,2016,8,17,很喜欢这首歌～,1,Kiddy-seiigi,56840191
457,2016,8,12,"在那個時候
jolin還不會説淋語 
hebe也不是田馥甄
taylor更不是我霉 
買的第一盤磁帶就是Stefanie [亲亲]",8,布朗不熊,14709960
458,2016,8,12,当年出这张专辑的时候，我们宿舍就我一个喜欢这首歌，其他人都喜欢《我的爱》什么的,3,Brian_Battler,33756037
459,2016,8,3,146,1,求一切顺利的王多多,272099714
460,2016,8,3,听见燕姿[憨笑][憨笑],1,Song我的憧憬,51600636
461,2016,7,30,打卡  老大快出新砖吧,1,就叫nagii想怎样,63902185
462,2016,7,23,在那個時候jolin還不會説淋語 hebe也不是田馥甄taylor更不是我霉 買的第一盤磁帶就是Stefanie 姿妈生快！,5,布朗不熊,14709960
463,2016,7,23,我的青春！燕姿生日快乐[蛋糕][蛋糕][蛋糕],1,-有姿有菋-,129649056
464,2016,7,22,我还会跟着唱，我的记忆啊,0,帐号已注销,3616642
465,2016,7,22,啊，这首歌是我很多年前听到的了，可是当时不知道叫什么,2,帐号已注销,3616642
466,2016,7,22,[亲亲],2,帐号已注销,3616642
467,2016,7,21,越听越喜欢，[大笑][大笑],0,求赐名,111527578
468,2016,7,20,蛮冷门的,0,芦根甘草薄荷饶,248359022
469,2016,7,18,2016年7月18日凌晨，我翻出所有孙燕姿的歌怀念离开了我的他。,3,鹿角李,107298253
470,2016,7,16,好爱,0,雷樫,34236636
471,2016,7,14,以前删了，现在要付费了,0,无发天女李一飞,117232996
472,2016,7,13,忠实姿迷，想说的是，磁带的时代，这首歌一天能听十几遍！那种怀念无可匹敌！,6,-有姿有菋-,129649056
473,2016,7,9,爱姿,0,姿意燕为,263726012
474,2016,7,8,握爪,2,叫我李天王,263284637
475,2016,7,8,整张专辑最爱,4,美国队长夫人,77255102
476,2016,7,7,迷妹必须留个言，话说孙燕姿的歌都会，去ktv也是没朋友[大哭],0,Carmanyj,300498261
477,2016,7,6,资深姿迷 必须留个言,0,是小27吖,106458515
478,2016,7,4,今早上宿舍后面的戒毒所，在放。我一时想不起歌名，只记得“在我身边，重叠着你的声线”这句的旋律，一天脑海全是这个旋律，现在终于找到了[可爱],1,smallsix,38658752
479,2016,7,2,五年级的时候考了双百分，奖励就是Stefanie这张CD，一直留到现在，听见这首歌居然已经听了12年，隐藏的金曲！,2,直到约定融化成笑颜-,62281955
480,2016,6,29,听见,0,WOOOOMwang,275225493
481,2016,6,26,我女神这么清新的声音喂,0,举起手来跟我一起摇摆,78132797
482,2016,6,4,女神，现在心情低落到只能靠你的歌度过了[痛苦],1,孙燕姿迷妹-,256542659
483,2016,6,4,开口脆,0,王子面oO,249311860
484,2016,6,4,好听诶,0,王子面oO,249311860
485,2016,6,2,间奏好听苦了[流泪][流泪][流泪],1,sunway赛维,63376762
486,2016,5,29,第一次听这首歌的时候感觉好耳熟，可就是不知道在哪里听过，感觉好好听惹[开心][开心],0,这一刻爱姿-蔓,135910100
487,2016,5,28,没错[亲亲],0,北极之狐,18473968
488,2016,5,27,挂念消失的氛围，总是听成过年消失的氛围[大笑],0,楠楠邶邶,88627127
489,2016,5,26,为什么莫名觉得耳熟,0,洛洛eric,63578254
490,2016,5,24,好欢快的歌,0,王子面oO,249311860
491,2016,5,12,姿妈的每一首都爱！！！！,2,乖咪的木南,57470106
492,2016,5,3,因为思念 我穿越满天风雨世界,1,鲸小七七七,107515439
493,2016,5,3,以前把这首听成咕叽咕叽 MP3的年代 ,0,鲸小七七七,107515439
494,2016,5,3,再听一遍,0,邪小人,20700278
495,2016,4,26,谢谢你！让我听见,0,开点药给你吃好吗,36843947
496,2016,4,24,[憨笑],0,Jadry,9952964
497,2016,4,22,淡定☺,0,举个西木,60673274
498,2016,4,20,当初很喜欢的歌曲,0,1小猫钓鱼1,46579091
499,2016,4,20,旋律很洗脑啊！好好听,0,尼姑梵,263364379
500,2016,4,12,也不要太在意[大哭],0,雨陨,31875806
501,2016,4,11,我是觉得像天空后面一段和心愿都很像烟嗓，你们说不是就不是喽。我一个那么早来评论的老姿迷还被喷，就算说是烟嗓也没有贬低的意思,0,莫说大象,45104334
502,2016,4,5,好好的气氛，被说烟嗓的那个给破坏了[大哭][大哭][大哭][大哭],0,庄周周庄,78453458
503,2016,3,31,爱死这首了,0,兔兔-Ann,45729444
504,2016,3,31,@紫色萱嘚味道 ,0,Winters23,95866253
505,2016,3,28,喜欢,0,uncanny1993,7607400
506,2016,3,26,这首歌我在ktv唱有的姿迷都表示没听过,1,是螺纹呀,59982102
507,2016,3,18,我记得这首歌曾经很红的啊，这首是那种童年听过很多次但是从来不知道名字，直到青春期时候喜欢流行乐，然后大规模听歌才找到的那种,0,富士ap,37041512
508,2016,3,17,我怀念的是无话不说,0,三万八千三,124469589
509,2016,3,15,听见～,0,雨陨,31875806
510,2016,3,15,要堆的继续,0,愚人的国度V,90406979
511,2016,3,15,92,1,愚人的国度V,90406979
512,2016,3,15,评论这少？？丫的，我堆也堆上去,1,愚人的国度V,90406979
513,2016,3,11,这首歌不知道为什么不火~~~可是真的真的真的好好听！！！！,0,账号还是注销吧,17481219
514,2016,3,9,阿啊阿啊阿,0,午夜蒙太奇,55434618
515,2016,3,1,就知道评论没有过百，但是我没记错的话，这首歌好像燕姿自己写的。他自己写的歌的曲调都很特别的，我很喜欢,2,RRprincess,246195487
516,2016,2,16,[可爱]打卡,1,孙燕姿的粉丝,36733053
517,2016,2,15,怀念那些拿着mp3 听歌的岁月~,0,向往北方的日子和乐子,75903833
518,2016,2,15,[爱心],0,TIGA___,75177230
519,2016,2,7,开头有气势,0,cclaustrophobia,39635040
520,2016,2,5,来听听我家燕姿[亲亲][亲亲][亲亲]春天快乐(✪▽✪),1,冬一刻,58996733
521,2016,2,2,好的！等燕姿下一轮演唱会,1,是螺纹呀,59982102
522,2016,1,31,呵呵，走起喽,0,巴扎嘿嘿嘿嘿哈,101892722
523,2016,1,29,[爱心],0,甜一分苦九分ya,50669579
524,2016,1,29,和我咩？[亲亲],0,是螺纹呀,59982102
525,2016,1,29,说得激进些了,1,是螺纹呀,59982102
526,2016,1,24,你这算人身攻击了,1,莫说大象,45104334
527,2016,1,22,想学会她的每一首歌，想积着留到演唱会的时候和你一起合唱！！！,0,巴扎嘿嘿嘿嘿哈,101892722
528,2016,1,14,听见~,0,那个米饭,8910787
529,2016,1,11,总会想起的漫天大雪，走在回家的路上。,0,DawnRaven,78660379
530,2016,1,9,两个字的冷门歌,2,ZNZI,88670287
531,2016,1,9,我姿声音是清澈吧。。。,7,梓菜花,113854337
532,2016,1,4,在我身边，重叠着你的声线,0,闪闪幸运星,34270961
533,2015,12,29,听爱的牵挂放心上,1,明心台,99548869
534,2015,12,28,听见，遇见,0,我们始终相信,801120
535,2015,12,24,第一张买的专辑里面的歌 [大笑],1,7leave,41611268
536,2015,12,23,在我身边，重叠着你的声线[亲亲],0,孙燕姿的粉丝,36733053
537,2015,12,20,因为思念 我穿越漫天风雨世界,0,当夏季渐寒,95136837
538,2015,12,13,，，，,0,举个西木,60673274
539,2015,12,13,记得向姿迷迈进的时候，疯狂的听燕姿的歌，有一次睡醒了有个旋律在脑中徘徊，估计是在梦中听的歌曲。却怎么也想不起来是哪首歌，后来隐约记得句歌词，百度了出来。就是这首歌。后来直到现在，听这首歌并不多。当时就仿佛着魔了一般，现在想来，那种感觉还是相当棒的，人生之中，能够有几次呢？,8,海外小仙人,65586509
540,2015,12,12,静静的听完一首歌，晚安,0,嘻嘻嘻咦嘻嘻,45824218
541,2015,12,4,"我也算一个
",2,贝影迷,94239912
542,2015,11,24,周杰伦的（你算什么男人）简直绝配的对歌,2,铭心-鹏,51601466
543,2015,11,19,说烟嗓的那个你是耳聋了吗？,224,贰柒壹,52409801
544,2015,11,18,好好,0,江覆,75612654
545,2015,11,18,😇好听,0,消失的盛夏,54553630
546,2015,11,18,困了，听完这首就睡觉(￣o￣) . z Z,0,飞洒的胡,50679936
547,2015,10,25,这首歌很少听，但是很特别。想象不出别人会怎么唱才能这么有味道。,0,bityinjd,62502224
548,2015,10,25,都好听,0,她就是小鸡腿子,80744018
549,2015,10,22,嗯,0,莫说大象,45104334
550,2015,10,22,我读书少，你别骗我啊[呆],0,失眠的苏菲,48369143
551,2015,10,18,一遍比一遍好听，这就是洗脑吧[大哭],1,失眠的苏菲,48369143
552,2015,10,9,首首都棒 各有各的味道,0,她就是小鸡腿子,80744018
553,2015,10,7,听老歌会暴露你们的年龄的！[憨笑],0,非音乐莫属,2513379
554,2015,10,5,应该是算的,0,莫说大象,45104334
555,2015,9,26,听的最少,0,starrylee,29431936
556,2015,9,18,44,0,再度可否,52783520
557,2015,9,17,说烟嗓的[呆]你民谣听多了吧,2,羊咩咩喂,50148750
558,2015,9,17,咩,1,羊咩咩喂,50148750
559,2015,9,7,上海海洋大学的电台台歌 不知道现在还是不是[憨笑],1,闪泥啦啦啦,88079495
560,2015,8,30,燕姿燕姿！[爱心],0,用户41965267,41965267
561,2015,8,19,咩,0,陽狂_陳小咩,78110883
562,2015,8,11,yanziyanzi.,0,帐号已注销,44991129
563,2015,8,5,不知道你是怎么评判的，呵呵呵,1,七月微风正好,54600044
564,2015,7,25,作曲：孙燕姿,1,熊熊烈菠萝,52434555
565,2015,7,24,心里的诺言，不经意被听见,6,鸡肋不是,81816871
566,2015,7,11,好听,1,举个西木,60673274
567,2015,7,10,好听,3,lancelotee,71321835
568,2015,7,5,燕姿的歌不是听一遍就够了的 蜂蜜乌龙茶 越品越有味道,132,absolutelyray,3796444
569,2015,6,17,你的活捉技能点满了吧🌝,4,肮脏的python交易,45638475
570,2015,6,17,妈蛋，好巧，又见面了[撇嘴][撇嘴],0,时间煮鱼abc,2971048
571,2015,6,16,是烟嗓的,0,莫说大象,45104334
572,2015,6,16,第一次听人说她是烟嗓_(:з」∠)_,53,肮脏的python交易,45638475
573,2015,6,15,爱呀～,0,lsoda,5756328
574,2015,6,14,[爱心],0,sn98,65189538
575,2015,6,11,[憨笑]想听见你！,0,西西废斯,47136841
576,2015,6,9,[可爱],0,仙理後冰,54842109
577,2015,6,6,因为思念，我穿越满天风雨世界,1,Kep_Ler,16482332
578,2015,6,4,听爱的牵挂，放心上。,0,Bearky,5556285
579,2015,5,25,听见。,0,弥x弥,6357654
580,2015,5,20,还没有我帅[流泪],0,焱烮,67455528
581,2015,5,15,好听,0,陪你到世界尽头,62833573
582,2015,5,9,偶像结婚了不影响啊～,0,plaza_,60904358
583,2015,5,6,孙燕姿我的偶像 可惜结婚了[流泪],0,焱烮,67455528
584,2015,5,5,听听就留个脚印,1,岚Cyan,46241807
585,2015,4,28,这歌评论这么少不科学啊！！,0,南瓜你可长点心吧,45297536
586,2015,4,27,[狗],0,假装不是大灰狼,44687748
587,2015,4,1,第一次听,0,不爱孙燕姿,513073
588,2015,3,22,我听见自己的幸运。,1,散若烟云,35996981
589,2015,3,21,好听,0,缄默之语ep,39993944
590,2015,3,9,这首的评论居然只有个位数！,0,飞洒的胡,50679936
591,2015,2,16,听见雨流过内心的城镇，挂念已绝不相见。,0,长亭缱绻,19515209
592,2015,1,3,"挂念消失的氛围
在我身边
重叠着你的声线
因为思念
我穿越漫天风雨世界
心里的诺言
不经意被听见
彼此能了解
每个瞬间层层相连",2,啊彩虹金刚,36813307
593,2014,11,26,因为思念，我穿越漫天风雨世界,1,帐号已注销,36675208
594,2014,10,19,彼此能了解 每个瞬间层层相连。,0,天堂呼唤,37303493
595,2014,10,3,再见,0,咦_你逗我,8770396
596,2014,8,14,xixi,0,Z036,12727189
597,2014,6,5,听见……,0,RayMa,139377
