index,year,month,day,content,likecount,nickname,user_id
1,2019,11,19,自己喜欢就好，非要比,1,Eth酱,548294006
2,2019,11,13,突然间对   叶启超整个人没有了好感,0,衣柜里总少了那么一件衣服,484115148
3,2019,11,4,更加洒脱一些的感觉！大爱,0,雷诺铖,355160449
4,2019,10,27,女神的翻唱真是让人好听到裂开了，唱出了自己的味道。王菲版本的很空灵轻柔，女神版本的很有力量和态度。,0,liffeny,475362617
5,2019,10,27,我能翻网易云品论翻一下午。,1,MAIK丶,113479206
6,2019,10,26,我发现了宝藏,0,鲨鱼鲨鱼鲨鱼粥,258191902
7,2019,10,25,编曲很棒 特别是后面的部分,0,VHshsbjznska,304436387
8,2019,10,25,滚开,1,VHshsbjznska,304436387
9,2019,10,24,我天天望 何时才能成一片,0,59君,258626105
10,2019,10,21,翻唱孙燕姿才是自杀,0,胡萝卜炒蛋,265685335
11,2019,10,17,好美好美,0,凪于,377147459
12,2019,10,12,当年在家玩着英雄萨姆 边听这首天空 当我端着机枪扫射成群的怪物时有一种强烈的悲壮感！,1,死核少女,129647828
13,2019,10,11,狠,0,sunjiahang,375838001
14,2019,10,7,达成999,0,所有名字都被占啦,248547937
15,2019,10,6,趁着没999+来占个坑～,0,吴迪迪迪迪di,329247569
16,2019,10,2,我的天空,0,过往云烟视而不见,305289320
17,2019,9,26,爱了,0,小罗伯特妮妮n,1795075550
18,2019,9,24,宝藏歌曲,0,吉塔哥哥-,255420744
19,2019,9,24,还是孙燕姿的感觉,0,吉塔哥哥-,255420744
20,2019,9,23,燕姿真的太好了,2,霉头霉脑云散月现自在飞花slay,42294326
21,2019,9,21,真的很棒~,0,starrylee,29431936
22,2019,9,17,看你头像就知道你是什么人啦弟弟,3,椥裕,83021924
23,2019,9,17,真的很好听,0,椥裕,83021924
24,2019,9,15,同一片天空，不同的人,1,不负心仪,385386959
25,2019,9,14,太好听啦,0,sunjiahang,375838001
26,2019,9,13,[多多无语],0,唐某不沾刘女,347702944
27,2019,9,10,我知道你离不开我 不知道为什么 就是会这样觉得,0,Harburr,382651369
28,2019,9,5,我没喷你，你啥时候看见我骂你了，我只是解释我为啥生气,0,欢喜孙燕姿,325641238
29,2019,9,4,别喷我～你应该问他删了什么,0,李现的壹号老公,1929476312
30,2019,9,4,我没觉得原唱好听就不乐意，如果只是说了一句是翻唱他删什么？,0,欢喜孙燕姿,325641238
31,2019,9,3,我记得楼主只是说了一句燕姿是翻唱，然后就有人骂他～我也是燕姿的粉丝，总觉得燕窝不应该表现得这么小气。,2,李现的壹号老公,1929476312
32,2019,9,3,我知道，我说这句话肯定是作者说了什么过分的话，不过他评论删除了，我也看不了,0,欢喜孙燕姿,325641238
33,2019,8,30,"觉得燕姿才天籁的我🦍🦍🐿️
是那种豁达健朗的天籁🐵🙉🐔🐧🐦🐤🦅🦉🦇🐺🦄🐝🐛🦋🐌",1,谢小P谢小P,36145223
34,2019,8,30,虽然我很喜欢姿妈，但是这首歌真的是原唱更好听更能表达这首歌的意境。,2,李现的壹号老公,1929476312
35,2019,8,30,你脑袋有包？！,2,小妖精丶佳,291583328
36,2019,8,29,喜欢的歌手唱了另一个喜欢的歌手的歌,1,L温一壶月光下酒H,293511544
37,2019,8,29,你的评论，非常low，你这人，也非常low。,7,霉头霉脑云散月现自在飞花slay,42294326
38,2019,8,27,唱得真的很高，菲姐和燕姿我都喜欢,0,这个昵称已被注销,83518190
39,2019,8,26,不乐意滚,0,欢喜孙燕姿,325641238
40,2019,8,25,这专辑，唱得LOW,2,用户45654687,45654687
41,2019,8,25,我的天空，为何总灰着脸？,1,孙燕姿的秘密情人,1359976045
42,2019,8,22,"还是喜欢看天空,过去会想替谁谁看啊,现在只是自己去望着那片蓝天白云。",0,秦淮医院上三楼,397806788
43,2019,8,20,白天听我菲，晚上听燕姿,0,麋鹿先笙,366301935
44,2019,8,19,看着贾导的小武找到这个歌,0,准哥来了,5424625
45,2019,8,15,的确,0,康丹尼,374267419
46,2019,8,13,还怪好听的[大哭],1,然然然燃李李,305189633
47,2019,8,12,今年夏天的天空想画里的一样,2,Crzero,342048268
48,2019,8,10,燕姿姐翻唱的歌曲都有自己的感觉.[亲亲],0,BearBrown0625,1600273759
49,2019,8,5,好听，和王菲各有特色,2,反叛的银时,570490151
50,2019,8,4,第一次听就是孙燕姿的，如今还是觉得女神最好听！王菲的版本声音感觉好远……,0,花莫笑丶,514517742
51,2019,8,4,虽然百年孤寂没唱好，不过这首翻唱真的可以,1,IvanFightinggggggggggg,1755187639
52,2019,8,3,加油999,0,Kepler蔚蓝的海蓝色,46929889
53,2019,8,3,菲迷表示记得是孙燕姿,2,冷战前的暗涌,100921332
54,2019,7,31,之前王菲那版，是自始至终清澈空灵；孙燕姿是开头低头哼唱，然后破壁而出。我喜欢那段和声高音：像是在山顶对天空，使尽气力呼喊似的。,0,-不枉为少年,268858076
55,2019,7,31,王菲那版，是自始至终清澈空灵；孙燕姿是开头低头哼唱，然后破壁而出。我喜欢那段和声高音：像是在山顶对天空，使尽气力呼喊似的。,1,-不枉为少年,268858076
56,2019,7,27,顶你,1,nidemingzi你的名字,586048443
57,2019,7,27,说这个就注定被喷，燕姿不是流量歌手，也不是流量明星。可以去喷那些，但实力派，禁止喷！！,3,Selina硕,1821627430
58,2019,7,27,可以去百度下孙燕姿的资料，你会惊讶的。每个歌手都值得被尊重，何况是华语乐坛的女神！,0,Selina硕,1821627430
59,2019,7,27,喜欢，王菲和孙燕姿都是我偶像。,0,云小婵,546589129
60,2019,7,22,最喜欢的其中之一,0,嘿_____开心点,1671776671
61,2019,7,20,抱紧你也抱紧姿妈,0,万古啊长存,629173321
62,2019,7,16,果然唱王菲的歌还是要有自己的风格才有可能唱好，燕姿真棒！,0,还似飞花,641567881
63,2019,7,14,我爱孙燕姿,0,无敌小小小木木,272572926
64,2019,7,10,你的屁真丑,2,路人彦小二,76285353
65,2019,7,9,燕姿唱的是青少女感的天空，是我们的天空！,0,就是giao,95595100
66,2019,7,9,翻唱又怎样？唱出了自己的感觉！这首歌华语乐坛我觉得就王菲跟燕姿适合,1,就是giao,95595100
67,2019,7,9,有问题吗？,3,就是giao,95595100
68,2019,7,8,放屁,0,天一一一嘻嘻,103942782
69,2019,7,4,听燕姿唱这首歌已经让我想不起王菲唱的那首了，好像不是一首似的，学生时代爱听广播的一个节目前奏很喜欢放这首歌，就是放燕姿版本的，,3,我就是萌懵,1897933346
70,2019,7,2,刚刚知道原唱是菲姐...我燕姿太强了,0,没人比我更爱韶涵和燕姿,1332471327
71,2019,6,29,每天日推一首我姿,0,lm_stef,258724583
72,2019,6,28,金曲奖要一雪前耻,0,奈吻摩尔丶,255178610
73,2019,6,27,百年孤寂,0,Halo_Stefanie,44758870
74,2019,6,27,金曲奖会唱这首，还是百年孤寂呢😏,2,重庆虎子,334188614
75,2019,6,26,好听 ,0,jssssss097,429030763
76,2019,6,25,可是原唱是王菲啊…,0,藤原跳海,372923039
77,2019,6,21,哇塞！这翻唱很燕姿！喜欢[星星],0,时时是好时_,123540147
78,2019,6,20,呵呵,0,9号天台,53103092
79,2019,6,20,嘿那还真不是 我好多朋友都以为[多多调皮],0,Baek白叙,331010468
80,2019,6,18,只有你,0,9号天台,53103092
81,2019,6,18,[多多无语],0,唐某不沾刘女,347702944
82,2019,6,17,太好听了吧，等燕姿的演唱会[色][色][色][色][色],0,聪聪葱从匆,58924534
83,2019,6,8,好好听,0,moniisi,37783140
84,2019,6,8,你的天空 会有我吗,0,Spongebobbbk,568815194
85,2019,6,5,这个层层怎么发出来的音，求解,0,Silent有始无终,335356281
86,2019,6,5,燕姿的翻唱很有特色！,0,番薯跳海海蓝蓝,101039567
87,2019,6,4,日推好歌,0,情之柔至,50507408
88,2019,5,25,这首歌是不是缺了最后10秒钟？,1,鲜花着锦之盛,109450378
89,2019,5,20,左耳王菲右耳燕姿,0,泡沫里的梦想,67374888
90,2019,5,16,声音带有一种倔强和冲劲[开心],1,我的头像是只小猫,605474209
91,2019,5,14,我要抱紧姿妈，不要抱紧你[大哭],4,南枫Von,272784835
92,2019,5,14,好听,0,姑苏客st,79800447
93,2019,5,11,有些歌就是越听越好听！期待明年燕姿的演唱会！！！,0,一步两步是木头,1328509503
94,2019,5,11,姿妈 从小到大的女神！,1,梦屿春風,1286072728
95,2019,5,2,很好听(ง •̀_•́)ง,1,永不过期的凤梨罐头-,411832177
96,2019,4,28,真的好听,0,晴天也在,1675043502
97,2019,4,27,王菲和燕姿的版本都很好,1,北辰慢慢跑,290696671
98,2019,4,18,"卡了
",0,楼台近水月当空丶,581236384
99,2019,4,13,爱上了,0,Keplerrrr__,366619926
100,2019,4,9,这张专辑每首歌都值得999+,0,Champagne-Wines,114344953
101,2019,4,3,又来听歌啦~我家燕姿唱歌真TM好听,1,小冀崽崽,455717392
102,2019,4,2,我又来了，来检查一下你们的热度，哈哈哈哈期待2020我姿出道20年的演唱会,0,Joyce的橙子,1665584207
103,2019,4,2,2020再出一张start自选集吧,0,Wilreams,366115209
104,2019,3,23,这歌是翻唱王菲的？我一直以为原唱就是孙燕姿[大笑],3,鹰隼鸢鸷,359500136
105,2019,3,20,铁杆姿迷，同时也听菲，这首歌有一个惠威试音碟的版本，真的感觉无法超越，本来对这首歌无感的，听了那个版本有一种“这踏马的是神仙吧”的感觉,1,hanimal,269609516
106,2019,2,28,赞同有人说的，王菲天空是飘在天空，孙燕姿的天空是仰望天空。,3,保持平常心好心态,93598817
107,2019,2,25,我的天空！,0,Sayeah-,455501011
108,2019,2,20,我爱王菲喜欢孙燕姿,2,东霓-Jackson,1409193226
109,2019,2,18,你走后，  我的天空变得灰暗！,0,FM-1212,600533576
110,2019,2,11,视频你要找去贴吧问问，我不知道在哪看见的。原话非要说一个接班人，那就孙燕姿吧，不过我们不是一个类型,2,跳舞的克卜勒,122786310
111,2019,2,11,有视频么？我咋记得是杨乃文……,0,酱爆腰花,3324113
112,2019,2,10,这确实说的孙燕姿,2,跳舞的克卜勒,122786310
113,2019,2,9,有点像空灵,0,SMYTYPE,118785389
114,2019,1,31,独一无二,4,奶酪在这里,337828208
115,2019,1,30,为什么这么点评论。想当初听这首歌听哭了。,1,尚左OTO,50051842
116,2019,1,28,的确说的是孙燕姿,7,近藤_,132963895
117,2019,1,22,我记得她说的是杨乃文……,4,酱爆腰花,3324113
118,2019,1,22,人家说的接地气，是符合大众审美吧。而不是不是嗓音的辨别度,3,逆光181227,1716231811
119,2019,1,22,王菲说过，非要说接班人，孙燕姿吧。哈哈哈哈哈最大的赞美,14,逆光181227,1716231811
120,2019,1,11,热评说燕姿声音接地气的，其实不难发现，不管是模仿秀还是各路明星，模仿王菲声线的很多，为什么，因为有特点，比较好抓住（先不提还原度能有多高）为啥没几个模仿燕姿的。。。因为她声线真的。。。不接地气，太特别了。又有鼻音还自带一点小烟嗓 。,13,未算無壹物,73219754
121,2019,1,9,孙燕姿和王菲是我最喜欢的两位华语女歌手,3,一个奇怪的人类,248362569
122,2019,1,8,燕姿的声音就是天使吻过的，太羡慕这样的嗓音，这是独一无二的她。,4,用户277381598,277381598
123,2019,1,7,我要把燕姿所有歌都听到滚瓜烂熟,4,Joyce的橙子,1665584207
124,2019,1,5,每天的天空都不一样  想要用照片记录下来,0,半夏与月,407581617
125,2019,1,4,阿菲谁都不会选吧，她不是很关注这个的人😂,0,栀兜烤墨鱼,293132738
126,2019,1,4,[西西心动],0,96小锟,575504691
127,2019,1,2,希望2019 燕姿和 姿迷都开开心心， 如愿以偿。 ,1,孙燕姿的小迷妹啊,327977684
128,2018,12,10,王菲永远是燕姿的偶像，燕姿也永远都是我女神。,1,男朋友iii,116399799
129,2018,12,9,当然是选择原谅他,0,孙燕姿的小迷妹啊,327977684
130,2018,12,8,wok  我女神原来唱的是这首歌！爱女神！么哒哒！[憨笑],0,Seeeexyyybiiitch,348842453
131,2018,12,6,今天我把自己的天空走到了绝境😔,1,Stefanie-Zi丶,512970000
132,2018,12,2,棒！燕姿早期的专辑都太优秀了,0,O_oHULLO,343829645
133,2018,11,29,开口跪,0,辣鸡米花,68030685
134,2018,11,29,我的天空为何总灰着[心碎],0,我便记不得,124538924
135,2018,11,25,天空。,0,用户622985549,622985549
136,2018,11,24,听出了一片天空和格局的感jio,0,Seekzxy,613079814
137,2018,11,19,说接地气的。。。你给我在大街上找一个这么接地气的声音,2,彼得潘与狼,261245021
138,2018,11,14,但愿天空 ～,0,kendy的风筝,362892899
139,2018,11,9,评论好少,0,超级柏油娃娃,1286695020
140,2018,11,9,接地气的歌怎么可能这么难唱,2,超级柏油娃娃,1286695020
141,2018,11,5,突然脑中出现的旋律 一晃快二十年了,0,飞侠卡卡,427053792
142,2018,10,28,求求你删了,0,这个榴莲不太臭-_-,399215683
143,2018,10,27,天空还是燕姿的有感觉。,0,onearthome,1322819440
144,2018,10,23,是的，那个时候老王被喷我一个人在生闷气，看到燕姿的微博真差点哭出来，最喜欢的两个歌手啊[强],1,哈其是男神,393667188
145,2018,10,23,我也是哈哈哈,0,哈其是男神,393667188
146,2018,10,22,为何才800多,0,湫与ashin,359935955
147,2018,10,10,董润泽   我爱你呢,0,养得起罩得住,402760995
148,2018,10,7,在我们还玩校内的时候 我有一个相册 名字就是 我的天空 为何挂满湿的泪,0,礼拜三去马孔多看雨,70156357
149,2018,10,7,800评,0,许多年前的少年,353489442
150,2018,10,6,真好听,0,一切很好-不缺烦恼,307125329
151,2018,9,20,孙燕姿的翻唱总有一种是属于她的歌的感觉…,1,麇一怜,290864888
152,2018,9,19,我这破垃圾地摊耳机再煲也没用，还低音耳机呢，低音效果比铁三角还没有存在感,0,云村儿家长,1314659908
153,2018,9,17,锋菲复合，她也发言了，还被喷。当时的网友猪一样，时间证明现在锋菲还是被多数人祝福的,1,不能和你一起-7,585805462
154,2018,9,14,这歌，有燕姿的倔强,0,Marcpoze,87213200
155,2018,9,11,接地气的你给我删了[怒][怒]🔪🗡💉,0,Shaw老板,298445567
156,2018,9,10,哈哈哈是吧,0,时令水果记,72208944
157,2018,9,10,少数翻唱王菲歌有自己味道的歌手，而且不输王菲,2,彼得潘与狼,261245021
158,2018,9,10,你头像的长泽雅美好像脸大的燕姿哦,0,彼得潘与狼,261245021
159,2018,8,23,[色],0,O_oHULLO,343829645
160,2018,8,17,非常喜欢《天空》,1,KevinShins,340946339
161,2018,8,10,回味初中,0,Joopepe,439549667
162,2018,8,9,打卡~,0,用户88456330,88456330
163,2018,8,8,打卡,0,赟光,454310581
164,2018,8,8,非常好听.,0,Leaved-you,1452199833
165,2018,8,3,咋接地气了。找不到词就别说,2,跳舞的梵谷yanzi,318974517
166,2018,8,2,把天空寄给你,0,_诗芊,81037679
167,2018,8,2,好听到流泪,3,H-S_Sun,296312220
168,2018,7,30,我的天空，为何挂满湿的泪,0,过往云烟视而不见,305289320
169,2018,7,30,突然下起了雨,0,过往云烟视而不见,305289320
170,2018,7,24,你的天空 可会有我的一片云,0,悸动你纯,335001890
171,2018,7,14,以前一直以为这个和王菲的《天空》是两首歌来着……,2,南方姑娘唐婉婉,510507227
172,2018,6,27,超级喜欢孙燕姿这首歌，超级喜欢的,2,喵妹妹的秘书,365520400
173,2018,6,25,其实翻唱孙燕姿的歌也几乎是自杀[大哭],8,暮至明,94756999
174,2018,6,17,天空,0,内存已满lm,309338314
175,2018,6,7,我经常说翻唱王菲的歌几乎是自杀，因为你听过王菲的版本以后，翻唱无论是诠释，还是唱功，还是感觉都难以让人觉得满意。但是孙燕姿真的翻唱出了自己的味道和风格，而且唱功和音色足够棒来支撑这首歌来翻新带给听众的感觉。,50,pigpot,267338947
176,2018,6,4,试试评论,0,昵称超难起,18679594
177,2018,6,3,我的天空,0,暮至明,94756999
178,2018,5,27,很棒,0,美无遮拦,322684899
179,2018,5,26,作为菲迷，也很喜欢孙燕姿。都是不争不抢低调做人高调做事的歌手，这首歌唱出了自己的味道。天黑黑，遇见，同类，绿光 我都很喜欢,15,sunnybeing,443363744
180,2018,5,25,我姿的唱腔太让人着迷了,2,锦三三,359825868
181,2018,5,25,都喜欢,0,梵谷不跳舞,132774418
182,2018,5,23,真的 菲姿都是我本命[流泪]虽然过去这么久了还是好感动[爱心]燕姿平时不怎么提阿菲 但是两次都雪中送炭 她值得拥有我们的爱啊 阿菲也同理 都是我们的青春,4,天空上的旋木,72991027
183,2018,5,22,摸摸头,0,Ro1030,90652954
184,2018,5,21,很有自己的感觉[憨笑],0,月色摇晃树影_,113465322
185,2018,5,21,我竟然看哭了[流泪],0,天空上的旋木,72991027
186,2018,5,20,没事，这些歌都不是王菲真正的代表作,6,Katie_Zh,294154798
187,2018,5,20,每一个人的天空，爱你们。,0,拯救地球脉动,359331165
188,2018,5,18,中年人不该听燕姿的歌了，会入魔太深，忘不了过去的种种[心碎],2,我心未动,64858207
189,2018,5,12,你高兴就好。,0,深港港深,270140845
190,2018,5,12,好吧，王菲宇宙无敌最前卫行了吧！,0,囤歌癖,573243505
191,2018,5,12,我的天…生平第一次听到有人说老王的编曲…有年代感…,1,深港港深,270140845
192,2018,5,10,原版天空的编曲应该是后半段的吉他solo很有年代感，去掉这一部分还是很棒。,0,Doblossom,311528057
193,2018,5,1,燕姿不是接地气 是少年感吧 相比较菲姐是成熟女人的感觉 ,4,1th2nd,84707059
194,2018,4,29,燕姿的声音更是独一无二的，不用和王菲比，不用和任何人比，她就是她就是孙燕姿。如果要在全世界的歌手中只能选一个听的话，那非燕姿不选，就是喜欢燕姿,5,33轉的LP,630862795
195,2018,4,28,顶上999！,1,勖勖-,439719033
196,2018,4,26,还是王的好听点,1,dreamcomein,41335677
197,2018,4,23,思念,1,黑暗行星古兰斯菲亚,495929451
198,2018,4,21,没听过这么纯粹的声音！！！,1,强大的小明,287917064
199,2018,4,17,燕姿的声音是独一无二的,6,Stefanie_kf,260396530
200,2018,4,14,嗯嗯嗯,1,毛毛虫0912,323067104
201,2018,4,14,好,1,毛毛虫0912,323067104
202,2018,4,10,那也是你先瞎[撇嘴],1,GANGANffffjirt,474929327
203,2018,4,4,这首歌只有我姿才能驾驭,2,ObitoQi,405413598
204,2018,4,3,我小时候接触的都是姐姐买的cd，所以孙燕姿的天空听到很大才知道是翻唱，但是都不错,1,architectureloving,137664426
205,2018,4,2,好听,2,O_oHULLO,343829645
206,2018,4,2,反正我听到的第一个版本是燕姿的～也是印象中的版本,2,比一点多很多点,344085429
207,2018,4,1,外婆，我好想你。,3,花吃了那男孩_,70868976
208,2018,3,31,反正我最喜欢燕姿,2,33轉的LP,630862795
209,2018,3,30,说来说去前提是这首曲子太漂亮,0,梅小姐的音乐铺子,568602384
210,2018,3,28,孙燕姿陪我度过了难挨的高三,4,你懂得四季变幻,595269670
211,2018,3,28,为99+努力,2,你懂得四季变幻,595269670
212,2018,3,28,真好听,2,你懂得四季变幻,595269670
213,2018,3,27,唱得好,1,毛毛虫0912,323067104
214,2018,3,27,[爱心],0,请我吃饭啊吃,312974677
215,2018,3,26,为什么评论这么少,0,评论过万,61852259
216,2018,3,25,周晓鸥的天空和黛青塔娜的天空孙伯伦的天空王菲的天空燕姿的天空。我一下午可以无限循环五个天空[可爱],0,长岸口,269693380
217,2018,3,25,这一年来   听的每首歌都能想到一个人 都只想到一个人  我不知道这是什么 就是超喜欢你,0,多云h,483165958
218,2018,3,24,躁动 不安,1,游冬_,128309635
219,2018,3,24,爱燕姿也爱王菲,2,CHENYUDAN--,279712105
220,2018,3,20,从微博看到有人分享就过来了 燕姿也是我的女神 很少评论 为999做贡献 嘻嘻,1,Leisensen,501656929
221,2018,3,20,第一次听是看快女，杨洋唱的，可惜一直没火起来。,2,许期在这儿,1377027453
222,2018,3,17,我一直认为，燕姿的这首天空是独一无二的,3,静安寺070707,279042764
223,2018,3,12,燕姿唱歌更让我感动,2,王金1711,632842409
224,2018,3,12,什么，没到999？,1,这回绝不坑,305457330
225,2018,3,10,对对 听到这里刚好翻到你的评论,1,王不对称,254940840
226,2018,3,10,燕姿唱的很好啊 有自己的特色,0,王不对称,254940840
227,2018,3,7,[星星],1,Sayeah-,455501011
228,2018,3,5,上去吧 小伙子,1,丸子头ttttt,301510351
229,2018,3,4,元宵节后两天打卡,1,Hungvv,136686937
230,2018,3,1,开学前写作业打卡,1,过往云烟视而不见,305289320
231,2018,2,27,[爱心],0,小天使cherub_,321013887
232,2018,2,24,唱出来了自己的味道,0,未完成19991230,503310441
233,2018,2,24,燕姿,0,未完成19991230,503310441
234,2018,2,23,但孙燕姿的天空和陈晓东的我愿意并没有哭爹喊娘，可能王菲版本的编曲太有年代感了吧所以喜欢不起来，包括矜持我也觉得萧萧甚至杨宗纬的版本更入耳,3,囤歌癖,573243505
235,2018,2,15,打卡,0,A-KUONG,577837024
236,2018,2,12,3:00～3:20的那段呀呀简直不要太好听,5,A-KUONG,577837024
237,2018,2,12,2分40秒开始的那段编曲太精彩了！仿佛感觉到了天空的波诡云谲，厚重的摇滚加上燕姿来自遥远的由远及近的和声，虽然没有唱词，却讲整首歌推向了高潮。而后结尾的收场仿佛密云逐渐散去，天空逐渐清澈！,4,Bluebird1234,415517666
238,2018,2,6,晚安,1,黑暗行星古兰斯菲亚,495929451
239,2018,2,2,蔡依林那里撕的好惨……[口罩],1,W-2047,329902027
240,2018,1,29,更有感觉,1,王金1711,632842409
241,2018,1,28,好听,1,王金1711,632842409
242,2018,1,28,后来才知道这是翻唱王菲的，但不比原唱差，更有感觉,1,王金1711,632842409
243,2018,1,25,燕姿唱出了自己的态度,2,毛毛虫0912,323067104
244,2018,1,20,有没有发现评论没有一条是黑燕姿的,3,帐号已注销,597787054
245,2018,1,14,你的天空    可会有冷的月,2,花老师小课堂开课啦,353426857
246,2018,1,14,是的，她的一切来自她自己的生活，性格，吃饭，出街，家人，睡觉。无法用词句概括，但不是接地气，接地气是很高的赞美，但和燕子不是,1,kimsang,44441965
247,2018,1,14,已举报。瞎说什么呀！,1,瞎听不会唱,135902083
248,2018,1,14,好听,1,大便曌,274705565
249,2018,1,4,我们天空  何时才能连成一片,1,满满ATP,541600978
250,2018,1,3,王菲空灵，燕姿有种压抑感。,0,陈家瑛,103886050
251,2018,1,1,新的一年，过去的珍藏吧。,1,TPTOW,354363014
252,2017,12,30,2017最后的天空～云朵都是想念你的形状，我们天空何时才能相恋？,0,Ro1030,90652954
253,2017,12,28,孙燕姿有一种无法言喻的气质，就是你对她没有想入非非的冲动，却愿意和她共度一生的那种感觉。,8,很ok的青苔黍,280727039
254,2017,12,27,为什么这首歌竟然没有超999+不合理，顶上去,0,阿win--,420857673
255,2017,12,22,燕姿开始的唱腔是致敬王菲，很喜欢燕姿的歌声。以及她没有绯闻。唯一の女神就是燕姿！,0,Tiger_Ming,125315299
256,2017,12,21,坐等999+,0,丶旁友,269698751
257,2017,12,20,怎么都不提编曲全部打翻重做了呢？明明是两种不一样的诠释方式，非要分个高下，都是我很喜欢的歌手，何必呢,1,拉拉花,88639221
258,2017,12,18,唱的很潇洒，个人特质明显，没有桎梏于王菲的本身带给这首歌气质，成功的演绎版本,1,得布西森林,95937066
259,2017,12,17,我的天空     与你紧紧相连,1,张文键,350949995
260,2017,12,17,我一直都想看视频 一直没找到😂,0,天空上的旋木,72991027
261,2017,12,17,唱低音的歌就能看出一个歌手的实力了，除非他本来就是低音的。,0,退后飞翔,294622246
262,2017,12,16,陈小霞：王菲有个特别的地方，就是唱每首歌都留有余地，比如有些歌手内心明明是空的，唱情歌却唱得哭爹喊娘，让人没有共鸣，而王菲内心有很多情感，情歌却唱得云淡风清。这就是王菲和其它女歌手的区别,5,关爱窦吹成长协会,263701157
263,2017,12,15,为999做一份贡献,0,Pls-Listen,112073993
264,2017,12,13,（一搭不配）,1,-MMaoLee,254938601
265,2017,12,13,真厉害啊，这样翻唱。,1,阿飞有五毛钱,132415674
266,2017,12,11,那有朵白云的一天,1,暮至明,94756999
267,2017,12,10,单曲循环,1,蓝石头55,56061551
268,2017,12,9,我觉得没有必要争论谁唱的好吧 人家歌手自己都互相欣赏。。作为粉丝就安静听不就好了？,1,帐号已注销,326520749
269,2017,12,4,我的天空 都是你,0,不关门的奶茶店,86865271
270,2017,12,4,真的算是《天空》最好的翻唱，无论是编曲和演唱，无论是配器还是唱腔、尾音，都充满了世界感，抓住了这首歌的精髓。王菲的演唱，“空灵”只是表象，气音拖音挫音的使用往往被忽略。长期以来很多女歌手的翻唱都只注重“空灵”，听起来觉得“嗓音不错”，却很难觉得有“生命力”，只有”空“没有”灵“。,3,大梦一场的董二千先生_,39951687
271,2017,11,28,！,0,喜爱你的小孤独,46192347
272,2017,11,25,那时候的王菲的声音是空灵，姿姐姐是：“清亮”,0,黄粱一梦21年,107260700
273,2017,11,25,唱出了燕姿自己的味道，听起来太有感觉了！,0,another-sun,105072620
274,2017,11,24,我爱你,0,我要认识你也叫鬼话连篇,120983555
275,2017,11,21,这居然都没999[呆],0,给我一首歌的时间05,512380821
276,2017,11,18,初中听的这张，复读机反复循环。,0,奶茶还是好喝,5773686
277,2017,11,17,好听，舒服,0,Ennisyi,496752914
278,2017,11,13,你是金时空，我是铁时空，我们的天空何时才能成为一片？何时才能相连？,0,身边相伴方知幸,108249550
279,2017,11,13,燕姿唱的这首歌同样很好听，很喜欢燕姿的声音，同意燕姿的声音比王菲的接地气的说法,0,小肖1990,73726013
280,2017,11,12,作为王老师的铁粉，我表示王老师这首歌我没怎么听过，靖雯时期的作品还是稍有些甜腻了……,0,我是德高望重的王老师,62362780
281,2017,11,10,王菲，两个版本，我觉得口琴版本更胜主打版本。,1,jwmgt,319560067
282,2017,11,10,而且你还是成都的,0,开心到飞起来惹,263550491
283,2017,11,10,缘，妙不可言！,0,装深沉的文艺青年,611278166
284,2017,11,9,活捉你[撇嘴]看完评论，怎么有人和我一样，再一看，又是你,2,开心到飞起来惹,263550491
285,2017,11,8,竟然不是999？这是刚拿到版权？,0,guaguablue,77081580
286,2017,11,8,我想跟2007年的孙燕姿处对象,0,qi--ang,289927214
287,2017,11,7,有个问题已经困扰我多年了！为什么我会同时喜欢两个歌手呢？一个是王菲一个是孙燕姿！我真的是个专一的人！但确实两个歌手都好喜欢！,3,装深沉的文艺青年,611278166
288,2017,11,4,好美啊😱,0,wokansheihewoyiyang,113113844
289,2017,11,2,这翻唱满分,0,不傻_不白,514487583
290,2017,10,27,孙燕姿也很喜欢王菲[亲亲],2,赤川7,117881596
291,2017,10,26,爱,0,白鬼樱子,103763328
292,2017,10,26,我的偶像是孙燕姿,0,一行生,97730434
293,2017,10,26,真的 喜欢王菲也喜欢燕姿,2,FOURxA,539611757
294,2017,10,25,打破666（逃,2,一直一直在下雨,495651485
295,2017,10,24,沉迷,0,潜北上行,57279156
296,2017,10,23,哥  你回复错了,0,杨尼思,413694016
297,2017,10,21,额，你…你是不是回复错了人？[呆],0,是超群啊mua,299343551
298,2017,10,21,王菲唱歌忽略情感？别秀无知了好吗,1,虾米音乐小卧底,87762845
299,2017,10,18,不知道为什么 一听到燕姿的声音就有种回到高中时代的错觉,0,曾经的樊队已不在,97703286
300,2017,10,17,迷妹唱偶像的歌😊,1,杨尼思,413694016
301,2017,10,17,那只能说你听王菲的歌太少了💁,0,杨尼思,413694016
302,2017,10,14,等在世界的一边，任寂寞嬉笑一年一年。换岗！换工作！让天空亮起来！,0,我就是宇神,284848402
303,2017,10,14,越听越好听[流泪][流泪][流泪][流泪][流泪]沦陷,0,赫里尔德,410343541
304,2017,10,11,你知道《我愿意》是怎么由来的吗，就说王菲没有感情？[撇嘴],1,早安喵晚安喵喵喵,47914850
305,2017,10,11,王菲唱歌主要是什么方式？,0,早安喵晚安喵喵喵,47914850
306,2017,10,10,燕姿这音色 让人欲仙欲死,2,湖人死忠,7776579
307,2017,10,9,王菲有两个版本的天空,0,晏湖,306909035
308,2017,10,7,[爱心][爱心][爱心],0,成小姿S,84991554
309,2017,10,5,我的天空 只有我的燕姿,2,泼墨画霓裳a,294933052
310,2017,10,2,最初喜欢她是在六年级，现在高三,1,Kepler驿南,510610183
311,2017,9,28,好好听,1,lwyist,284391186
312,2017,9,25,❤️,1,香菇和酸奶,111760090
313,2017,9,23,为什么这么好听的歌没有999+,2,丶陈依然,374433681
314,2017,9,22,你也来个接地气的声音表演下？,2,风云无霜,101464143
315,2017,9,13,这个形容很赞,3,SET天月山,247550745
316,2017,9,12,好听,1,工arry_,88170630
317,2017,9,12,不是没有感情呀！！哎~应该关乎年龄吧，我们有代沟。哈哈哈哈,2,issyah,278222479
318,2017,9,12,但我觉得王菲这种唱法只适合唱分手后释然的歌，像天空和我愿意这种表达浓烈思念与爱意的歌不行，只注重唱歌的技巧而忽略了感情,0,囤歌癖,573243505
319,2017,9,11,我却最喜欢她这样的唱歌的表达方式，撕心裂肺的感情并不需要用撕心裂肺的方式去表达，而是经历撕心裂肺之后，用云淡风轻的方式表现出来，那种很轻很淡的感觉反而更让人心疼吧，这也正是我觉得她的唱商所在之处。当然，这也是我的个人观点,0,issyah,278222479
320,2017,9,11,总觉得王菲唱歌的方式太平淡冷漠所以不够真挚不够打动人,0,囤歌癖,573243505
321,2017,9,11,然后呢？呵呵哒,0,issyah,278222479
322,2017,9,5,燕姿在我心里是精灵[爱心],0,一格一格一格一格格,504443450
323,2017,9,5,此歌牛逼之处是能让你倒退10几年，把你眼泪逼出来！,0,囸囲囚1703,438647617
324,2017,9,5,天空我听孙燕姿的，我愿意我听陈晓东的，开到荼靡我听萧敬腾的……,3,囤歌癖,573243505
325,2017,9,4,好想听现场版,0,Bluebird1234,415517666
326,2017,9,4,[大笑][大笑][大笑],0,路人苜,104646693
327,2017,8,30,木嘛[亲亲],0,wokansheihewoyiyang,113113844
328,2017,8,30,我的天空，有悬着想的你,1,榴莲999,250487654
329,2017,8,30,天空,0,Yesenia_ss,120981339
330,2017,8,29,(⁎⁍̴̛ᴗ⁍̴̛⁎),0,keeeee7,127905886
331,2017,8,26,听一次流一次泪,0,爱上带馅滴,369942459
332,2017,8,24,燕姿赶上了好时候，最好的年纪，最好的嗓音，最好的编曲，最好的团队，合成了这首最好的歌,2,守候ll,33558127
333,2017,8,23,你的天空,1,vivalahm,92371481
334,2017,8,21,2分59秒开始这段无限重复,1,美妙兮兮的daddy,535978520
335,2017,8,19,爱姿病,0,未成年的小懒货,129534656
336,2017,8,18,有味道,0,夕兰芷,371806139
337,2017,8,16,这么一说，好感动啊,3,浮躁的寓言,396093021
338,2017,8,16,我觉得ok[大笑],0,村上家的猫咪,341049055
339,2017,8,16,燕姿,1,forbe,125980582
340,2017,8,15,喜欢一个姑娘，她和我同样的90后，同样的爱听歌，喜欢网易，网易云。爱看评论，很多相同的爱好，唯一不同的是，她还没遇见我。,2,许我三千笔墨画不出你那绝世倾城,498683243
341,2017,8,14,这些宅男女神和我姿女神比弱爆了！,1,爱姿病患者却仍姿迷不悟,534742072
342,2017,8,14,神级听众，比作者都多感悟系列,0,我不行我不上我就哔哔,274446301
343,2017,8,14,[鬼脸],0,我不行我不上我就哔哔,274446301
344,2017,8,13,燕姿，燕姿，燕姿！,0,0水蓝冰0,482857897
345,2017,8,10,💖,0,不会吃腻的饼干,60881014
346,2017,8,7,马克！,0,Viaje荘,127174503
347,2017,8,7,先生说梦里要把这首歌分享给我，醒来一起听，先生您真可爱,1,殺死僕愛,361859341
348,2017,8,7,一直都不知道这是王菲的原唱，感觉就是孙燕姿的歌，带点无边无际，苍凉迷茫的无奈感觉，高中一直在听啊。。。,2,princessmai,341610932
349,2017,8,3,评论那么少,1,何错错,344145838
350,2017,8,2,记得当时王菲幻乐一场演唱会各种争议，各种质疑。孙燕姿直接一条微博挂出来:王菲是我永远的偶像。想起很久以前有记者让王菲选一个天后的接班人，王菲想了想，说孙燕姿，虽然风格不同。,154,TractorL,20111773
351,2017,8,2,燕姿和Jolin都喜欢王菲 我仨都喜欢,8,尘埃FayeWong,265990546
352,2017,8,1,毕竟王菲是她永远的偶像,5,Kepler-_-,300077987
353,2017,7,31,想起了钟丽缇最后跳海的一幕,1,用户328264793,328264793
354,2017,7,28,把偶像的歌翻唱的这么完美 也许是对偶像最大的尊敬！,3,人要学会丶停止流浪,274537840
355,2017,7,28,很喜欢燕姿这版,1,Elite-boyu,475106307
356,2017,7,25,当年王菲 翻唱 邓丽君 菲靡靡之音  后来又有孙燕姿 翻唱 王菲  总觉得这就是乐坛的传承,6,---林深---,477371558
357,2017,7,25,那你在燕姿的《天空》下面评什么←_←......毫无关联....1点多了，还不睡觉，晚安,0,独向小楼东畔,326423320
358,2017,7,25,不要在人家的歌下吵，我又没说翻唱同一首，你自己去看蔡依林翻唱的怀念下的评论就知道了,1,王菲是我女儿,91573263
359,2017,7,25,你少在这扯，→_→，蔡依林的天空又不是翻唱的，这两首《天空》是不同的两首歌,2,独向小楼东畔,326423320
360,2017,7,19,天知道我起了几次鸡皮疙瘩,2,yy2265,105865600
361,2017,7,19,我为什么对燕姿比蔡依林好感呢，大概就因为同是翻唱王大妈的歌但燕姿的歌迷给人的感觉舒服，哈哈,5,王菲是我女儿,91573263
362,2017,7,16,被脑控时脾气最坏，说话不认人，六亲不认,1,苏无处可赖,505027487
363,2017,7,16,燕姿的叛逆感觉，所以现在男的虚假，女的叛逆，合的来才怪，原谅我被脑控，说话不经大脑。,0,苏无处可赖,505027487
364,2017,7,11,我爱燕姿这一版！,0,番薯跳海海蓝蓝,101039567
365,2017,7,11,你是第一个说燕姿声音接地气的。,1,KitKat__,41723861
366,2017,7,10,我不是燕子粉，但我个人最最最最最喜欢孙燕姿自选集。《天空》给我的感觉就好像夏天雨后的凉爽的感觉。,0,Sonny_Hu_1984,59640857
367,2017,7,10,[爱心],0,MsEetze,262279217
368,2017,7,5,燕姿的咬字发音，个性对于歌手的重要性,0,故事大王小王子,317095002
369,2017,7,4,当时觉得王菲版本是最完美的，没想到燕姿的这首更深入我[爱心],0,12度迷幻氣泡酒,250395386
370,2017,6,28,我的天空里有小鱼儿@Nic-Bryant ,0,苇韦韦苇,246502085
371,2017,6,27,[爱心][爱心][爱心],0,prince-Joshua,117961245
372,2017,6,25,更喜欢这版的编曲,0,小众控,334487058
373,2017,6,23,对不起，残疾人我不需要你的心疼,0,GANGANffffjirt,474929327
374,2017,6,19,然而，现在偶尔，跟别人说‘我的小女神是yanzi时，总有点囧，纳小子都那么大了，我也成老狗了[流泪],0,十字街头29,84520410
375,2017,6,19,最好的翻唱专辑,0,年少许我爱,71271617
376,2017,6,17,这封面没人评论？,0,巧了正好,77075136
377,2017,6,17,翻唱之王-孙燕姿[爱心][爱心][爱心],0,柒星雪,85911992
378,2017,6,16,很荣幸成为2姐的脑残粉。,0,拜拜卡迪拉,356412560
379,2017,6,15,03年初三,0,云初三,67481965
380,2017,6,15,怎么会 ,0,小燕子Supreme,45628154
381,2017,6,15,明明在午睡的，打开网易云又听起音乐🎵,0,-大白兔粘牙,505450906
382,2017,6,14,心疼你瞎了[大笑],0,Halo_Stefanie,44758870
383,2017,6,14,"你tm的给我滚
",0,GANGANffffjirt,474929327
384,2017,6,14,👏👏👏👏,0,默伊嗷-喵,262644840
385,2017,6,11,大的，大不过梦想。小的，小不过眼前。我的，无非那一些。你的，总是在天边......,0,MelissaJiang0624,422840759
386,2017,6,11,sky,0,搬砖小江,300285613
387,2017,6,11,喜欢燕姿的声音,0,马死特儿,87975942
388,2017,6,10,所以这就是王菲粉丝的素质，王菲是大佬，他粉丝自然想怎么喷怎么喷，厉害厉害。所以呢，去别的地方好不。sb[可爱][可爱],0,一生万物-,427435993
389,2017,6,9,幻想有一天我可以听着这首歌，打开车窗，音响开到最大，在66号公路上开着车，男朋友可以不要，这个一定要有。,1,Leslie是我老哥,44613892
390,2017,6,9,燕姿的声音有种看透一切的无奈然后豁达,2,达浪不浪,6758822
391,2017,6,8,同样是初中记忆 我却是80后[汗][痛苦],0,云初三,67481965
392,2017,6,8,这个版本的天空更好听一点 ,0,云初三,67481965
393,2017,6,7,才不是姿妈[流泪],0,一九九八的鱼,380328005
394,2017,6,5,看了所有评论，没几个孤独的。仰望45°天空，没几个流泪的。我不难过，只是天空蒙了灰。,0,喵妹妹的秘书,365520400
395,2017,6,5,为啥总感觉你有点S B,0,上工贝贝,500588788
396,2017,6,3,评论这么少？,0,姿一其随,344382915
397,2017,6,3,💓,1,黑暗行星古兰斯菲亚,495929451
398,2017,5,31,初中记忆,1,小燕子Supreme,45628154
399,2017,5,31,她说过偶像是王菲,5,正规军TX,454950386
400,2017,5,31,各有特色,2,惜未若yyy,315058351
401,2017,5,30,第一次听这首歌才高一，现在大学都要毕业了。,2,-壹捌柒肆,390795472
402,2017,5,30,怎么不说幻乐一场有几首歌超越CD了呢？,3,诸星之辉,423410830
403,2017,5,29,都好！,1,王囡囡wwwwww,122325601
404,2017,5,29,😍😘😚,1,凌晨三点不睡觉的雨果,120801740
405,2017,5,29,手动踩爪印，端午燕姿专辑一日游[奸笑],1,凌晨三点不睡觉的雨果,120801740
406,2017,5,29,唱得很好,1,菲姬_,69400097
407,2017,5,26,没有捧谁，王菲现在唱的也是烂，要面对现实，出来唱就要允许别批，想要全世界都说你唱的好，也是白日做梦。,1,aoommy,38847328
408,2017,5,26,抱歉。为什么我在现场就没有这种感觉呢？萝卜青菜各有所爱，那就别损一个捧另一个了。,2,張鸠,480751375
409,2017,5,25,翻唱超越了原唱！！,3,问题忽然找到答案,126269559
410,2017,5,24,孙燕姿是我唯一的偶像！唯一的,3,古烈,51207273
411,2017,5,24,不知道你怎么理解，算我口误，孙燕姿唱的，OK？,1,一生万物-,427435993
412,2017,5,24,这是王菲的歌,4,你好大熊猫,120088308
413,2017,5,19,❤️,1,鸢时二十二,390330955
414,2017,5,19,赞[强],1,为你盛开vivi,264377151
415,2017,5,19,第一句就让我想起了一个小女孩躺在床上看着天花板，唱：“我的天空......”,3,吃桃不吃,58417269
416,2017,5,19,居然没有999+?,1,叶会美-,411987292
417,2017,5,17,孙燕姿抓到了这首的歌精髓 内核是摇滚,1,RilkeLD,55953837
418,2017,5,16,那你听她的歌听的太少了,3,prince-Joshua,117961245
419,2017,5,16,浮躁的时候，就想听燕姿，能让自己平静下来,3,prince-Joshua,117961245
420,2017,5,16,燕姿的声音怎么听都听不腻，初一的时候第一张卡带第一首歌就是她的绿光！！！到现在依旧好听，哈哈,3,奈何pj,434989018
421,2017,5,12,听完这首歌，我走到窗子边，抬头45度角仰望着天空。Md，一片黑暗。,3,Hwol,89107091
422,2017,5,9,说句公道话，王菲真不是什么人民币，有人喜欢她的声音就一定有人讨厌。那些菲迷说那个不喜欢王菲声音的人耳聋，你确定你们不是在给王菲招黑。关键这还是孙燕姿的歌,3,一生万物-,427435993
423,2017,5,9,没有理由，就是很喜欢。,1,我被回忆撞了一下腰,128718977
424,2017,5,7,喜欢孙燕姿的任何歌。听说喜欢孙燕姿陈奕迅，人品都不会差。而且会很幸运。事实也是如此[吐舌][吐舌][吐舌][吐舌][吐舌],4,G318狗一丁,435289202
425,2017,5,6,两个女神[憨笑],0,一叶扁舟_____,98760641
426,2017,5,5,孙燕姿唱歌几乎不用假音，直来直去啊,0,关爱窦吹成长协会,263701157
427,2017,5,5,王菲的部分粉丝除了会给王菲招黑以外真的是什么都不干[汗],4,因为你王菲所以我王菲,87769855
428,2017,5,5,她唱歌真的没有假声，跟要破音一样，现场唱的烂透了，怎么跟当年的王菲比,0,aoommy,38847328
429,2017,5,3,觉得王菲唱出了天空的高远和缥缈，燕姿唱出了天空的广阔和无边，我最爱的两个歌手,2,李程没有碑,118614680
430,2017,5,3,还记得王菲演唱会被骂的时候。你发微博说了一句王菲是你永远的偶像。这么好的你啊这样让人着迷的性格❤,2,看云白日眠,390201147
431,2017,5,3,521[亲亲],2,煮好饭喝水,327499891
432,2017,5,2,王菲是燕姿永远的偶像，而燕姿是我一生的偶像,1,2016猫猫呀,434837481
433,2017,5,2,[大笑],0,anbt-,268626846
434,2017,5,1,有段时间没听了，今天随机到的，感觉你姿的音色把这首歌唱成了自己的,0,哦珍妮花比尔斯,137203265
435,2017,4,30,听着有种穿透的感觉[爱心][爱心]姿,0,作茧自缚_1412,125587226
436,2017,4,30,大气，我姿威武！,0,sunnia520,346368409
437,2017,4,29,跑完步听着歌 整一个酣畅淋漓😝,0,雨伞弄丢在下雨天-,383806896
438,2017,4,28,竟然没有999,0,WElldoneye,308668852
439,2017,4,22,谢谢💙,0,路人彦小二,76285353
440,2017,4,22,给你第一百个赞！,0,Zafiralee,106951135
441,2017,4,19,听到这首就会想起小学的时候用磁带听燕姿。这是最喜欢的歌之一。空旷，飘渺，辽阔，就像印象中老家晴天时候的天空。,1,prince-Joshua,117961245
442,2017,4,18,像讲一个很长的故事,0,6PMSummer,39629715
443,2017,4,18,[爱心],1,6PMSummer,39629715
444,2017,4,18,惊艳,0,蓝石头55,56061551
445,2017,4,17,好听哭,0,帐号已注销,111020541
446,2017,4,15,叠着层层层的思念，姿妈唱的这段，整个人都惊了一下,0,帐号已注销,466426628
447,2017,4,15,[可爱][可爱][可爱],0,天之暝,304305856
448,2017,4,11,真的好听哭了,1,强靖林真好,272542382
449,2017,4,10,为什么那么爱孙燕姿,0,强靖林真好,272542382
450,2017,4,7,喜欢王菲和姿妈,2,同志小叔,249576555
451,2017,4,6,罗大佑：“很少有人唱天空能让人看到天空。”然后我觉得，燕姿也做到了。,2,建筑界公认良心发际线高度标准,41099275
452,2017,4,6,周杰伦躺枪,0,文祥Sir,440417199
453,2017,4,5,王菲的天空是弃世登仙的飘逸，燕姿的天空是直上云霄的冲劲，不同的演绎方式用一首歌给了我们两次感动。,5,Red964,85700925
454,2017,4,4,翻唱版个人觉得燕姿和魏如昀的很赞,0,朝朝慕沐,29969574
455,2017,4,3,跟王菲有关的任何评论都不能看啊……太能喷,0,向小黄kk,336182376
456,2017,4,1,属于自己的孙燕姿,1,依赖变成了喜欢,257865707
457,2017,4,1,王菲声音不入你耳是我们菲佣修来的福气 还有 楼上说了 这里还是燕姿粉丝的地盘 喷够了不如去王菲的评论区热闹热闹 鄙人这里先不奉陪了[鬼脸],0,李欧仑,115118505
458,2017,4,1,我不过被别人骂了反击而已，说我不如去劝劝菲佣，谢谢,0,宇多田污,39336051
459,2017,4,1,年轻人戾气这么重有啥好处,0,LilianFaye,103957149
460,2017,4,1,所以本人的评论是被举报了吗？废物就是废物，除了会双标也就只会写背后小动作这些技俩了[弱],1,宇多田污,39336051
461,2017,4,1,怕你死了,1,宇多田污,39336051
462,2017,4,1,你怎么不笑死了？嘴炮,1,LilianFaye,103957149
463,2017,4,1,搞笑了，为什么质疑王菲的声音不好听就是耳聋了？言论感人。王菲是人民币人人都爱吗？还请菲迷离开这里不要再撕，这里不是垃圾场什么都可以倒。翻唱一首歌而已这里还是孙燕姿的地盘,6,十易度,79559344
464,2017,4,1,看来怎么说你都这种冷嘲热讽的口气 还一副受害者的嘴脸 那没什么必要好好跟你说了 我觉得吧那位菲迷说得不太对 因为你不仅聋你还是个zhizhang[可爱],0,李欧仑,115118505
465,2017,4,1,王菲粉丝的这种言论不是日天地是什么，低劣归低劣，不过配高贵的王菲粉丝岂不是刚刚好，毕竟我们这种聋子想想不出高贵的词配高贵的王菲粉丝那,0,宇多田污,39336051
466,2017,4,1,没你脸大,0,情人都不爱守时,116056123
467,2017,4,1,麻烦看清楚，是王菲粉丝先回复本人不认同王菲的都是聋子ok，你还真以为自己道德比别人高，像你这样即双标又喜欢自我标榜使是我恶心的人，还是老老实实装装你的伪文青ok,0,宇多田污,39336051
468,2017,4,1,要笑死就赶紧笑死 神烦,0,李欧仑,115118505
469,2017,4,1,道德制高点？不好意思从来没有 自己站得低还叫人站在平地上的跟你一块儿低？你怎么觉得王菲声音不好听真的无所谓好吗 王菲的粉那么多不少你一个 黑也那么多不多你一个 但那句什么“日天日地的勇气”实在低劣 王菲的成就足以给她的粉丝十分的底气 你可以不了解不理解 但请尊重,0,李欧仑,115118505
470,2017,4,1,笑死人，我个人觉得王菲声音不好听请问有问题，必须拍王菲屁股才ok，麻烦您老人家从你自己设想的道德制高点下来。对别人的言论横加干涉更low，也没看到你素质在哪里，谢谢,0,宇多田污,39336051
471,2017,4,1,一口一个别人low的人是活的有多失败，孙燕姿喜欢王菲？本人也必须要喜欢王菲，不过是表达了多王菲的不认同便是low?看起来你逻辑都理不清还过来干涉别人，或许你除了low并没有别的词汇了哦，站在道德制高点也是感人那，你这种人圣母白莲花都不配，不过是个新型键盘侠而已,0,宇多田污,39336051
472,2017,4,1,不喜欢就不喜欢 那是你的权利 但自己不喜欢还要踩人家喜欢的 这是素质问题 看看到底是谁low[弱],0,李欧仑,115118505
473,2017,4,1,哦，所以你在跳什么脚，你好高尚哦，抱歉，抛去孙燕姿歌迷，粉丝这个身份我也不喜欢王菲，有问题吗？还有对王菲粉丝言论视而不见大概是因为瞎还是双标？,0,宇多田污,39336051
474,2017,4,1,哦，总有特例的，不过不包括你而已,0,宇多田污,39336051
475,2017,4,1,孙燕姿也是王菲粉丝啊,0,LilianFaye,103957149
476,2017,4,1,这也不关你的事,0,李欧仑,115118505
477,2017,4,1,哦，所以关你什么事,0,宇多田污,39336051
478,2017,3,31,燕姿居然也有你这种low粉？OMG,2,LiebePur,33508319
479,2017,3,31,上初中后跟小学朋友断了联系，上高中后跟初中朋友断了联系，上大学后，高中的朋友也不大联系了 ，估计大学毕业后就没朋友了， 从一个环境到另一个环境 ，过去的关系全都无力维系，是青春太过单薄，风轻轻一吹就散了，离开时请记得彼此的微笑，给彼此祝福。蓦然回首，生命是一场无法回放的绝版电影。,0,cyi小南,438556305
480,2017,3,30,我姿,0,我有努力和这个世界变熟,394296679
481,2017,3,29,我也不服，在加一条[可爱],0,向左走方向,54198997
482,2017,3,29,没999？我不服,0,爱晴天丶,92823024
483,2017,3,29,我说 你取这个昵称真是侮辱燕姿,1,李欧仑,115118505
484,2017,3,27,一口一个笑死人，low,1,LilianFaye,103957149
485,2017,3,27,燕姿的歌评论463？？？？！！！不能忍！！,1,煷有一策,107981202
486,2017,3,26,我的天空…………星星都亮了？,0,紫堇野,75896738
487,2017,3,26,燕子女神[爱心],0,JohnChoo,99111933
488,2017,3,26,ky王菲的蒸煮一定糊出天际了,0,情人都不爱守时,116056123
489,2017,3,26,王菲的声音给的，谢谢。,1,情人都不爱守时,116056123
490,2017,3,26,你自己开心就好,0,西瓜撞地球o,397745687
491,2017,3,25,笑死人，质疑王菲声音不好听？不好意思，不是质疑是真的不好听。我就好奇了，谁给的王菲粉丝日天地的勇气,0,宇多田污,39336051
492,2017,3,25,💗,0,诗已,69924507
493,2017,3,25,义气,1,帐号已注销,124859943
494,2017,3,25,一起来说话,0,五月未末末,328111843
495,2017,3,24,为什么没有999+,0,翟晨辉,123083257
496,2017,3,24,这歌单每首歌的评论都有你,0,一行白鹿上西天,75637009
497,2017,3,23,忽然想到你，笑了笑自己！,0,五月未末末,328111843
498,2017,3,22,来听听我的翻唱歌单，包括这首。o(≧∇≦o),0,于帅楠,250764305
499,2017,3,22,喜欢她的歌，陪伴我很久。,2,我在想你的时候睡了,382648285
500,2017,3,21,建了一个翻唱歌单，只是被喜欢的歌手重新演绎，没有高下。这首包括在内。毕竟这首已经很棒了。要不来听听他们的翻唱？( Ĭ ^ Ĭ ),0,于帅楠,250764305
501,2017,3,21,华语乐坛当然不会只有王菲一人，但王菲绝对是华语乐坛站在最顶端的那些人之一。你质疑她的声音不好听，确实有耳聋的嫌疑,1,百炼钢作绕指柔,336598492
502,2017,3,20,+,0,坐ufo来,62084876
503,2017,3,20,我理解那种 就是 爱上一个不可能的人 但是又没法不爱!,0,我就不是二锅头吗,65010647
504,2017,3,20,别有一番滋味…,0,路人苜,104646693
505,2017,3,20,嗯嗯是的，回不到过去了,0,孙燕姿的嘴,53748727
506,2017,3,19,两个我都喜欢，王菲感觉是天外飞仙，燕子感觉是人间仙境,0,沉默不语晒着太阳的过客,132030466
507,2017,3,19,居然没有999+,0,年少荒唐LOVE,45113115
508,2017,3,19,有一天你发现爱上了一个不该爱的人，却又不得不爱，这段感情才是最要命的,2,曼德拉雨果,263061118
509,2017,3,19,最后十几秒怎么突然没了,0,呵呵好好听,359189746
510,2017,3,19,yz我爱你。,0,人生不过而已,96228144
511,2017,3,19,这版的天空给人的感觉就是：干净但又充斥了你的天空,1,stef小燕飞飞,263481393
512,2017,3,19,但愿天空　不再涂上灰的脸,0,keniduo,332157669
513,2017,3,19,男偶像张国荣，女偶像孙燕姿。居然还在一个歌单里面[鬼脸],4,__茶酒伴,433408195
514,2017,3,18,空灵啊！,0,December酱,367836522
515,2017,3,18,脑海中呈现出一个短发女生仰望星空，指着流星微笑的样子。,0,星辰在此见证,111852552
516,2017,3,18,是啊，在我还在上初一的时候,0,孙燕姿的嘴,53748727
517,2017,3,18,孙燕姿是我永远的偶像,0,ciree米修,302895683
518,2017,3,18,好有空间感的声音,1,ciree米修,302895683
519,2017,3,18,同龄啊！我也是那时候开始听歌 听的都是好歌啊！一生挚爱,1,Iris296,391571716
520,2017,3,18,早安[爱心]祝好[爱心][爱心],0,放羊哈,309794861
521,2017,3,18,真的实在有王菲的地方就能看见你，早安,0,ScabiosaCStafa,110744389
522,2017,3,18,最崩溃的那几天 看到燕姿那句王菲是我永远的偶像 热泪盈眶 真的 以后我们菲迷也会力挺燕姿一辈子,1,放羊哈,309794861
523,2017,3,14,那才是歌手黄金时代，不是我吐槽，现在的歌手反正没有什么能记住的除了绯闻，炒作就没了,3,孙燕姿的嘴,53748727
524,2017,3,12,在王菲被黑出翔时，她说“王菲是我永远的偶像”[流泪][流泪],8,欧蕾啊,321177842
525,2017,3,12,送给我的天空[色],1,33IVAN,30995253
526,2017,3,11,燕姿的声音就像充满整片空间   把耳朵包围  深入人心,2,永遠逃亡,124876687
527,2017,3,8,希望可以有机会喜欢你,0,一看就不正经的名字,323683220
528,2017,3,7,16:21,1,林守乐,55243746
529,2017,3,6,Yan-zi.,0,孤独小孩o,273175427
530,2017,3,3,燕姿声音也有灵气,2,北角禾,366811313
531,2017,2,28,你这个华语乐坛只有王菲一人吧，笑死人,1,宇多田污,39336051
532,2017,2,26,....卧槽，看到任寂寞侵犯一遍一遍直接想歪😶,0,浪子十三_,348271678
533,2017,2,23,20170223我在听天空你呢,0,壹鹅壹,308662989
534,2017,2,23,18:04,1,林守乐,55243746
535,2017,2,22,Yan-zi.,0,孤独小孩o,273175427
536,2017,2,21,22:34,1,林守乐,55243746
537,2017,2,20,00:05,2,林守乐,55243746
538,2017,2,14,孙燕姿是在地上唱的 王菲就像在天上唱的,3,发条橙_LA,383301215
539,2017,2,10,大老王的天空真是吸粉无数，燕姿说天空是她收藏的首张国语大碟，青峰说天空让他开始转向流行,8,也许明天听海,246236041
540,2017,2,7,挺好的，菲版姿版都爱,0,有时候需要坚强,372900719
541,2017,2,6,孙燕姿是我永远的偶像,5,我是德高望重的王老师,62362780
542,2017,2,6,天空藏着深深的思念[哀伤][哀伤],1,Lemon-Y-,287848998
543,2017,2,2,空灵的一匹,0,Dizzy缔造者,61472739
544,2017,1,29,天空挂着长长的思念[哀伤],1,啊彩虹金刚,36813307
545,2017,1,29,好听！,0,Paddy2,80378003
546,2017,1,26,感觉不一样但都很喜欢,0,wuu五,42596577
547,2017,1,24,[爱心],0,强大的小明,287917064
548,2017,1,20,燕姿和杰伦都是2000年发行的第一张专辑，那时候我初二，生对年代了，谢谢最爱的两位歌手,1,老婆要瘦成闪电劈了我,111974108
549,2017,1,19,菲和姿是我永远的偶像[亲],1,林先森的头号迷妹,90156160
550,2017,1,18,燕姿不愧是资深菲迷[呆][呆],9,Kevinkin,1523660
551,2017,1,15,燕姿[亲亲],1,成小姿S,84991554
552,2017,1,10,孙燕姿是我永远的偶像。,9,帐号已注销,124859943
553,2017,1,9,唱的是别人,1,加州糖醋排骨,82481276
554,2017,1,9,最美好便是触动心弦，思绪涌动。,1,一个瞒一个傻,294445048
555,2017,1,8,王菲唱的是告别，燕姿唱的是等待。,6,Islandofcyril,48634536
556,2017,1,7,我曾以为燕姿才是原唱,5,DanCingVanGogh,263043497
557,2017,1,6,喜欢燕姿,0,9点人,124168580
558,2017,1,6,孙燕姿也很爱王菲的👻,3,饶了玉吧,251586828
559,2017,1,5,原来王睿卓唱的天空更加接近孙燕姿👏👏👏,3,是你的小王子pisces,259170148
560,2017,1,5,向偶像致敬,1,Kepler-_-,300077987
561,2017,1,5,孙燕姿是我永远的偶像,4,车车不能用,42761193
562,2017,1,5,[大笑],1,stefzi,377734979
563,2017,1,4,孙燕姿是我永远的偶像。,90,克卜勒世界巡回演唱会,83076889
564,2017,1,4,缘分～,0,Ro1030,90652954
565,2017,1,4,我也是,0,9号天台,53103092
566,2017,1,4,刚刚看了十三姐力挺菲姐的微博，特意来听这首歌～作为一个姿迷也喜欢菲姐的歌，而且两位女神都属于不喜欢炒作，为人处事低调，情商智商都高，这也是为什么一直喜欢她们的原因。[可爱],219,Ro1030,90652954
567,2017,1,4,#我的偶像是孙燕姿# ,1,C大X,60198712
568,2017,1,4,#我的偶像是孙燕姿# [亲亲][亲亲],1,Stefanie遇见,282988953
569,2017,1,4,喜欢你 因为你不管唱什么都是在做自己,0,-1a2a,41413585
570,2017,1,4,爱姿病😀,1,小小小迪迪迪,392804825
571,2017,1,3,燕姿的老粉丝啊，真好,0,此地西北有高楼,305286192
572,2017,1,1,燕姿唱得很扎实,1,可木其,277747948
573,2016,12,31,2017年的天空……,1,我是丑王,127718208
574,2016,12,26,天空 这首歌真的还是喜欢孙燕姿的版本,1,____Richie____,76652901
575,2016,12,26,一开口就能再一次把我迷倒,0,青山寻意,107552004
576,2016,12,23,[爱心][爱心][爱心],0,_人海_,99088585
577,2016,12,13,等待在世界的个一边,0,跳舞的反骨,33249451
578,2016,12,11,所以，你觉得他的逻辑对吗😃,0,E-V-Z,86643853
579,2016,12,9,哦,0,此生不换VVV,54039449
580,2016,12,8,如果说，因为他更喜欢王菲版，所以觉得我们这些说孙燕姿版更好听的人搞笑，这个逻辑通的话，那同理，我们也可以因为我们更喜欢孙燕姿版，而觉得他搞笑。听歌，是主观的不能再主观的事情，我觉得哪个好听哪个不好听，仅仅是我觉得，你们也是，我不去纠正别人，也不需要无关的人来纠正我。,2,E-V-Z,86643853
581,2016,12,8,他的逻辑不对吗？,0,此生不换VVV,54039449
582,2016,12,8,那你去听听啊,0,此生不换VVV,54039449
583,2016,12,8,你的天空，布满雾霾,0,暮至明,94756999
584,2016,12,3,其实我高三一年也没怎么听燕姿的，基本都在练听力[流泪][流泪]之前戴久了耳机，弄的耳朵有毛病,0,此地西北有高楼,305286192
585,2016,12,1,从初三到大一,2,此地西北有高楼,305286192
586,2016,11,25,我们的天空，何时才能相连,1,暮至明,94756999
587,2016,11,22,接地气略有用词不当,1,好想吃-凤梨酥,264979423
588,2016,11,21,好听内,0,lafish,60245043
589,2016,11,21,有画面感的声音[爱心],0,柒星雪,85911992
590,2016,11,17,最开始听的就是燕姿的版本。燕姿这首歌也唱出了一片辽阔的天空，很有画面感。特别喜欢副歌呐喊的那一段，特别能体现燕姿的声线，而且很悠远。,3,prince-Joshua,117961245
591,2016,11,10,(ಥ_ಥ),0,柠檬怪物,105052720
592,2016,11,10,爱姿,0,姿意燕为,263726012
593,2016,11,9,翻唱得很燕姿！,3,Albert_Long,120733101
594,2016,11,6,她独有的嗓音，总是能安慰到人,0,麦伢妹,33916591
595,2016,11,6,初心孙燕姿,1,麦伢妹,33916591
596,2016,10,31,爱燕姿,0,忘不掉的明天r,101795664
597,2016,10,31,煲机来电,0,寻路者丨,304173153
598,2016,10,30,我们的天空何时相连？让黑夜吞噬白天，让寂寞咽下泪水。寂寞的夜与谁分享？或许天空知道，但是我也只能在被窝里成眠。,0,对立统一王子面,60729859
599,2016,10,30,默默去ktv补上了我美姿的所有mv[可爱],0,冬阳mx,114096276
600,2016,10,27,看你头像，就是基佬,0,kevintang93,99093945
601,2016,10,23,你们的文笔都好好，反正我只会说“真特么好听”。,0,建筑界公认良心发际线高度标准,41099275
602,2016,10,23,再次听到想哭，燕姿声音太动人，这就是为什么隔一段时间没听燕姿再听时总会发出感慨：真的好喜欢她啊,1,青山寻意,107552004
603,2016,10,16,唱的好听啊,1,求一切顺利的王多多,272099714
604,2016,10,14,爱姿,1,姿意燕为,263726012
605,2016,10,14,虽然孙燕姿唱得不错这首，但是这首编曲无法走我心。,2,与丰,135160802
606,2016,10,12,没听过王菲版 我心里只有燕姿,1,砍下我的手讓你帶走紀念,115891489
607,2016,10,10,大爱这个板,0,菁木风,91685699
608,2016,10,7,爱姿,0,姿意燕为,263726012
609,2016,10,7,听着有深深的思念！,2,Albert_Long,120733101
610,2016,10,6,其实孙燕姿的声音也挺高冷的,4,POI________,126246435
611,2016,10,5,😂，按你这个逻辑，你也是来搞笑的,0,E-V-Z,86643853
612,2016,9,29,我的天空,0,暮至明,94756999
613,2016,9,26, 好听,1,starrylee,29431936
614,2016,9,25,好的，我只是受不了他骂别人聋子，删掉了,0,忘不掉的明天r,101795664
615,2016,9,25,巫婆这个称呼似乎有点不好吧，他又没有说燕姿唱的不好听。朋友，戾气不能太重。我也很喜欢燕姿，这首歌各有各的味道，没什么好比较的。,0,Melody丶Faye,47783581
616,2016,9,23,评论这么少不应该呀,0,Dorr111,261245104
617,2016,9,23,记得那会儿高一每天都在听还把歌词抄到笔记本上，现在转眼都大四了，燕姿真的是陪伴了我整个青春，每首歌都唱到心里，每次难过的时候都有燕姿的歌陪伴是种安慰是种幸福。,0,Dorr111,261245104
618,2016,9,23,是吗？我怎么觉得会有很多；,1,十字街头29,84520410
619,2016,9,20,哈哈哈  确实是孜然味,0,嘿嘿不计后果,329653470
620,2016,9,19,我也以为她是原唱😂,0,小众a,17767241
621,2016,9,18,确实，虽然对燕姿的歌比任何歌手的都熟悉，但每次在KTV唱丢很有压力,0,嘿嘿不计后果,329653470
622,2016,9,16,你们不说我一直以为孙是原唱。,2,为什么西门富贵也被注册了,269009271
623,2016,9,16,我不打,1,一朵搖曳的小紅花,55585909
624,2016,9,16,王菲的演绎也是有情感的啊，只不过王菲的情绪很大气，难以言说，像是天空笼罩大地，然后将感情慢慢铺开来，用绝美的气声、假音、拖音给天空赋予了人的情绪。悬云挂月，落雨飘雾。如果仅仅是嗓音空灵，是不可能给天空赋予喜怒哀乐的情绪的。大家只看到空灵表象，忽略了高级的情绪和世界风的唱法。,9,大梦一场的董二千先生_,39951687
625,2016,9,12,[亲亲][亲亲][亲亲],0,野小玄,44137665
626,2016,9,9,[亲亲][亲亲],0,野小玄,44137665
627,2016,9,6,好听,0,帐号已注销,64536077
628,2016,9,4,王菲的天空是都市情感中的自我慰藉，爱到深处的自我喘息，孙燕姿的天空更像是在唱“小小的壳有着大大的梦想”，充满青春的不安和躁动。,8,damn_mind,128493206
629,2016,9,3,听着听着忽然就哭了,2,敷声,41401589
630,2016,9,3,这首最爱燕姿……,0,杨素素fighting,45471999
631,2016,9,1,阿菲我爱你,0,Lovingderek,303985391
632,2016,8,30,同时粉孙燕姿和王菲的的直男应该是非常珍惜的存在吧,4,first5573,254189387
633,2016,8,30,原曲本来就很符合孙燕姿的声线气质[亲],1,kwiesnt-being,69085653
634,2016,8,19,哈哈,0,忘不掉的明天r,101795664
635,2016,8,19,谢谢,0,忘不掉的明天r,101795664
636,2016,8,14,[钟情][钟情][钟情],1,帐号已注销,3616642
637,2016,8,11,这翻唱没得撕，我知道，你们两个都喜欢,5,欧美标准,79456923
638,2016,8,8,补齐第300,0,微安左弦,73094111
639,2016,8,5,同为菲迷[惊恐],0,沙发鱼,288284558
640,2016,8,5,说得好，作为菲迷觉得这个翻唱很不错。,2,大梦一场的董二千先生_,39951687
641,2016,8,5,非常好的翻唱，有自己的味道和特色。但是大多数翻唱都陷入了”声音要空灵“的误区里，只模仿到了表象，显得不伦不类。,5,大梦一场的董二千先生_,39951687
642,2016,8,1,天空,0,Daniel-Wan,311562553
643,2016,8,1,王菲的天空是置身于九霄云外全是透明的蓝稀薄的冷，孙燕姿的天空是仰望一片青空带着年轻人的迷茫和冲动,304,沙发鱼,288284558
644,2016,8,1,燕姿的特点应该是打动人心吧,0,_有你的将来,68190446
645,2016,7,30,我爱阿姿,0,老乡再跑我可开枪啦,290164251
646,2016,7,29,感觉这个版本，有一种更接地气的感觉，有人的情绪。王菲的版本就是完全像天上来的声音那么空。,0,SharonXie95,310535956
647,2016,7,28,孙燕姿把感情寄托在这首歌里，情感更丰富。但王菲主要凭借自己空灵的嗓音去演绎的，多用假声。两位都是天后。菲迷路过。,2,alxyt,122612038
648,2016,7,28,孙燕姿能把什么歌都唱的带有自己的标签，因为你是孙燕姿。,1,Sao爷骑马客京华,119645725
649,2016,7,22,反正我觉得比原版好听[大哭],2,暮至明,94756999
650,2016,7,20,特别的声音,0,噢噢噢噢哦额,47113813
651,2016,7,19,为什么总是想强迫别人喜欢自己喜欢的东西？,0,l知情識趣,45285423
652,2016,7,18,我现在才知道 原唱王菲。以为就是孙燕姿的,3,是我的战哥哥DAYTOY,300358687
653,2016,7,17,燕姿,2,motorcycles,283973423
654,2016,7,13,[钟情],1,帐号已注销,3616642
655,2016,7,13,感觉翻唱并不是要和原唱比个高低，而是将同一首歌唱出不同的味道，很明显她做到了[呲牙],0,有人跟踪我,7468801
656,2016,7,13,讲真，最开始的时候，并不知道这首歌原唱是王菲,4,-有姿有菋-,129649056
657,2016,7,11,各有特点,0,忘不掉的明天r,101795664
658,2016,7,11,燕姿好棒[亲亲][亲亲][亲亲],0,柒星雪,85911992
659,2016,7,7,每个人喜好不同,0,是螺纹呀,59982102
660,2016,7,7,王菲的版本听起来很干净的感觉，缺憾美；而孙燕姿表达的元素更多，情感更丰富一些。同样厉害,1,卡罗里修斯,297491430
661,2016,7,5, 这个版本也好听,0,水舞浪野,48868402
662,2016,7,3,"天空 藏着深深的思念
我们天空 何时才能成一片
我们天空 何时能相连",0,jylx季忆留夏,282771779
663,2016,7,3,转吧转吧[大笑],1,把酒言话,116902125
664,2016,7,2,王菲版本无人超越，虽然两位歌手都是喜欢了十几年的。燕姿唱得也好，唱法独特，但更喜欢菲的，声音无法被模仿。,3,用户64782599,64782599
665,2016,7,2,说王菲原唱不好听的，不用想，那肯定是聋子。不懂王菲的声音是华语乐坛的骄傲嘛？,2,用户64782599,64782599
666,2016,7,2,编曲是很摇滚 ,0,woowya,565146
667,2016,7,1,说孙唱得比王菲好的，是来搞笑的吗？,0,kevintang93,99093945
668,2016,7,1,我就喜欢看你们夸燕姿~！么么哒~！,2,Owen石头,85149691
669,2016,7,1,[爱心],0,aiiirr,298162178
670,2016,6,28,@小杨Vita ,0,bityinjd,62502224
671,2016,6,28,王菲仙气太重了，这可能就是热评了那位说燕姿的声音接地气的原因吧，还是跟王菲的声音相比更加真实，也更有情感一些吧。,0,bityinjd,62502224
672,2016,6,18,讲真，最开始的时候，并不知道这首歌原唱是王菲,1,yoon_cat,254653732
673,2016,6,17,不懂，请指教,0,Ewiin,62829634
674,2016,6,17,你真的懂摇滚吗？ ,0,cho1220,9897323
675,2016,6,16,怎么感觉比原版好听[可爱],4,暮至明,94756999
676,2016,6,16,燕姿的偏摇滚一点的吧[呆],0,Ewiin,62829634
677,2016,6,14,我爱你,0,帐号已注销,82181418
678,2016,6,13,孙燕姿的比王菲的伤感一点,1,云之谲影,111070307
679,2016,6,12,start 自选这张专辑真心很棒~~~,1,Kongxy-明天晴天-34,8944271
680,2016,6,6,咩,0,陽狂_陳小咩,78110883
681,2016,6,5,王菲我的最爱,1,不改名了无聊,100488411
682,2016,6,5,编曲赞～,1,熊熊烈菠萝,52434555
683,2016,6,3,香的雨,0,梵谷不跳舞,132774418
684,2016,6,2,我感觉他说的接地气的意思是直击心灵的意思,2,狼族少年v,85701529
685,2016,6,1,好听,0,姑苏客st,79800447
686,2016,6,1,编曲是Kenn C,0,李鴆-,30140630
687,2016,5,29,250[吐舌],1,帐号已注销,107770235
688,2016,5,22,21:09,0,林守乐,55243746
689,2016,5,20,我一直认为这曲的编曲很神奇,2,LZAKU,56740392
690,2016,5,19,这么好听[惊恐][惊恐][惊恐],0,2016年6月20日,89894160
691,2016,5,17,☻,0,Rorschach思维,75195403
692,2016,5,14,中华万年历五月十三日周五歌曲推荐，一波小惊喜,0,2017年十月三十日,131869928
693,2016,5,10,[哀伤],0,Black丶Cherry,14624296
694,2016,5,10,很好听啊，相比王菲的，我更喜欢这个版本，音色完美[强],5,-mmm-_,134181266
695,2016,5,10,[爱心],0,-mmm-_,134181266
696,2016,5,9,孙燕姿真的好棒，不愧是天后[强],4,帐号已注销,122244070
697,2016,5,9,快要路转粉了,0,帐号已注销,122244070
698,2016,5,9,我的天空 为何挂满湿的泪,0,帐号已注销,122244070
699,2016,5,9,打卡,0,看我可爱咩,65911192
700,2016,5,9,哎,0,帐号已注销,122244070
701,2016,5,9,就是评论有点少,0,帐号已注销,122244070
702,2016,5,9,好好听哦！,0,帐号已注销,122244070
703,2016,5,8,3.00的时候简直了[大笑][大笑][大笑][大笑],0,孙燕姿同学,127671994
704,2016,5,8,你们是cp吗，每次都看见你们[呆],0,孙燕姿同学,127671994
705,2016,5,7,好听哭了,0,于你旧故,45536863
706,2016,5,6,你的天空 可有悬着想的雨,0,冰弋,52603283
707,2016,5,6,长泽美美哒,0,老周jet,103724478
708,2016,5,4,锁骨你好😁,0,孙燕姿的手,100429699
709,2016,5,2,你的天空  可否有想的云？,0,live李光明,106022200
710,2016,5,2,姿妈我爱你  抱紧你,0,爱姿到永远,124023674
711,2016,4,26,"压抑的情绪，唱不出来的声。
我想🎤。",0,妮吖---,248297340
712,2016,4,26,版权问题，没办法,0,禁忌魔法师,2454019
713,2016,4,26,网易越来越会做生意了   好听点儿的都得要钱,0,朝阳_0216,80406062
714,2016,4,23,我们的天空何时才能连成一片～,0,人心不足蛇吞象__,61557956
715,2016,4,21,真棒,0,看我可爱咩,65911192
716,2016,4,21,王菲那边因为耳机已经999+了，哈哈,0,看我可爱咩,65911192
717,2016,4,21,比王菲的好听,1,看我可爱咩,65911192
718,2016,4,21,我第一个听到的版本就是燕姿的,0,a我们都是小行星,126569551
719,2016,4,19,孙燕姿唱出了SF感 感觉可以做超时空要塞或者五星物语的BGM[大笑][大笑][大笑][大笑][大笑],1,安大王,18549592
720,2016,4,15,就是接地气，没有咿咿呀呀。,0,amirural,67769053
721,2016,4,15,喜欢燕姿太好了☺️,0,孙燕姿的锁骨,17714009
722,2016,4,14,看到高二好激动，我也是高二，可惜没有研二,0,每每泸沽,125578842
723,2016,4,13,燕姿把天空唱的让我忘记了原唱,6,孙燕姿的手,100429699
724,2016,4,11,姿妈的气息和咬字相当不接地气呢...,1,Purple2233,60604243
725,2016,4,11,孙燕姿的天空，带劲儿，怒赞。,1,bluebook,19197737
726,2016,4,10,好听！,0,星火千百种,264127607
727,2016,4,9,好多年了,0,樂了个偏头痛,31228250
728,2016,4,7,精灵一样的凡人,2,尘埃2424,127755574
729,2016,4,6,☔,0,字母就是字母,55951594
730,2016,4,5,另一种味道，我更喜欢燕姿的版本[亲亲],1,Sharaly,116024331
731,2016,4,4,不同的空灵，一样的好听，不同的好听11,0,GRAPEy,118431735
732,2016,4,4,你总能唱出自己的态度！我喜欢！,0,番茄花园lay,84027606
733,2016,4,1,为毛线一说接地气我首先想到的是最炫民族风呢 还我高逼格的孙燕姿[流泪],0,叫我蓝二就好,57612176
734,2016,3,30,燕姿是我大女神，王菲是我小女神……对于这首歌，当然大女神更得我心！,3,loveyou11111111,66338364
735,2016,3,27,我看是同城的[大哭] ,0,燕姿的小迷弟,83397073
736,2016,3,27,不是啊 怎么了,0,大螃蟹和老虞,73835054
737,2016,3,27,大兄弟六盘水的？,0,燕姿的小迷弟,83397073
738,2016,3,25,我怎么听这歌脑海里全是王睿卓呢，，，,0,恒星的恒心jcy,119926125
739,2016,3,22,最近在拿一首俏皮的英文歌填中文词玩，很自然的就填成这首歌的感觉，我知道每次我不由自主的开始密集的听你的歌，会重新陷入抑郁，好像我的青春，是灰的，你是日日夜夜的记忆却碰不得，又发病了,0,苏三清,65980767
740,2016,3,22,当然,0,似缘似情是童真,73024238
741,2016,3,22,姿吧,0,十字街头29,84520410
742,2016,3,22,当时真让她  吓住了,1,十字街头29,84520410
743,2016,3,22, 好听,0,游客0404,65206578
744,2016,3,20,"
作曲 : 杨明煌
作词 : 黄桂兰
",1,20134829,248418510
745,2016,3,17,我在武汉，祝姿迷和我姿晚安！,4,愚人的国度V,90406979
746,2016,3,14,评论数不该是这个样子的！！！！！,3,xf帆,91895203
747,2016,3,12,跪求我姿再发一张自选集吧,1,诺诺饭,18143585
748,2016,3,8,最近好喜欢听孙燕姿[星星],0,杜嘟嘟_Vennie,88589805
749,2016,3,7,谁写的词啊！,0,E-V-Z,86643853
750,2016,3,6,自取其辱的你[奸笑],5,围绕错觉,19086948
751,2016,3,6,燕姿的个人特色鲜明，导致翻唱王菲的这首歌丝毫没有造作俗气的感觉,1,围绕错觉,19086948
752,2016,3,4,各有所好为什么非要争？,0,小暮1980,52977105
753,2016,2,25,燕子晚安！[憨笑],0,大英帝国五连发,44598564
754,2016,2,20,(^O^)我的天空，为何挂满湿的泪,1,蓝石头55,56061551
755,2016,2,17,我记得她唱这首歌的时候还发烧了，羽凡还说她是未来华语乐坛不可多得的很用心唱歌的女孩,2,Magic1lin,86285214
756,2016,2,17,"还有leave me alone, that I would be good",0,闪泥啦啦啦,88079495
757,2016,2,14,燕姿[爱心],0,冷羊羊_,63281378
758,2016,2,11,[憨笑]爆爱,0,新昵称还没想好,67339684
759,2016,1,31,个人色彩太明显了！大爱,3,我是丑王,127718208
760,2016,1,28,bingo 空间感这词语准确,0,smashandgrab,52244794
761,2016,1,26,好听,0,卷积赫敏,77600286
762,2016,1,23,其实我每次听这首就想起王睿卓那个小姑娘,2,lsm5yj,3440668
763,2016,1,18,现在听的歌都是回忆,0,派拉诺德,39486182
764,2016,1,17,层层～en～en～en～的思念,1,yanzicst,79056105
765,2016,1,17,不用理会那种人，孙燕姿唱的《天空》才是有情感的天空！,0,MR俊杰007,9018418
766,2016,1,17,同感,0,MR俊杰007,9018418
767,2016,1,17,不知道为什么一直不喜欢王菲唱的天空，但是孙燕姿唱的好喜欢！,0,MR俊杰007,9018418
768,2016,1,13,[哀伤],0,那个米饭,8910787
769,2016,1,13,赞赞赞👍,0,草壁皋月嘛,86320101
770,2016,1,11,为了女神就算要付费还是要下载！！！！！,0,似缘似情是童真,73024238
771,2016,1,11,孙燕姿好多歌都有这样的part，，，超爱，，，雨天  追 风筝  ，，，，,0,Deway_Pen,89404563
772,2016,1,9,燕姿唱什么歌都是最好听的，不服来打我啊,1,宋丶大将军,111363548
773,2016,1,9,但愿天空🙏🙏🙏,0,帐号已注销,46017006
774,2016,1,7,虽然我是菲迷。但这首歌真的更常听燕姿的版本,3,Red964,85700925
775,2016,1,3,3:00的时候，真的是[大笑][大笑][大笑][大笑][大笑][大笑][大笑][大笑][大笑][大笑][大笑][可爱],0,张伯夷,61378267
776,2016,1,3,王菲和孙燕姿 两种空灵 一种对内 一种对外 都是个性T^T,1,蓝绿藻的梦,31528337
777,2016,1,2,我的思念在燕姿的天空中不断盤旋,0,starrylee,29431936
778,2015,12,30,独特的声线 心无旁鹜的唱歌  这就是燕姿[大笑][大笑],0,大象的声音,93512378
779,2015,12,30,北京,0,海外小仙人,65586509
780,2015,12,29,这个是在哪里？,0,要习惯孤独对么,71759390
781,2015,12,12,每个人天空都不一样啊 我还蛮喜欢闰土的版本,0,欧阳小小小小小小小小小小小小小,18879459
782,2015,12,11,燕姿這版也好棒呀[亲亲]驚艷,0,CGNH,65593562
783,2015,12,5,编曲点赞～,0,乌鸦嘴巴不说脏话,88777819
784,2015,12,1,“漂流在世界的另一边 ”这一句要听醉了,2,lonegf,2867374
785,2015,11,29,"明年1月16号，
分享到：
18
立即订阅
李伟菘、李偲菘30周年作品音乐会《听说爱情回来过》",0,海外小仙人,65586509
786,2015,11,29,没有看到哦 错过了,0,要习惯孤独对么,71759390
787,2015,11,29,喜欢孙燕姿，就像是喜欢生活中所有事物，都积极应对,1,楚易仙流,61375752
788,2015,11,28,今年不是刚开完嘛,0,海外小仙人,65586509
789,2015,11,28,是够聪明的[大笑],0,海外小仙人,65586509
790,2015,11,26,都好听,0,举个西木,60673274
791,2015,11,24,专辑封面怎么觉得燕姿龅牙,0,壹块小饼干儿,33749957
792,2015,11,16,[哀伤][哀伤][哀伤],0,7leave,41611268
793,2015,11,16,燕姿的歌谁都学不来,0,7leave,41611268
794,2015,11,11,[呲牙]好久没听燕姿的歌了,0,Lambsmail,99606321
795,2015,11,7,总觉得王菲声音太尖，更中意孙燕姿,0,月牙儿呐,97424908
796,2015,11,6,第一次认识你这么聪明的人[奸笑],0,tinalee,6810489
797,2015,11,5,天呐初一还是初二的时候听的歌。。浑身鸟肌,0,s-doku-m,75124507
798,2015,11,1,天空，画着长长的思念,0,西敏寺的钟声,19806083
799,2015,10,31,不输王菲啊,1,___秋婵,79162798
800,2015,10,31,"想要用燕姿的歌给朋友毕业相册配个背景乐
用哪一首好呐[憨笑]都好好听肿么办",0,芒果树的夏天_,45954401
801,2015,10,30,他应该没这个意思，表达有问题吧,0,是螺纹呀,59982102
802,2015,10,27,你是想讲王菲要靠孙燕姿来抬知名度吗？,1,LangleyLeong,15872891
803,2015,10,25,就一种感觉吧 也可以说是穿透力,0,大螃蟹和老虞,73835054
804,2015,10,23,什么叫空间感,0,十号桌的方先森,35621542
805,2015,10,18,通过这首歌才知道原唱是王菲,1,tinalee,6810489
806,2015,10,16,明明就是大实话，何来吹这一说[奸笑],0,雨陨,31875806
807,2015,10,11,燕姿什么时候才有演唱会了啊[哀伤],1,要习惯孤独对么,71759390
808,2015,10,11,[爱心],0,第二Round,3843193
809,2015,10,10,inspiring vocal[亲亲],0,study中whoops,48435532
810,2015,10,10,张杰唱得也不错,0,帐号已注销,64670531
811,2015,10,9,孙燕姿的声音真的……唱什么都好好听啊，我就是一个孙燕姿吹【【【,2,天真给几次榨取,67771214
812,2015,10,9,我有爱姿病,0,小钻风的赖福子,33571935
813,2015,10,7,用bose感觉下[可爱],0,自由的路上s,54823556
814,2015,10,4,唱的是抒情歌，伴奏却有摇滚的感觉[亲亲],0,StefanieLoveSun,50924614
815,2015,9,29,[哀伤],0,Five_half,53157798
816,2015,9,29,这唱得接地气[憨笑][憨笑][可爱],0,starrylee,29431936
817,2015,9,28,最好的方式就是 不用理,0,Jeremy-Anifacc,7302920
818,2015,9,28,关键是 在哪儿能抱到你呢？,0,Jeremy-Anifacc,7302920
819,2015,9,23,考完试，去看一场燕姿的演唱会吧。[哀伤]为自己。,2,廿四鸡,7241243
820,2015,9,22,燕姿好适合这种轻摇滚[爱心][爱心][爱心],2,闪泥啦啦啦,88079495
821,2015,9,22,可以纳入翻唱经典了.,0,就叫我阿廖莎吧,54800037
822,2015,9,22,燕姿翻唱的也好听.,0,就叫我阿廖莎吧,54800037
823,2015,9,21,这版本也不错,0,雾都算账先生,50170743
824,2015,9,20,[强][强][强][强],0,温暖C_,53612573
825,2015,9,20,我今晚推的都还翻得可以,0,nonamenotfound,59515333
826,2015,9,16,燕姿自己的味道，爱不释手。从高二听到研二，曾经是奋斗，现在是奋斗和怀念 。,82,孟克柔,41756709
827,2015,9,11,应该说加入了摇滚元素吧,0,长夏不寂寞,33755268
828,2015,9,10,我姿 他也还有在听你的歌吗[哀伤],0,ifiwereur-stefanie,39254277
829,2015,9,9,希望这首歌被更多的人注意到。,0,十二太阿,417560
830,2015,9,5,我爱孙燕姿,0,DorisSyzz,90131998
831,2015,9,2,是另一种feel～另一种演绎[亲亲],1,闪泥啦啦啦,88079495
832,2015,8,25,资迷还有各位不要理这个精神病，原谅我这么说，因为我见过很多评论都出现他在喷!,0,不吐西瓜籽儿,67979466
833,2015,8,25,资迷还有各位不要理这个精神病，原谅我这么说，因为我见过很多评论都出现他在喷!,0,不吐西瓜籽儿,67979466
834,2015,8,21,[狗],0,孙燕姿的嘴,53748727
835,2015,8,21,不喜欢看可以不看，非得自寻烦恼,0,孤岛__-_z_,2945013
836,2015,8,21,怎么自取其辱了？不喜欢可以不听，非得当喷子？！,0,孙燕姿的嘴,53748727
837,2015,8,21,更喜欢燕姿的这首，唱出了感情的无奈。,0,anfilpan,28510887
838,2015,8,19,能安静的听你唱歌就够了[爱心],0,zsydmey,12500269
839,2015,8,16,两个版本都喜欢,0,Tsutchie,79457913
840,2015,8,16,用不着踩一捧一好吗,1,Tsutchie,79457913
841,2015,8,14,喷子喜闻乐见。,2,路人甲壳虫6,61742886
842,2015,8,11,小友，要不要我的染色体,0,孤岛__-_z_,2945013
843,2015,8,11,爱姿不是病[大笑][大笑][大笑],0,鸡肋不是,81816871
844,2015,8,10,我劝你删了吧，你这是找黑好么！我真的不想骂你。。。。,0,Five_half,53157798
845,2015,8,10,自取其辱的孙燕姿,1,孤岛__-_z_,2945013
846,2015,8,8,越来越来喜欢,0,Echo春小猪,30691811
847,2015,8,7,让我听词的歌，恐怕只有姿妈占多,0,Echo春小猪,30691811
848,2015,8,7,貌似孙燕姿的歌每首都是那么耳熟能详,0,白日梦想家live-,73987151
849,2015,8,6,很喜欢她的处理方式,0,鱼尾纹不会游水,79979776
850,2015,8,6,我的天空 洒满阳光[亲亲][亲亲][呲牙][呲牙],0,Minionsbaba,41058910
851,2015,8,6,听王菲的歌不敢，只能听燕姿的,0,腰了果,62626368
852,2015,8,5,姿妈顶一下,0,三岁不能再多,78266318
853,2015,8,4,孙燕姿的声音有生命,0,帐号已注销,53612301
854,2015,8,3,她的声音真的太有空间感了,178,大螃蟹和老虞,73835054
855,2015,8,3,很长一段时间里，以为是“我们天空 何时能相恋”，后来发現错了，再后来觉得听错了也还不错。,3,大螃蟹和老虞,73835054
856,2015,8,1,☁你的天空,0,kepler井姐,57306054
857,2015,7,28,姿妈我爱你，姿迷抱紧我,229,鸡肋不是,81816871
858,2015,7,25,超级好听！,1,爱你三千遍丶,628206
859,2015,7,25,“超级好听”！除了这感觉没别的了。,2,行星Kepler,6971200
860,2015,7,23,感觉乐坛很久没有让人眼前一亮并能一直发光的新人了，也跟唱片行业不景气有关，真的觉得90年代是做音乐最好的时代，21世纪最初那些年乐坛也进入了新鲜血液，比如孙燕姿,2,muffinmuffinman,19586525
861,2015,7,23,你的天空，可有悬着的雨？[幽灵],0,牛肉丸在深圳,180734
862,2015,7,15,赞成95%的观点 燕姿声音接地气无法认同,445,时令水果记,72208944
863,2015,7,15,[憨笑][憨笑],0,大英帝国五连发,44598564
864,2015,7,13,喜欢孙燕姿，就像喜欢生活中所有快乐的事物,102,嘎嘣脆小黄豆,40982587
865,2015,7,10,只要有燕姿的声音都是原唱 没什么原唱能比得上,2,Silent_H,1264370
866,2015,7,8,好喜欢这版,1,lbe阿j,19829404
867,2015,7,4,感觉比王菲唱的好,2,Juiii_,78092228
868,2015,7,3,"你的天空
可有悬着想的云
你的天空
可会有冷的月",0,potatocc,76664697
869,2015,6,30,我也是因为十三姐 更爱金玟岐,1,卸载游戏做个人,41835081
870,2015,6,29,孙燕姿就算是翻唱，也能唱成自己的歌，独一无二的感觉,259,路人彦小二,76285353
871,2015,6,27,太有特点。,0,墨_安澜,29761590
872,2015,6,22,好久没听了，还是那个倔强的声音呀呀呀～,1,蔺缇,64528090
873,2015,6,16,曾经能唱出来的一首歌啊，还是在高三最苦闷的时候！,57,一幕十回,17501696
874,2015,6,16,孙燕姿的歌，05年用杰伦和同学换磁带，第一次认识了孙燕姿。挺不错的,3,北美野牛,70418300
875,2015,6,15,☁️✈️,1,2Ne-1,16853722
876,2015,6,12,我喜欢周晓鸥的,0,我在线上taio,42766951
877,2015,6,8,我姿真棒！,2,菲儿灰灰,62222598
878,2015,6,8,声音太特别，即便是翻唱也都带着她的特别。,1,paplefish,44998542
879,2015,6,2,风筝 ,3,维瓦尔弟尼菲英,66198929
880,2015,5,24,说起痰汪峰笑了。。。,0,帐号已注销,35116195
881,2015,5,24,ktv里比较爱唱这个版本 因为很过瘾,0,jeffchuwei,1828323
882,2015,5,22,喜欢这声音[色],0,小众a,17767241
883,2015,5,19,额……舌头弯的 堵住那痰了[大哭],0,火黑c,56834405
884,2015,5,19,怎么会是这样呢？难道不是嗓子有口痰吗,0,控场,40913104
885,2015,5,19,各有特色吧 相同的就是忍不住要把她们的舌头捋直,0,火黑c,56834405
886,2015,5,19,燕姿和王菲其实有些像，洒脱有个性，同期唱功其实有超他们的,0,控场,40913104
887,2015,5,19,听过，开口像，到副歌就不同了，13姐的转音太独特了[大哭],0,控场,40913104
888,2015,5,15,别有味道,0,假装是学渣,34000214
889,2015,5,14,为什么没评论？？,0,Kep_Ler,16482332
890,2015,5,4,太好听,0,灰小仙仙仙仙,57793216
891,2015,4,28,王菲的是空灵，燕姿的是深情，别人都是在模仿王菲，燕姿却在唱自己的歌[憨笑][亲],1,大铭王朝5,65647158
892,2015,4,23,赞赞赞,0,邵大宝,26284169
893,2015,4,23,金玟岐跟她超级像 去听下岁月神偷跟才华有限公司[奸笑],0,火黑c,56834405
894,2015,4,14,天空不就只有一片么😷,1,Geekinthepinky,45971484
895,2015,4,10,独一无二的咬字唱腔，无可模仿[亲亲],2,邵大宝,26284169
896,2015,4,8,❤️,0,moonlight边边,50418250
897,2015,4,5,中午的第一首燕姿歌就循环了好久[可爱][可爱],0,芒果树的夏天_,45954401
898,2015,4,5,干净，顺畅，青春,1,芒果树的夏天_,45954401
899,2015,4,3,愿爱无忧,1,烬雨JINYU,7224900
900,2015,4,1,这么经典的歌评论怎么可以这么少，现在的小孩子估计都不知道她是谁了，时光不经意就流走了。不知不觉要研究生毕业了，而自己很多思绪还是留在那个一去不复返的青春中,1,旅行包,48540586
901,2015,3,12,姿姿[亲亲],1,九片棱角_,19807524
902,2015,3,9,不多说，是很有水准的翻唱，王菲的天空，是空灵天籁，孙燕姿的天空，是年轻摇滚，各有各的天空[强],2,邵大宝,26284169
903,2015,3,2,只要是姿妈唱的 [色],2,湖人死忠,7776579
904,2015,3,1,觉得比王菲的耐听些,2,焦躁的木,52977934
905,2015,2,28,"⚈้̤͡ ˌ̫̮ ⚈้̤͡"" ",0,L_ipse,17453918
906,2015,2,21,我的天空，灰的脸,0,半吊子王大仙,20234597
907,2015,2,19,献给你，我曾深爱的人。即便已经过去一百年，我还是会像今天这般思念你。虽然我无法亲口对你说一声新年快乐，但我可以，在这里，伴着绚丽的烟花和孙燕姿的天空，对我心里的你说一声新年快乐！,0,珍妮版的龙儿,289952
908,2015,2,14,还好啦其实，燕姿唱歌就专心唱歌，哪像其他的艺人,0,Notenge,45478646
909,2015,2,11,各有各的好，好听就行[憨笑],1,丿将头发梳成大人的模样,12448971
910,2015,2,8,说实话，现在的质量比之前确实有差距。,0,假面舞灬会,3405636
911,2015,2,4,这首歌没有前奏，曾经当做铃声了。[可爱],1,千fa,13104525
912,2015,1,13,"比起孙燕姿,我更喜欢张惠妹在金曲奖演唱的天空",0,芭乐_salvatore,40629727
913,2015,1,12,想念燕姿,1,大鹿米舛99号,47247974
914,2015,1,12,燕姿脑残粉，哈哈,143,Halo_Stefanie,44758870
915,2014,12,21,天空～ ,0,黯然烟火,7705947
916,2014,12,12,现在不行么？别逗我,0,Notenge,45478646
917,2014,11,25,顶峰的时候果然唱的最好。现在的唱功真的不行了…,0,守候ll,33558127
918,2014,11,23,王菲原唱 燕姿翻唱的,0,Insignificance__,42199060
919,2014,11,19,我一直以为这首歌是王菲唱的,0,字润之,20099479
920,2014,11,16,内心堵塞～～[皱眉][皱眉][皱眉][皱眉][皱眉][皱眉],0,breezezhuzhu88,1908362
921,2014,11,10,唱的真心好,2,zlovestef,37262024
922,2014,10,29,同意,0,珍妮版的龙儿,289952
923,2014,10,2,赞同,0,鞋子很脏,16716756
924,2014,9,14,王菲的声音是空灵，燕姿的声音是接地气。但不得不说在21世纪初的时候，能翻唱好这首歌的还得说是燕姿，因为这首歌不只需要天籁的嗓音，还需要演唱者个性的态度，因此不是模仿得好王菲的人就能唱好这首歌。燕姿把自己的唱腔带进这首歌里，这点不俗。,679,苦行僧大异,31577424
925,2014,9,13,感冒的好厉害。音乐救救我。难受[哀伤]在有生之年，你还欠我的，你们都要记得。,0,帐号已注销,31003064
926,2014,9,3,喜欢燕姿，声音好好听*^_^*,2,做个温暖美好的女子,33804096
927,2014,8,2,[大笑]      fei非常  好听,0,明天的记忆0815,32115261
928,2014,7,16,[强]好听！,1,请叫我小方格,7824394
929,2014,5,19,#邮一首歌#你的天空，可有悬着想的雨？你的天空，可会有冷的月？ 天空，画着长长的思念。,0,用户324081,324081
930,2014,3,27,大爱孙燕姿,2,假如我是我你会更讨厌我,9963134
931,2014,2,19,[爱心],0,假面舞灬会,3405636
932,2013,12,1,王菲是我大女神，燕姿是我小女神……但是这首歌，小女神好像更得我心……,485,amigo-yao,3442906
