index,year,month,day,content,likecount,nickname,user_id
1,2017,11,26,为啥这首人好少,10,和你去看海_,626662998
2,2017,11,26,好听,1,大帅逼170813,516888270
3,2017,11,15,夏天的感觉,1,冰镇可乐珍珠奶茶,469853197
4,2017,11,7,"KTV神曲居然评论这么少。。。
阿信创作这首歌词的时候真的很有想法，很正很暖很积极！",4,黄太阳依然那么热,88031158
5,2017,11,1,劲,0,tsunshinec,418063491
6,2017,11,1,[呲牙],0,angerce,126953202
7,2017,10,25,居然有版权了[惊恐],3,沐风素雨,36100292
8,2017,10,6,因为张大仙才知道这个歌，好听[憨笑],1,你也磨人,454289866
9,2017,10,5,今天订婚现场听到的,1,898970,326352379
10,2017,9,20,在07年的夏天，去当时喜欢的女孩子的空间里听到的。,4,Gainax0827,119779729
11,2017,9,17,高中唱来唱去不厌倦曲目,2,帐号已注销,95511122
12,2017,9,15,五月天阿信作词作曲啊各位！！！！,7,Rivincy_311,290322187
13,2017,9,15,阿信作词作曲啊各位！！！！,4,Rivincy_311,290322187
14,2017,9,15,评论这么少？！,3,Rivincy_311,290322187
15,2017,9,5,收录在不同的专辑里的评论不一样。《完美的一天》专里评论几千,0,KitKat__,41723861
16,2017,9,4,不科学啊。。。！,0,Pronoia_喵,375018222
17,2017,8,14,因为还有个正版的。。。,1,赤蛇萦绕,419916927
18,2017,8,12,没道理，这么好听的歌评论才这么点，[呆],2,我最爱的太子奶呢,132091167
19,2017,8,10,不可以下载可以直接加爱心啊，多好听的歌,0,超酷晴,486903733
20,2017,8,8,评论这么少不科学,0,对我来说坦诚就够了,350354384
21,2017,8,4,你说活在明天活在期待不如活的今天很自在[吐舌],0,啊卷酱,127035611
22,2017,7,26,其中一个版本的！,0,Sia彡,387182317
23,2017,7,23,我们见到的太阳是8分钟之前的太阳，见到的月亮是1.3秒之前的月亮，见到一英里以外的建筑是5微秒之前的存在，即使你在我一米之外，我见到的也是3纳米秒以前的你。我们所眼见的都是过去。,3,让可楽在冰一点-,485092126
24,2017,7,22,这版本才是ktv的嘛,0,暗夜尛鬼,37108512
25,2017,7,21,五月天冠佑的鼓[幽灵],2,一世人啊,129114657
26,2017,7,20,唱给男朋友[爱心],1,乌龙白桃奶,271827994
27,2017,7,18,( ⊙ o ⊙ )是的，找不到陈妍希唱的[流泪],0,枝间片雨,418547112
28,2017,7,17,燕姿的歌，以前不懂，现在开始懂了。这歌阿信也唱过，我最喜欢这么说来很不单纯你陪我看海，海那么蓝……这一句,3,DT杰以伦米,370385690
29,2017,7,16,难得一见评论一百多，一般收藏的歌都999+,0,大眼睛的小甜瓜,131086466
30,2017,7,11,怎么评论突然没有了[惊恐][惊恐][惊恐],0,似水流年忆流年,432142727
31,2017,7,10,看外公芳龄38搜到这首歌的 好听ovo,2,温暮白,537812068
32,2017,7,9,我希望能和你能从第一天走到最后一天[爱心],1,理科生男友,513362876
33,2017,6,29,没错,0,旧人旧事新人家,414679170
34,2017,6,28,如果一首歌好听但是评论很少  那么说明这首歌 一定有另一个版本[奸笑],8,浪阿zZ,274681799
35,2017,6,28,为啥不火呢这歌[呆][呆],0,除夕123,93375291
36,2017,6,27,这个评论我就不服了。,1,boscso,393218752
37,2017,6,26,这鼓点太爽了,0,阿深---,362152084
38,2017,6,26,KTV必点[憨笑],0,丸子爱红豆,278933157
39,2017,6,26,我也是看了电影来找，但找不到张之夏唱的。感觉张之夏唱的比燕姿干净悦耳。,0,andybar,333965716
40,2017,6,25,怎么可以才136的评论这未免也太不科学,1,Qiaoqin_蘇,128302179
41,2017,6,24,超喜欢这首歌,2,naiveoorange,131199866
42,2017,6,18,听这个歌曲就觉得自己不是单身狗,3,小王Classmate-,262839354
43,2017,6,16,[可爱],0,萌面大叔-_-,44660445
44,2017,6,16,同道中人 刚刚看完 [憨笑][憨笑][憨笑],2,初丶夏丿,364541073
45,2017,6,15,我啊,2,请寄给我一封情书,323762390
46,2017,6,9,海外[狗]只能听燕姿的这首和花木兰。第一次听，大约十多年前。,1,用户398516175,398516175
47,2017,6,7,快本来的，张若昀唱得好好听,5,Q-Q浅,502011314
48,2017,6,4,怪不得！！,0,跟着我转个圈儿,129833893
49,2017,6,4,评论少是因为有另一版[奸笑],0,浪阿zZ,274681799
50,2017,6,3,这么好听的歌居然评论这么少！！这个词写的不要太好不要太甜了好嘛！！～而且我喜欢前端比副歌还好听～～想到你 多少个第一次,1,跟着我转个圈儿,129833893
51,2017,6,2,first day——f.i.r  stephaine mayday[爱心][爱心][爱心],2,seizeth,105049291
52,2017,5,31,五月天也唱了这首歌,0,继续听歌吧,45556994
53,2017,5,31,每次听这首，就莫名的好开心,1,Shan3慢悠悠,51974327
54,2017,5,28,我一直以为这首歌是五月天唱的,1,Ilike德纲,309014167
55,2017,5,25,适合夏天的歌，心情飞起来～,0,Emooooooon,303884047
56,2017,5,24,快本过来,10,Forever--forever,292237182
57,2017,5,10,因为评论都在《完美的一天》那张专辑,0,用户277381598,277381598
58,2017,5,9,这首歌就这点评论么～不科学啊！,1,一天一天洗衣机,364529166
59,2017,5,3,惊讶没有999＋,1,阿川快跑,105223465
60,2017,5,3,到专辑完美的一天的第一天，评论999+,1,糖包米酒你,432932090
61,2017,5,3,找孙燕姿到那里听第一天999+,1,糖包米酒你,432932090
62,2017,5,3,你找孙燕姿然后找到第一天，你会看到999+,1,糖包米酒你,432932090
63,2017,5,2,👏,0,脑袋里有黑洞,276233944
64,2017,4,30,这时候你就应该找找这歌有没有另外的版本[鬼脸],1,吃掉娜朵花,134222226
65,2017,4,15,玩QQ飞车来的[大哭][大哭][大哭],1,uncle904,361990856
66,2017,4,13,这么说来，很不单纯，你陪我看海，还那么蓝，我又好像不应该把你想的有点坏[憨笑],0,爱遛狗的二毛,392506233
67,2017,3,31,楼下也是霉亲，哈哈哈，有共同爱好,0,做个善良的小仙女,325783649
68,2017,3,30,听这首歌真是让人心情畅快😀😀,4,当莴和世界不一样,248701217
69,2017,3,28,霹雳爷们儿牛逼,1,摇船远去进谁家,55848253
70,2017,3,27,爱你,1,小史风轻云淡,442861423
71,2017,3,25,对，还有挺多中韩合拍片，中国电影问题还很多,1,萌面大叔-_-,44660445
72,2017,3,25,影片开头字幕就说了根据韩国极速绯闻改编，我想应该也提前处理好版权问题了吧,0,萌面大叔-_-,44660445
73,2017,3,24,有啊，就是陈妍希得角色参加比赛唱的,0,萌面大叔-_-,44660445
74,2017,3,24,@诃氻叽叽 ,0,林守乐,55243746
75,2017,3,24,里面有这首吗？？？,0,林守乐,55243746
76,2017,3,10,等到我谈恋爱的第一天 我就要分享这首歌,3,Sumeyy,99510035
77,2017,3,10,"最爱的歌没有之一
那一年毕业，和室友在晚会舞台上唱着这首歌，然后离开呆了四年的大学，泪流满面",2,瓜子去壳,406485804
78,2017,3,6,姿妈永远十八岁,0,阿阿阿阿阿晚点,51192858
79,2017,3,4,初中时玩炫舞经常听😅,1,Jerna,281484568
80,2017,2,15,评论居然不到100[惊恐],0,Ace贾小曼,130210067
81,2017,2,5,评论这么少！！,0,两眼鱼泡泡,246631947
82,2017,2,5,评论评起来 不科学,2,我和你相隔春风十里,85577292
83,2017,1,31,好欢乐啊～～～～,0,hhhkkkkh,308339612
84,2017,1,25,不记得以前什么时候听过了,0,豆蔻天香,74698338
85,2017,1,24,这个可以下载哎～,0,senruhana,85213495
86,2017,1,19,欢快的好音乐🎵,0,该账号无法注销_,357824241
87,2017,1,12,学校老放,0,x94xxxx,374513042
88,2017,1,12,"不科学啊,燕姿的这首歌竟然就这点评论？",1,likai_feng,296682332
89,2017,1,11,又一首被埋没的好歌,0,脑袋里有黑洞,276233944
90,2017,1,5,这首歌评论这么少？？？不科学！！！,2,小龙虾蒜你狠,115095657
91,2017,1,2,我爱孙燕姿[大哭][大哭][大哭],1,MaZZZzDou-,110681117
92,2017,1,1,霹雳爷们NB！！,3,Rush_顺爷,319405868
93,2016,12,26,爱装的很哲学的你其实很可爱![流泪][流泪],0,神的孩子全跳舞y,129266711
94,2016,12,25,无限抖腿晃头晃身,0,林夕与莫妮卡,88947483
95,2016,12,21,下过雨的夏天傍晚  我都会想唱这首歌[幽灵],1,涌抱陈信宏,11994541
96,2016,12,11,初中玩QQ音速 的时候 6年了 依然记得那个情节,1,嗷嗷嗷嗷yi,330651511
97,2016,11,30,feat.五月天,1,dragondick,47601484
98,2016,11,30,连和声都是五月天好吗,0,dragondick,47601484
99,2016,11,27,说吧，这个是不是五月天写的？,0,帐号已注销,35974995
100,2016,11,18,我是看了外公芳龄38而来的……有的赞我[憨笑],102,萌面大叔-_-,44660445
101,2016,11,16,耶耶耶,1,一万张手绘,263000181
102,2016,11,16,我存在。,0,侧耳倾听lover,116076141
103,2016,10,30,WIFI 。,1,你像光我似火,43385314
104,2016,10,17,第一次告白真的很尴尬,2,大魔王正在学习,249103216
105,2016,10,17,"00
",0,大魔王正在学习,249103216
106,2016,10,4,八块一个月，你值得拥有😂,1,一个看了一遍就能记住的艾迪,69887529
107,2016,10,1,比另一首孙燕姿唱的好听，感觉这个没那么嘈杂，更干净更纯粹，少女心什么的第一次能飞起来~但我满脑子都是阿信的温暖的笑是怎么回事[大哭]尼玛真是苏炸了,1,可爱又迷人的反派葵Monitor,260937381
108,2016,9,29,呃呃,0,蝙蝠少侠,325875499
109,2016,9,28,中间有段合音的里面那个女声就是飞儿的主唱还有五月天的阿信,1,編號捌玖柒伍柒,338623200
110,2016,9,27,心情不好。,2,鄒爸比,85768778
111,2016,9,23,听完狗哥版本，过来听原版[憨笑]rua,1,隔壁丶老脏,298925910
112,2016,9,14,最近经常哼这首歌因为下雨吗，世界都好清新,0,太空舱i,63739836
113,2016,9,9,高陵飘过，你呢,0,法外狂徒Jack,137224370
114,2016,9,9,同城的唉😟,0,闷潮声,288196425
115,2016,9,3,每次听到这首歌，轻快的节奏。多听些开心的歌，多好，哪来那么多忧愁的呢去听呢,2,法外狂徒Jack,137224370
116,2016,8,2,嗨起来嗨起来,0,所谓嘉人-Kevin,276510587
117,2016,7,16,节奏全连，，，,5,一睡不醒多自在,275615967
118,2016,6,27,第一天我存在第一次呼吸畅快,0,donkey卢,259808068
119,2016,6,22,喜欢这样的感觉,0,嗡阿惹巴札那德-安,77210080
120,2016,6,22,哈哈哈 以后遇到了 就唱这首歌,0,FannySong,74028050
121,2016,6,11,当年玩超级音速的歌啊，哈巴,0,嗨_前方,65105479
122,2016,6,4,突然嗨起来了,0,若只如初兮未可怜,97025004
123,2016,5,25,下载不了,0,豆豆豆米ye,75669028
124,2016,5,23,怎么评论这么少？一定是因为不能下载！,0,香蕉你个啵吶呐,106647713
125,2016,5,19,期待从来就不是放在别人身上的。相信自己，每天都能活得很自在。我们都会更精彩。,1,Lysensen,95288139
126,2016,5,10,第一次听第一天是在初中玩劲舞团的时候，如今大学都快毕业了[流泪][流泪][流泪],0,用户101885234,101885234
127,2016,5,6,你很搞笑你很奇怪你头发很乱,2,来自肯塔基的陆钢蛋儿,77901503
128,2016,5,3,站在地上的腳踝，因為你而有真實感,2,憨憨憨人纳豆,6311313
129,2016,5,3,站在地上的脚踝，因为你而有真实感,1,憨憨憨人纳豆,6311313
130,2016,4,26,很好听,0,别误了景致,254498502
131,2016,4,25,first day--f.i.r+stefanie+mayday[呲牙],1,xwmo79,74843629
132,2016,4,15,人好少,1,陈龙_,954192
133,2016,4,12,怎么没人讲故事？,1,阴天一颗柠檬更酸-,120049223
134,2016,4,11,打鸡血！,1,行星Kepler,6971200
135,2016,4,11,这么多年了都木有听出来，里面还有Faye的声音！,0,融sama,124740334
136,2016,4,10,心情变好,0,时光微安,91387490
137,2016,4,1,抢前排,1,不错小鲁,45472696
138,2016,3,26,今天有大好天气 大好心情,0,夏目和妖怪们,116098973
139,2016,3,22,这么好的歌居然评论这么少,2,一念-初见,124993513
140,2016,3,18,活在明天活在期待不如今天活得更自在,0,木子立里土土土,120266496
141,2016,3,16,听到之后就是满满的好心情。,2,丽丽酱饼丶,117581167
142,2016,3,14,别的专辑人多，所以这里人就少了,0,Capricornus_藝術,59548028
143,2016,3,14,一听就心情很好～～怎么这么点评论………,1,RightNowOrNever,99731439
144,2016,3,10,很喜欢这个,0,夏目和妖怪们,116098973
145,2016,2,13,飞是飞儿乐队的咩[大哭][大哭]听着好像。。,0,此岸望彼岸,73564366
146,2016,2,10,Mark 努力的第一天,0,TracyD89,61544619
147,2016,2,8,喜欢燕姿 姿妈很棒,0,夏目和妖怪们,116098973
148,2016,2,1,那么好的歌竟然没人评论,1,始于初见止于终老亅,54317503
149,2016,1,31,啦啦啦,0,冷枫--,116395807
150,2016,1,31,这首歌没人？大召唤术不知道好用不,0,冷枫--,116395807
151,2015,10,16,听你唱歌我能暴走十公里。,1,幽灵小姐要加油,52274423
152,2015,8,8,冷死了要感冒[流泪],0,帐号已注销,11890878
153,2015,7,28,节奏带劲,0,是然然他爸,52664863
154,2015,7,12,咱家主唱和十三姐都很厉害[憨笑][憨笑][憨笑],2,桐行寻幂,47508707
155,2015,6,8,好！,0,良易,68564013
156,2015,5,26,~~,0,JEAOl,62555019
157,2015,5,7,我家主唱与燕姿的合唱也很棒呢~,0,眠梦哈咪,45967092
158,2015,4,25,我去，人这么少,0,也是-醉了,34243413
159,2015,2,27,yeah yeah yeah,0,塞塞酱哦,42478366
160,2014,12,4,大爱燕姿。,1,我可守护亦可暖心,45332031
