index,year,month,day,content,likecount,nickname,user_id
1,2019,11,25,越听越好听,0,medsir,70093854
2,2019,11,23,期待你的直播[多多比耶],1,mygad的披头士,1609048376
3,2019,11,22,人生的第一盘卡带就献给了你 直到现在永远没人能取代~十几年过去了 突然的停下了脚步 到今天才去听你十年前的专辑 只能说你声抱歉！你依然在我心底 ,0,嘎子119,265715940
4,2019,11,18,关于你，风,1,一位不愿意透露姓名的十三姐,266784552
5,2019,11,10,做自己就好，爱燕姿就好,2,暖心甜y,540336727
6,2019,11,8,加油[大笑],0,清心丶得生,16556450
7,2019,11,6,孙燕姿阿孙燕姿,1,度度A,95638651
8,2019,11,6,票是个问题呜呜呜,0,度度A,95638651
9,2019,11,2,The answer is blowing in the wind.,0,wendanwei,92280841
10,2019,10,26,窃喜,0,阿柴呀_,266724380
11,2019,10,26,好听又难唱,0,太阳底下0723,16072610
12,2019,10,19,刚刚!我们一直反复沉默着，耳机里面就是燕姿这张专辑顺序播放，《逆光》起头，经过《我怀念的》，经过《安宁》，经过《飘着》，又经过《漩涡》。直到《关于》的高潮部分，余光发现他终于就转过头来就这么一直看着我，我还装作不知道，好幸福!!!,7,苑子潯的小号,1548957065
13,2019,10,12,燕姿这首歌是2007年，你们说的那首是2014年的,2,错生不错过,422192437
14,2019,10,12,上头,0,sunjiahang,375838001
15,2019,10,11,期待2020年,3,居里居里爱居里,568470260
16,2019,10,7,每次听到鸽子叫跟钟声我就慌得一比 赶紧确认自己听的是不是孙燕姿的歌[流感],1,你的名字我的追寻,375773232
17,2019,10,7,好听哇,0,小新家的小白来报道,347180200
18,2019,10,3,明年20周年演唱会，给自己定的目标：学会燕姿全部的歌[憨笑]加油,7,YXstefanie悦兮-求黄金守护保护,394037658
19,2019,9,29,以前就听懂了,0,MR俊杰007,9018418
20,2019,9,28,特别喜欢燕姿的曲风,5,梦幻病,1457618662
21,2019,9,28,太好听了  ,0,梦幻病,1457618662
22,2019,9,24,仙女会唱歌,2,SngEeTze--,1600031708
23,2019,9,19,关于爱不爱的问题,1,xynnn1130,1601294166
24,2019,9,18,我来给燕姿打榜～,1,手-可摘星辰,250292309
25,2019,9,13,好喜欢,0,ysyya,1481982894
26,2019,9,13,好治愈,0,ysyya,1481982894
27,2019,9,8,你这一生只会经历一个夏天，其余的都是和它比较。,5,-喝牛奶_,401232139
28,2019,9,8,球球辽。,1,也不是猪只打呼,355734135
29,2019,9,8,给我999+,1,也不是猪只打呼,355734135
30,2019,9,8,真好听啊啊啊啊！！,1,也不是猪只打呼,355734135
31,2019,9,5,好难唱啊。。。太难了太难了。。。,0,km15,346255482
32,2019,8,31,好好听[大笑],0,超级安朋友,267640111
33,2019,8,30,我来了,0,今天美好且平凡,551345119
34,2019,8,28,爱姿,0,哈那我就取一个很好听的名字吧,481734149
35,2019,8,27,其实真的有点莫名难受，觉得自己无能，觉得对现实无力，真的会很想哭很想哭，但是我知道啊，我要坚强一点点，为了爸妈，为了自己，哭了妆就花了，你要笑，开心一点好不好,0,九洲永泰,1526307261
36,2019,8,26,不再做隐形人,0,夜色温柔viavia,488560613
37,2019,8,24,01年最近才发现她,0,sweettteee,416746687
38,2019,8,18,姿老大的一首如沐春风的歌曲……,0,Mr_Nicholas,471638422
39,2019,8,10,"同03年的
有些歌还没来得及喜欢
就已经成了经典
很遗憾没有出生在早一点的年代
但这并不妨碍我的青春里有她",3,胖猴少年,558766395
40,2019,8,9,需要平静的歌缓缓 ，漩涡🌀的后劲太大了,5,虎虎的14,40661749
41,2019,8,6,"这里是第668个评论[可爱]
03的我没有遇到那个时代，但我很喜欢孙燕姿的歌
以前是觉得《我怀念的》心酸又好听，现在发现真的有好多好歌",5,至-彼岸,1323315508
42,2019,8,1,关于关于关于[爱心],1,11199811,634112513
43,2019,7,31,这好听啊~[可爱],0,Hoopla_,273624146
44,2019,7,29,《逆光》真是神专！每首都很好听！！！,3,yesnamekris,353874001
45,2019,7,25,2010年读大学，家里离大学很近，爸爸每两个星期开着小红车来大学接我，每次都播放燕姿这张专，放到这首歌的时候，就知道专辑要结束了，那时的我很放松很惬意。昨天女儿刚满月，都说回忆是对现在的不满，真的希望时光温柔一些，让我更爱我的家人。,4,小花先生,53080326
46,2019,7,23,"关于生活的选择题  答案在风里
燕姿  生日快乐 ❤",1,Stef-y,368904262
47,2019,7,22,留名,0,剪煎蛋,68126707
48,2019,7,20,刷..,0,一艘属引,1484405206
49,2019,7,20,!燕姿,0,一艘属引,1484405206
50,2019,7,20,咦加油,0,一艘属引,1484405206
51,2019,7,17,我的遗憾关于你，对不起没有给你想要的。,0,宋遇见,321697401
52,2019,7,14,太好听了吧？！？！,0,霉头霉脑云散月现自在飞花slay,42294326
53,2019,7,12,这张专辑简直每首歌都爱,2,nier42,120422539
54,2019,7,10,打卡，爱燕姿！,0,douya0530,305433463
55,2019,7,9,终于忘了一个人一件事好快活,1,陳一一一一,343193372
56,2019,7,3,我想要旅行,2,BabyAustin,54264998
57,2019,7,3,关于你_,0,最爱苏打-,501528799
58,2019,6,29,答案在风里,0,Stef-y,368904262
59,2019,6,29,关于你的一切,0,BabyAustin,54264998
60,2019,6,24,差点以为要左手右手慢动作跳起来了,1,玩具超人o_O,132171848
61,2019,6,23,前奏啊，前奏完了才反应过来是关于,0,春水煎茶zzz,298330273
62,2019,6,23,为什呢,0,积了个德姿儿,645798706
63,2019,6,22,听开头吓死了，我以为我日推出现了那谁谁,0,默默清风随,289536084
64,2019,6,21,每次听到这首歌都吓一跳，，服了[大哭][大哭],0,春水煎茶zzz,298330273
65,2019,6,20,[多多无语],1,唐某不沾刘女,347702944
66,2019,6,19,网易云到底是怎么知道我喜欢孙燕姿的，明明用网易云只听说唱,0,MoMomomom_,349852751
67,2019,6,17,开头听得我瑟瑟发抖~,0,我是anna_anna是我,90870647
68,2019,5,16,跟着我左手右手一个慢动作,0,劳资世界第一,432115105
69,2019,5,14,所以，想起的那首歌是blowing in the wind吗[可爱],1,乐乐是个好女孩,374086900
70,2019,5,14,好听[爱心],0,门背后的天堂0,123927372
71,2019,5,14,٩(●˙—˙●)۶姿姿姿姿姿姿！,0,Empty3君,131176303
72,2019,5,6,其实燕姿每张专辑的最后一首歌都表达了那个时候她相对姿迷说的话，从《逆光》的《关于》，《是时候》的《是时候》，《克卜勒》的《雨还是不停的落下》和《梵谷》的《极美》，她想把她告诉我们的都放在最后一首歌。,6,stefmissyou,451484132
73,2019,5,6,燕资记录生活自己每个时间每个阶段的故事，反复切歌，能感受时间的变化，成长经历的变化。,1,阿拉阿宗,71637086
74,2019,5,3,开头左边耳机没声音，我还以为是耳机坏了，还好只是左耳失聪,3,叫我皮卡丘嘛,1448028689
75,2019,4,26,这是一首很有哲理的歌,0,钥匙tt,102355058
76,2019,4,25,想听燕姿的演唱会,1,爱次火锅的猫,49673212
77,2019,4,25,我想去旅行✈️,1,爱次火锅的猫,49673212
78,2019,4,23,我刷,0,Pretext_N,364452687
79,2019,4,23,630我不信,0,Pretext_N,364452687
80,2019,4,21,好听,0,姑苏客st,79800447
81,2019,4,18,关于你就是我的青春,0,十年尔如斯,355711827
82,2019,4,13,关于你就是我的青春,1,用户451962761,451962761
83,2019,3,29,热评12太年轻了23333,0,cccccsupercxc,7552275
84,2019,3,29,这么好的歌居然999以内2333333,0,cccccsupercxc,7552275
85,2019,3,27,20几岁听出爱情，临近不惑听出人生道理,2,找寻不得,264810158
86,2019,3,27,我姿,0,恒星光年,73676479
87,2019,3,22,12年了,0,张来福_,41180398
88,2019,3,21,嘻嘻嘻,0,梦幻病,1457618662
89,2019,3,21,喜欢哇,0,梦幻病,1457618662
90,2019,3,21,清静舒服,0,Fiy汗,313502181
91,2019,3,18,我也不想做决定。,0,渣渣大华,135196643
92,2019,3,12,这歌适合走在小路上，迎着春风与阳光的时候听[可爱][可爱],2,windbreaker风衣,1482000199
93,2019,3,11,这首太好听了吧,0,黄老板耶,1686859082
94,2019,3,8,关于生活的选择题，答案在风里,1,成小姿S,84991554
95,2019,3,2,两字神曲系列,0,MENG太琦,1391140523
96,2019,2,28,这首歌有夏天的感觉,1,Oh-Jeff,127701932
97,2019,2,25,答案是,0,咕叽-__,543531996
98,2019,2,18,这首歌不热可能是低音太少，整首歌听起来听觉偏累,0,Nembutal,285968582
99,2019,2,11,感谢日推,0,远方等你,50523795
100,2019,1,30,关于那些逝去的青春,0,小米糕啊,1436371488
101,2019,1,30,和我一样觉得好听的看着不多,0,咕叽咕叽WOTM,364196459
102,2019,1,23,初闻不识曲中意 再闻已是曲中人[多多耍酷][多多耍酷][多多耍酷],1,勋的漂流瓶,254370552
103,2019,1,20,关于 燕姿,1,stefanielgl,644180982
104,2019,1,18,对的，就怕左手右手开始,4,lesnod,398348389
105,2019,1,15,"昨晚肠痉挛了[狗]
今天微生物最后一门
好运[拜]",2,壹yi小姐,1732891995
106,2019,1,12,是关于你呀,0,小谣爷,96193057
107,2019,1,3,关于🈶️种舒缓旋律持续中悠长的怀念……,3,紫天零虚无,1286372240
108,2019,1,2,么么哒 ,0,孙燕姿的小迷妹啊,327977684
109,2019,1,2,[呆],0,孙燕姿的小迷妹啊,327977684
110,2018,12,30,那么冷门？,1,madmadman,12648365
111,2018,12,29,[大笑],0,你姿我姿,466537747
112,2018,12,28,"曾经没有目的地 现在的你是我的目的地
关于你 关于我 关于小熊 的故事",0,雨山五口,1376593674
113,2018,12,26,着迷,0,i-YBO,15195708
114,2018,12,24,被热评一二笑死hhh,2,MomordicaCharantia,94691393
115,2018,12,21,[爱心],0,鄒爸比,85768778
116,2018,12,21,关于 爱不爱的问题。,0,鄒爸比,85768778
117,2018,12,10,这首歌让人着迷,1,onearthome,1322819440
118,2018,12,6,"“关于生活的选择题
答案在风里
我想起了
一首歌的道理”
是《blowin' in the wind》吗？
“Answer is blowing in the wind ”🙄",2,AustinLang,395274063
119,2018,12,6,"“关于生活的选择题
答案在风里
我想起了
一首歌的道理”
是鲍勃迪伦的《blowin' in the wind》吗？
“Answer is blowing in the wind ”🙄",0,AustinLang,395274063
120,2018,12,6,"“关于生活的选择题
答案在风里
我想起了
一首歌的道理”
是鲍勃迪伦的《Blowin' in the wind》吗
“Answer is blowing in the wind”🙄",0,AustinLang,395274063
121,2018,12,3,爱这首歌甚过爱逆光,0,抬头望到北斗星,9829701
122,2018,12,3,我有燕姿的亲笔签名[大笑],7,SCP基金会驻蓝星观察员,419001394
123,2018,12,1,很美的一首歌,1,辣鸡米花,68030685
124,2018,11,28,今天突然想到了这首歌 看不到现在这样的日子何时是个头,1,ZY-7,17531038
125,2018,11,27,感觉声音好好听,0,onearthome,1322819440
126,2018,11,26,仅仅是为了支持燕姿,0,Nervous-,298609916
127,2018,11,24,这个听了很安静吧？,0,孙燕姿的小迷妹啊,327977684
128,2018,11,20,上合昆马倒计时十天，广马倒计时十七天，一星期前崴了脚医生建议我放弃参赛，期待了许久，好不容易中签，到时候走也要把它走完[可爱],0,秋葵炒蛋丫,248446467
129,2018,11,10,好久没来听这首歌了，回来感受下，我又开心了[可爱][大笑],0,奶心爸妈巧心结,437506782
130,2018,11,7,都在雨里,0,林深时见鹿晗,125413239
131,2018,11,3,高中的时候给我力量的一首歌,4,O_oHULLO,343829645
132,2018,10,30,刚想骂网易为啥给我推荐tf的歌，然后画风就变了！,1,改昵称不会被占用,265562366
133,2018,10,29,他好像从来不在燕姿的歌底下评论。[哀伤][哀伤][哀伤],3,数字乱码,313367102
134,2018,10,29,好听的,0,windbreaker风衣,1482000199
135,2018,10,27,999助攻,1,左歌Caelyn,40774970
136,2018,10,26,多好,0,Islandofcyril,48634536
137,2018,10,24,这首也好听好么！别有韵味~,0,Lyeenne,297240818
138,2018,10,20,喜欢鼓点,0,啧啧YYJ,118931894
139,2018,10,19,我想要旅行 没有目的地 单纯逃离,1,simplenesslion,331317944
140,2018,10,6,999助攻！！❤我永远的少女姿啊😘,4,-Stefanie--,435506899
141,2018,9,28,燕姿的冷门歌90%以上都是高逼格耐听的[亲亲],7,孙燕姿的小流氓,40721477
142,2018,9,28,[哀伤][哀伤],0,圣光棍骑士,125708122
143,2018,9,25,对，就是这样的感觉,1,Cheri祖远,281090136
144,2018,9,20,我，并不想在意,0,Kiki未完成,123885215
145,2018,9,18,哇这首太好听了 停不下来,0,谢小小祎,424145606
146,2018,9,16,一张专辑 都会留一首给自己 给歌迷 好棒的idol,2,vInCent哇,48926777
147,2018,9,14,这首歌好有哲理,1,钥匙tt,102355058
148,2018,9,9,[大笑],0,毛毛虫0912,323067104
149,2018,8,30,答案在风里 the answer is blowing in the wind,0,請你自便取去,419728217
150,2018,8,29,抱紧并抵了上去[开心]手动滑稽猥琐。,0,虾Look丶福尔摸鱼,103836452
151,2018,8,28,你可听见我的心在动😘😘😘,1,头盔女孩,359396592
152,2018,8,12,你想想tf翻唱了yz多少歌,0,rfmjs,1357855390
153,2018,8,7,ლ(´ڡ`ლ),0,林34,400839327
154,2018,8,4,我想起了 一首歌的旋律。,3,_诗芊,81037679
155,2018,8,3,这个开头，原来掏粉是超我姿的呀[呆][呆],1,跳舞的梵谷yanzi,318974517
156,2018,7,31,关于,1,暮至明,94756999
157,2018,7,29,单纯逃离,1,燕姿小迷妹_yanzi,1342726442
158,2018,7,28,关于你，大家总是提起想起。,1,布鲁斯37号,454262282
159,2018,7,23,以为是青春修炼手册准备马上切的,2,名叫三毛,449344295
160,2018,7,20,第558条评论，我不想多说我的故事，因为每个人都有自己的故事，不是所有人都爱听你的故事，自己的故事自己收藏就好，等你遇到自己的另一半再与ta分享就好。,1,我只想说我是白羊座,594349559
161,2018,7,17,[色][色][色],0,我是克里斯18525,1389196395
162,2018,7,16,其实怕选择,1,佛葩之花,50580025
163,2018,7,14,555的一条评论,1,苦瓜奕晴天伦遇见姿,293415362
164,2018,7,12,听完后马上收拾行李出发了,2,iamalvinwoo,346832507
165,2018,7,11,只允许自己悲伤3秒,2,_shengxiang,57645729
166,2018,7,11,[爱心],0,卡斯特梅的雨季u,117341485
167,2018,7,3,我不是很懂音乐，但我听出了一种义无反顾的生活态度！,1,迷了路的雾,386848379
168,2018,6,29,好喜欢这首的鼓点和燕姿的声音啊,1,违禁关键詞,375614957
169,2018,6,27,需要更多的口气？,0,我很慌因为我是一只逸,1309332321
170,2018,6,23,到了一定年龄的我终于听懂了这首歌。,0,妈热法克侠,550731375
171,2018,6,22,想要旅行，没有目的地，单纯逃离,1,ddarkwhite,548737444
172,2018,6,22,"ლ(′◉❥◉｀ლ)我爱你燕姿
",0,-_-梨涡浅笑-_-,265072879
173,2018,6,19,从那时年少轻狂，到如今人已过午，孙燕姿陪伴我的，是我三分之二以上的人生，感恩孙燕姿，感恩你在我失落无助，或是鲜花掌声中的陪伴，我很坚强，如你。,2,萧垚lolo,37318802
174,2018,6,18,是的 姿妈真的会挑歌 每首歌的味道都需要慢慢品,1,意达哟,71599944
175,2018,6,18,开头tf差一点乱入,0,意达哟,71599944
176,2018,6,13,莫名想哭泣呢[大哭],0,_shengxiang,57645729
177,2018,6,13,私人fm推荐的，被戳到了噢。那时还是女孩的声音，现在已经是准二孩妈了。,0,_shengxiang,57645729
178,2018,6,9,想要旅行 没有目的地 单纯逃离,0,haihaiyeah,81193979
179,2018,6,7,明天是高考了！祝所有高考的人能考出满意的成绩！！！,0,秘密NeverLand,59934554
180,2018,6,1,儿童节快乐。,0,暮色暖日,110791858
181,2018,5,30,2018.5.30 17:12,0,TyChee_,423605558
182,2018,5,29,2018.05.29.  下午三点五十一分,0,Opencloselll,248553921
183,2018,5,29,姿妈的歌，一首的都不想错过┐（─__─）┌,2,老音杆,324085823
184,2018,5,28,原本以为卖萌无意义的节拍和文字。过了十年听才发现原来人不能太主观臆断……整张这个耐听啊。,2,昵称脏乱差,76128140
185,2018,5,28,超棒的,0,畎荃cc,3584186
186,2018,5,27,关于 生活的选择题 答案在风里,2,ssslays,361833684
187,2018,5,27,逆光,0,stef流年,1367583538
188,2018,5,27,再来,0,stef流年,1367583538
189,2018,5,27,助力999,0,stef流年,1367583538
190,2018,5,21,助力999,1,DylanDay,100728630
191,2018,5,8,今天南京放晴了吧，希望你的心情也是个好天气[星星],1,feifeii13,309479010
192,2018,5,6,今天的南京下起了大雨，到了这个时候雨还是似是而非，一个人走在路上突然就哼起了这首歌，有种说不出来的愉快和轻松，好想忘了所以的负担和执念。,4,iamalvinwoo,346832507
193,2018,5,6,爱,0,GodShen2,249141698
194,2018,5,6,"答案在风里
我，想起了，一首歌，的道理：
伍迪艾伦的blowing in the wind",0,煉電痕下,340535645
195,2018,5,5,[亲亲][亲亲],0,素白171111,405622046
196,2018,5,5,好听,0,毛毛虫0912,323067104
197,2018,5,4,就此刻，复习专业课，突然特别想听这首歌，在歌声中好像将烦乱的思绪一点点理顺了,1,枯木-不朽,373801319
198,2018,5,2,有一天，婚礼的前一天，脑子里忽然蹦出了这首歌，毫无预警,0,与迟与迟,47812054
199,2018,5,2,需要被隔离,0,Stefanie的小熊,389165231
200,2018,4,28,燕姿☘,0,jxzz_,489819229
201,2018,4,25,好好听,0,小宇宙97,347298613
202,2018,4,19,一首充满哲理的歌,1,钥匙tt,102355058
203,2018,4,17,我爱孙燕姿！,2,赟光,454310581
204,2018,4,16,孙燕姿,3,stef流年,1367583538
205,2018,4,8,这首放在孙燕姿的励志歌单里,1,钥匙tt,102355058
206,2018,4,8,关于生活的选择题，答案在风里,0,钥匙tt,102355058
207,2018,4,8,想哭[流泪][流泪],0,丶彩虹金刚,332626006
208,2018,4,6,好听好听,0,香芋er222,281684804
209,2018,4,4,关于落榜[憨笑],0,lijnt,42605371
210,2018,3,31,人要学会 停止流浪,1,walkinggirl1710,387924976
211,2018,3,29,❤️,0,Oh-Jeff,127701932
212,2018,3,28,这首关于  全网仅此一首噢[憨笑],2,空港里的露絲瑪莉,249970032
213,2018,3,27,感谢燕姿 最迷茫的时候有你,1,Y-una,322710590
214,2018,3,25,最近中了孙燕姿的毒，无限循环,6,007-Qi,340701198
215,2018,3,25,她很多歌越听越有感觉,3,33轉的LP,630862795
216,2018,3,23,😌想要旅行没有目的只是逃离,2,短毛矮瘦子201706,487501010
217,2018,3,21,去内蒙两次，路上，心又有一种把歌走成现实的浪漫.,1,Emma0613,351476038
218,2018,3,21,要在周围安静的时候听才会更有感觉。,1,易消逝之人-,505518130
219,2018,3,20,日常表白我姿[亲亲],0,stef流年,1367583538
220,2018,3,17,受过伤的记忆，一直都还有没痊愈，需要被隔离，需要更多的空气。这段咬字和音色，好听到炸[亲亲][亲亲][亲亲],0,恢恢恢恢恢恢復,258126321
221,2018,3,17,她的歌总能引起共鸣,1,33轉的LP,630862795
222,2018,3,9,关于,0,一只鱼o3o,303502129
223,2018,3,8,燕姿啊,2,成小姿S,84991554
224,2018,3,5,20170612-20180305 祝愿远方的你能快些熬过这段时间 🦌,1,JACCC123,311946157
225,2018,3,3,同感,0,stef流年,1367583538
226,2018,3,3,燕姿的歌总是能讲出一些道理,3,stef流年,1367583538
227,2018,3,3,高中一听就喜欢的歌，有几句唱得真飙泪,2,气氛来了就要醉,308485041
228,2018,3,1,两个多月没听燕姿的歌啦~还是那么好听😊,0,oranlee,131736371
229,2018,2,26,这首很好听,0,未完成19991230,503310441
230,2018,2,26,前奏哈哈,0,未完成19991230,503310441
231,2018,2,25,所以the fat rat是借鉴了旋律？,0,光明极美,1349582793
232,2018,2,20,前奏一响 以为是TF[大哭]吓一跳哈哈哈哈哈,0,Wjjjy,128972700
233,2018,2,7,刀放下 放下[大哭],0,_另一张脸,477422731
234,2018,2,6,再听这首歌 依旧是感同深受,1,飞跃东南海,409885845
235,2018,1,31,简单的车最好听,0,王金1711,632842409
236,2018,1,30,关于生命的是非题,2,无糖菠萝,125737568
237,2018,1,28,时光啊  十一年了,1,拾迩穆子,270196091
238,2018,1,25,慢慢就听懂这个深意了,1,果汁爱学习,1350631564
239,2018,1,23,我 想起了 一首歌的道理,1,姿迷Kepler,62776498
240,2018,1,22,我 想要旅行 单纯逃离 没有目的地,2,姿迷Kepler,62776498
241,2018,1,15,去听一下the Fat Rat的No No No 00:28和Never be alone 00:10。你会回来点赞的,3,ProudMore_YFB,350587256
242,2018,1,14,[可爱][可爱][可爱][可爱],0,字迹微寒,100562566
243,2018,1,11,这首歌其实很惊艳,0,GLORYERSC,41447475
244,2018,1,7,关于人们窃窃私语这一句的旋律和no no no一模一样,0,dillanomore,3033441
245,2018,1,7,我只能说好听，还能再说什么,0,淡笑人生170624,515456702
246,2018,1,4,00:03,1,林守乐,55243746
247,2017,12,31,在我姿每一首歌下都能找到和我头像相同的人[呲牙],6,将往观乎四荒Zhang,41213820
248,2017,12,29,哈哈哈哈哈,1,坐着我的摩托车wenny,123631217
249,2017,12,28,额，怎么说呢，我可能是友军，但好像演得有点过了🙄🙄,1,饭pei稀,104407278
250,2017,12,28,！！！您在逗我吗？？？我燕姿的歌抄袭三小只的？？？本来还是觉得三小只很不错的，你们能别这样给爱豆招黑吗？大家和平相处不行吗？,1,322嘟嘟233,567185975
251,2017,12,20,燕姿的每一首歌，都值得慢慢回味,3,Stefanie_kf,260396530
252,2017,12,18,关于 爱不爱的问题  答案在心里，关于 谈不谈的问题 答案在风里，关于 成不成的问题 答案在雨里，关于我怎么定义 没想做决定而做了决定，爱 努力谈 却淋了一场雨掩盖了不为人知的泪花。[口罩][口罩],2,丶Transparence,384611008
253,2017,12,17,你忘加狗头了😂,0,毛毛雨猫猫鱼茂茂豫,530763625
254,2017,12,17,少有的一个专辑都记得的歌手，唯一女神。。。,2,木易隆,309006455
255,2017,12,16,你不是友军,0,AIlennolan,467487362
256,2017,12,16,感觉最近特别丧，每次都能在燕姿的歌里得到治愈,0,潇潇_木葉,251632957
257,2017,12,16,你陪伴我整个青春,1,-----Stefanie,454876432
258,2017,12,13,我听了无数遍，只是不喜欢评论。然而这首这么好这么好,0,咕叽咕叽呀1710,575587695
259,2017,12,11,每次看不到没有999+就忍不住想留言,0,泽日生1123,134851495
260,2017,12,8,做了一夜的梦，悲伤，听歌拥抱下自己。[哀伤],0,如墨清晨,7625720
261,2017,12,3,无意中再听  突然发现这歌好治愈,1,morphineleee,256026455
262,2017,11,29,应该反着说吧[汗],2,如此好求,92512586
263,2017,11,26,一听这首歌，就会想到一个基友，这是他最爱的一首燕姿的歌。,0,大理大理大理大理,58420777
264,2017,11,22,燕姿粉路过,1,最喜古风,390663286
265,2017,11,18,[弱],1,venoooo,286980361
266,2017,11,18,每次听到这首歌，都有一种黄昏的感觉……,0,Pr0phet,56040918
267,2017,11,16,打卡,0,伊森92,5788229
268,2017,11,15,大家好像更喜欢抒情悲伤的歌，而轻快天真的歌都不太受宠,2,sigh0,47909177
269,2017,11,14,当年也是非常喜欢这首歌的 居然这么点评论 那些不多听几遍燕姿歌的人 错过了多少好听的声音。,0,weicheer,65425100
270,2017,11,14,哎我是友军啊,0,饭pei稀,104407278
271,2017,11,14,无知不怪你,0,很摇滚滴事,98010521
272,2017,11,14,关于老公，孩子，生活，就是没有你,0,朵麻子,411732961
273,2017,11,13,一个姿迷微笑的提醒你，燕姿发这歌的时间比青春修炼手册早了不是一点点好吧！,4,Devotiontome,545406421
274,2017,11,8,一首歌一个故事吧,0,想去吹太平洋的风,431966292
275,2017,11,5,竟然第一次听，分分钟切腹自尽的感觉,2,ciree米修,302895683
276,2017,11,2,爱她,0,AAARNOLD,304771005
277,2017,11,1,一首歌的旋律🎶,0,Candyelfffff,120145529
278,2017,10,31,[吐舌],0,akirand,117333918
279,2017,10,30,你在微博也说了这句话,0,林守乐,55243746
280,2017,10,30,有没有人觉得和电影驴得水的主题曲“我要你”有点点像,0,akirand,117333918
281,2017,10,30,超级love这首,0,清凉油A,255667395
282,2017,10,29,打卡,0,半座城池丶,500055772
283,2017,10,28,是好听的歌，这两天在重温之前的老歌。,0,一颗梨子糖呀,82661549
284,2017,10,27,爱姿,1,姿意燕为,263726012
285,2017,10,27,爱姿,1,姿意燕为,263726012
286,2017,10,27,卟卟卟～,0,比一点多很多点,344085429
287,2017,10,27,你好。我在等车,0,姿意燕为,263726012
288,2017,10,27,同城[可爱],0,比一点多很多点,344085429
289,2017,10,27,爱姿,1,姿意燕为,263726012
290,2017,10,27,青春啊,1,Ukyo_Tachibana,366401700
291,2017,10,24,爱姿,0,姿意燕为,263726012
292,2017,10,23,哀而不伤孙燕姿❤,4,还留着短发,557217371
293,2017,10,22,尚好的青春都是姿,1,YZ芣苢,330392808
294,2017,10,21,还是喜欢听燕姿以前的歌,1,xixi1目,112937061
295,2017,10,19,还没看评论我就知道热评肯定有这个,0,一切都结束了yt,413184522
296,2017,10,18,不敢听，全是回忆,0,小甜甜甜甜,32688970
297,2017,10,16,呃武汉下雨了,0,很摇滚滴事,98010521
298,2017,10,16,关于,0,第二金英美,302031934
299,2017,10,14,打卡,0,Zinger77,275131578
300,2017,10,11,聽燕姿的我們這一代怎麼少了[大笑],1,snail282,58188471
301,2017,10,11,有关于你、绝口不提,2,簡小凡儿,254600471
302,2017,10,7,我让自己相信 终于在长期折磨里 得到免疫,2,男猪脚z,477095205
303,2017,10,4,淡灰色的风景很适合现在阴沉沉的天气和阴沉沉的心情啊,0,芬兰的孤岛鲸,115963271
304,2017,10,4,不想做决定 也没关系,0,芬兰的孤岛鲸,115963271
305,2017,10,4,单纯逃避,0,芬兰的孤岛鲸,115963271
306,2017,10,4,爱你,1,黑暗行星古兰斯菲亚,495929451
307,2017,10,4,燕姿的老歌啊,2,张可颂是个快乐女子,63124907
308,2017,10,3,999+,1,Kepler-3,378301025
309,2017,10,3,[爱心],1,Kepler-3,378301025
310,2017,10,2,只想说一句[鬼脸]你的全部我都听过,1,烦恼zx,323981487
311,2017,10,1,我的心里住了一大群吵闹风笛,0,听着Radio的隐形人,370975368
312,2017,10,1,999+助攻,1,热心听众717,124543067
313,2017,9,29,999+,0,藤井树-1997,390521908
314,2017,9,29,[可爱]加油[可爱],0,取名字超级烦,75676998
315,2017,9,28,不上999+誓不为人，每天打卡，爱姿病晚期患者  抱我,2,豫西小天王,594110291
316,2017,9,28,燕姿的歌，燕姿的词，都没办法拒绝。,2,Jacky_猫,251295361
317,2017,9,24,这首歌才是隐藏神曲,2,牧神花园,130138464
318,2017,9,24,孙燕姿真的是优质偶像，还有JJ，梁静茹，发现几乎0绯闻,2,椰子51688,61712138
319,2017,9,16,最近薛之谦的事情闹得沸沸扬扬，突然想起在2000年就出道的孙燕姿，从小学六年级到现在已经17年了，姿妈的作品陪我度过了所有的起起伏伏，感谢有这么优秀的偶像，感谢有和我一样的姿迷。祝姿妈和我们都能共同走到世界尽头。,2,Ala丶,78284159
320,2017,9,13,这首很好听呀,0,SET天月山,247550745
321,2017,9,12,评论不是一首歌好坏的基准，其实答案都在歌（心）里。,3,Ro1030,90652954
322,2017,9,12,【完美的一天】后续【关于】,1,Ro1030,90652954
323,2017,9,11,[爱心],0,wokansheihewoyiyang,113113844
324,2017,9,10,喜欢旋律 喜欢歌词 喜欢燕姿,1,气氛来了就要醉,308485041
325,2017,9,9,木嘛[亲亲],0,wokansheihewoyiyang,113113844
326,2017,9,8,燕姿的歌，爱上了就不想戒了,2,雪花气息,408899309
327,2017,9,6,高三加油,2,拾玖的天,265200192
328,2017,8,31,关于爱不爱的问题,1,帐号已注销,366934858
329,2017,8,29,翻译ing听到这首歌打个卡[可爱][可爱][可爱],0,Christine-ou,337799242
330,2017,8,29,爱我燕姿[色],0,大脸怪Cheese,563068941
331,2017,8,27,😝😝😝,0,CQ201751314,575948546
332,2017,8,24,夏天  汽水  风 燕姿,2,光狗,93850005
333,2017,8,23,都少吗？[大哭]那恭喜你，你听的都是冷门歌，你淘到宝了哦,3,KitKat__,41723861
334,2017,8,19,燕姿每首歌都喜欢～,1,强子很喜欢阿森纳,6612779
335,2017,8,19,好踏实的声音,0,跳舞的yanzi,287088787
336,2017,8,16,关于 怎么定义,0,举个西木,60673274
337,2017,8,14,耐听的,0,monopolyill,112275843
338,2017,8,13,逆光专辑刚出时，对这首歌无感，突然某一天，越听越觉得深得我心,0,0水蓝冰0,482857897
339,2017,8,12,这么好听的歌，评论这么少,0,邢意中,443057480
340,2017,8,6,封面好漂漂哦[色][色],2,我早已改变了自己幸福天秤座,98748192
341,2017,8,3,冷门金曲。,1,鲸与天空ocean,294942951
342,2017,8,1,燕姿冷门好听系列！像闭着眼睛站在山顶上吹着清晨的风，心里轻松又舒服,2,zy1118,53342953
343,2017,7,29,很美好的一首歌，让人想笑着流流泪。,3,Prison_Break_,270599534
344,2017,7,28,这么好听的一首歌，深情款款。,1,张小33333,38883045
345,2017,7,27,居然第一次听到这首歌啊啊啊啊感觉对不起燕姿[流泪],2,XXXX的LXX,255295894
346,2017,7,23,很符合现在的心境 生活的答案没有对错 只是自己的选择,2,mjcry,82514525
347,2017,7,18,我的脚趾也随旋律在动[大哭],5,迷啥啊,317216633
348,2017,7,8,没错，吓死我。我以为我下错歌了。。。。,2,羽_洁,421097663
349,2017,7,6,青，青春修炼手册?,1,帐号已注销,110825622
350,2017,7,4,爱姿,2,姿意燕为,263726012
351,2017,7,1,以前看过这首歌的MV,2,覃卡卡,105212943
352,2017,7,1,当时逆光大火，这首歌反倒是更值得仔细听,2,错生不错过,422192437
353,2017,6,28,每次遇到不被别人理解的时候，心情不好的时候，就听这首歌和任性，鼓励了我很多，所以好谢谢孙燕姿，感谢我遇见了她,5,刘薄荷和阿楚,505373104
354,2017,6,28,爱姿,1,姿意燕为,263726012
355,2017,6,26,是 关于,2,苏三伞,111844957
356,2017,6,26,爱姿,1,姿意燕为,263726012
357,2017,6,25,特好听！,0,Rrrrbuy,382127445
358,2017,6,14,关于人们窃窃私语，,0,尽力170419,470214770
359,2017,6,13,关于，人们窃窃私语，笑容的真实,3,不宁巴,247267994
360,2017,6,12,是的是的是的！！！三遍！！！,1,_三天两夜,47180397
361,2017,6,11,刚开始听我以为听到修炼手册了,1,vivi-雯-雯-雯,71668741
362,2017,6,10,下午好哦~~愿看到这条的你周末愉快~有个完美的一天~,1,oh_siesie,86021476
363,2017,6,9,爱姿,1,姿意燕为,263726012
364,2017,6,6,[爱心],0,芬兰的孤岛鲸,115963271
365,2017,6,5,我想要旅游，没有目的地，单纯逃离！,1,一个人的三四年,381828516
366,2017,6,3,关于,0,举个西木,60673274
367,2017,6,3,买不起,1,Stef__cat,119751820
368,2017,6,1,来吧，一起,0,-鹿-鹿-,310814768
369,2017,5,31,曾经让同学回家下给我听原来已经过了这么多年,0,最爱的小白,287816126
370,2017,5,30,”跟着我左手右手一个慢动作“,0,凌晨三点不睡觉的雨果,120801740
371,2017,5,30,哈哈哈哈哈我也是姿粉和打粉哈哈哈哈哈哈哈！,0,蟹老板我有一个主意,283998239
372,2017,5,30,应该是听青春修炼手册时，诶，这不是孙燕姿的《终于》吗,0,夜路生花__,278101022
373,2017,5,30,新专辑出来的假象,0,夜路生花__,278101022
374,2017,5,29,这首歌之后，孙燕姿彻底驶出了发片快车道，我不知道她会不会开车听不听这歌，我是不爱开车，但始终觉得世界上最美好的事是，坐他开的车，听她唱的歌。,3,dis-play,132802796
375,2017,5,29,哈哈……互关互关,0,-鹿-鹿-,310814768
376,2017,5,28,啊，在这里找到同好，姿迷和打粉，两个都超级爱,0,oranlee,131736371
377,2017,5,28,爱姿,3,姿意燕为,263726012
378,2017,5,27,十年前就最喜欢这首,0,谢一山,45551453
379,2017,5,27,答案在风里,0,蓝石头55,56061551
380,2017,5,20,前奏,0,请你吃葡萄好不好,58250570
381,2017,5,20,何时才能,0,水壶也有人叫啊,81478525
382,2017,5,20,去旅行,0,水壶也有人叫啊,81478525
383,2017,5,17,答案在风里，答案在风中飘扬,0,Lemonce,254144
384,2017,5,15,十年前觉得一般 十年后觉得好听,1,journeyfancy,22093583
385,2017,5,13,爱姿,2,姿意燕为,263726012
386,2017,5,7,[大笑][大笑][大笑]同意！,0,水草肃KG,50912230
387,2017,5,1,一首歌的道理，blowing in the wind. ,1,有瑞克,32817376
388,2017,4,28,关于生活的选择题 答案在风里,1,曾经坚持过的故事不必再提-,62903769
389,2017,4,26,关于爱不爱的问题,0,近猪者沉沉,405130022
390,2017,4,23,哈哈,0,一样夏天,290200252
391,2017,4,23,慢慢,0,oh_siesie,86021476
392,2017,4,14,耐人寻味,0,四街站神_单纯王,252931856
393,2017,4,13,特地来看看有没有觉得像青春修炼册,0,keo-break,407076681
394,2017,4,8,爱姿打卡,1,苏三伞,111844957
395,2017,4,7,关于生命的是非题 都不在意,0,陈射射同学,439399974
396,2017,4,5,答案在风里,1,不睡懒觉了,105394922
397,2017,4,5,评论少，不服。,0,四街站神_单纯王,252931856
398,2017,4,4,逆光首首金曲。,0,明天晴天--,37329385
399,2017,4,3,我被编曲征服,0,Murron-,102684093
400,2017,4,2,一直觉得逆光里的每一首歌都很好，每一首！,1,水草肃KG,50912230
401,2017,4,1,爱姿,2,姿意燕为,263726012
402,2017,3,31,打卡,1,我只会乱乱唱,272309134
403,2017,3,30,跟着我左手右手一个慢动作,0,你的咸茶,134657520
404,2017,3,24,答案在雨里，期盼一场无目的的旅行,0,吾之不幸换汝之安稳,341643845
405,2017,3,23,[大笑],1,宾克斯的美酒ckr,403856742
406,2017,3,22,关于 爱不爱的问题,1,时光机lws,442961082
407,2017,3,21,哈哈哈[爱心],0,蓝石头55,56061551
408,2017,3,21,和姿迷同属性 打粉就是苏打绿的粉丝[呲牙],0,虽然有点可惜,126317817
409,2017,3,21,什么是打粉啊[呆],0,蓝石头55,56061551
410,2017,3,21,有啊[呲牙],0,蓝石头55,56061551
411,2017,3,21,不想做决定，也没有关系。谎言的善意，我想清干净。,0,朵啦小小,276233498
412,2017,3,18,爱姿,0,姿意燕为,263726012
413,2017,3,15,19:49,0,林守乐,55243746
414,2017,3,12,[憨笑],0,万青何,137267398
415,2017,3,11,听听姿妈的老歌,2,Tooooo,105466985
416,2017,3,6,00:11,0,林守乐,55243746
417,2017,3,3,终于在长期折磨里 得到免疫,0,纳纳兹,289030460
418,2017,3,2,关于爱情的选择题,0,帐号已注销,43998916
419,2017,2,22,想要旅行 没有目的地,0,把酒言话,116902125
420,2017,2,21,想要旅行 没有目的地,0,乘桃色的小飞机去找你,273807205
421,2017,2,16,爱姿,0,姿意燕为,263726012
422,2017,2,13,好听,0,呦悠酱,59247856
423,2017,2,12,演绎每首歌都有它存在的独特意义，这就是孙燕姿。,4,O_oHULLO,343829645
424,2017,2,11,哈哈，忠实的姿迷和打粉[奸笑],2,-鹿-鹿-,310814768
425,2017,2,11,目测是位打粉,0,虽然有点可惜,126317817
426,2017,2,7,前奏很适合做闹钟[大笑],0,color_blind,256144451
427,2017,2,5,以前听歌听调调 现在会去想歌词 这是不是就是老了,0,飞跃东南海,409885845
428,2017,1,28,打卡,0,Zinger77,275131578
429,2017,1,25,冷门歌一样好听,1,Jason呀_,299420352
430,2017,1,23,留名,0,Myyyyyyyyyyyyyyyyyy,115199583
431,2017,1,21,打卡,0,Zinger77,275131578
432,2017,1,20,好久没听了，好想回到过去,0,yanzicst,79056105
433,2017,1,20,爱姿,0,姿意燕为,263726012
434,2017,1,16,淡淡的歌,0,hanimal,269609516
435,2017,1,13,不想做决定也没有关系,0,WellierT,350943983
436,2017,1,13,确实刚开始两秒钟总让我以为是青春修炼手册，每次都吓我，我明明没有那歌啊[流感],1,DanCingVanGogh,263043497
437,2017,1,12,我想要旅行 没有目的 单纯逃离 可问题是我没有钱呀,0,天空之城798,251925397
438,2017,1,12,很多燕姿的歌要是别人唱的可能我就不会觉得那么好听 可是燕姿唱出来每一首都悦耳,2,三南水北aaa,354629268
439,2017,1,11,爱姿,1,姿意燕为,263726012
440,2017,1,8,Yan-zi,0,孤独小孩o,273175427
441,2017,1,8,[憨笑],1,万青何,137267398
442,2017,1,7,啊哈哈哈哈哈哈，我说怎么有点熟悉，青春修炼手册哈哈哈哈哈哈,0,Melody丶Faye,47783581
443,2017,1,6,是的😂😂,0,savoir齁,368509710
444,2017,1,6,感觉好治愈，隐隐的又有点燃,3,_UnaVida_,80518272
445,2017,1,4,+1😳,1,小小小迪迪迪,392804825
446,2017,1,2,突然想买一张逆光专辑,4,Stef小傻,95849389
447,2016,12,31,整体感觉逆光这张专辑是那种自我安慰自我鼓励内在坚持的感觉,1,巴布亚2,129628572
448,2016,12,29,打卡,0,Zinger77,275131578
449,2016,12,29,逆光……这张专辑里的每一首歌都会唱，从前最喜欢的是我怀念的，现在单曲循环关于……从前听不懂的现在慢慢都懂了,3,-鹿-鹿-,310814768
450,2016,12,28,爱姿,1,姿意燕为,263726012
451,2016,12,27,好歌要打卡,0,Zinger77,275131578
452,2016,12,27,爱姿,1,姿意燕为,263726012
453,2016,12,24,燕姿的歌都不想切[呲牙],1,春水煎茶zzz,298330273
454,2016,12,23,每次在电台里听到 都以为是因为我喜欢才放给我听的  ,0,夏目之304,122415145
455,2016,12,23,好久没有听到这首…爱不爱呢？你呢？,0,-散落,73584136
456,2016,12,21,来过,1,我永远喜欢mylittleairport,56824940
457,2016,12,20,顶,0,biggerbiggerthanyou,99863322
458,2016,12,19,想到这一年做过的决定 想起了这首歌的道理 ,0,ELEVENERT,67562382
459,2016,12,18,听歌留言,2,帐号已注销,124859943
460,2016,12,13,爱姿,1,姿意燕为,263726012
461,2016,12,12,来自内蒙,0,Brucechou-,67435581
462,2016,12,9,关于 生命的是非题 答案在雨里,2,帐号已注销,124859943
463,2016,12,4,逆光专真的是每一首都爱阿,1,帐号已注销,124859943
464,2016,12,4,敲好听 听不腻～,0,LinjuanA,121695996
465,2016,12,4,爱姿,1,姿意燕为,263726012
466,2016,11,29,有多爱？,0,ROARSUM,110373349
467,2016,11,28,[色][色],0,泊泊泊泊泊乐,250852553
468,2016,11,24,在車上聽這首歌  心裡很平靜,0,Linllll_,257358911
469,2016,11,23,评论这么少，不应该[呆],0,与海山川,92176909
470,2016,11,23,十年姿迷～,1,yanzicst,79056105
471,2016,11,22,[钟情][钟情]如图     姿麻麻最可爱  ,1,石楠的荒原,92607144
472,2016,11,22,爱姿,1,姿意燕为,263726012
473,2016,11,21,开头的时候以为点错歌了，以为是青春修炼手册[大哭][大哭],0,三三三寻,17597321
474,2016,11,21,燕姿说这张专辑里她最喜欢这首歌,8,春天是我最爱的季节,353524354
475,2016,11,19,逆光盖了多少好歌的风头，这张专辑所有歌我都爱,2,鸡肋不是,81816871
476,2016,11,10,爱姿,2,姿意燕为,263726012
477,2016,11,10,又一首隐藏的神曲,0,程十方,34004717
478,2016,11,10,爱姿,1,姿意燕为,263726012
479,2016,11,5,我免疫了没有啊,1,小聂要做种花家的好兔子,248265269
480,2016,11,2,喜欢关于，多于喜欢逆光,1,抬头望到北斗星,9829701
481,2016,10,28,好喜欢燕姿这种小清新。。。[奸笑],0,铁匠手风琴,295676150
482,2016,10,28,[憨笑][色][色][色][色],0,石楠的荒原,92607144
483,2016,10,25,真是不本质,0,Zinger77,275131578
484,2016,10,25,说青春修炼手册的什么鬼[奸笑][奸笑][奸笑],1,Zinger77,275131578
485,2016,10,23,又一次听。好像越来越符合心境。,0,wizy-,117219800
486,2016,10,10,彻夜被梦侵扰，听燕姿的歌，看姿迷的评论，整个人忽的都好了,0,昌乐子,330228990
487,2016,10,10,受过伤的记忆，一直都还没有痊愈,1,海绵1874,298588296
488,2016,10,5,小盆友你要精分啦！,0,Anya-p,321871310
489,2016,10,4,你这个小朋友，我最喜欢你了,0,Mu木大头木,103093851
490,2016,10,2,爱姿,1,姿意燕为,263726012
491,2016,9,27,对，小时候完全听不懂！！！现在听特别特别有感觉,0,whyers,81495255
492,2016,9,26,第一次听～,0,邊境SHAWN,9665067
493,2016,9,24,我并不想在意,1,踩到朕小裙子了,17713269
494,2016,9,18,关于 生命的是非题 答案在雨里,0,空想创作,34855103
495,2016,9,11,青春修炼手册...[惊恐],0,快点起来嗨嗨嗨,109817357
496,2016,9,10,玛德 吓死我了 还以为是青春修炼手册,0,里系边个,79374032
497,2016,9,10,208,0,Du_zHonG,67972916
498,2016,9,10,[强][强][强],0,Stephanie_禾西,70914766
499,2016,9,10,谢谢！我开了学之后状态也慢慢找回来了。“同是姿迷，就是同类”这句话真的好暖，一起加油！,2,mohai1355,17994306
500,2016,9,10,歌词里的，我想起了一首歌的旋律，指的是哪首歌？,0,Stephanie_禾西,70914766
501,2016,9,10,16年的！,0,Stephanie_禾西,70914766
502,2016,9,10,放下对于每个人都很难，能让自己不去在意，已经很棒了！加油！同是姿迷，就是同类。,0,Stephanie_禾西,70914766
503,2016,9,6,爱姿,1,姿意燕为,263726012
504,2016,9,4,爱姿,1,姿意燕为,263726012
505,2016,8,27,心情很糟，跑来听姿妈这首歌。我知道很多事情要学会放下，要专注于目标和那些真正重要的事情…但我现在真的很难过。太久…太久没有被别人鼓励或是安慰…每天行尸走肉般生活。暑假马上要结束了…也不知道能不能振作起来。但是这一切“关于”，我真的不想在意。,6,mohai1355,17994306
506,2016,8,25,关于生活的选择题,1,有瑞克,32817376
507,2016,8,23,燕姿的歌总是能安慰我自己,3,你老了也可爱,86874042
508,2016,8,22,她的歌真是到了一个年龄段才听得懂，之前听到就忘掉了，现在听真是觉得意味深长，很有韵味[亲亲],2,喜俗-,282117266
509,2016,8,16,趁着评论这么少 先占个楼,2,白雪公主不多呀,122111995
510,2016,8,15,我竟然听哭了…关于生命的是非题，关于我爱不爱你，不想做决定 想念听孙燕姿的时光,3,绿毛水怪小谢谢,136823382
511,2016,8,14,心情不好的时候听你姿就会发现新世界,0,账号还是注销吧,17481219
512,2016,8,14,燕姿和日剧给人的感觉有点类似,3,Nnnnnnononn,115189651
513,2016,8,12,因为我是本质鱼迷＋姿迷[呲牙],0,费洛蒙felomen,297523384
514,2016,8,12,你知道的太多了,0,嘴角上扬和眼咪一条线,40736051
515,2016,8,12,很好听啊 评论却这么少 我看不下去了  留言以示支持 ,2,Billy_zhou,68233035
516,2016,8,11,在听这首歌并在这里留言的绝对是老姿迷,3,爱冒险的姚先生,309944024
517,2016,8,10,终于有一天，听孙燕姿歌单却回想起了被TFBOYS支配的恐惧[流泪][流泪][流泪],2,Hanz1,78294398
518,2016,8,8,吓尿了,0,zero龙x,116126066
519,2016,8,8,布谷布谷布谷，跟着我左手右手一个慢动作[惊恐],1,单恋仔,59263510
520,2016,8,8,[惊恐]别说那首歌，简直是魔咒,0,帐号已注销,3616642
521,2016,8,8,[憨笑],0,帐号已注销,3616642
522,2016,8,5,被前奏吸引,0,爱傻1,117363323
523,2016,8,5,评论有点少,0,夏天盖棉被的男神,51015045
524,2016,8,1,好听,1,nelsius,110478273
525,2016,7,27,唱法很清新，像在诉说自己，也有姿迷说这是燕姿三大自传之一，(the  moment  stefanie  关于),3,黄鹂和白露,250222772
526,2016,7,27,我也有这种感觉，我想更多的应该来源于燕姿吧，就如同在某个地点突然听到或是想到她，嘴角总会不自觉上扬一样......想想也是一种幸福,0,十字街头29,84520410
527,2016,7,23,我的青春！燕姿生日快乐[蛋糕][蛋糕][蛋糕],1,-有姿有菋-,129649056
528,2016,7,16,燕姿,1,motorcycles,283973423
529,2016,7,16,不好意思发了一个病句  23333,0,费洛蒙felomen,297523384
530,2016,7,16,我可以说这首歌曲的作词人是梁静茹的前前男友阿管写的吗23333,0,费洛蒙felomen,297523384
531,2016,7,12,哈哈哈哈哈,0,帐号已注销,3616642
532,2016,7,10,我想逃离,0,linxixixi,62050684
533,2016,7,2,开头，跟着我左手右手一个慢动作[奸笑],0,一只龙哩,128221954
534,2016,6,29,爱姿,1,姿意燕为,263726012
535,2016,6,28,高三心情不好的时候 躲在操场听。 妄想一个人能离开 出去旅行。高考完了 我也一个人在旅行的路上 听到这首歌 莫名的安心,2,失忆的清舟,263986748
536,2016,6,28,会装,0,呀啦咦呼嘿呼嘿,102350624
537,2016,6,20,我的燕姿，晚安,0,尚好的遇见,108856810
538,2016,6,19,15:42,0,林守乐,55243746
539,2016,6,18,跟着我左手右.....不好意思跑错片场了[大哭],1,尚好的青春2020,77425010
540,2016,6,16,赞同！同时也特喜欢阿呆呢[可爱],0,walter0426,282694562
541,2016,6,14,听这个歌越发觉得，词曲固然重要，但是演绎的人更重要，这一点阿黛尔和孙燕姿很像，他们的歌，没有人可以翻唱，在于她们独特的声音，更在于声音下面的那种情感。,6,被风吹落的书,15212673
542,2016,6,5,我觉得姿妈的歌最耐听的往往就是这类，淡淡的旋律中带着漫不经心的积极态度。真的很抚慰人心啊！,7,mohai1355,17994306
543,2016,6,4,关于,0,梵谷不跳舞,132774418
544,2016,6,2,[呲牙],1,ooopsdora,28952604
545,2016,6,2,[憨笑]是啊~~握个爪,0,YucyOrange,125383464
546,2016,6,1,关于,0,举个西木,60673274
547,2016,5,29,窃窃私语,0,纳纳姿,120546705
548,2016,5,29,h,0,纳纳姿,120546705
549,2016,5,27,long time no see    huihui.,0,北瓜头Fizz,45119770
550,2016,5,23,一不小心又听到这么晚了，哎～,1,北极之狐,18473968
551,2016,5,20,对啊！感觉后知后觉发现好听的童鞋，你们之前是不是也太不走心了！[鬼脸],0,LZAKU,56740392
552,2016,5,18,好听,2,世上竟有如此出尘绝艳的女子,114314450
553,2016,5,13,一首很清新的歌，风铃般的声音。每当心情不好的时候，这歌总有一种魔力，将浮躁，愤怒的心情平静下来，我也不知道这魔法来源于歌词还是来源于燕姿。,84,黄鹂和白露,250222772
554,2016,5,9,前奏。。。青春修炼手册。。😲,0,绿魔法弟弟,255519336
555,2016,5,8,听歌还会想她。Q.,0,我-不-认-识,269501689
556,2016,5,8,我     居然没听过,0,世纪浩劫浪漫纳税是杀死爱神的箭,99106723
557,2016,4,25,越听越爱  静下来最喜欢的一首歌,0,时光小偷拿走眼泪,135124975
558,2016,4,18,好听[色],0,帐号已注销,99464046
559,2016,4,16,喜欢！！,0,zhengshu,12466213
560,2016,4,13,真的好像。。。。,0,两三勺糖,44322597
561,2016,4,10,[可爱],0,一只巫雀,124781102
562,2016,4,10,[可爱],0,一只巫雀,124781102
563,2016,4,9,关于现在，都是过去剩下的余孽,1,就叫邵慢慢吧,115990220
564,2016,4,9,高中的时候反反复复听这首歌 越听越有味道 现在 大学毕业快一年了  昨天她发新歌 回忆起好多好多曾经  岁月啊[呆][呆],0,是湫湫呐,103924618
565,2016,4,8,好厉害！,1,白马寺吴彦祖,69673253
566,2016,4,8,真的像。,1,白马寺吴彦祖,69673253
567,2016,4,6,好听，越听越好听,0,蛇蛇蛇皮走位,135555095
568,2016,4,5,认真听，或者再回头听才懂的歌。燕姿的魅力[爱心],0,偏偏在,97233286
569,2016,4,5,明明一直很好听，从开始就是！,1,和风姿态丶,251866671
570,2016,4,4,你弄死我[奸笑],0,KeplerSup,54483020
571,2016,4,4,小朋友 骗人可不好哦,0,wishing93,61163877
572,2016,4,1,❤️,0,回声4,12121689
573,2016,3,31,以前不喜欢，现在却会单曲循环的一首,2,柒星雪,85911992
574,2016,3,28,答案在风里,0,keke2_,74524754
575,2016,3,28,[奸笑]不受,0,KeplerSup,54483020
576,2016,3,28,哈哈！！就是说我答对了一半~,0,wishing93,61163877
577,2016,3,28,不骚[撇嘴],0,KeplerSup,54483020
578,2016,3,27,我也不知道为什么当时有这个判断 请问我答对了吗？,0,wishing93,61163877
579,2016,3,27,[呲牙],0,时间扑面而来,135480119
580,2016,3,27,。。你这。,0,KeplerSup,54483020
581,2016,3,27,张韶涵寻找爱蜜莉前面也是这样,0,卖萌萌的小火柴,12355519
582,2016,3,26,[爱心],0,了不起的老人家,37782426
583,2016,3,26,[爱心][憨笑],0,失眠的苏菲,48369143
584,2016,3,26,绝对是个骚受,1,wishing93,61163877
585,2016,3,25,当年还小并不怎么喜欢这样的歌，现在却觉得特别喜欢，放在整张专辑结尾特别合适,2,ZY-7,17531038
586,2016,3,22,九年[爱心],1,孙燕姿的锁骨,17714009
587,2016,3,21,好几年没听了 不晓得怎么从列表里消失的 简直我姿最棒之一！,1,sharming,7581356
588,2016,3,19,开头吓得我确认了一遍歌名🌚,1,222R,78097393
589,2016,3,16,"我 只想清干净

关于 生命的是非题",2,万物有灵且美-,50893209
590,2016,3,14,[爱心],1,Stone_Age,44282368
591,2016,3,11,这首歌永远听不厌,2,丐丐龙,61471970
592,2016,3,5,想起来这是当时第一遍听逆光，最喜欢的一首歌。有一种自己旅行的孤独感。,2,Pr0phet,56040918
593,2016,3,5,燕姿的每首歌都值得回味珍藏,2,千里念行客,6801263
594,2016,3,5,瞬间回到高中寝室床上 阳台外的路灯 从门缝进来的走廊灯管 潮湿的地面和空气,2,15miles,98075
595,2016,3,4,哈哈哈哈哈哈热评第一哈哈哈哈哈哈哈笑死我了哈哈哈哈,1,与旧友,1805209
596,2016,2,28,好喜欢这个节奏,2,朝言夕卜,79162369
597,2016,2,27,想起这首歌,1,石楠的荒原,92607144
598,2016,2,26,燕姿最喜欢的歌之一[可爱],1,傻子_明,131197716
599,2016,2,26,偏冷门的好歌,1,a我们都是小行星,126569551
600,2016,2,18,打卡,1,Magic1lin,86285214
601,2016,2,17,100[吐舌],2,孙燕姿的粉丝,36733053
602,2016,2,14,[亲亲],1,力的宏,34361818
603,2016,2,14,[亲亲],1,力的宏,34361818
604,2016,2,14,[憨笑],1,力的宏,34361818
605,2016,2,11,耐听[亲亲][亲亲][亲亲],2,雨天遇见隐形人,53055789
606,2016,2,4,[色],1,澜本姿语,76707783
607,2016,1,29,🌻🍁🚃🚃,1,甜一分苦九分ya,50669579
608,2016,1,29,我想要旅行，没有目的，单纯逃离。,1,甜一分苦九分ya,50669579
609,2016,1,26,一种心情，一个碰撞，一滴眼泪，一份珍惜,2,迷路的小黄鱼,44556236
610,2016,1,18,[强],1,湖人死忠,7776579
611,2016,1,17,每次听一遍都觉得更好听了一点,2,姿迷,7559252
612,2016,1,17,想要旅行，和你一起[爱心],1,了不起的老人家,37782426
613,2016,1,11,姿迷抱紧我,157,很摇滚滴事,98010521
614,2016,1,8,说青春修练册的我还特意去听了一下，一个响了7下，一个响了4下,292,一叶扁舟_____,98760641
615,2016,1,8,神啊也普度普度我这学渣吧哈哈哈哈,2,熊小young,63286584
616,2016,1,6,每到期末就有很多人问我重点 和解答问题 我不是普渡众生来的,3,Jasooon4,38088828
617,2016,1,6,孙燕姿的歌许多都是乍听无感，但越听越爱。每首歌都是一个故事，她很认真在讲，也许有些不指望你当时就听懂。过个几年再听，那种恍然大悟的感觉会一下子让你明白那些看似蹩脚的旋律中的良苦用心。,290,一颗大橙,58253314
618,2016,1,5,冷门但是好听[爱心],1,向往北方的日子和乐子,75903833
619,2016,1,3,孙燕姿的制作物没有很大革新，维系抒情芭乐和流行摇滚的平衡，专辑间对比度不大。但每次都有激发不一样的涟漪，音乐最初和最终的流向就不一样。何况她一直满分践行“做自己歌声的VIP”的目标，夹在《1087》和《特务J》之间发行能平稳降落也是理所当然,7,上楼就往左拐,18757876
620,2016,1,3,[亲亲],1,黑暗骑士-TDKR,37793064
621,2015,12,26,单曲循环第100遍，虽然是燕姿冷门歌曲，但是非常喜欢。关于人们窃窃私语，我并不在意。,2,leohan93,110347251
622,2015,12,19,好像特别冷门，不过一直觉得是燕姿的top10[狗][狗],1,枪王Ramesy,66234086
623,2015,12,18,遮一下首页的瘴气,1,Itsuken,69888920
624,2015,12,16,一样。。。,1,杰西高压锅,78176729
625,2015,12,15,这前奏太吓人了,1,湖人死忠,7776579
626,2015,12,15,@SMAYUKI    分享一首孙燕姿，不客气,1,你老了也可爱,86874042
627,2015,12,13,有个采访，问燕姿哪首歌能代表她的心境，她说关于……,4,xialu0702,41476191
628,2015,12,12,每天一遍[呲牙],0,失眠的苏菲,48369143
629,2015,12,11,边写作业边听啊[大笑],1,yeezya,112040328
630,2015,11,30,竟然是第一次听，分分钟切腹自尽谢罪。,107,雷米蓝,33255183
631,2015,11,19,我 怎么定义,2,那个米饭,8910787
632,2015,11,16,天呐，已经停不下来了,2,Mu木大头木,103093851
633,2015,11,16,啦啦啦,1,举个西木,60673274
634,2015,11,14,不知为何，从内蒙坐火车回家时听着这首歌，有种石缝里的小草努力又乐观向外挣脱的感觉。伴随着颇有节奏感的鼓点，看着窗外遥远的地平线上红扑扑的太阳一下一下的冒出，将灰白的天空和对面女孩的脸蛋染成一片嫣红。,99,失眠的苏菲,48369143
635,2015,11,13,66,1,帐号已注销,86912454
636,2015,11,5,青春修炼手册,1,toni,82228
637,2015,10,27,听这首歌可以跳起来，特别是在阳光下，山坡上，闭着眼，吹着风，踩着草地。,3,葡萄地瓜,90802989
638,2015,10,26,最开始时没有什么感觉，不知从那天开始，才发现原来是如此有感觉,1,z笑熬浆糊z,100566376
639,2015,10,26,yanziyanzi.,2,帐号已注销,44991129
640,2015,10,25,我也是[大哭],3,悠闲的乌龟,44079963
641,2015,10,21,听到青春什么手册，突然想起这首歌，这张专辑！首首经典！,2,arsenallx,36109570
642,2015,10,21,燕姿晚安！,2,大英帝国五连发,44598564
643,2015,10,16,不错,1,木头晨,57869920
644,2015,10,12,我觉得这首炒鸡棒,2,当大海不再那么蓝,88274183
645,2015,10,4,燕姿的小清新,1,starrylee,29431936
646,2015,9,26,我有爱姿病。,2,北瓜头Fizz,45119770
647,2015,9,17,隐藏神曲,1,不快乐小朋友,78396256
648,2015,9,15,特别自在的歌,2,温柔o丶,91851067
649,2015,9,5,这首算是冷门的佳作，小众,1,及时行善,85558390
650,2015,8,30,前奏[大哭][大哭][大哭][大哭],2,从前冷,7553250
651,2015,8,29,这首算不算冷门呢～,1,闪泥啦啦啦,88079495
652,2015,8,28,什么都没说，什么都懂了[流泪][流泪][流泪],2,几个家明,38401441
653,2015,8,28,这首其实超好听的,1,莫说大象,45104334
654,2015,8,26,关于生命的选择题，答案在风里，我并不想在意[大笑],3,克卜勒白,75871330
655,2015,8,24,好听,2,亲斤起点,62297627
656,2015,8,21,这开头确实是。。。[惊恐][惊恐]#我想起了  一首歌  的道理#,2,Anti_Escape,46907664
657,2015,8,21,#我想起了   一首歌   的道理#  表示开头确实很像青春修炼手册[惊恐][惊恐],2,Anti_Escape,46907664
658,2015,8,14,好久没听了,1,Stef-木魚,70036533
659,2015,8,14,😦,1,用户41965267,41965267
660,2015,8,11,。。,1,湖人死忠,7776579
661,2015,7,28,这样的燕姿怎能不爱[憨笑],2,关耳佑,53946985
662,2015,7,25,关于生活的选择题 答案在风里 🍃,1,行星Kepler,6971200
663,2015,7,22,爱姿病又犯了,2,举个西木,60673274
664,2015,7,20,很特别。,1,orangecd,2507541
665,2015,7,8,小清新,1,Oceanside_,61207195
666,2015,7,8,关于生活的选择题 答案中风里 晚安[可爱],1,Timohhu,32186702
667,2015,6,21,以前聽不懂的歌，現在回過頭來卻是一番感慨。,152,ooopsdora,28952604
668,2015,6,21,听到开头吓得我把手机差点摔坏[大哭][大哭],1,soulandboom,61333927
669,2015,6,20,煲耳机也好听,1,夏目漱石de豚,75010067
670,2015,6,20,为什么评论这么少[怒],2,Caroline515,63154632
671,2015,6,20,"关于 人们窃窃私语
笑容的真实
我 并不想在意
关于 生活的选择题
答案在风里
我 想起了
一首歌 的道理",1,王小三金,52811574
672,2015,6,20,对的。还以为是tf的歌。吓一跳,1,一朵花跟森林__,35028180
673,2015,6,15,一直以为要高潮却永远没高潮的一首好听的歌,5,武英殿下,16782343
674,2015,6,12,我专门去听了  果然有些像,1,用尽所有思念,33731939
675,2015,6,12,答案在雨里,1,用尽所有思念,33731939
676,2015,6,8,听到开头还以为是青春修炼手册。。。吓尿了[流泪],764,失眠的苏菲,48369143
677,2015,6,8,!燕姿 ！燕姿 ！[爱心],2,用户41965267,41965267
678,2015,6,7,原来对这首歌不太喜欢，现在怎么好喜欢。,1,YZKEPLER,42348015
679,2015,6,2,自在的感觉,1,远行的节拍,12611935
680,2015,1,24,姿妈总有和蛇各种心情听的歌~,1,Blazer-Leo,47207607
681,2015,1,24,发现这首很适合在路上听啊，如沐春风的感觉,123,Blazer-Leo,47207607
682,2015,1,21,还是喜欢以前的声音,3,卖萌萌的小火柴,12355519
683,2015,1,18,受过伤的记忆，一直都还没有痊愈，需要被隔离，需要更多的空气,2,花厅蜘蛛,12186706
684,2015,1,8,唱的就是她自己,2,Halo_Stefanie,44758870
685,2015,1,1,关于生活的选择题，答案在风里,3,啊彩虹金刚,36813307
686,2014,12,30,年度最爱，回顾之一年，很多事情都有了答案。自认为还勉勉强强地过着，也算圆满。最后一更，再回首2015年了！[呲牙],2,草包脑子,46787102
687,2014,11,26,好喜欢这句歌词,1,MR俊杰007,9018418
688,2014,11,22,一年了。看了一场燕姿的演唱会。好希望听一次现场燕姿唱这首歌。不过应该没机会了吧。,3,Dexter_Cu,1910592
689,2014,11,10,yanzi,1,筱筱莜莜,35366717
690,2014,11,10,关于我问题的答案 在你的歌里,1,远行的节拍,12611935
691,2014,7,23,[哀伤],1,小表妹是机智妹,12037819
692,2014,6,29,[强],1,Erneste,11803462
693,2014,5,30,关于 人们窃窃私语，笑容的真实，我 并不想在意，关于 生活的选择题，答案在风里，我 想起了，一首歌 的道理。,1,绯雨_DingMeng,16382042
694,2014,2,23,很适合现在的心情 最近会狂听这首歌,2,Rodvin,9275231
695,2013,11,1,@andrea [可爱]我们的,1,飞舞5212,1002
696,2013,11,1,@andrea_iphone [色],1,飞舞5212,1002
697,2013,10,27,关于~ 生活的选择题~~答案在风里....,1,Fredasyd,1251476
698,2013,9,5,关于……,4,Dexter_Cu,1910592
