index,year,month,day,content,likecount,nickname,user_id
1,2019,10,9,发现宝藏！你爱上了我哪一面！,0,MUM-Leslie,393265805
2,2019,10,3,燕姿两颗大门牙好看[大哭],0,龙龙T80,471213156
3,2019,9,29,好喜欢这张专辑的封面。,0,逆光181227,1716231811
4,2019,9,27,追星的孩子们，你喜欢的真是那个人吗？或者你喜欢的那个是真正的ta吗？,0,玛德琳Unbreakable,483164493
5,2019,9,17,嘻嘻真好听,0,也不是猪只打呼,355734135
6,2019,8,30,太可爱了叭哈哈哈哈ヾﾉ≧∀≦)o,2,Bebravefny,451237124
7,2019,8,19,记得这首歌MV特逗,0,咬不着尾巴的狗,337404022
8,2019,7,27,学生时代，这张专辑出来的时候，当时很喜欢这一首。觉得好好玩[亲亲],2,鱿鱼圈的圈圈,617198191
9,2019,7,18,当初超级爱这首唉,0,香蕉鲨鱼,256470897
10,2019,5,5,人咧,0,今天美好且平凡,551345119
11,2019,4,30,这首歌的MV超级可爱，有机会一定要看看，非常好玩,0,经纬180729,1536664663
12,2019,4,29,这歌没人???[惊恐],0,妈妈说名字太长会被打就叫,1401129138
13,2019,4,4,捞一下姿迷[多多捂脸][多多捂脸],3,SuHerRrY,247547208
14,2019,3,18,daka,0,潜水大鲸鱼,476471883
15,2019,2,16,爱情是盲目哒~跟了解不一定关联的呢[跳舞],0,鲜花牛仔裤的夏天,338436383
16,2019,1,5,爱情与了解不一定有关联，没发现吗？,0,茫茫然然不知道,1339270292
17,2019,1,5,"你的爱是否太表面，
爱情与了解不一定有关联
世界在变难道我们不会变
喜欢不等于爱
我的缺陷都无视?",0,茫茫然然不知道,1339270292
18,2018,12,13,随堂测验的词写得真好,2,FHiris,301608023
19,2018,11,19,晚自习高数和姿姿更配哦！,3,任我行走江湖血雨腥风,1492183287
20,2018,11,2,同是80后，那时已经上大学了[开心],0,neilex,327369828
21,2018,10,29,从小学就开始喜欢姿姿的80后[亲][亲],0,渝鱼木,322915856
22,2018,10,24,先行版有什么不同吗?,1,有橘生淮南,432411313
23,2018,9,12,人在得到前什么都不介意，在拥有后什么都有点介意，这就是爱清 希望你不要太介意。,2,梵谷不跳舞,132774418
24,2018,8,13,“难道喜欢 就等于爱” 这一嗓子又让我想起了《充氧期》！,4,Bubble的开始,376172468
25,2018,8,2,...🎧,1,_诗芊,81037679
26,2018,7,28,(≧∇≦)ﾉ骨灰级燕姿来报道,7,Angelica白芷,307515
27,2018,7,23,其实球鞋就是平底鞋,0,骑士1989,75521112
28,2018,7,2,14:51,0,林守乐,55243746
29,2018,5,24,测验不及格…,2,木桶晒太阳,68814444
30,2018,5,20,[爱心],0,夢诶诶,316423550
31,2018,5,11,我喜欢得是雨天.听得孙燕姿的唱片.喜欢你的王子面[亲],4,有6块腹肌的boy,117476108
32,2018,5,5,很带感,1,毛毛虫0912,323067104
33,2018,4,27,前奏有点像充氧期,0,nidemingzi你的名字,586048443
34,2018,4,23,[憨笑][憨笑][憨笑],0,luzhengui,275810017
35,2018,4,23,这是欢脱的燕姿和我哈哈哈,2,聪明的zjy,379413574
36,2018,4,17,@乌云里的晴天喵是要作呜喵王的喵 了解和爱情，完美契合呀~,0,晴天清甜,62618725
37,2018,4,16,你真的了解我吗？我又真的了解你吗？我们认识那么久，聊的却都是彼此之外，人不再习惯讨论自己。如果有那么一个人愿意了解你的点点滴滴，如果有那么一个人一点小事都想和你分享，不敢说一辈子，至少珍惜吧。,2,陈西楼,389584982
38,2018,4,14,看完评论就你嘴皮,0,rfmjs,1357855390
39,2018,4,14,start,1,追风少年依旧,85096665
40,2018,4,13,好听呀,1,王金1711,632842409
41,2018,4,11,按这个随堂测试去测试估计很多情侣可以说88了,3,闲之猫猫,77414220
42,2018,4,8,又是一首影响我感情观的歌😂,2,ChordsH,83540168
43,2018,4,3,🤙🏻,0,anbf,18647233
44,2018,3,31,随堂测验,1,姿态yzi,620013251
45,2018,3,27,顶顶顶,0,Walker-AAAA,74313762
46,2018,3,24,燕姿这张封面和大表姐的感觉好神似,1,用户73385850,73385850
47,2018,3,14,我小的时候，西安电视台2套天天放这首歌的live，然后就被洗脑了，这么多年了，还记得,2,晋同學,42172627
48,2018,3,6,当然喜欢雨天了,1,33轉的LP,630862795
49,2018,2,26,这个好好听，评论太少,0,十十十十个七,507966959
50,2018,2,25,好年轻的唱法,0,zziiij,69399237
51,2018,2,24,不需要999+了，姿迷喜欢就行,2,33轉的LP,630862795
52,2018,2,17,特别喜欢前奏,0,光胴胴小伙子,37697794
53,2018,2,14,但是真的好听,0,找圣剑的亚瑟王,11778018
54,2018,2,14,好青春的感觉,0,找圣剑的亚瑟王,11778018
55,2018,2,11,往往这种没有999，听起来很带感。,1,fro_z,302372556
56,2018,2,8,喜欢看大家在这里写下的对燕姿的爱,0,只爱偏执狂,284012194
57,2018,1,29,燕姿的歌应该999，有没有人发表看法？,2,6205A,409064871
58,2018,1,25,中间的和声超赞,0,yanzicst,79056105
59,2018,1,25,这个唱腔很可爱～,0,yanzicst,79056105
60,2018,1,24,我就想不明白怎么燕姿的歌这么少评论,0,Ed1son--,279253821
61,2018,1,23,姿持姿持[爱心],0,徐丨若木,246749232
62,2018,1,19,你爱的是雨天，因为.. 杰伦的《晴天》，莫文蔚的《阴天》，燕姿的《雨天》 love燕姿[爱心],0,微溦微凉,66314208
63,2018,1,18,我。。明天就要去随堂测验了,1,Glacierrr-,356576618
64,2018,1,17,我喜欢统一的酸菜,0,清凉油A,255667395
65,2018,1,16,演唱会上听过,0,红双喜不吃回头草,1326135950
66,2018,1,16,嘻嘻嘻嘻嘻,1,Hippopapa,397681623
67,2018,1,15,真巧[呲牙],0,海底月亦是天上月,476816545
68,2018,1,15,好巧哦我也是啊[大笑],0,水心初雪,376663934
69,2018,1,14,我也是啊,1,海底月亦是天上月,476816545
70,2017,12,29,随堂测验，不管有没有关系,0,PyLov,103996493
71,2017,12,29,人好少，但是好听,0,H小流氓,297607033
72,2017,12,27,如果云音乐早来10年！！,0,6205A,409064871
73,2017,12,26,我也是，我也是,0,MR俊杰007,9018418
74,2017,12,11,"有时候我自己都不知道我爱看哪个导演的电影，我的口头禅是什么，又怎么能要求女朋友知道我的爱好呢？
好吧……前提是我得有个女朋友…",1,Ricky_XX,82652035
75,2017,12,5,太好听了吧,0,amy_123124,25665428
76,2017,12,4,"晴天 阴天 雨天
当然是喜欢雨天呐",2,卢帅夕夕,345687313
77,2017,12,3,好听好听[憨笑]给燕姿打call,0,魔术师王杰希,310950702
78,2017,11,23,这首歌很好听啊，为什么评论这么少！,2,hxloon,315214660
79,2017,11,22,燕姿哼的那段dong....dong....dong....dong....真是可爱至极！瞬间融化了[钟情],4,后现代主义Rapper,275527008
80,2017,11,21,喜欢那当然得深入我的五脏六腑,4,许啊天,2037367
81,2017,11,16,估计是跳舞的梵谷抢先注册了,2,夏天树上有蝉,309000923
82,2017,11,16,我也是,1,漾成-微,114275353
83,2017,11,15,评论真少,2,古月人情,564581243
84,2017,11,13,小时候很喜欢听,1,walrus,9673742
85,2017,11,12,给大家安利: 懒得去管 反过来走走 没时间 随堂测验 祝你开心 另一张脸 王子面  种...,6,杰弗利_,39354044
86,2017,11,12,哈哈哈 都是听完充氧期来听的呀,6,Kaierala,284160087
87,2017,11,12,"爱燕姿
",1,孙燕姿的小迷弟呀,262396111
88,2017,11,11,突然多了很多评论,0,后知后觉的六,63010657
89,2017,11,11,哈哈哈你的名字😂,1,活着只求好玩,266447964
90,2017,11,11,对对对,1,柏拉图的睿,287429157
91,2017,11,11,从童养媳到随堂抽烟,8,楚天祥的_20,41309090
92,2017,11,11,一样一样。哈哈,1,良_小爷er,606194643
93,2017,11,11,妥妥的要999+阿,0,颜树吗,391590226
94,2017,11,10,老歌不落伍系列。,0,jojo就是你了,37192776
95,2017,11,10,经典的老歌，依然能哼唱出歌词……,0,星期壹天气晴我离开你,540006667
96,2017,11,10,每首歌都要999＋,0,喂sasa,120854520
97,2017,11,9,这些老歌评论好少。,1,大螃蟹和老虞,73835054
98,2017,11,9,充氧期过来重温,4,皇帝宠姿,263527508
99,2017,11,9,听完充氧期来听随堂测验,131,风筝有风zzz,506822760
100,2017,11,8,随机播放到了这首，那就继续等燕姿新专辑~,0,豆花DOUHUA,69401322
101,2017,11,8,我喜欢的是孙燕姿导演🙈🙈🙈,3,Stef__cat,119751820
102,2017,11,2,和张国荣的《侧面》 异曲同工,1,大雾小酒馆,126766472
103,2017,11,1,[鬼脸],0,__小生不才__,282164851
104,2017,10,29,我喜欢的是孙燕姿导演[爱心],1,跳舞的反骨,33249451
105,2017,10,25,世界在变难道我们不会变,0,Y淘淘,283975376
106,2017,10,23,好喜欢燕姿每一首玩世不恭的歌,6,巴洛克积木,127434886
107,2017,10,21,好听,0,CHENYUDAN--,279712105
108,2017,10,20,好几年前听的歌了，还是那么好听,0,猎猎白裳g,504533997
109,2017,10,7,爱燕资,1,向上于南,587795042
110,2017,10,5,随堂测验我都不及格了，何况是期末考试,2,清辞00,388636339
111,2017,10,5,你的随堂测验 我老是不及格 再见了,3,泼墨画霓裳a,294933052
112,2017,9,27,随心所欲,0,大嘴玖,129152955
113,2017,9,15,比较喜欢阴天,1,睨耳,543204849
114,2017,9,14,这首歌的调调感觉好像赵薇的《状态》,1,百洛特,129610840
115,2017,9,8,好歌人少系列,3,莱斯历历,363297348
116,2017,9,3,燕姿我爱你,1,夜晚有三年3593,564669071
117,2017,9,2,阴天,0,mmm19876,481418310
118,2017,8,29,表白我姿,1,forbe,125980582
119,2017,8,29,好喜欢燕姿,0,leesanghoy,286339826
120,2017,8,23,没听过，第一次,0,贺善柯-Jack,336305233
121,2017,8,19,泡椒竹笋面，少放醋谢谢,4,EmilieAdams,77662760
122,2017,8,19,我爱上了你的每一面,2,炒饭之神,366730070
123,2017,8,11,封面好漂亮,0,春水煎茶zzz,298330273
124,2017,8,11,随心所欲,0,帐号已注销,487714121
125,2017,8,11,想知道是谁写的词,1,juun_faye,45566395
126,2017,8,10,双子座之歌,2,帐号已注销,52060280
127,2017,8,9,随心随性,1,更迭的人海里,559434243
128,2017,8,9,封面好美,0,-你是彼粒星,338130886
129,2017,8,8,你太可爱,0,243751648,486315553
130,2017,8,7,252条评论,0,奈我何-关耳,80718950
131,2017,8,7,251条评论,0,颜欢997192380,275831895
132,2017,8,7,250条评论,0,Doris丶Lee,298611149
133,2017,8,5,知道唱！,0,沙利啊莎莉,406026095
134,2017,8,5,这歌才这么点评论？爱情字典那张专辑首首经典啊,1,yufeng890,34458487
135,2017,7,29,你爱上了我，哪一面。,0,别多想喝一杯吧,101108952
136,2017,7,27,唱的是青春年少,0,霍真普洛兹的咖,380498981
137,2017,7,26,燕姿唱的也太可爱了吧！,3,风居住的街道W1707,549830624
138,2017,7,25,好听，这么少评论,1,百感交集l,278778830
139,2017,7,23,这首歌感觉是唱外貌协会的吧哈哈哈 爱的太表面,1,_illuminate__,136457666
140,2017,7,21,你爱上了我哪一面,1,小特xxx,97645034
141,2017,7,21,反正就是喜欢燕姿,0,甜甜辣辣就是我,475642194
142,2017,7,11,最喜欢的泡面味道是两个人一碗。[口罩][口罩],1,璀色幽蓝,283542820
143,2017,7,10,最喜欢，都，都都都都，都都都都，都都都都都,1,高立呀_你就,406832689
144,2017,7,10,小学就开始听的风筝那张专辑里的歌，这几天突然间哼出来调调，朗朗上口，真心比现在很多歌好听多了,2,高立呀_你就,406832689
145,2017,7,7,燕姿每轮演唱会都喜欢唱这首诶~是她私藏吗，克卜勒上还用这个做互动，结果太冷门现场有点尴尬。。。期待今年新专和新巡回~,5,codyccc,40831959
146,2017,7,2,随便唱一下就比现在好多流行歌好听。[亲亲][亲亲],2,跳舞的克卜勒,122786310
147,2017,7,1,先占楼，喜欢燕姿很久了,1,腊肉_i,265643623
148,2017,6,30,听了这么多年，竟然是小众！？,2,阿木是只猪,433243531
149,2017,6,29,高中因为你喜欢，听遍燕姿的歌,0,小迪f,37373969
150,2017,6,25,228了,0,__南墙,396354202
151,2017,6,24,难道喜欢就等于爱！？,0,coco-late,327276928
152,2017,6,24,从小学五年级开始迷燕姿，木乱七八糟的绯闻，旋律不张扬花哨，也不是一下子能抓到人心，但是一个人静静听特别有味道，有个性，有爆发力。,1,独坐苍穹之下,108600534
153,2017,6,24,[爱心],0,徐丨若木,246749232
154,2017,6,22,还是老歌有感觉,0,英格拉姆s,344450592
155,2017,6,21,只靠感觉 到底可以走多远,0,多想有个林夕-_,117170970
156,2017,6,19,突然想听这歌,0,无糖菠萝,125737568
157,2017,6,18,高中听了无数遍的歌,1,鸟人的宝,268174108
158,2017,6,18,你爱上了我   哪一点,0,善鄯,247709392
159,2017,6,17,加一,0,小新你爱谁,124775858
160,2017,6,16,这份答卷决定要规规整整了[嘴唇],0,我姿态略萌,111719375
161,2017,6,16,加油217了,0,抱起王菲就跑,503525624
162,2017,6,16,216了,0,抱起王菲就跑,503525624
163,2017,6,16,215了,0,抱起王菲就跑,503525624
164,2017,6,16,才214,0,抱起王菲就跑,503525624
165,2017,6,15,所有姿姿的我都买的正版[大笑],1,小IceYoBK,326426834
166,2017,6,14,213了[憨笑],0,橘南笙与,484419232
167,2017,6,14,这专辑我买的正版 感觉首首经典 过来一看人这么少，不正常啊,0,EVA8008,94316728
168,2017,6,13,"才210",0,心有猛虎_细嗅蔷薇----,419118714
169,2017,6,12,什么样的关系会充满盲点。,0,wmzwm,258418231
170,2017,6,10,原来我还会哼这首哈哈哈,0,Lam_aliee,103286174
171,2017,6,9,虽然不是燕姿最红的歌之列，但评论数也太少了吧,1,F_W06,104593701
172,2017,6,5,206算上我就207了[可爱],0,zq啊zq,382172100
173,2017,5,29,手动踩爪印，端午燕姿专辑一日游[奸笑],3,凌晨三点不睡觉的雨果,120801740
174,2017,5,29,喜欢这么个性率真的歌一定和我一样单纯善良[呲牙],2,甲壳猫1704,455487789
175,2017,5,26,啦啦啦，开始考试了,1,starrylee,29431936
176,2017,5,26,好听，我独自聆听。,2,炒饭之神,366730070
177,2017,5,25,爱情与了解 不一定关联,1,洋芋节呀,484860316
178,2017,5,23,早期好多这种口水歌，我这种五音不全的都能张口来两句,0,身直不怕影子弯,30833527
179,2017,5,21,了解一个人并不能代表什么，今天他可以喜欢凤梨，明天他也可以喜欢别的。,0,与君饮清酒,326413956
180,2017,5,20,我爱上了你哪一面[流泪],0,陪你从小猫咪到大老虎,127848722
181,2017,5,20,这首歌，风格全然不是她的,1,罅君,405932552
182,2017,5,18,每天日推一首我姿,1,lm_stef,258724583
183,2017,5,17,我也想说,2,跳舞的克卜勒,122786310
184,2017,5,14,啊啊啊爱我姿,1,与科,248140987
185,2017,5,14,我爱上了你哪一面？ 正面 侧面 背面 全面！,4,A霍乱时期的爱情,293955560
186,2017,5,14,这么干脆 利落  洒脱的歌曲尽然这么少评论,3,MoonOne,36124431
187,2017,5,10,人少表白,0,莱斯历历,363297348
188,2017,5,10,女神来成都开演唱会吧！！！,1,晋小露,48890733
189,2017,5,9,可能理解更重要吧。,1,刘喜翔,70613960
190,2017,5,1,喜欢,1,2016猫猫呀,434837481
191,2017,4,18,比较喜欢晴天，阴天还是雨天。当然是阿姿的雨天了,2,未完成s,52426699
192,2017,4,10, 评论这么少不科学啊！,1,斑马斑马咯,252575260
193,2017,4,9,听这首歌的时候喜欢牛哥,0,挥剑斩青丝213,364214589
194,2017,4,6,你喜欢我，哪一面？,2,Solitary-star,84176208
195,2017,4,4,燕姿你还开演唱会么，开吧开吧，我一定去！[色][憨笑][憨笑],2,朝朝慕沐,29969574
196,2017,3,25,每一首都会唱,7,苏菲de允,86784321
197,2017,3,23,好听，爱燕姿[亲亲][爱心][钟情],1,春天之恋,258758924
198,2017,3,15,歌词很酷啊,2,点点想,382060155
199,2017,2,27,你爱上了我哪一面,0,CherryKoala,61924421
200,2017,2,25,我姿！！！[色][亲亲][亲亲][亲亲][亲亲],0,藤井一织,316368005
201,2017,2,21,来来来，燕姿,0,江湖夜雨try,272659466
202,2017,2,19,快快来成都开演唱会呀，我存够钱啦。。。。,5,蔚佳YoGa,94924072
203,2017,2,10,不知道姿妈下回啥时来北京嘞……,1,无限大94,72774904
204,2017,2,10,我也听了14年北京的那场[亲亲],2,花朵086,113150504
205,2017,2,6,难道喜欢就等于爱？ ,0,mmivan,103380352
206,2017,2,3,怀念，好听,0,驭龙散仙,344688256
207,2017,2,2,14北京演唱会第一次听，一下就喜欢上了，全场一起“嘟嘟嘟”那段节奏太有趣了[大哭],0,无限大94,72774904
208,2017,2,2,你爱上了我哪一面？你的爱是否太表面？,1,52Hz的鲸鱼汤,274144587
209,2017,1,27,曾经有个妹子喜欢我，然而我觉得他对我完全不了解。这首歌很好描述了那时的心情。还有一首是陈奕迅的《富士山下》：往街里绕过一周，我便化乌有。,3,Theotime,89106881
210,2017,1,26,这歌演唱会听过，居然不火,2,夏天盖棉被的男神,51015045
211,2017,1,25,旋律很不错,2,hillDarren,49076575
212,2017,1,23,燕姿！,0,may陈某人,49648971
213,2017,1,22,我欣赏韩寒，比较喜欢晴天，最不喜欢吃泡面，最近在听孙燕姿的唱片，穿40码的运动球鞋，最常说的是嗯，不太喜欢聊天，喜欢和旧朋友见面，每天会收1-3封广告邮件，虚伪的个性让我讨厌，半糖主义的爱情不会太黏，暧昧的关系会充满忙点，自大的人我会说没时间,9,Moro炳,134976472
214,2017,1,17,当年不算小众,1,简单好-红酒,30293584
215,2017,1,16,昆汀晴天不吃泡面冷耍有,1,hanimal,269609516
216,2017,1,13,[爱心][爱心][爱心],0,YobenNi,70698798
217,2017,1,12,这首歌就是 你爱我干嘛 你想清楚,3,冬天Rita,131550226
218,2017,1,8,我想么么哒孙燕姿,0,尹志平上过小龙女,343961411
219,2017,1,7,一定要等我，等我自己赚钱去听演唱会！,1,四喜不爱丸子,114039924
220,2017,1,6,Yan-zi,0,孤独小孩o,273175427
221,2017,1,5,这么好听！,1,帐号已注销,75980429
222,2017,1,5,你爱上了我哪一面？每一面！尚好的青春都是你！,5,阿威过去在古都,102575462
223,2017,1,3,wuli  DA MAN TOU,1,梦中扮鹿人,59478121
224,2017,1,3,这首歌好酷啊,3,小小小迪迪迪,392804825
225,2017,1,2,爱你不一定要了解你😊,1,Solo--Li,324524993
226,2017,1,2,(｡･ω･｡)ﾉ♡燕姿,1,flytung,325906153
227,2016,12,30,就等你来西安开演唱会了，盼你早点来[亲亲],1,北纬以北_,82849212
228,2016,12,26,这首歌评论好少呀，不科学,0,蓝天两万里,1296166
229,2016,12,26,从初中就喜欢她的歌。。。她的声音。。一直喜欢。。,1,草莓味的干玫瑰,369525632
230,2016,12,16,评论这么少？,1,juncaiW,287022244
231,2016,12,15,最近爱听冷门歌,0,爱发疯的猴,250414252
232,2016,12,15,这么好听的歌都被遗忘了，可见燕姿的歌质量多好。,2,夏天盖棉被的男神,51015045
233,2016,12,13,"小众歌曲嘛,评论好少",0,学不会你最爱的开朗,319612109
234,2016,12,10,依旧好歌！！！,1,雷不了人了,345356748
235,2016,12,8,就是爱上了,0,他说他很喜欢朱婷婷,106703711
236,2016,12,7,高中开始爱上了她的声音，然后就一发不可收拾了……,0,馒头花卷菜包子,276347287
237,2016,12,6,138不科学,1,尘埃2424,127755574
238,2016,11,30,我的第二张正版CD,1,EVA8008,94316728
239,2016,11,27,[亲亲][亲亲][亲亲],0,可阳快飞,115746724
240,2016,11,22,最喜欢的歌星😍姿妈最喜欢的唱片😍姿妈的唱片最喜欢的天气😍姿妈那边的天气最喜欢的口味😍姿妈的口味,4,鄒爸比,85768778
241,2016,11,22,姿妈最棒了[亲亲],0,幽默的不得志姑娘,344456338
242,2016,11,21,我说喜欢一个女孩，就一定要被她当成追求者来对待吗？喜欢不等于爱…,1,Cold丶Fish,87113824
243,2016,11,18,🌸,0,雨还是不停地落下_,100825170
244,2016,11,12,喜欢喜欢,0,菩久,284023737
245,2016,11,12,欢快的节奏 爱死你啦[色],1,RobJoe,289621686
246,2016,11,10,听她的歌超级正能量,0,M-吴哈哈,308585485
247,2016,11,10,为什么没有999,0,勇气乐天,335766979
248,2016,11,5,我姿 [爱心]净化心灵的声音~,0,无脚鸟阿,96465069
249,2016,11,4,当时经常听这首,1,找自己rrrrrrrr,126019186
250,2016,11,3,[爱心],0,群青丶,283314668
251,2016,10,30,今天纳小子生日~,0,账号还是注销吧,17481219
252,2016,10,27,打卡,0,007经济适用男,52443647
253,2016,10,25,为什么有两首随堂测验,0,rpoaru,81517607
254,2016,10,23,没懂 后来人的,2,凯歌___,87879278
255,2016,10,20,什么样的人我会说没时间,1,Kepler-_-,300077987
256,2016,10,18,周杰伦晴天莫文蔚阴天我姿雨天，全在这首歌被唱了，😄😄,5,yanzi姿,288792453
257,2016,10,16,怎么可能这么少人,0,李苶苶,311494337
258,2016,10,14,最近都在听谁的唱片？  ,1,天涯木桩,318254408
259,2016,10,14,你得分低 我也喜欢 ,0,卸载游戏做个人,41835081
260,2016,10,14,随堂测验～,0,卸载游戏做个人,41835081
261,2016,10,14,啦啦啦啦啦,0,卸载游戏做个人,41835081
262,2016,10,13,燕姿 加油📣,1,卸载游戏做个人,41835081
263,2016,10,13,鸭脖子 ,1,卸载游戏做个人,41835081
264,2016,10,13,111,0,卸载游戏做个人,41835081
265,2016,10,13,灵魂背面缺陷你却视而不见,2,海绵1874,298588296
266,2016,10,2,啦啦啦啦啦  轻快的步伐,0,遥望高大山脉,339550609
267,2016,9,30,爱姿,0,姿意燕为,263726012
268,2016,9,26,尚好的青春都是你[亲亲],1,SparksFlyMe,16617893
269,2016,9,22,光是孙燕姿的声音就够让我爱了,2,鱼雨子酱,50983533
270,2016,9,6,一楼说得对。 早安各位，被哥哥安利来的🙂,0,陈映年i,51972671
271,2016,9,2,燕子的歌，记忆最深的歌，任何一首都会唱，就发誓要娶一个能一起唱的她,2,方圆已被注册,63103560
272,2016,8,29,小学的时候看孙燕姿演唱会听到的，那时候天天拿着小姨听英文的复读机听小姨的孙燕姿专辑卡带，初中的时候记得也很喜欢听，后来就忘掉这首歌了，转眼间大四了，世界在变我们不会变。,2,晋同學,42172627
273,2016,8,28,随堂测验，有没有共通点,0,bao球球,295325403
274,2016,8,26,这样的我对你算不算了解[鬼脸]随堂测验能打几分？,0,慢半拍小姐爱吃榴莲,321808673
275,2016,8,26,阴晴不定又复杂的关系是盲点，纠缠不清又做作的爱情觉得最黏，会跟虚伪又不真诚的人说没时间，雨天晴天你都唱过，说不定讨厌阴天！会不会也爱吃老坛酸菜面，或许西红柿牛腩面？反正我就是很肤浅，喜欢你的每一面～当然我对你的喜欢跟爱情没有关联,3,慢半拍小姐爱吃榴莲,321808673
276,2016,8,26,你爱像周星驰那样的导演，爱听Alanis Morissette的唱片，穿37码的球鞋，没什么最常说的字眼，电子邮件我不知道，但情书却不断电，喜欢跟爱人、家人、朋友和狗狗聊天！,3,慢半拍小姐爱吃榴莲,321808673
277,2016,8,22,喜欢孙燕姿的快歌[大笑],0,固执的7-11_,261062772
278,2016,8,21,你爱一个人的时候真的了解那个人吗？很多时候都是在走感觉…,0,owenweng,9158132
279,2016,8,17,[大笑],0,shpaiw,16083854
280,2016,8,13,还有当年的原始充电宝,0,Will---J,84766767
281,2016,8,11,我姿怎么都好，我爱上你的所有面,0,daisy浅苏,290354329
282,2016,8,11,你爱上了我哪一面？我爱上了你每一面[可爱],0,追风少年依旧,85096665
283,2016,8,10,把评论全赞了一遍[奸笑],4,举个西木,60673274
284,2016,8,9,沙发,2,善鄯,247709392
285,2016,8,8,听这歌的绝对都是死忠粉！,7,Kathryn_小艾,253272322
286,2016,8,7,！！！我爱你每一面 燕姿！！[爱心][爱心][爱心][色][亲亲],2,芬兰的孤岛鲸,115963271
287,2016,7,31,很喜欢这首歌啊,2,SIXFEETUNDER___25,135088813
288,2016,7,26,燕姿，iloveyou,2,春风不如十里橘坤坤,80905054
289,2016,7,26,最近在听你的唱片！！！！！！！孙燕姿！！！！！！！,2,枖枖原的SHE,106532222
290,2016,7,23,我的青春！！！燕姿生日快乐[蛋糕][蛋糕][蛋糕],5,-有姿有菋-,129649056
291,2016,7,19,81个评论不科学啊,2,lost晓,136252950
292,2016,7,14,我来增加评论！o(∩_∩)o,2,这就是我喜欢的你,15659354
293,2016,7,14,"好听[色]。
作为一个老姿迷，看见那么少的评论还是很心痛的。。。",3,明天晴天--,37329385
294,2016,7,13,忠实姿迷，想说的是，磁带的时代，这首歌一天能听十几遍！那种怀念无可匹敌！[呲牙][呲牙][呲牙],3,-有姿有菋-,129649056
295,2016,7,3,好可爱的歌！！！特别 ！！,3,mm豆不吃花,118798264
296,2016,6,29,燕姿 唱这首歌时好可爱[可爱][可爱],2,雪域移城,73146250
297,2016,6,27,评论这么少不科学，我姿这首歌超有个性，尤其最后一段，是多少人的个性写照，反正我是[奸笑],4,大打哒哒打个大西瓜,78360507
298,2016,6,26,能说啥？无条件爱这首歌[奸笑][奸笑],2,哼哼哈兮xxxl,41764596
299,2016,6,25,我的天爱上了这个歌词,4,风居住的街道WJ,277916537
300,2016,6,23,这么一首神曲没人听，真心醉了。,3,-为伊消得人憔,249568171
301,2016,6,23,燕姿的歌都没人顶么,1,-为伊消得人憔,249568171
302,2016,6,20,19:22,2,林守乐,55243746
303,2016,6,16,你爱上了我，哪一面,1,Remix_feat,129419432
304,2016,6,15,是因为这首歌太早了吗[晕],1,布尔希特,260598587
305,2016,6,14,你的爱是否太表面,2,长路缓行,47446938
306,2016,6,9,下次去ktv唱这首,1,StefanieZz,101493227
307,2016,6,1,有没有发现～,1,stacyf,283399426
308,2016,5,17,15年了,1,炜烨卍,28486348
309,2016,5,13,燕姿的又一首冷门带感神曲，越听越爱,2,ellvan,266500323
310,2016,4,29,这么好听的歌怎么没评论啊[撇嘴],1,空瓶xy,119639667
311,2016,4,27,居然人气如此低迷[吐舌] 我的ktv万年不变开场曲,4,沖繩流浪貓,37786481
312,2016,4,24,前年每天耳机里都放这首歌走在路上哼着小调，别提多惬意了,1,辛鹿麋,99000763
313,2016,4,4,半个月没留言了啊😨,1,朝言夕卜,79162369
314,2016,3,15,随堂测验~(´•ω•`)能得几分? 早安😊,2,-咔咘-,54973393
315,2016,3,12,年轻真好啊,1,CrEndry,48589791
316,2016,3,5,我少女姿真是活力爽朗可爱满分[亲亲],3,creamiiiiiii,113214544
317,2016,2,15,我最爱帅气的燕姿。,1,甜一分苦九分ya,50669579
318,2016,2,3,不科学！评论这么少！这首歌这么棒！,2,我是丑王,127718208
319,2016,2,1,[钻石][钻石][钻石][钻石][钻石][钻石][钻石],2,孙梅罗,59644160
320,2016,1,31,我爱上了你每一面,2,星岛的妳,48746821
321,2016,1,31,其实关同学  用心了   能听出来    然而  ……    只是他们选曲感觉总是[哀伤]    既然诠释感情的能力不够  为什么不愿意选些  能体现唱功的,1,十字街头29,84520410
322,2016,1,29,看来是我是歌手听怕了,1,大螃蟹和老虞,73835054
323,2016,1,28,然而  基本不可能[撇嘴]不管你信不信   换个人不是另一种味道  而是木有味道  翻唱燕姿的歌  跟找死吧差  尤其选秀比赛之类的[大哭],3,十字街头29,84520410
324,2016,1,27,燕姿唱这一类曲风太有味道[憨笑][憨笑][憨笑],1,方小圆圆圆圆,105192892
325,2016,1,21,。。。,1,举个西木,60673274
326,2016,1,13,评论太少 燕姿太可爱,3,卷积赫敏,77600286
327,2016,1,11,评论这么少不合理啊,1,蓝天两万里,1296166
328,2016,1,6,以后想要拒绝对方就问他“你听过随堂测验吗？”,6,你姿十三,71279167
329,2015,12,23,只靠感覺到底可以走多久多遠。,1,蒋小花在想你呀,76630214
330,2015,12,18,好听:),1,Amm_mmo,3762574
331,2015,12,14,一听就回到了学生时代,1,helego,44274194
332,2015,12,10,[可爱][可爱],2,打卡环游网易云,29965618
333,2015,11,22,好听！,1,X中生,93115075
334,2015,11,15,@云音乐曲库 @曲库小护士 是不是弄错了呀，怎么这张专辑里有两首一样的,1,普鲁斯特蓝,45158876
335,2015,11,11,哦哈哈哈哈哈！！,2,你姿十三,71279167
336,2015,10,31,当年很火啊…,1,xialu0702,41476191
337,2015,10,16,我姿唱这种曲风可爱得想抱紧！[亲亲],2,directorrowe,1923073
338,2015,10,15,每次都听成“我都穿不起好的运动球鞋”[撇嘴][撇嘴][撇嘴],2,愚熊克卜勒,86855925
339,2015,10,7,好听,1,一个抠图的,39668522
340,2015,10,4,很爱她这一类无厘头很随性的歌,3,忘了第一个名字,95624619
341,2015,9,30,这么好听的歌评论好少。。。,1,隐形城,34544269
342,2015,9,27,[奸笑],1,jinvvv,9445775
343,2015,9,21,[憨笑][憨笑],1,董小姐从没忘记微笑,3042602
344,2015,9,17,PS，評論真少。,1,请叫我小正太,2687425
345,2015,9,17,突然想起這首歌。「你爱上了我哪一面，你的爱是否太表面。」,2,请叫我小正太,2687425
346,2015,9,16,这么好听的歌……,1,_Cheshire,65299430
347,2015,9,2,居然评论这么少 下面跟上节奏[奸笑],1,闪泥啦啦啦,88079495
348,2015,8,25,我把你优点放大不止一点[可爱],2,霍去没有病,75566997
349,2015,8,21,烦死了,1,Lior-,3274300
350,2015,8,18,好听啊,1,葳蕤rexon,83089076
351,2015,8,6,这首歌不错啊,1,帐号已注销,53612301
352,2015,8,3,目测以后会有人翻唱会火，占位置先。,2,大螃蟹和老虞,73835054
353,2015,7,28,超好听！每次ktv必点！(*¯︶¯*),3,Huifene,39622480
354,2015,7,27,这神曲这点评论？,2,丨虚头巴脑丨,82378266
355,2015,6,23,就是好听,1,举个西木,60673274
356,2015,6,16,只有这么点评论不科学,2,杨皓元哟,52691269
357,2015,5,17,你哪一面我都爱,3,Roark-H,67428668
358,2015,4,24,diang diang diang diang ~~~~~~,1,不要给我放大招,35096280
359,2015,4,11,爱情与了解，不一定关联,177,balomi,44133629
360,2015,4,5,你爱上了我那一面··[亲亲],2,糖水哒哒,20451370
361,2015,2,24,[幽灵],1,我们走在大路上,18266617
362,2015,1,17,歌词很有意思唉,2,蓝天两万里,1296166
363,2014,11,30,love yanzi,2,suegsq,44809786
364,2014,11,11,[吐舌]果断抓走,2,zlovestef,37262024
365,2014,11,10,艾玛～被活捉了惹～[哀伤],1,能猫桑,563187
366,2014,11,10,艾玛，g吧熊猫桑,1,zlovestef,37262024
367,2014,11,10,神曲级别呢～,3,能猫桑,563187
368,2014,9,17,nananana那一段最爱,2,stesun,35281131
