index,year,month,day,content,likecount,nickname,user_id
1,2019,10,13,优点与缺陷，你真的了解一个人吗,0,peter369,407221442
2,2019,9,12,姿姿最可爱啦,0,漂浮群岛et_moi,101098936
3,2019,7,25,最喜欢吃麻辣味的泡面😊,1,喜欢听歌的九月,563787684
4,2019,5,28,如果是她那变化还是蛮大的！,0,溪翁衫安静,421777279
5,2019,5,28,我觉得有些可能是我弟妹？（正宗亲戚那种）到底是不是给个疼快话！,0,溪翁衫安静,421777279
6,2019,5,7,谁说燕姿现场不好[怒]聋子,1,_吴子诚,275017518
7,2018,8,3,...🎧,2,_诗芊,81037679
8,2018,7,5,[亲亲][惊恐],1,林叙灶镇,354860176
9,2018,4,24,我对这个瘦瘦的燕姿真是喜欢的不得了呢,3,溪翁衫安静,421777279
10,2018,4,16,"现场版比CD更有味道，喜欢
",5,痛痒乐队XX,117371165
11,2018,3,19,到了现场版更有个性，超赞,1,HYHY09,106075986
12,2018,2,14,打卡,0,我有努力和这个世界变熟,394296679
13,2018,1,19,你爱的是雨天，因为.. 杰伦的《晴天》，莫文蔚的《阴天》，燕姿的《雨天》 love燕姿[爱心],3,微溦微凉,66314208
14,2018,1,10,周杰伦的晴天，莫文蔚的阴天，孙燕姿的雨天。,4,粉色莓小兔,546796809
15,2017,11,19,hhhhhhhh,1,Ra___dio,129924204
16,2017,11,19,哈哈哈哈,1,Ra___dio,129924204
17,2017,9,28,这声音一听就知道是谁了，好喜欢,5,帐号已注销,85211370
18,2017,7,24,随堂测验[可爱],3,心中的三叶,540954017
19,2017,7,6,[呆]姿媽！你是不是中文下降了，一個字一個字地唱[可爱]太可愛了。,8,鄒爸比,85768778
20,2017,5,25,好傻哈哈哈,1,ZKGZKGZKGX,73827212
21,2017,5,20,为什么评论这么少,1,徐超凡真帅,278098852
22,2017,5,3,14，我我我,1,阿Dar,94482447
23,2017,4,28,最常说的是哪一个字眼,1,小in酱,79814537
24,2016,8,31,我好喜欢你,1,酷圆虎,247542768
25,2016,8,5,o_O,2,苏三伞,111844957
26,2016,5,7,嘻嘻(♡˙︶˙♡),3,长亭缱绻,19515209
27,2016,4,14,我爱上了你的每一面,1,追风少年依旧,85096665
28,2016,4,14,cool,3,请叫我小正太,2687425
29,2016,4,11,你爱上了我  哪一面,2,小女爱蘭州,73503165
30,2016,4,6,结尾来意了话不多说我直接唱下一首。。。,2,someone-simple,78902350
31,2015,12,31,突然希望下次燕姿现场唱这首歌的时候下面就大喊答案。。。。啊哈哈哈，燕姿会不会笑场,22,下沉式绿地,98637395
32,2015,11,27,千里万里，终不再见。,2,长亭缱绻,19515209
33,2015,11,10,你喜欢和谁聊天多见面,1,Joey_kqXl,12326566
34,2015,8,5,"燕姿什么时候你再来大连？
",2,李剑7,12795261
35,2015,2,8,好怀念南京的LIVE,2,疯狂海龟,18647619
