index,year,month,day,content,likecount,nickname,user_id
1,2019,11,28,。。这首也好好听啊。。你但凡有一首难听的歌 我也不至于陷得这么深 ,0,StefX,300674075
2,2019,11,25,寒风凛冽,0,苑子潯的小号,1548957065
3,2019,11,14,我有个心愿，就是和你和好，拜托了，我们和好吧。！！！！,1,杨千嬅的长岛冰茶,270872491
4,2019,11,12,只因喜欢，只因好听。,0,rock默然,39572304
5,2019,11,7,结婚是过日子，恋爱是一段美好生活，有生之年有你足以，ZRS🌲,0,soulmate清,448864011
6,2019,11,1,爱是勇敢的心愿,0,跳舞的反骨,33249451
7,2019,10,29,最近相隔十年再听孙燕姿，真是觉得越听越好听，还是属于我们那个年代的歌手唱的歌耐听！加油燕,0,启明星y,2755743
8,2019,10,28,不光是爱情，这首歌给我很多勇气和能量。“但我只能前进，穿越心里的风雪”,1,木鱼916,1296840941
9,2019,10,28,这首歌带感。不火，说明他们没品味。,2,木鱼916,1296840941
10,2019,10,27,昨天见到燕姿了，好激动，活着真好,1,Beeovenvan,1847499670
11,2019,10,23,我爱孙燕姿,0,訾央伪装小漠漠,247480354
12,2019,10,19,@溪水润子木 数不清的心愿尽在眼前，暂选燕姿的你分享。本曲音色处理得颇为内敛。也是，面对心愿之事是需要保持几分冷静与专注的！心愿最美好的转变，就是随愿 ！,0,青山绿水6431,1426916
13,2019,10,17,1033 9:30 10.17 孙燕姿 心愿,0,识刀客,623315109
14,2019,10,11,结尾以为我手机卡了,1,穿裤衩的海豹,1728346307
15,2019,10,9,darin sail the ocean,0,渡尘于世,83353052
16,2019,10,9,你在风的另一边,2,包子先生再也不会辜负好姑娘,325837505
17,2019,10,6,意外的惊喜,1,XQ0823,489797899
18,2019,10,5,沮丧迷茫的时候最喜欢这一首了！,3,Erika_Linder,305117600
19,2019,10,5,对对！我太爱这歌了！！,0,Erika_Linder,305117600
20,2019,10,3,其他的先不管，现在的心愿就是去欣赏燕姿的演唱会！！,5,Beeovenvan,1847499670
21,2019,10,2,这首怎么这么好听！！,2,也不是猪只打呼,355734135
22,2019,9,30,不要后退。但愿会发生变化！！！[爱心],2,葡挞蜀黍,362540439
23,2019,9,26,"说吊是真的吊",0,啊啊啊啊啊20,1986378568
24,2019,9,25,演唱会必须安排！!,1,得布西森林,95937066
25,2019,9,24,十年前爱上这首歌，那时候不懂爱情也不懂珍惜，现在懂了确没人让我珍惜。,1,杨宝宝是我,1944467045
26,2019,9,24,相爱会被成全 对不对,0,DoerChan,18898607
27,2019,9,21,爱是勇敢的心愿,1,自愈1826,444017122
28,2019,9,21,太难唱了,1,你这颗烂白菜,317113523
29,2019,9,18,我们有约 约好一起永远,2,账号还是注销吧,17481219
30,2019,9,16,什么都可以hold住 摇滚姿,1,Islandofcyril,48634536
31,2019,9,8,啊啊啊啊啊啊啊啊啊啊太好听辽。,1,也不是猪只打呼,355734135
32,2019,9,8,好听！耐听度满分~,0,Sparrrrk,270935914
33,2019,9,6,燕姿也是原唱,0,MoonTree唸,407146454
34,2019,9,6,太好听了。,0,青衫大人-,494097358
35,2019,9,2,我又想起她,0,果果vera,108663274
36,2019,8,31,不是“改编”。同时买了原曲，分别填词而成。,7,EileenLeee,33800837
37,2019,8,28,[猪]梦想   我真的好喜欢好喜欢好喜欢你呀    可是    你在风的另一边,1,OSTANIII,407095548
38,2019,8,27,每一次往回翻都有好多惊喜 听这专的时候还没喜欢上姿妈 没想到一下子唤醒儿时的回忆 那时对她无感或许是还没到年纪[流泪],2,Siriusly17,277593220
39,2019,8,22,我姿的每首歌下，都要留下我的痕迹。,0,计时人生,258834281
40,2019,8,16,约好一起永远,0,badass88,307484372
41,2019,8,15,我们有约,0,龍每文呵呵,1461282717
42,2019,8,11,英文歌改编，sail the ocean,5,strong180814,1554048070
43,2019,8,9,好爱燕姿,0,那我觉得,79585798
44,2019,8,9,都好喜欢,1,那我觉得,79585798
45,2019,8,9,突然忘记原唱的北欧小哥叫啥了，以前好迷恋,1,海星的海湾,1695873391
46,2019,8,8,参选中国十佳青年都嫌小[大哭],0,dofospider,330145317
47,2019,8,8,心愿投票落后啦，很纠结,0,7things_,1318437548
48,2019,8,7,2020 魏胖子来啦,1,我是魏胖子,529178480
49,2019,8,7,我们有约 约好明年再见[强],0,我是魏胖子,529178480
50,2019,8,7,相爱会被成全 对不对,1,我是魏胖子,529178480
51,2019,8,7,今天有投票 心愿冲鸭,1,我是魏胖子,529178480
52,2019,8,7,哇 999加了,0,我是魏胖子,529178480
53,2019,8,6,不知为什么，觉得这首声音好特别...,0,我很鱼块,125768521
54,2019,8,3,专辑除了与新制作人的合作，还在创作人与乐风上大量使用了新的元素。创作人虞洋谱出了愉快音乐性浓的《完美的一天》，而孙燕姿用自己的唱腔演绎出来。,0,识刀客,623315109
55,2019,8,3,最直接的东西最感人，音乐不用花哨，如果它已经是那样，你只需要锦上添花，而不要把焦点模糊掉 。,0,识刀客,623315109
56,2019,8,3,孙燕姿算得上是《完美的一天》专辑的音乐总监。这张唱片制作的整个方案都是孙燕姿亲自参与讨论并作决定，而歌曲都是她自己喜欢才挑选的，整张专辑都代表了孙燕姿自己的看法和态度。专辑的理念定义为：你喜欢、你不喜欢，都是很直觉的。,0,识刀客,623315109
57,2019,8,3,太爱这首了呜呜呜,1,不是贫乳,342924731
58,2019,8,2,心愿(2005) 在上面的基础上再加入过门中的一个C#5纯真声，还有转来转去的尾音,2,识刀客,623315109
59,2019,8,2,我还小我不老[奸笑],0,星星粒粒皆辛苦,577990403
60,2019,8,2,一不小心都暴露了年龄。。。,0,dofospider,330145317
61,2019,8,1,燕姿的每一首任何时间再回来听都那么好听！！！,1,借我半盏灯,107982595
62,2019,7,31,单曲循环,1,平生任烟雨独有一蓑衣,111583801
63,2019,7,31,这张专辑心愿和明天晴天都喜欢，可惜排在这张专辑的最后,1,沫沫Bao,541275220
64,2019,7,31,好听啊,1,neversaygoodbye2017,100608769
65,2019,7,29,《心愿》大气、厚重。贾敏恕让燕姿做到即使低沉没有呐喊同样可以很震撼。,1,识刀客,623315109
66,2019,7,29,孙燕姿算得上是《完美的一天》专辑的音乐总监。这张唱片制作的整个方案都是孙燕姿亲自参与讨论并作决定，而歌曲都是她自己喜欢才挑选的，整张专辑都代表了孙燕姿自己的看法和态度。,2,识刀客,623315109
67,2019,7,29,明年演唱会希望能听到这首,3,识刀客,623315109
68,2019,7,29,这首太好听了，不过不好唱，和另一张脸一样,0,识刀客,623315109
69,2019,7,29,996了，加把劲破999吧,0,识刀客,623315109
70,2019,7,29,我好像第一次知道燕姿就是听得这首歌,0,星星粒粒皆辛苦,577990403
71,2019,7,29,"“我们有约，约好一起永远”
今天网易云日推歌着实惊喜到了
当年MP4 里的第一首歌
一不小心十年了！
有个心愿，演唱会也安排一下这首歌吧",1,星星粒粒皆辛苦,577990403
72,2019,7,29,一听就听十年了！,1,星星粒粒皆辛苦,577990403
73,2019,7,29,可以给人带来力量！,1,星星粒粒皆辛苦,577990403
74,2019,7,29,燕姿的声音就是这样清冷又孤傲，孤独又倔强！,1,星星粒粒皆辛苦,577990403
75,2019,7,29,听第一遍就爱上了,0,星星粒粒皆辛苦,577990403
76,2019,7,29,这是初识燕姿的第一首歌,0,星星粒粒皆辛苦,577990403
77,2019,7,29,超级爱这首歌,0,星星粒粒皆辛苦,577990403
78,2019,7,29,我也想要,0,星星粒粒皆辛苦,577990403
79,2019,7,29,初中MP4 里面的歌，回忆，怀念,0,星星粒粒皆辛苦,577990403
80,2019,7,29,哈哈哈哈，一起复习！,0,franksun1994,301879950
81,2019,7,29,为了明年的演唱会开始复习,1,Wanderlust_7,32480454
82,2019,7,28,很喜欢这首和另一张脸,2,识刀客,623315109
83,2019,7,27,好歌,0,男神眼,489395035
84,2019,7,27,我要站在山顶上听心愿,0,比利时柚子,545624765
85,2019,7,25,不管多累我不能后退,0,我是魏胖子,529178480
86,2019,7,25,忘了风还吹着我的脸,0,我是魏胖子,529178480
87,2019,7,25,可是那么美,0,我是魏胖子,529178480
88,2019,7,24,永远也很远,0,我是魏胖子,529178480
89,2019,7,24,天堂很高,0,我是魏胖子,529178480
90,2019,7,24,默默孤独的攀着岩,0,我是魏胖子,529178480
91,2019,7,24,想象站在巅峰的喜悦,0,我是魏胖子,529178480
92,2019,7,24,我要刷到999 姿姿明年唱一下吧,0,我是魏胖子,529178480
93,2019,7,24,心愿啊,0,我是魏胖子,529178480
94,2019,7,24,我的心愿 你一直出专辑 我一直买专辑,0,楠楠楠的楠瓜粥粥,123040451
95,2019,7,24,爱是永恒的心愿！守护永恒的爱！,0,Lawrence么么哒,33887997
96,2019,7,24,第一次听到,0,赶走鱼尾纹黑眼圈,514452630
97,2019,7,23,生日快樂[蛋糕],0,陳Yeung,36657152
98,2019,7,22,真的好听！！,0,春未了月相照_yu,435867533
99,2019,7,22,你不是一个人,0,张小二zy,402635178
100,2019,7,22,快723啦~,0,张小二zy,402635178
101,2019,7,22,提前祝姿妈生日快乐啦！,1,DelayedGratification,360673566
102,2019,7,22,快到723了,2,Lawrence么么哒,33887997
103,2019,7,22,其实也是隐藏神曲,2,起个名字而已,67361501
104,2019,7,21,贡献999,0,AyanoPoi,363250178
105,2019,7,19,我太爱这首了 听了八年了,0,14Paris,120653087
106,2019,7,19,顶顶顶,0,孙燕姿丶,1813871469
107,2019,7,19,助攻999+,0,孙燕姿丶,1813871469
108,2019,7,17,超级好听啊！孙燕姿真的是个宝藏,0,windbreaker风衣,1482000199
109,2019,7,17,957 助攻～～～穿越世俗的眼光，跨越一切，来到你身边,0,Juicyo,112511048
110,2019,7,14,今天才发现这首歌是贾敏恕制作的[拜],0,木白涛ao,81324903
111,2019,7,13,卡,0,Chertime,83946830
112,2019,7,11,想听到这首歌现场版~大概实现不了[流泪],1,从前有个跳跳Jaye,487830997
113,2019,7,11,第953个评论，努力推到破千！,1,飔呐,410604285
114,2019,7,9,助攻999,0,等待的三脚猫,425452061
115,2019,7,9,我d的歌这么好听人竟然不火,1,strong180814,1554048070
116,2019,7,8,第950条评论 助攻999+,0,_慢_半_拍_,302534651
117,2019,7,7,姿,0,小小小小小的橘子,85533246
118,2019,7,4,曲子还有另一版本，两个都是原唱。另一个歌手是Darin,0,钦敬a,124975379
119,2019,7,4,让我惊讶，这评论数，这张专辑我最爱的歌！！！很坚定的赶脚，很无谓的，很勇敢的赶脚！我们永远约好一起永远，死了也不怕,1,我的皮皮宝212,1529042749
120,2019,7,3,孙燕姿惹,0,BabyAustin,54264998
121,2019,7,3,你在风的另一边,0,fiona08120812,1689843754
122,2019,7,2,是不是有首英文歌和这个好像,0,花阿h花花阿,87473758
123,2019,6,30,"初三那年在从高中部走回初中部的路上听...仿佛有了理想，然而其实什么也没有
一晃就高三了，现在是真的有心愿了吧，加油！",0,amy_aq,1419529381
124,2019,6,29,我的心愿是完成自己的心愿。,0,艾琳艾德勒啊,400192338
125,2019,6,29,一直喜欢这首歌,0,坏兔子_,451109516
126,2019,6,29,居然没有999＋,2,如我君子,1289647936
127,2019,6,29,好久没听了，续命一波,0,_Original_Sin,58331209
128,2019,6,27,[多多无语],1,唐某不沾刘女,347702944
129,2019,6,27,我的心愿就是考上乡镇的老师   保佑我的愿望实现,4,Alfred_H,41199599
130,2019,6,26,校友，中考加油！！,0,bhhyeyfhvdv,574454108
131,2019,6,26,毕业典礼放了这首歌，当初觉得很好听，现在就要中考了，我很紧张也想到了许多同学可能再也见不到了，心情很复杂。。。,0,bhhyeyfhvdv,574454108
132,2019,6,26,昨天毕业典礼 放的就是这首歌 三年之后轮到自己踏上红毯拥抱老师穿过毕业门的那一刻 才意识到自己真的毕业了 三年过的那么快 也不知道下次重聚是什么时候了,2,_御坂__,467719545
133,2019,6,24,这首歌给我的画面是elsa在风雪中独自前进那一幕,2,Lawrence么么哒,33887997
134,2019,6,23,这歌该🔥了,0,哎呀呀sun,407459821
135,2019,6,21,太好听了,1,薇雨润恩泽,468343061
136,2019,6,19,[多多无语],0,唐某不沾刘女,347702944
137,2019,6,19,我又又又要考试了，许个愿，考的都会嘻嘻,1,休止符nine,444013834
138,2019,6,17,想哭,0,不会吃腻的饼干,60881014
139,2019,6,17,你在风的另一边,1,不会吃腻的饼干,60881014
140,2019,6,16,你在风的另一边。,2,会飞的绿乔子,548495273
141,2019,6,15,这首🉑️,0,林守乐,55243746
142,2019,6,15,我现在怀疑孙燕姿也忘记这首歌了……,0,你们爱的大飞,259678257
143,2019,6,13,相信我，这歌马上就要火了[亲亲],1,我想看到她,1807485771
144,2019,6,13,安其拉第一张专辑的寓言 刚出的 在路上听到我还以为是孙燕姿的新歌,0,屎倒淋头靴靴,1803277299
145,2019,6,13,同感,1,屎倒淋头靴靴,1803277299
146,2019,6,10,高考结束了 终于敢听燕姿的歌了,2,好想长到一米六,292814435
147,2019,6,9,燕姿版的比较干脆利落,0,NovaXyz,122018966
148,2019,6,9,天堂很高 永远也很远,1,虎虎的14,40661749
149,2019,6,7,想去听演唱会,0,曼1011,413833589
150,2019,6,6,每次听这首歌 总能给与我能量[多多比耶],0,苗小王,18133540
151,2019,6,3,还是好听,0,奶茶还是好喝,5773686
152,2019,6,2,遗落的神曲,0,booberm,275793469
153,2019,5,30,英文歌不想听了，还是国语强。,2,铁路骑侠,364140708
154,2019,5,29,好听,0,桔子味的你,71384304
155,2019,5,28,这首MV也不错,0,沫沫Bao,541275220
156,2019,5,27,都是老专辑给力,0,铁路骑侠,364140708
157,2019,5,27,爱听英文歌的你肯定这样觉得吼,0,不要吃我的_,614883106
158,2019,5,27,感觉还是sail the ocean好听啊[惶恐],0,睿智的Edward,1505339012
159,2019,5,25,"我的宿命分两段，未遇见你时，和遇见你以后。
你治好我的忧郁，而后赐我悲伤。
忧郁和悲伤之间的片刻欢喜，透支了我生命全部的热情储蓄。",3,WinnieFung,311928582
160,2019,5,23,真的很喜欢这首，但是刚刚才发现，居然没有999+,2,琉璃蛇,253250317
161,2019,5,23,一直想去一次燕姿的演唱会，希望有机会~~~~,1,琉璃蛇,253250317
162,2019,5,22,[多多无语],0,唐某不沾刘女,347702944
163,2019,5,21,洗澡时听到这首歌 本来没在歌单里的 完美的一天买的预售 高中时听的 如今早就老炮儿了 如果再见到你 我会说一句 好久不见,0,派拉诺德,39486182
164,2019,5,18,球球syz听听自己原来的歌把 ,1,mathroccck,321013777
165,2019,5,18,难道我的审美这么特别？这张专辑最喜欢的三首歌，流浪地图，明天晴天，心愿都这么冷门,5,皇马名宿东契奇,71347717
166,2019,5,17,什么时候破999,0,晴天也在,1675043502
167,2019,5,16,看明年20周年巡演有没有机会[西西心动],3,little逸,33742893
168,2019,5,16,遗珠+1,0,duchangfeng1989,541255805
169,2019,5,14,超好听,0,宅阿宅阿宅阿,407404417
170,2019,5,13,这心愿有点高级噢,1,嘿嘿哦嚯,100096006
171,2019,5,12,[多多比耶][多多比耶][多多比耶],0,隔壁阿山,483914549
172,2019,5,12,加油,0,陋室子来,385268909
173,2019,5,10,爱你哦,0,我要认识你也叫鬼话连篇,120983555
174,2019,5,9,希望早日999+,0,姿姿不倦hhh,574992335
175,2019,5,8,这首歌很难唱,6,五道口陈冠希,88862034
176,2019,5,7,顶起来,0,爱甩葱的初音,1435946190
177,2019,5,7,啦啦啦,0,爱甩葱的初音,1435946190
178,2019,5,7,太好听了,1,姿姿不倦hhh,574992335
179,2019,5,6,这么好听，没有999+,0,治愈系小帅,322923924
180,2019,5,5,这首歌很好听，希望能有更多的人听到。,0,血色红魔,75253290
181,2019,5,5,这歌不火？？？[惊恐][惊恐][惊恐]我不能理解,1,Rich-_-sex,290404421
182,2019,5,4,这首歌编曲有高级感,0,Original源_,68005848
183,2019,5,3,"嗯嗯，希望心情更开心点哦
",2,散若烟云,35996981
184,2019,5,2,爱是勇敢的心愿，你在风的另一边。我现在一个人也很好，我想会有那么一天，我们都有属于自己的幸福。,0,遇见123go,101147156
185,2019,5,2,幸福又孤独,1,dd的梦呐,25958684
186,2019,5,2,迟早会火的的一塌糊涂,2,在风情的草尖坠堕,353939963
187,2019,5,1,好想后退，我不能后退@我,1,云云云云流,1334766690
188,2019,4,30,很棒很好听,3,奶思奶思007,496068910
189,2019,4,29,这首歌无论是意境，歌词，还是我姿的唱腔，都完美至极。奈何如此冷门。好有感觉的歌。,2,木鱼916,1296840941
190,2019,4,29,你們還想聽這冷門歌？我姿怕是自己都忘了。[大哭],1,鄒爸比,85768778
191,2019,4,27,什么时候你姿的演唱会上能听到这首冷门曲,1,君蒙西,324541684
192,2019,4,26,一听到这首歌，就止不住地心中涌动，想流泪[流泪],1,黑白的记忆zhuzhu,382825439
193,2019,4,25,一模一样的情绪,2,seis_siete,1350111840
194,2019,4,25,今天突然想到这首歌，回来听听,0,漂漂一,320847841
195,2019,4,25,顶。想在唱吧试试这首,0,九城一光年,96994603
196,2019,4,24,每天听一遍,0,寄给你昨夜的美梦,1432116380
197,2019,4,23,永远也很远 可是那么美,1,风衣syz,619438249
198,2019,4,20,你知我心愿 我等你 你也要等我 YY,0,海洋饼干lzs,493679900
199,2019,4,19,太好听了！！！,0,寄给你昨夜的美梦,1432116380
200,2019,4,19,好久没听了,0,六月d冰雨,1733186331
201,2019,4,18,让我来推一波,0,May_fisher,1672347857
202,2019,4,18,再听一百遍,1,鹿鹿露露尤,264923721
203,2019,4,17,发现宝藏,0,云云云云流,1334766690
204,2019,4,15,整砖当时单曲循环最多的一首！还不到999？！！！,0,九城一光年,96994603
205,2019,4,15,你在风的另一边[钟情],0,马lululu,55810097
206,2019,4,15,每次听到这首歌 就会想起在非洲的时光,0,Stephanie渃晰,58307234
207,2019,4,14,满满的正能量,1,彤小渔,1634711674
208,2019,4,14,被忽略的好专,0,ghdap,335269590
209,2019,4,14,我想后退 但我不能后退,0,999里有一个我,120605470
210,2019,4,2,燕姿唱歌总能够在俏皮和深情之间自由切换，每次都能带给我们惊喜，永远的最喜欢偶像，我也会永远支持你，期待2020演唱会,2,Joyce的橙子,1665584207
211,2019,3,31,我们爬到山顶 坐到了晚上 什么都看不到 我想把两颗眼珠挖出来 把月亮切成两半 一半塞进左边的眼眶里 另一半塞进右边的眼眶里 我哭的时候 会有流星陨落 你要记得许愿,5,天空是另一个平行世界的海,247044926
212,2019,3,29,好,0,Ed1son--,279253821
213,2019,3,28,完美一天中最喜欢的一首歌，十年前陪我做过很多三角函数题。,1,沐欢,45353156
214,2019,3,27,好听的歌果然只能自己藏起来,0,千坂的小尾巴,249808779
215,2019,3,25,好听,0,surchman,318950603
216,2019,3,25,好喜欢完美的封面啊,0,姿姿不倦,43678021
217,2019,3,24,太好听了吧！,0,酸酸辣豚骨面面,35716722
218,2019,3,23,好听！我怎么可以现在才听到这首歌啊[呆],1,慕初呐,363736677
219,2019,3,21,好的,0,_shengxiang,57645729
220,2019,3,21,这首歌老是让我想起高三,1,orisola,436604251
221,2019,3,21,喜欢，更多的私心是希望不要火嘻嘻嘻,1,北BIANG,391430683
222,2019,3,21,没有,0,比一点多很多点,344085429
223,2019,3,21,幸福高不可攀的顶点,0,比一点多很多点,344085429
224,2019,3,15,多久没听这首了呢,1,期待的全都落空了,117267446
225,2019,3,10,跟热评第一的愿望希望，捞一下心愿叭麻姐，还有飘着也炒鸡想听,0,keplerql,271621075
226,2019,3,6,这个歌太好听了,0,ST_1973,502807160
227,2019,3,6,不要999+啊 [流泪][流泪][流泪] ,0,雷雨时zz,17466565
228,2019,3,5,喜欢这首，越听越喜欢。慢慢听～,1,飞洒的胡,50679936
229,2019,3,3,翻唱就翻唱的了，中文作词都无法越过baby i am sorry，还说个啥？我以前看到的版本是孙燕姿非常喜欢这首歌所以才翻唱的,0,析冥,455510789
230,2019,3,3,记性再怎么不好也记得初中一段时间每天傍晚趁家人出门遛弯偷偷打开电脑边看小说边一首一首放她的歌美滋滋,0,杳杳杳杳钟声晚,366290547
231,2019,2,26,这首歌真的是遗珠了,2,夏小超ing,66129710
232,2019,2,26,这是继漩涡和一样的夏天我姿单曲循环最多的冷门歌了！最近一直单曲♻️中…,2,NaNa112_,1531418411
233,2019,2,23,你在风的另一边……,0,从今儿开始再也不是你爸爸,570666261
234,2019,2,23,越听越大气,0,得布西森林,95937066
235,2019,2,23,不像啊,0,得布西森林,95937066
236,2019,2,16,"爱是勇敢的心愿
你在风的另一边

多美好啊[爱心]",2,净苡朝清,386325850
237,2019,2,15,真难,0,_诗芊,81037679
238,2019,2,14,相爱会被成全,2,无人伴我-,548040907
239,2019,2,12,听一遍赶紧收藏，虽然我没懂这首歌，但喜欢这首歌的感觉,1,YennnnLauuuu,64933540
240,2019,2,6,你能看到吗  你过得还好吗  安寧  ,0,我是一个怎样的Cc,1381814627
241,2019,1,28,这歌这么好听怎么这么少人,0,大浪淘沙子,103476554
242,2019,1,27,以前都没发现这首这么好听,1,如我-梦中人,1556368224
243,2019,1,26,你姿自己都不知道在哪里 哭,7,訾央伪装小漠漠,247480354
244,2019,1,26,我觉得好听😊,0,小米糕啊,1436371488
245,2019,1,22,这首张韶涵唱也合适 但是不觉得像,2,訾央伪装小漠漠,247480354
246,2019,1,20,燕姿在这首歌里的声音，蜜汁像张韶涵有木有,0,_shengxiang,57645729
247,2019,1,9,真的好好听啊,0,三南水北aaa,354629268
248,2019,1,8,算了，我觉得争论下去没用，你们说的对√,0,Darin的小钢牙,541622408
249,2019,1,8,？？？同时买的版权还抄袭呢？那Darin也抄袭了呢，嗯？,1,基质少年i,81681112
250,2019,1,8,和前男友谈了一个月，我像被施了魔咒一样，一年了还没好过来，他超过了后来出来我世界里所有男的的地位,1,丽兰呀,354837176
251,2019,1,8,喜欢,0,燕姿开演唱会了吗,624100542
252,2019,1,4,冷门 但很喜欢的歌 ,1,阳三好,51429871
253,2019,1,2,新年的心愿   暴富,0,孙燕姿铁粉粉粉,1286010242
254,2019,1,2,孙燕姿  是女神啊~~,0,孙燕姿的小迷妹啊,327977684
255,2019,1,2,首页给我个位置  我要来表白孙燕姿~ ,0,孙燕姿的小迷妹啊,327977684
256,2019,1,2, 希望2019 燕姿和 姿迷都开开心心， 如愿以偿。 ,1,孙燕姿的小迷妹啊,327977684
257,2018,12,30,应该1w+,0,张敬轩-,354855962
258,2018,12,24,有时候分不清到底是讨厌这个世界还是讨厌自己,1,你这颗烂白菜,317113523
259,2018,12,22,为什么两个版本里都有同一句歌词,0,想当教练员,1509947439
260,2018,12,10,燕姿冷门金曲之一。,1,就让我赢,1490637249
261,2018,12,6,单曲循环第三天，我的心愿有谁[憨笑]未来不会来,0,相信5555666,420725692
262,2018,12,6,迎风冒雪但是保暖做很好的感觉。,0,dis-play,132802796
263,2018,12,5,单曲循环第三天，我的心愿有谁，错误的时间动了心[憨笑],0,相信5555666,420725692
264,2018,12,4,单曲循环第二天，我的心愿有谁[憨笑],0,相信5555666,420725692
265,2018,12,3,好听,0,桃太郎了了,590041986
266,2018,11,29,嘿,0,_诗芊,81037679
267,2018,11,24, 这歌好难学。。,0,孙燕姿的小迷妹啊,327977684
268,2018,11,22,这么好听的歌居然这么冷,1,鼻涕兽tyx,265063130
269,2018,11,21,我喜欢坚毅勇敢有想法的女孩子，可惜他们大多数都是女强人。,0,LeBronTaylor,347089543
270,2018,11,19,姿的歌最大的魅力就是让人有无限的共鸣,0,崇明孤光,558842591
271,2018,11,18,很带劲！,0,世说Xin语,122790135
272,2018,11,16,个人觉得比英文版听起来更有感觉 凛冽 虽然我也很喜欢Darin,0,ZY-7,17531038
273,2018,11,15,Sisyphus.,0,Die_Habseligkeit,81444035
274,2018,11,14,好少人[大哭],0,乔和Joi,246440006
275,2018,11,13,我也！第一次听 就想到逃亡,0,_诗芊,81037679
276,2018,11,12,801，b面好歌，有逃亡的感觉。多年以后重新回味燕姿[爱心],1,糖丸0101,562501467
277,2018,11,11,希望大家不要给别人安利了,0,小森林的伍斯特酱汁和酸米酒,277944645
278,2018,11,10,这张专辑都喜欢，快歌不用说，《隐形人》《另一张脸》《流浪地图》都超好听，能一直重复着听,0,念舊的峰,49351360
279,2018,11,10,啊啊啊,0,归来mt,508731177
280,2018,11,5,干净又坚决的声音,3,Islandofcyril,48634536
281,2018,11,5,神曲,0,Islandofcyril,48634536
282,2018,11,2,这才是神曲！,1,好好可爱的昵称,452808207
283,2018,11,2,加油鸭！🙌🏻🙌🏻🙌🏻,0,_诗芊,81037679
284,2018,11,2,太喜欢她声音里的勇敢了 不是努力攀登的励志感 而是不顾一切的坚决,0,_诗芊,81037679
285,2018,11,2,逆光 逃亡 心愿 三个重要时刻的三首歌💪🏻,4,_诗芊,81037679
286,2018,10,24,太有品味了！,4,青楟撲火1972,528093943
287,2018,10,24,你在，风的另一边！,1,青楟撲火1972,528093943
288,2018,10,24,高中读写本反复抄写《心愿》的歌词，脑海里是决绝勇敢的燕姿。,2,青楟撲火1972,528093943
289,2018,10,21,这首歌我都没怎么听过,0,Dirstac,628785
290,2018,10,20,这歌高中的时候点给了某人，结果真变成你在风的另一边了......,0,鄒宅宅,335115211
291,2018,10,19,一听起这首歌，就想起那年冬天窝在车里懒洋洋的样子[憨笑],1,大风吹吹包裹你,336287217
292,2018,10,19,明年的巡演 会把它拉出来吗[流泪],1,日与灯如昼,105716873
293,2018,10,16,这首挺好听的,2,野孩子poppy,68380679
294,2018,10,15,我是勇敢的女孩！,1,用户1565762831,1565762831
295,2018,10,15,我不能后退一步海阔天空,0,用户1565762831,1565762831
296,2018,10,15,签到，打卡,0,用户1565762831,1565762831
297,2018,10,15,我终于明白，爱是勇敢的心愿！我很勇敢的女人。我不会哭的女人！,1,用户1565762831,1565762831
298,2018,10,13,[爱心],1,暮至明,94756999
299,2018,10,10,隔一天来听，被秒杀,1,_C栗子,95419591
300,2018,10,8,只希望这首歌能过999,1,好多鱼啊hhh,118902760
301,2018,9,30,这首歌是燕姿几首大歌之一呀……,2,孙燕帅,438616657
302,2018,9,23,999助攻,1,彼得潘与狼,261245021
303,2018,9,20,沧海遗珠,2,沉底青鱼1111,553879709
304,2018,9,17,当年高三这首歌好像是隔壁文科班的班歌 嘻嘻,3,guistar97,82137494
305,2018,9,3,  从06年开始这首歌一直陪伴着我，忘不了寒冷的冬夜下了公交车在装电池的MP3里一遍遍的重复，到现在电脑、手机APP等等都不忘有这首歌的位置，不管多累，我不能后退，怕跌个粉碎，在重复中有不同的感悟，不管风云多善变，爱是勇敢的心愿，做好心中的自己吧[爱心],1,biship,401147746
306,2018,9,1,这歌好难唱啊,1,彼得潘与狼,261245021
307,2018,9,1,大佬,0,旧昔扰梦,260855652
308,2018,8,27,第一次听就很喜欢,2,奤米,410600666
309,2018,8,20,我来啦,0,我见过刘惜君卸妆的样子,334865174
310,2018,8,19,我们有约，约好一起永远……,1,铭记de,70529304
311,2018,8,18,很好听,0,燕然姿得,438376589
312,2018,8,15,初中磁带听的完美的一天。心愿很戳啊。为999添砖加瓦,1,左歌Caelyn,40774970
313,2018,8,7,签到,0,Withbird,1333460874
314,2018,8,5,我以前居然没发现燕子居然有这么好听的一首歌，对不起,1,O阿兹卡班的囚徒O,452852240
315,2018,8,5,爱,1,跳舞的梵谷yanzi,318974517
316,2018,8,5,哎燕姿,1,跳舞的梵谷yanzi,318974517
317,2018,8,5,为什么没过999,1,跳舞的梵谷yanzi,318974517
318,2018,8,3,再一步 又离天空近一点,2,_诗芊,81037679
319,2018,8,3,最爱孙燕姿,1,跳舞的梵谷yanzi,318974517
320,2018,8,3,要努力让自己变得更优秀啊                                    不够优秀 何以拥有,1,啊你的头发乱了喔,301915556
321,2018,7,25,[爱心],0,暮至明,94756999
322,2018,7,22,姿迷报道，天籁之音,1,金龙180709,1514766829
323,2018,7,17,这首也算是燕姿的冷门金曲吧？,2,Cagurls,57342479
324,2018,7,16,这首开口就好听到不行。❤️,0,与科,248140987
325,2018,7,9,我不能后退,0,丶女的不杀,453132101
326,2018,7,3,新粉报道,2,Carrie_swift_,581115565
327,2018,7,1,"好想后退
我不能后退",1,不会吃腻的饼干,60881014
328,2018,6,30,你是我勇敢的心愿,0,Gravitypushes,290126463
329,2018,6,29,助力个999吧,0,DylanDay,100728630
330,2018,6,27,几年没听这首歌了，偶然听到感觉调调陌生中透着点熟悉，泪慢慢涌了上来，我这几年过得不好,1,拿小黄伞的Ted,87124501
331,2018,6,20,高中把燕姿一百多首歌下到mp3里，天天随机播放，听到前奏几乎就能知道是哪一首歌。后来有了网易云，为什么用网易云呢，因为当时网易云有燕姿最多的歌的版权，后来也喜欢上了看评论，好多我喜欢的歌竟然就这么少的评论。。[流感],1,演技飙起来,537719766
332,2018,6,20,这首歌的评论可能是被吃掉了,1,来自木星的肉包子,411436433
333,2018,6,14,好喜欢这首,0,aCandleThief,10729107
334,2018,6,11,这首歌湮没了,0,stef流年,1367583538
335,2018,6,8,爱是勇敢的心愿 你在风的另一边,1,来日方长九,505220286
336,2018,5,31,两年前，就是听着这首歌走出的校门，现在想起来还是挺怀念高三的日子的,0,白帽桑,19510387
337,2018,5,31,小时候爱听歌音，长大以后爱听歌词,2,zu-layha,354823083
338,2018,5,31,五年前在关山口,0,yyy_Link,63679777
339,2018,5,30,还是最爱这首,0,ZY-7,17531038
340,2018,5,30,爱是勇敢的心愿，你在梦的另一边,0,onearthome,1322819440
341,2018,5,29,晚安,0,帐号已注销,261983386
342,2018,5,28,看你的评论 到最后一句刚刚好听到那一句 嗯  被惊艳到了,1,妖-肆,1329177118
343,2018,5,26,建议和《sail the ocean》搭配食用。两首同曲歌的歌词意境竟然相通了。一首是扬帆远行暂别爱情，一首是翻山越岭寻找爱情，这简直是上下部啊！一个完整的故事。,3,光呆gaygay的,333665214
344,2018,5,26,后知后觉的歌曲，就像后知后觉的你~,0,melody_starry,38735688
345,2018,5,24,好听的,0,我代表小叮当,73896259
346,2018,5,23,不管风云多善变，确认过眼神，遇上对的人了。嗯，我确信！,1,帐号已注销,261983386
347,2018,5,23,因为一模没考好，所以很期待考试，我想知道我到底是什么水平。真是奇怪,0,linsier_,342390603
348,2018,5,22,难道只是三分钟热度吗？既然爱了就要认真，在累也要走下去，熬过去了就是永远！,2,伪装NC,1435345825
349,2018,5,22,心愿呀，就是我想要的生活是：有一个我爱的人，刚好他也爱着我，永远相爱相伴……,0,非典型牙医,1330086319
350,2018,5,22,好听的,2,-想要宇宙-,371628152
351,2018,5,22,一定要追上你的脚步！和你一样优秀！一定！一定！一定！,2,山雨南楼,515651095
352,2018,5,21,喜欢被人需要,1,止于此行,380656503
353,2018,5,21,来听,0,克卜勒乐精灵,36984278
354,2018,5,21,心愿——对自己做过的事不后悔。,0,蜉蝣十七岁,514263933
355,2018,5,21,哇哦～我姿的歌 我竟然进999啦,0,onthetarmac,284322614
356,2018,5,21,"牙疼，特别疼，你的喜糖就不吃了
不胜酒力，你的喜酒就不喝了
健忘，特别健忘，你叫什么就不记了。",2,哎呀你的心掉了,103842189
357,2018,5,21,希望二模能考好,2,情或囿于床第,137045143
358,2018,5,21,"小区里有个小朋友，刚出生不久妈妈就去世了，一直都是奶奶带着。

有一次小朋友对她奶奶说：“我偷偷叫你一声妈妈可以吗？”",4,灬大佬王,645477604
359,2018,5,18,🎧,0,_诗芊,81037679
360,2018,5,13,偶然听到，真的被惊艳到了，大爱燕姿！！！！,0,秋石丶,353543342
361,2018,5,9,心愿，心心念念,0,氕氘氚o,127705611
362,2018,5,9,起床铃声,0,坏兔子_,451109516
363,2018,5,9,好想后退不能后退,1,L-vortex,302656165
364,2018,5,5,沦陷,0,piyongpiyong,427147748
365,2018,5,3,中文歌才是最吊的,1,33轉的LP,630862795
366,2018,5,3,着了燕姿的魔,0,33轉的LP,630862795
367,2018,4,25,[亲亲][亲亲][亲亲],0,aCandleThief,10729107
368,2018,4,25,爱是勇敢的心愿 你在风的另一边,1,BeginsStef,263757315
369,2018,4,24,希望有现场,0,毛毛虫0912,323067104
370,2018,4,21,不知道怎么回事 今天脑海里一直是这首歌 搜歌词才想起歌名,0,YvonneChiu,38209777
371,2018,4,20,[爱心],0,ZY-7,17531038
372,2018,4,19,“我想会有那一天”唱得一把泪，最近的泪点也是很奇怪,3,气氛来了就要醉,308485041
373,2018,4,19,感觉燕姿很百变，每一首歌的唱腔音色都不一样，但都很符合歌曲，就像这首带着冷冽的音色。但是不变是声音里的态度，一直都是倔强，坚定的。,5,钥匙tt,102355058
374,2018,4,17,备考的日子里喜欢听燕姿的所有歌   就算感情失意  但我相信一定会有新的明天,1,小柳子耶,477855493
375,2018,4,17,姿迷路过,0,浮生若梦泪雨下180327,1411858178
376,2018,4,16,深夜听时第一次留意到副歌段左耳里的音轨，好喜欢,2,张小雨在看风景,73552455
377,2018,4,15,哥哥姐姐们加油，好歌顶起来突破一千！！[色][色],0,燕然姿得,438376589
378,2018,4,14,我想 等考试🔚 去看想看的电影 做想做的事 去未曾到过的地方 看没看过的风景 那么晚安咯  打卡两个月,0,爱捣乱的Monica,62788380
379,2018,4,11,这张专辑最好听的,0,Janey0521,344520606
380,2018,4,10,"这张专辑其实真的很好听
就是被大家给忽略了 成了音乐公司的内部斗争的牺牲品",2,东东夜奔,321394485
381,2018,4,10,听遍你喜欢的stefanie,0,Fairy_Xiao,431157212
382,2018,4,9,白云山巅，梦想的蓝天，抬头就看得见。,1,大的就要看起来大,129149671
383,2018,4,9,这评论是删过的吧,0,时光机是用来穿以后的,68721397
384,2018,4,7,老姿迷都潜伏了,1,33轉的LP,630862795
385,2018,4,4,很喜欢的一首歌！爱是勇敢的心愿，我的心愿是能碰到爱，碰到喜欢，碰到爱情，碰到你。,0,短了个訊,335133251
386,2018,4,4,老。。。emm。。姿迷打卡……暴露年龄。。,0,soulsosos,2938775
387,2018,4,4,真有力量，老姿迷打卡……,1,C大宝,248388225
388,2018,4,2,这首歌评论怎么这么少！,0,来跳尬舞啊,400624175
389,2018,3,31,打卡,0,stef流年,1367583538
390,2018,3,27,我们约好一起离开一起生活过的家 再不回头了是吧？悄悄说一下 其实我回头看了一眼 看到你没有回头 然后我立马转回去了 还是心存侥幸可能你没有回头吧 或许你又回头了 看到我走的这么决绝 你有点失落 我也因此抱着对你有一点点歉意的时常把你想起,0,Mavisssssos,106757474
391,2018,3,26,助攻999,0,破名就破名,439103903
392,2018,3,24,燕姿没有冷门歌曲,0,Jleonard,101199436
393,2018,3,24,不管风云多善变，对燕姿的喜爱不变,0,Carry-ZRX,69523517
394,2018,3,24,冷门好歌曲打卡是老姿迷的义务,1,Cheri祖远,281090136
395,2018,3,20,助攻999,0,麦麦以南,123563914
396,2018,3,19,特别是强调每个字的韵母，比如是时候里面的ou就会故意把u拖长,0,阿肥89757,17780385
397,2018,3,11,能给人力量的一首歌,1,互联网石原里美,435471851
398,2018,3,11,燕姿的很多歌里都会有几句英文[亲],0,33轉的LP,630862795
399,2018,3,5,同感 感觉现在有点过分强调每个词的咬字发音 损坏了整句歌词的流畅和连贯 梵谷最严重其次是 是时候,0,absolutelyray,3796444
400,2018,3,1,心愿,1,如氵水,488453325
401,2018,2,27,喜欢喜欢,0,星光桃,1376877679
402,2018,2,26,心愿,1,未完成19991230,503310441
403,2018,2,26,，奥特,0,未完成19991230,503310441
404,2018,2,23,你是我勇敢的心愿❤️,2,80Nie,118087721
405,2018,2,22,勇敢向前,1,MozarKing白告,252343119
406,2018,2,21,能让记忆如此深刻的也只有这首歌了，同样，连失去你我都接受了，没什么是不能接受的。我是你的噩梦，你是我美好的一生，你之后我的世界没有颜色。愿你好,2,用户293329480,293329480
407,2018,2,20,心愿,1,十三姐的小流氓hh,405570613
408,2018,2,14,我也觉得她从逆光开始唱腔就谜之甜腻,1,billma-,118808626
409,2018,2,13,这歌很特别,1,如氵水,488453325
410,2018,2,10,又一首冷门好歌,1,Sno哈哈opy,476529281
411,2018,2,9,你在风的另一边,1,不会吃腻的饼干,60881014
412,2018,2,4,现在666了,1,贝壳De壳,449723962
413,2018,2,3,去年这个时候我高三，同样听这这首歌，加油噢[强],2,___Adia___,630348642
414,2018,2,2,好听,1,王金1711,632842409
415,2018,1,31,孙燕姿居然有低于999的歌？,0,知名不具了,294190042
416,2018,1,31,呐喊姿,0,Islandofcyril,48634536
417,2018,1,30,那么多年。一听这首歌就能无限循环,0,得飘er,272076770
418,2018,1,28,真的很好听,1,佳敏西,442933237
419,2018,1,26,记得小学四年级和姐姐一起听着这首歌写作业 好怀念,0,again-27,305058374
420,2018,1,21,想象站在巅峰的喜悦,3,Kepler-3,378301025
421,2018,1,19,爱是勇敢的心愿[爱心],1,咏叹调Jessi,35182387
422,2018,1,18,11:00,0,字迹微寒,100562566
423,2018,1,16,幸福高不可攀。,2,鲸与天空ocean,294942951
424,2018,1,12,助攻999,0,SLJAE-,336289840
425,2018,1,6,好喜欢这首歌,0,yore-moon,325174224
426,2018,1,5,刷刷刷,0,梦里领便当,49831921
427,2018,1,4,我们快点刷到999,1,来日方长九,505220286
428,2018,1,4,17:30,0,林守乐,55243746
429,2018,1,4,心愿居然不是999,1,心灵砒霜_,336087245
430,2018,1,2,想看看年度歌手是我姿的真爱粉有多少[亲亲],1,There_is_no_joke,424102898
431,2017,12,26,这首歌陪了我整个高三,3,麦丽素0723,544048498
432,2017,12,25,[大笑][大笑],1,且听风吟-------,322425555
433,2017,12,25,我们有约,2,毛毛虫0912,323067104
434,2017,12,25,[爱心],0,Biscuit2333,93338403
435,2017,12,21,最近看着你的所谓冷门歌曲不留神都999+，说不清楚什么心情，关于这一首，不着急，早晚会有很多人喜欢的，对吧。写完作业日常打卡。明天周五欸[星星],2,我独南行Z,133815629
436,2017,12,21,默默孤独的攀着岩,0,PyLov,103996493
437,2017,12,20,[亲亲]好喜欢这首,0,aCandleThief,10729107
438,2017,12,18,肯定淋分啊🌚,0,坏兔子_,451109516
439,2017,12,17,居然没有999+😕,0,_三春早纪_,515863665
440,2017,12,16,你们算什么毛线，别人唱的歌要你们在那里唧唧歪歪？,0,站在红土大陆上,328457863
441,2017,12,16,[亲亲],0,站在红土大陆上,328457863
442,2017,12,16,意象啊，阅读理解淋分吧,2,TaylorS_13,263701149
443,2017,12,14,真的好好听,0,站在红土大陆上,328457863
444,2017,12,12,这张专辑还是06年高四的时候听的，一转眼这么多年 依旧爱燕姿,0,包子铺boaz,420336332
445,2017,12,10,心愿,0,黑的不好啊,334467473
446,2017,12,10,我觉得没有退步。,0,围绕错觉,19086948
447,2017,12,10,我相信 你在风的另一边❤️,1,80Nie,118087721
448,2017,12,9,喜欢😂,0,煜见冬天,269618816
449,2017,12,4,每听一遍，心里就会多一丝信念     [爱心],0,o0-listener-0o,131095397
450,2017,12,4,这首歌为什么不火,0,暮至明,94756999
451,2017,12,3,评论999的时候，你就知道我们这些人是多么有眼光。,2,该用户从未上热评,606055978
452,2017,12,2,自己明明说了不喜欢就别听这种话，现在立刻矢口否认自己没这个意思了。真是变脸比翻书还快。没时间搭理你了。,0,巴然和日,72196949
453,2017,12,2,首先我没说你没有这种权利，但同时也就会有人用同样的权利回复你。其次我已经尽量客观的回复了，还是不可避免的被扣了愚蠢萌新之类的。还是那句话我不是来辩论的，就是看那个做作有些刺眼，又不至于举报，想批判新专就说点分析，那我绝对不会说什么，毫无解释就说做作，不只是萌新会恶心。不谈了。,2,lele-yanzi,117927432
454,2017,12,2,我听燕姿已经有10年以上的时间了，并且是她的死忠粉。嘴长在我身上，我有权利批评她的新专辑。耳朵长在我身上，我有能力欣赏作品的好与坏。反倒是不怎么迷恋她的人才会说只是人老了声音会变化这么愚蠢的论断。她嗓子没变，只是制作上面出了问题！,0,巴然和日,72196949
455,2017,12,2,每个人喜好不同可以理解，人老了声音都会变，不喜欢别听就好了，专辑的好坏时间会给出评价，但非要到别人的歌下边说做作，真的很刺眼，尤其是再来个不服的吵一架，再被点赞的顶上热评，弄的评论区都不能看了。不是来辩的，就说一下。,3,lele-yanzi,117927432
456,2017,12,2,@孙燕姿 十三姐你自己听听你自己说你有没有退步！！！新专辑为什么唱腔这么做作！,0,巴然和日,72196949
457,2017,11,28,高三时候中午在教室或者去操场晒太阳最喜欢听这首歌,0,不关我的事啊_,278554860
458,2017,11,20,我是假粉,0,所爱隔山海ttt,263524615
459,2017,11,20,竟然第一次听！,0,所爱隔山海ttt,263524615
460,2017,11,19,好听,0,sharemybed_,7087820
461,2017,11,18,我想，会有那一天,0,Haunted-,250217803
462,2017,11,17,[爱心],0,湖人死忠,7776579
463,2017,11,16,这首好好听呀，以前咋没发现呢,0,你是我的一个梦,123839892
464,2017,11,13,曲子真的很好了,0,得布西森林,95937066
465,2017,11,9,还有210天，冲出黑暗。,1,猛犸_x,333921756
466,2017,11,4,暴露年龄系列,0,比一点多很多点,344085429
467,2017,11,3,那你还听那么多遍。。。,2,半座城池丶,500055772
468,2017,10,31,[哀伤],0,阿雨哟,42924107
469,2017,10,29,好一个“你不懂”。[弱]万能理由。,0,海藻大麦田,609566703
470,2017,10,29,你不懂就不要说出来分享了，不好笑。,1,Ianba,263722321
471,2017,10,27,竟然已经是那么久之前的歌了……热恋期总听这首歌，我不分手谁分手,1,宫城面条,45211310
472,2017,10,26,每过一段时间，都能把燕姿的歌捡起来循环往复无数遍，不能自拔,2,一分水,130334567
473,2017,10,25,喜欢这首大气的曲风,0,Zinger77,275131578
474,2017,10,25,打卡,0,Zinger77,275131578
475,2017,10,23,当年最爱的一首，我竟然没有在热门50里找到,3,LovenBook,258521062
476,2017,10,23,🔪🔪,0,黑暗行星古兰斯菲亚,495929451
477,2017,10,23,打一架吧[跳舞],1,扛起孙燕姿就跑,2594529
478,2017,10,23,我老婆🌚,1,黑暗行星古兰斯菲亚,495929451
479,2017,10,23,实现[可爱],1,扛起孙燕姿就跑,2594529
480,2017,10,23,老婆发新专辑啦,1,扛起孙燕姿就跑,2594529
481,2017,10,22,我们都敲可爱的,2,黑暗行星古兰斯菲亚,495929451
482,2017,10,22,哈哈哈， 你们都好可爱[憨笑][憨笑],1,你要我叫什么好,258201126
483,2017,10,21,超好听～,0,tomorrow0128,333289877
484,2017,10,21,你在风的另一边,0,与准,124868690
485,2017,10,21,更喜欢英文版的感觉，不过这个也很好,0,子系友目,2896328
486,2017,10,18,我在风中凌乱，而你却在风的另一边,0,无糖菠萝,125737568
487,2017,10,18,当年因为这首又去听了英文版的，两首都听到停不下来，一直循环，还是更爱之前的那几张专辑，也许是跟当时的年纪、心境有关吧,0,小甜甜甜甜,32688970
488,2017,10,15,[色][色][色],0,Neuvy,376313104
489,2017,10,15,爱是勇敢的心愿,0,被怪兽征服的恐龙,479105452
490,2017,10,14,很喜欢这首歌 以前和男朋友在一起的时候很想和他有未来 现在听只想自己重新开始 其实我真的好爱你啊李青龙,0,Surplus荔,318592572
491,2017,10,13,[亲亲],0,wokansheihewoyiyang,113113844
492,2017,10,6,我的心愿就是新专辑快来！！！！,0,湖人死忠,7776579
493,2017,10,6,没有什么好后悔~[憨笑],0,超人类啊Beeee,470571219
494,2017,10,6,呀呀呀呀不准你扛起燕姿就跑！,0,超人类啊Beeee,470571219
495,2017,10,5,再听完美这张专辑，明明很多神曲，不懂当年为什么那么多负面新闻,2,在识字的清风,365698221
496,2017,10,2,[色],0,tom-man,361899265
497,2017,10,2,原来他给她唱的是这样的一首歌啊。,2,南uan,132672678
498,2017,10,1,初一时一遍又一遍的听[流感],1,大色素,103034632
499,2017,9,28,爱是勇敢的心愿,2,E-V-Z,86643853
500,2017,9,25,17年爱老大，爱你爱你爱你,1,豫西小天王,594110291
501,2017,9,25,燕姿的歌没几首好唱的！！难度都高，爱你,1,豫西小天王,594110291
502,2017,9,24,这首歌真的key太高了！,2,意达哟,71599944
503,2017,9,22,10月底,0,湖人死忠,7776579
504,2017,9,9,打了卡,0,孤单---个人的狂欢,263901035
505,2017,9,7,好听的不行,0,隔空拜拜,356160892
506,2017,9,4,很多人应该会唱跑调的 这首歌很英伦,0,小莹莹诶,577208974
507,2017,9,4,日常表白id,2,扛起孙燕姿就跑,2594529
508,2017,9,4,有一个心愿，因为我现在没有资格，一直不敢跟你说，我想偷偷的在你家附近住下，然后等一切安稳下来我再告诉你，我要你每天都来我的新家吃饭，对你说你是我的女朋友，每天都要见到你听到你的声音，周日还要跟你一起逛街看电影，要是可以的话还想跟你一起睡觉……,2,用户406081976,406081976
509,2017,9,4,你说说,0,hi我叫丁力,505295047
510,2017,9,4,爱是勇敢的心愿,0,无糖菠萝,125737568
511,2017,9,4,更高的还有好多呢,0,无糖菠萝,125737568
512,2017,9,4,不管风云多善变,0,无糖菠萝,125737568
513,2017,9,3,我说五年以上 并不是说我五年  我16年哦,0,MyLove孙燕姿,277419131
514,2017,9,1,好听,0,breeze19860909,485619031
515,2017,8,30,大概是老大高音最高的歌了。,1,hi我叫丁力,505295047
516,2017,8,27,[爱心],1,wokansheihewoyiyang,113113844
517,2017,8,27,想和你约定永远是我的心愿，怪我懦弱不会捅破那层隔膜🍏,0,西柚味的海棠,122738807
518,2017,8,23,快啦快啦[可爱],0,wokansheihewoyiyang,113113844
519,2017,8,23,[爱心],0,wokansheihewoyiyang,113113844
520,2017,8,23,我也是[大哭]我总觉得你姿这个版本的一股剑侠风,0,KitKat__,41723861
521,2017,8,23,助攻999,0,華丽de晕倒,55438811
522,2017,8,21,这首歌没有999 那就不开心了,0,無wuv為,374119610
523,2017,8,20,这么完美的歌没有999……匪夷所思,2,李阿芳123,365892590
524,2017,8,19,baby im sorry ,0,爖柒,128456286
525,2017,8,19,不能后退 继续前行吧[可爱],0,JUMP___a,261970518
526,2017,8,17,心愿：希望我姿妈马上就能发新专,2,从小爱读书,246116592
527,2017,8,17,[哀伤][哀伤]居然这么冷,0,Nickle丶丶,537398257
528,2017,8,15,燕姿我爱你,0,夜晚有三年3593,564669071
529,2017,8,14,好听的 喜欢的 都会999呢,0,kaixin010,546354844
530,2017,8,9,又来打卡啦，啥时候会999呢,0,未完成s,52426699
531,2017,8,6,五年以上姿龄 没听过这首歌的自己去面壁,2,MyLove孙燕姿,277419131
532,2017,8,4,我竟然感觉，那个英文版的比较好听[惊恐],0,过往云烟视而不见,305289320
533,2017,8,3,[爱心]不错的歌    特别前几句敲好听(ง •̀_•́)ง,1,嗯这歌不错,368335005
534,2017,8,3,在南昌大学待了三年半，亲身经历,0,虚谷幽兰,384672290
535,2017,8,1,我来组成999+,0,孙燕姿来成都开演唱会啊,395631105
536,2017,8,1,有一种必须要向前冲却又必须要舍掉挚爱的感觉。,3,Candywx,551625657
537,2017,8,1,这是我和高中同桌一起在班级新年晚会合唱的歌。那时候，话筒音效不好，舞台不光鲜。昨天听到她因为抑郁去世了的消息....一个人要有怎样的痛苦才会选择放弃生命。不是说不管多累都不能后退吗？,3,果果vera,108663274
538,2017,7,28,当年还买了这张专辑，里面有好几首歌都很好听，但是传唱度却不高，算是遗珠吧！当然还是最喜欢这首歌和《眼泪成诗》，超级好听！,2,一块城墙砖,109964823
539,2017,7,23,心愿就是 老婆生日快乐 快发自拍我就快乐,2,扛起孙燕姿就跑,2594529
540,2017,7,23,不怕为难我自己😭,1,维一晨,337294429
541,2017,7,23,爱姿 7.23生日快乐,1,姿意燕为,263726012
542,2017,7,22,打卡,0,我只会乱乱唱,272309134
543,2017,7,21,金曲捞来一首,0,lm_stef,258724583
544,2017,7,21,遗珠  我姿,1,7leave,41611268
545,2017,7,16,😁😁😁😂😍😍,0,有一只小蜜蜂,383989994
546,2017,7,12,sail the ocean也很好听,0,得儿意的笑t麦,284478877
547,2017,7,10,燕姿[色],1,青春bgm,137134453
548,2017,7,9,完美的一天这张专辑中每一首歌都可以做主打，厉害了我的燕姿.,1,化身孤岛的籣鲸,954267
549,2017,7,5,爱姿,0,姿意燕为,263726012
550,2017,7,4,爱姿,0,姿意燕为,263726012
551,2017,7,3,我们有约，约好一起，永远[亲],0,欧德希,530253189
552,2017,6,30,第一句超抓人的,0,Thea_w,338762508
553,2017,6,27,测量咯哦,0,mgzcheng,17655227
554,2017,6,26,这首歌唱腔惊艳，声音有张力。歌曲完全发挥出了孙燕姿坚强的力量和磅礴的气势，歌曲中有股肃杀的感觉。,2,郭是非,49737943
555,2017,6,24,爱上一个人，始于颜值，陷于才华，忠于人品；                                                                        爱上一首歌，始于歌名，陷于旋律，忠于词意。,4,年少许我爱,71271617
556,2017,6,24,第一遍就被惊艳了，是时候这张专辑把我吸了,0,张又爱,74373499
557,2017,6,23,[爱心][心碎],0,Krewella6,57479852
558,2017,6,22,爱姿,0,姿意燕为,263726012
559,2017,6,21,这是第521条评论，我喜欢赵越，真心谢谢你给的陪伴。,2,年少许我爱,71271617
560,2017,6,21,这是第520条评论，我爱孙燕姿，燕姿就是我尚好的青春。,4,年少许我爱,71271617
561,2017,6,21,我的心愿，就是孙燕姿可以一直唱下去。,3,年少许我爱,71271617
562,2017,6,20,神曲,0,懒得取名纸,506349583
563,2017,6,19,群里有人点歌，回来补听。好听🙆🏻‍♂️,0,fredaloha2019,3840603
564,2017,6,18,后面那几处超有力量，太喜欢了，第一次听就被吸引,0,菜地守望者,115103872
565,2017,6,14,对这首歌都没什么印象啊，当年完全被我无视，今天听到这个觉得好好听。,0,你是彩虹大金刚,452208486
566,2017,6,12,突然想到这个调调,0,比一点多很多点,344085429
567,2017,6,12,浑身鸡皮疙瘩、汗毛倒竖的感觉吗？,0,StefCarfts,284744752
568,2017,6,11,这歌适合自驾进藏听,3,用户61912565,61912565
569,2017,6,10,爱姿,0,姿意燕为,263726012
570,2017,6,10,但我只能前进,1,Season-or-Nemo,100424826
571,2017,6,10,爱姿,1,姿意燕为,263726012
572,2017,6,9,🙄🙄🙄,1,黑暗行星古兰斯菲亚,495929451
573,2017,6,9,太爱她  不想撒手[奸笑],1,扛起孙燕姿就跑,2594529
574,2017,6,9,会的😂首先你得把燕姿放下来,4,黑暗行星古兰斯菲亚,495929451
575,2017,6,9,据某新加坡中年艺术家阐述 新专辑很好听 到时候大家多多支持哦,5,扛起孙燕姿就跑,2594529
576,2017,6,9,今天我姿出道17年了,2,扛起孙燕姿就跑,2594529
577,2017,6,7,加油💪,1,大眼睛的刘胖子,55734389
578,2017,6,7,还有两小时十七分钟高考，我的心愿一定会实现的,6,悦米小易,249975351
579,2017,6,4,南昌一个熟悉又陌生的城市，十月下旬寒风冷,2,虚谷幽兰,384672290
580,2017,6,4,音调的太高了,0,虚谷幽兰,384672290
581,2017,6,3,💓,2,黑暗行星古兰斯菲亚,495929451
582,2017,5,30,这首歌其实可以上下金曲捞  大火的潜质在,4,衝動用完又再有,39642861
583,2017,5,29,隐藏的神曲,1,孙燕姿来成都开演唱会啊,395631105
584,2017,5,27,[亲亲][亲亲][亲亲],1,湖人死忠,7776579
585,2017,5,26,爱姿,1,姿意燕为,263726012
586,2017,5,26,评论这么少真是奇怪，我姿太多隐藏曲目了！[亲亲],2,isNn丶,362158056
587,2017,5,26,燕姿的好多歌以前都是因为听不懂而欣赏不了，现在才发现自己以前错过了好多。,3,继续听歌吧,45556994
588,2017,5,25,日常表白我姿,3,扛起孙燕姿就跑,2594529
589,2017,5,24,明天考科目一，希望满分过！这是我现在的心愿[大哭],1,澜本姿语,76707783
590,2017,5,23,是不是到了某个阶段人就容易脆弱,2,Tobecontinued2000,78731934
591,2017,5,23,突然的心情很差好想大哭一场,2,Tobecontinued2000,78731934
592,2017,5,23,考研路上燕姿陪我前行,3,Tobecontinued2000,78731934
593,2017,5,23,超喜欢这首歌的，怎么评论这么少[呆],1,adrrrk,131749637
594,2017,5,22,嗯 绝对的冷门神曲,3,小新毛线,440308951
595,2017,5,22,但是好听！！,1,一颗沉眠的海胆呀,99327692
596,2017,5,22,没错，确实很冷,1,一颗沉眠的海胆呀,99327692
597,2017,5,22,每次听都感觉好听。还有481个人跟我想的一样，我也就放心了,1,未完成s,52426699
598,2017,5,22,那时候看到燕姿的短发，从此对短发女生莫名好感。太美了。。。。,3,张大平-,482575859
599,2017,5,22,爱姿,2,姿意燕为,263726012
600,2017,5,21,最近最想听这首，只有努力，才能奔向你。请在风的那一边等着我过来拥抱你。[大笑],3,别再奋力逞强,122065677
601,2017,5,20,不科学啊，没满[哀伤][哀伤][哀伤],2,G318狗一丁,435289202
602,2017,5,18,还没999，我不服呀！,3,未完成s,52426699
603,2017,5,18,日常沉迷我姿,2,扛起孙燕姿就跑,2594529
604,2017,5,17,期待(๑˙ー˙๑),1,喊破喉咙也没有用,256397276
605,2017,5,17,这歌对于现在的她来说，音域估计有困难…不过还是希望新巡演她能考虑这首歌…,1,yangzi0823,84363917
606,2017,5,17,这歌太难唱了，估计能live的可能性太小太小,1,喊破喉咙也没有用,256397276
607,2017,5,12,[爱心],1,永远有多远灬,346081467
608,2017,5,12,明天初级[拜],1,大大大袁哒,331786123
609,2017,5,12,凌厉,1,绯衣妖妖,484392366
610,2017,5,10,古巨基有张专辑《心愿》，里面有首歌《完美的一天》[大笑][可爱]这绝对不是巧合[色],3,Sloucher,116912660
611,2017,5,9,最好冷门 永远都别被发现 永远在我的珍藏口袋里,2,jerry_Kai,57808196
612,2017,5,5,心愿。我第一时间想到的是四个女生合唱地那首。毕竟那可是我的回忆。,2,秋Qlu,373639868
613,2017,5,4,！！！！好听！！！！,1,FelixGo,54335999
614,2017,5,3,不管风云多善变。,1,如墨清晨,7625720
615,2017,4,30,苏！！！,1,biggerbiggerthanyou,99863322
616,2017,4,30,为什么那么多歌都要讨论冷门不冷门，我反正觉得好听爱听就够了啊,2,有瑞克,32817376
617,2017,4,28,我们有约这句唱腔和elva好像,1,闪亮亮的阿星,64032851
618,2017,4,28,这么好歌，能够理解的人太少了！算了，独自享受吧[憨笑],2,维一晨,337294429
619,2017,4,23,这首歌超美的,0,小聂要做种花家的好兔子,248265269
620,2017,4,21,啦啦啦😄,0,燕然姿得,438376589
621,2017,4,20,超爱这一首,0,逆光的鱼儿,423372278
622,2017,4,20,你在风的另一边,0,花鹿在隐身,113252149
623,2017,4,19,昨天你凌晨四点发微博，又熬夜 。心愿就是发新专辑的时候不要太累啦,3,扛起孙燕姿就跑,2594529
624,2017,4,18,活在啊姿的时代的我，这个卡要打,3,粟丹Sudan,13092967
625,2017,4,14,打卡[亲亲],1,一叶扁舟_____,98760641
626,2017,4,12,最爱yanzi 《心愿》与《180度》,1,carlyraejepson,70583474
627,2017,4,12,这么好听歌曲没道理评论这么少！,0,心上了锁钥匙丢了,300171881
628,2017,4,11,好听[亲亲],0,冷羊羊_,63281378
629,2017,4,10,心願[爱心]順利通過11天後的專四考試,1,鄒爸比,85768778
630,2017,4,9,开口就被秒,2,北方女老汉,330419225
631,2017,4,9,姿妈,0,Levi子墨,101820340
632,2017,4,8,前奏杀,0,有求必应屋里的盆儿,57054752
633,2017,4,8,［我想会有那一天］不是一般好听！,1,苏三伞,111844957
634,2017,4,8,爱姿打卡,0,苏三伞,111844957
635,2017,4,8,打卡,0,Oh-Jeff,127701932
636,2017,4,4,第一次听这首歌的时候不知道歌名，但很喜爱，花了点时间去找，结果把《逆光》前的歌都听了，然后😊……就喜欢上燕姿了。,5,夜路生花__,278101022
637,2017,3,29,心愿未了，只能带着遗憾离开,1,一杯咖啡的小时间,82972777
638,2017,3,29,十几年了，还是那么喜欢这首歌，不管何时，听这首歌总感觉有一股让人勇敢的力量。,3,陈王一诺,102872098
639,2017,3,26,晚上好，燕姿,0,YZ芣苢,330392808
640,2017,3,26,(๑´∀`๑),0,芋圆做太多了,282881741
641,2017,3,26,回忆,0,sciel,81785862
642,2017,3,23,请问孙妈咪您还记得自己唱过一首歌叫作《心愿》么TAT。。。有生之年不知道能不能听到这首的live。。。,4,yangzi0823,84363917
643,2017,3,23,甚是好听[亲亲][爱心],0,春天之恋,258758924
644,2017,3,21,以前居然没有发现这么好听的歌,1,lookforpleasure,99518696
645,2017,3,20,爱姿,0,姿意燕为,263726012
646,2017,3,19,这评论数我不服呀,1,安生119,334428278
647,2017,3,18,这首真的想了好久，连整首歌都能哼出来了，就是一直忘记歌名，终于在最后想起了！好激动！绝对的隐藏神曲！,1,Sparkling_諾,124377359
648,2017,3,17,高中时候经常听，今天突然想到，，，现在一听。。好有感觉，好像回到了高中。。,2,兜兜儿---,62013916
649,2017,3,15,原来有很多人跟我一样喜欢燕姿冷门歌曲，噢不，我姿没有冷门歌曲,1,点点想,382060155
650,2017,3,15,20:34,0,林守乐,55243746
651,2017,3,14,一样,0,得飘er,272076770
652,2017,3,13,最愛的燕姿的單曲,0,Katschau,253794920
653,2017,3,13,明明很好听，评论缺少的可怜,2,孙燕姿的小流氓,40721477
654,2017,3,12,燕姿，喜欢了你16年。从神奇开始,2,1_叶知秋,98448440
655,2017,3,11,最近又开始重新听我姿[可爱],0,原来她是王诗晴,66121075
656,2017,3,10,隐藏神曲  我姿有很多这样的歌,0,7leave,41611268
657,2017,3,10,天堂很高，永远也很远,0,海绵1874,298588296
658,2017,3,9,不喜欢419 我来跳到420[发怒][发怒],0,鳝鱼可可,45477760
659,2017,3,9,这个歌是我初中每天做眼保健操前，学校必放的歌曲。当时没感觉，就那样听了三年，现在大一了，猛然间找到这个歌，听着听着就想起以前，你在做操，而我在看你。,0,Lptacc,398592149
660,2017,3,6,多年前就爱,0,光之翼123,123533210
661,2017,3,5,不怕为难自己 跨过天堂边缘 不管风云多善变,0,Season-or-Nemo,100424826
662,2017,3,5,23:07,0,林守乐,55243746
663,2017,3,3,心愿[爱心],0,旧的白,360966925
664,2017,3,2,414，03:18,0,阿Dar,94482447
665,2017,2,25,这歌存在我的歌单很长一段时间 现在捞回来听满满的回忆。,1,李笑多,107983664
666,2017,2,20,17:46,0,林守乐,55243746
667,2017,2,20,高中时候你说陪我考去杭州 然而高考后那个暑假分手了 我的志愿填了杭州你却选择留在了成都 你说放手想让我飞得更高更远 却又怕飞远了回不来 你说你会在成都等我 “baby I'm sorry”,1,Thea_w,338762508
668,2017,2,18,我想 会有那一天 oh,0,Islandofcyril,48634536
669,2017,2,11,你在天津吗,0,姿意燕为,263726012
670,2017,2,10,感觉这歌很适合姚贝娜,1,用户61912565,61912565
671,2017,2,10,放弃吧，治不了。咱俩同城[大笑],0,用户61912565,61912565
672,2017,2,8,天堂很高，永远也很远，可是那么美,1,水壶也有人叫啊,81478525
673,2017,2,8,不怕为难自己，跨过天堂边缘，不管风云多善变，爱是勇敢的心愿,1,水壶也有人叫啊,81478525
674,2017,2,7,好听,0,going_up_stef,372536854
675,2017,2,6,第一次[晕],0,study中whoops,48435532
676,2017,2,4,401[大笑],0,北极之狐,18473968
677,2017,1,30,惊喜,0,lyhacc,59891419
678,2017,1,30,听了很久了……为什么这么少人  明明很好听,0,Blade_V,63685169
679,2017,1,28,开口跪,0,永远有多远灬,346081467
680,2017,1,27,最近正在按专辑扫描，第一次听，好[色]喜欢,0,李大大和李果果,303458585
681,2017,1,26,不错，从来没听过，听一次就喜欢了,0,夜风之歌2014,47481643
682,2017,1,26,[可爱],0,姿意燕为,263726012
683,2017,1,26,你这“爱姿病”需要治一治了[奸笑]。yanzi 每首歌的评论都有你🙄,2,耳朵借我A,345087339
684,2017,1,23,遗珠之憾第一名！！我居然没听过这首歌～～超级好听的[爱心][爱心][爱心],0,Seven在北岸38号踩到猫了,268470185
685,2017,1,21,当年这盘专辑最喜欢这首,0,SANGOVSVARGO,768929
686,2017,1,21,这首歌会红！,0,YZKEPLER,42348015
687,2017,1,20,开头那段好听到爆,0,yanzicst,79056105
688,2017,1,18,是高不可攀，不是高不高攀，纠错三次网易都没理我，希望看到这的云友纠正一下，还是这其中有什么缘故在其中？？？,2,超时空自闭,106426645
689,2017,1,14,这首歌这么好听为什么没到999+,1,MyWaYOVO,312806732
690,2017,1,14,这首歌这么好听为什么没到99+,1,MyWaYOVO,312806732
691,2017,1,12,个人感觉sail the ocean好听多了,0,榆笙涩,332576821
692,2017,1,12,我也是，听燕姿这么多年了，第一次听这首歌,0,九日-旭,344972901
693,2017,1,11,突然发现这首太好听了！原来都没发现,1,EdwardHXu,59967209
694,2017,1,11,穿越心里的风雪，爱是勇敢的心愿,0,alwaysrong,264011120
695,2017,1,8,爱姿,0,姿意燕为,263726012
696,2017,1,6,不明白这首怎么会这么冷，超爱的！,0,八宝蔡菜菜,376055697
697,2017,1,5,这都没人的？？？？,0,Air月满西楼,77835179
698,2017,1,4,卧槽好听啊，听第一句就沦陷了,1,静夜撕李白,93804565
699,2017,1,3,爱姿,1,姿意燕为,263726012
700,2017,1,2,好喜欢歌里洒脱勇敢的样子,1,8阿里郎8,307973145
701,2016,12,31,昨晚听了一夜燕姿，听到这些老歌老泪纵横啊[流泪][流泪][流泪],3,跳舞的小谷_,98206866
702,2016,12,27,我起碼三年沒聽這首了，今天突然隨機切到，還是驚艷吶,0,oranlee,131736371
703,2016,12,26,朝圣的心。,1,Vivian珺玥,379605222
704,2016,12,24,白云山巅,1,凉芈芈,115476334
705,2016,12,22,"高二朋友让我听心愿（四个女生） 结果我搜着听的是这首 2333  过了好久  朋友发现我听这首 然后一听  也觉得好听(,,•́ . •̀,,)",1,他从远方赶来,246663257
706,2016,12,22,最喜欢前奏和第一句。,0,俊俊俊的小黄瓜,99166999
707,2016,12,11,其实燕姿有好多歌听着都挺励志的，高中听着到大学，很感谢,2,12679abc,279488548
708,2016,12,9,好听～感觉和杰伦的《我落泪情绪零碎》有点像。[呆],0,Chemsun,43151968
709,2016,12,9,[亲亲],0,烟月胶蓝辰,373292093
710,2016,12,9,我们一起 明明很好听 冷门就冷门吧,0,小嗲001,78833451
711,2016,12,4,大一的时候听到这首歌，那是完美的一天刚发行的时候，一晃十一年了,0,风月自赊,2062490
712,2016,12,4,这张专辑最喜欢的一首,0,打平即可出线,100487215
713,2016,12,3,除了副歌我竟然听不出来两首还有哪里一样的，我这个耳朵厉害了[大哭][大哭],0,---1000X,329808115
714,2016,12,2,现在坐在地铁上去明天考试的地点，奇怪。居然什么感觉都没有，也不紧张。听到这首歌就像有了全部的勇气,1,短腿怪的德罗海达,136204832
715,2016,12,1,大一的时候听到这首歌 现在已经7年过去了,0,蛋白研究狗,92308049
716,2016,11,30,爱姿,0,姿意燕为,263726012
717,2016,11,30,a'z,0,姿意燕为,263726012
718,2016,11,27,就是这些歌，学生时代好像拥有全世界[亲亲],0,幽默的不得志姑娘,344456338
719,2016,11,25,爱姿,0,姿意燕为,263726012
720,2016,11,24,[爱心][爱心][爱心],0,么凹毛,305482164
721,2016,11,23,对，基本上都是几个播放器一起用。对网易云真是真爱[大哭]希望能快点拿到她版权,2,短腿怪的德罗海达,136204832
722,2016,11,23,冷门，网易云又没版权，网易加油啊！,0,星期一的红糖渣,40321555
723,2016,11,23,我感觉它的评论被我们占领了哈哈哈哈,0,短腿怪的德罗海达,136204832
724,2016,11,23,对[憨笑]希望下次的演唱会可以快点到来。喜欢了那么久的人，一定要去[可爱],0,短腿怪的德罗海达,136204832
725,2016,11,23,希望她还有演唱会[憨笑][憨笑],0,星期一的红糖渣,40321555
726,2016,11,22,今天心情不太好，最近半个月可真忙。睡觉啦，晚安[这边]明天又是新的一天啦,0,短腿怪的德罗海达,136204832
727,2016,11,22,好羡慕！！！[流泪],0,短腿怪的德罗海达,136204832
728,2016,11,22,去了，现场很high[开心][开心],0,星期一的红糖渣,40321555
729,2016,11,22,对，好忧伤。你上次去了吗,0,短腿怪的德罗海达,136204832
730,2016,11,22,真是遗憾了，不知道下次演唱会是什么时候了,1,星期一的红糖渣,40321555
731,2016,11,21,那个时候太穷[流感],0,短腿怪的德罗海达,136204832
732,2016,11,21,没有[心碎],0,短腿怪的德罗海达,136204832
733,2016,11,20,那次演唱会去了么,0,星期一的红糖渣,40321555
734,2016,11,20,哈哈哈同城小伙伴，加油[呲牙],0,短腿怪的德罗海达,136204832
735,2016,11,20,喜欢这些节奏的歌，,0,馨之文,360926043
736,2016,11,20,好听,0,馨之文,360926043
737,2016,11,18,燕姿的嗓音我真的无法抵挡,0,无限Saty,31754865
738,2016,11,18,每次听都觉得自己有勇气了，，,2,星期一的红糖渣,40321555
739,2016,11,16,爱姿,0,姿意燕为,263726012
740,2016,11,14,我们有约 约好一起永远,1,于你旧故,45536863
741,2016,11,14,爱是勇敢的心愿,1,于你旧故,45536863
742,2016,11,14,一直都只听喜欢听的，恰好不是烂大街的,1,1220hxy,322288365
743,2016,11,14,太适合我的心境了！,0,1220hxy,322288365
744,2016,11,13,神曲,1,moppeting,271808136
745,2016,11,10,可能是先入为主的原因，不管多听几次中文版还是觉得英文版好听[大哭][大哭][大哭][大哭],0,juarnoon,75248520
746,2016,11,5,好美的编曲！超前卫！,0,小聂要做种花家的好兔子,248265269
747,2016,11,5,这首歌好熟悉,0,傻么鼓迪,255771006
748,2016,11,2,同期待,0,姿意燕为,263726012
749,2016,11,2,爱姿,0,姿意燕为,263726012
750,2016,11,1,一直喜欢这首歌,0,1220hxy,322288365
751,2016,10,30,我姿冷门的歌都好好听[大哭][大哭][大哭],0,Zinger77,275131578
752,2016,10,30,超喜欢这首歌大气的曲风[亲亲][亲亲][亲亲],1,Zinger77,275131578
753,2016,10,25,燕姿这么多歌，最爱她的心愿和逆光,1,雨滴上的喵,35271221
754,2016,10,25,爱姿,0,姿意燕为,263726012
755,2016,10,25,[憨笑],0,问讯2012,52667617
756,2016,10,23,爱姿,0,姿意燕为,263726012
757,2016,10,20,已经没什么冷门热门的感觉了，反正都听过，而且有时分不清听的是哪首[大哭],0,Kepler-_-,300077987
758,2016,10,18,+1,0,未完成s,52426699
759,2016,10,16,燕姿，请给我这个迟到的姿迷可以去看你演唱会的机会吧[皱眉],1,枖枖原的SHE,106532222
760,2016,10,14,"这个冷门很不错~~
",0,姑娘你怎么不穿胖次,73798776
761,2016,10,13,我已无法分辨什么是冷门什么是热门 每一首歌都是一个回忆片段 都是我的青春宝藏,2,花椒吖好麻,9592890
762,2016,10,12,穿越心里的风雪,1,海绵1874,298588296
763,2016,10,12,我们有约 约好的一起永远呢,1,砍下我的手讓你帶走紀念,115891489
764,2016,10,8,爱姿,0,姿意燕为,263726012
765,2016,10,8,[奸笑][奸笑],0,爱姿海,126397948
766,2016,10,8,又是你[呆][惊恐][强],0,DanCingVanGogh,263043497
767,2016,10,8,我得去你的演唱会[钟情],0,DanCingVanGogh,263043497
768,2016,10,5,你在风的另一边,1,E-V-Z,86643853
769,2016,10,4,五年前第一次听就爱上的歌,1,Wow_HAYA,9832804
770,2016,10,4,把评论的9变化成0,1,渣男勋,252710536
771,2016,10,4,十年前的深秋，南昌，耳机里放着这首歌，走在瑶湖边的校园，天空阴沉，寒风吹过，脚踩落叶，我心已冷。三年前的深秋，武汉，分手旅行，阴雨中的珞珈山，想抓住她的手不放，渡轮上，江岸灯火阑珊，我知道是我不够勇敢。十年已过，终于明白，爱是勇敢的心愿！,0,吴景22,339028699
772,2016,10,3,发现燕姿好多好听却冷门的歌。,1,低调毅点,15764674
773,2016,10,1,我是师大的,0,秋---刀,33519114
774,2016,10,1,你听的时候燕姿刚刚发行这张专辑 距离这张专辑发行日整整十一年了 这么冷门的心愿我也不知道现在的瑶湖有多少人在听,0,秋---刀,33519114
775,2016,9,27,不管多累 我不能后退,1,消失的盛夏,54553630
776,2016,9,27,咦…,0,反向参照系,79355981
777,2016,9,27,☺293😴,0,c佐佐,305015404
778,2016,9,26,这首歌旋律好好听 燕姿的声音更好听[亲亲][可爱],0,雪域移城,73146250
779,2016,9,25,这首歌很有力量啊  好听,1,悠游的小羊,77874821
780,2016,9,25,mv……,0,帐号已注销,96032522
781,2016,9,25,爱是勇敢的心愿,0,老子是真的气,263551031
782,2016,9,24,先留名，万一哪天这首歌就又火了！,0,YZKEPLER,42348015
783,2016,9,23,姿在乎你,0,穆沐筱,253244459
784,2016,9,21,爱姿,0,姿意燕为,263726012
785,2016,9,19,爱姿,0,姿意燕为,263726012
786,2016,9,12,爱姿,0,姿意燕为,263726012
787,2016,9,11,[亲亲][亲亲][亲亲][亲亲][亲亲][亲亲],0,成小姿S,84991554
788,2016,9,10,白云山巅，梦想的蓝天，抬头就看得见,2,Stef逆光,263709714
789,2016,9,10,先听了sail the ocean就觉得中文歌唱得很别扭……[大哭],1,夏夜里的诗音,80977943
790,2016,9,7,你在，风的另一边。,1,如墨清晨,7625720
791,2016,9,2,是我自己的名字啦，辉,0,hyahyah,120785173
792,2016,9,2,并没有什么意思，哈哈,0,hyahyah,120785173
793,2016,8,30,我所喜欢的女歌手里，比如戴佩妮孙燕姿梁静茹林忆莲田馥甄！就孙燕姿最有气场哈！狮子座的属性吗,1,KingJames勒布朗詹姆斯,259673060
794,2016,8,30,亲，告诉我网名是什么意思可好？,0,KingJames勒布朗詹姆斯,259673060
795,2016,8,29,我们有约，约好一起永远,2,hyahyah,120785173
796,2016,8,26,燕姿！当然还要提到李偲菘李伟菘[呲牙] 我要看燕姿你的演唱会[爱心],2,pukesummer,37065501
797,2016,8,25,你在风的另一边,1,么凹毛,305482164
798,2016,8,17,跟sail the ocean 好像啊[生病],0,刘逢君,281242457
799,2016,8,11,我是王海峰我喜欢孙燕姿,0,爱姿海,126397948
800,2016,8,11,爱你姿妈,0,是啊又,271963560
801,2016,8,10,棒棒棒,0,大脸猫大脸猫爱吃猫草,59240928
802,2016,8,10,这首歌唱腔惊艳，声音有张力。歌曲完全发挥出了孙燕姿坚强的力量和磅礴的气势，歌曲中有股肃杀的感觉。,4,郭是非,49737943
803,2016,8,10,[爱心][爱心],0,帐号已注销,3616642
804,2016,8,10,后面一段划破天际,0,一个执着的boy,312054405
805,2016,8,7,很大气的一首歌，很喜欢的，完美就是神砖,0,Zinger77,275131578
806,2016,8,7,咩,0,陽狂_陳小咩,78110883
807,2016,8,5,真心好听❤,0,别做情人啊,68067825
808,2016,8,4,打卡！太好听了,0,求一切顺利的王多多,272099714
809,2016,8,1,超好听,0,nelsius,110478273
810,2016,7,30,打卡,0,就叫nagii想怎样,63902185
811,2016,7,30,这么好听评论怎么这么少。。。,0,巨星不易小迷弟,79377507
812,2016,7,30,明明这么好听的。。。。,0,Iffy11,104676596
813,2016,7,29,心愿姿,0,孤单---个人的狂欢,263901035
814,2016,7,29,251,0,孤单---个人的狂欢,263901035
815,2016,7,28,第250个,0,Qi怪--,3080043
816,2016,7,27,我是王海峰我喜欢孙燕姿,1,爱姿海,126397948
817,2016,7,26,当年这首歌挺火的,0,SpaceBoots,103556752
818,2016,7,26,同南昌,0,野神赛高,58420845
819,2016,7,25,好听,0,nelsius,110478273
820,2016,7,25,我不能后退，怕跌个粉碎[心碎],0,筱萌月,133088610
821,2016,7,25,觉得很好听 有种孤勇的感觉 不管是梦想 还是 爱情 词也很不错啊 居然评论的人这么少[心碎],0,嘿你好吗嘿,76810598
822,2016,7,23,我的青春！燕姿生日快乐[蛋糕][蛋糕][蛋糕],1,-有姿有菋-,129649056
823,2016,7,20,又一首隐藏神曲[憨笑][憨笑][憨笑],0,避小,2674140
824,2016,7,18,初中听到时觉得好惊艳，十年后再听发现这首歌依旧小众[大哭],0,原来她是王诗晴,66121075
825,2016,7,17,我姿专注神曲二十年[可爱][可爱],2,yunbianer,41531667
826,2016,7,17,感觉就像在攀登一座永远看不到顶点的雪山,1,小芋圆加油,115373497
827,2016,7,16,冷门 好听,1,Xue友,271983487
828,2016,7,14,隐藏神曲[爱心],1,费洛蒙felomen,297523384
829,2016,7,12,很喜欢,0,帐号已注销,3616642
830,2016,7,11,一首被埋没的神曲…,1,爱在斯德哥尔摩Stockholm,51485651
831,2016,7,11,被低估的一首歌曲，燕姿的演绎也没话说,0,忘不掉的明天r,101795664
832,2016,7,10,武汉。。。也许一年后这也是个让我伤心离开的地方,0,用户277715628,277715628
833,2016,7,10,好好听,0,元宝_,75654110
834,2016,7,9,今天在店里听到了和心愿一样的曲，可是是粤语歌，词都不一样好神奇,0,一叶扁舟_____,98760641
835,2016,7,1,歌词有错字！！！,0,NBA名宿艾弗森,264049003
836,2016,6,30,就因为这首歌彻底的被燕姿征服～,0,KingJames勒布朗詹姆斯,259673060
837,2016,6,29,这专我最喜欢心愿了,0,WOOOOMwang,275225493
838,2016,6,27,[开心],0,Clammy可来米,30946268
839,2016,6,27,。。。外号啊，看来你不是，认错了抱歉-.-,0,i-峥嵘,268881170
840,2016,6,27,啥蚊子王？是个名字？,0,Clammy可来米,30946268
841,2016,6,27,我猜你就是蚊子王[奸笑]晓得我是哪个不？,0,i-峥嵘,268881170
842,2016,6,27,听了这么多年，我自以为很好听，竟然不是999+，我好失望……,0,i-峥嵘,268881170
843,2016,6,27,蚊子王？,0,i-峥嵘,268881170
844,2016,6,26,幸福高不可攀的顶点,1,Clammy可来米,30946268
845,2016,6,19,大气,0,Halo_Stefanie,44758870
846,2016,6,19,高中有段时间很迷这首，睡觉前听，每次一到我们有约，约好一起永远，。。就想起那段虐恋，，，,0,Tim_Huang0216,42792776
847,2016,6,18,歌词到底是高不可攀还是高不高攀,0,路人彦小二,76285353
848,2016,6,13,这首歌第一次听就很喜欢，当时还做了很长一段时间的手机铃声。居然如此冷门,0,Stef-老人家,282817172
849,2016,6,10,可以，这很神曲,1,BTJ_大聖君,283939936
850,2016,6,7,[爱心],0,ZY-7,17531038
851,2016,6,6,可以很强势,0,想在云村找个小姐姐,120710653
852,2016,6,2,打卡[可爱],0,孙燕姿的粉丝,36733053
853,2016,5,30,感觉又是她的不同风格。,0,热爱的艺术,78102685
854,2016,5,29,200+太不科学了,0,一姿耳,249297387
855,2016,5,29,你确定冷门歌曲有100？,2,海外小仙人,65586509
856,2016,5,28,相爱会被成全，但我总是单恋。,1,dis-play,132802796
857,2016,5,28,阳明山，和雪山。,0,dis-play,132802796
858,2016,5,27,这是我姿100首冷门神曲之一[幽灵],0,北极之狐,18473968
859,2016,5,26,时间比较久了,0,当代歌坛,126763195
860,2016,5,18,是呢 这首歌里传达的力量是很强的，竟然只有200冷,1,五个半对柠檬C,40854726
861,2016,5,17,超喜欢燕姿这首，感觉早就可以999了啊,2,暴躁的白玉京,249007219
862,2016,5,16,总是把她唱的多善变听成躲身边😳,0,孙燕姿的手,100429699
863,2016,5,16,这首歌好冷门啊，但很好听啊！,0,Mr-无语,109635189
864,2016,5,15,今天是第一次孙燕姿的心愿，我的心愿是论文能够改的比较完美一些,0,元気满满的咩咩,100246930
865,2016,5,15,爱是勇敢的心愿,0,尼姑梵,263364379
866,2016,5,13,后来呢[奸笑],0,万圣节的老朋友,34075495
867,2016,5,7,"挺好听的，而且也很难唱,不懂为什么这张卖的不好",0,sojeiand-,107726242
868,2016,5,6,我超级喜欢这首 包括歌词,0,ZY-7,17531038
869,2016,5,4,网易有些人真装B，歌单里都没几首中文，自以为逼格很高，其实在中国英文终究是小众，中文歌才是最diao的[可爱],1,看我可爱咩,65911192
870,2016,5,4,完全不觉得[可爱],2,看我可爱咩,65911192
871,2016,4,27,我姿我姿[亲亲],0,走的很慢,120205091
872,2016,4,24,[爱心][爱心][爱心],0,可阳快飞,115746724
873,2016,4,24,[亲亲][亲亲][亲亲],0,可阳快飞,115746724
874,2016,4,23,还是英文版的好听,0,SoManKueng,46645584
875,2016,4,22,这是我心中的神曲,0,我不与那些渣一般见识,40526686
876,2016,4,22,唔,0,-corn,254297149
877,2016,4,20,这首歌喜欢了好长时间，燕姿唱出了很宽广的感觉，如果通过学校广播播出效果会很好？可惜毕业了[哀伤],0,stefan_cheung,30643955
878,2016,4,19,不造为啥脑补到 强者都是含着泪奔跑的人[流泪][流泪][流泪],0,月色摇晃树影_,113465322
879,2016,4,18,一遍爱上,0,Lution_,79140672
880,2016,4,17,我昨天晚上做梦梦见了这首歌,1,星星月亮和她,91845230
881,2016,4,14,我靠，听第一句就喜欢了,2,星星月亮和她,91845230
882,2016,4,10,好听,0,看我可爱咩,65911192
883,2016,4,10,这首还是爱，在此刻,0,ahahaha音缺思听,125438023
884,2016,4,8,燕姿是我第一个知道的女歌手也是一直喜欢的，初中最喜欢的心愿无论何时听起来都是那么的有感觉。,2,痛挚半岛,90084709
885,2016,4,4,[幽灵]欢迎加入我姿的队伍,0,孙燕姿的嘴,53748727
886,2016,4,4,哈哈你是铁粉呀    才开始听她的歌   确实都好听[可爱],0,星禾灿烂,122058328
887,2016,4,4,我姿没有不好听的专[可爱]从初中到现在十几年了[呆],0,孙燕姿的嘴,53748727
888,2016,4,3,完美的一天这张专辑都好好听👻,0,星禾灿烂,122058328
889,2016,4,3,如果可以的话，请姿亲们支持我整理出的歌单  “燕姿那些评论过千的歌”，姿迷无处不在，燕姿无可取代[憨笑],2,朝言夕卜,79162369
890,2016,4,2,很喜欢啊,0,雨陨,31875806
891,2016,4,2,"才发现关于梦的答案
一直在自己手上
只有自己能让自己发光",0,chachapi,246303179
892,2016,4,1,好听[色],0,狂吃狂吃榴莲妹儿,87976610
893,2016,3,30,这歌才特么这点评论,0,没有故事的泽同学,103409513
894,2016,3,27,在收藏夹里待的最久的孙燕姿的歌结果好冷门啊,0,忱杳,96775955
895,2016,3,26,封面真的好美,0,雪之梦lp,59605119
896,2016,3,24,好想后退我不能后退,0,酷圆虎,247542768
897,2016,3,24,[幽灵],0,火蔷薇,33165039
898,2016,3,20,好想后退，我不能后退。怕跌个粉碎,0,追求自由王国的疯子,46100692
899,2016,3,20,这首歌绝对适合高考和考研！,0,追求自由王国的疯子,46100692
900,2016,3,18,是不是老了，都只听歌不爱评论了[哀伤],0,遇见stefanie,34739370
901,2016,3,18,还是你唱最动听[亲],0,张乐川723,12325962
902,2016,3,16,我的天呐这首居然没人？？？？,0,一只馒头就是我,122635037
903,2016,3,16,记得是上小学听首歌，当时是接着姐姐的卡带机听的，所以一听就是童年的味道。不过现在已经变成了一只加班狗！[大哭],0,大城子哦,126709760
904,2016,3,15,我们有约   约好一起永远 不能后退  ,0,美好的雀斑,113276650
905,2016,3,15,sail the ocean,0,kadele,48359212
906,2016,3,14,听多了Darin的？温柔男版，燕姿这版倒是有种在她身上非常罕见的气场233。嗨起来,0,帐号已注销,12333774
907,2016,3,14,好久没有听这首了，随机播放才遇到，确实够冷门吧，好像没唱过现场。但是像有人说的，冷门神曲，当之无愧。,0,海外小仙人,65586509
908,2016,3,14,好久没有听这首了，随机播放才遇到，确实够冷门吧，好像没唱过现场。但是像有人说的，冷门神曲，当之无愧。,1,海外小仙人,65586509
909,2016,3,13,不管风云多善变,1,鸡肋不是,81816871
910,2016,3,10,[爱心],0,尽在今夜,57563227
911,2016,3,7,冷门神曲,1,火蔷薇,33165039
912,2016,3,5,有这样感觉，但慢慢发现这专里除了honey2不喜欢外，首首都爱，尤其是明天晴天和流浪地图,0,遇见stefanie,34739370
913,2016,3,5,又是一首超爱神曲,0,遇见stefanie,34739370
914,2016,3,3,好听！！,0,草率问候,117882466
915,2016,3,1,武大的学长泥嚎啊[呲牙],0,Stef小傻,95849389
916,2016,2,26,白云山巅 梦想的蓝天,0,陈公子果酒,64194309
917,2016,2,20,每一次听都觉得奇怪  这特么简直是神曲啊！  怎么会这么“冷”。。,137,不只是逆光,68467295
918,2016,2,19,"复读的时候给同位推歌，毫不犹豫在p3里选了这首和她一起听，笑着听笑着说：“最喜欢里面的那句话‘相爱会被成全，对不对’。”心里却在想着ex，明明相爱呢，怎么就转眼变化了呢。现在，我好像还在想你。但，还是祝你幸福，坚持相信你会找到那个人,你们会被成全[可爱]。不打扰，是我的温柔。",3,清茶灬,80530371
919,2016,2,16,你在风的另一边,1,E-V-Z,86643853
920,2016,2,1,[强],0,湖人死忠,7776579
921,2016,1,29,感觉自己开着车飞奔在一条很宽很长的路上，没有尽头。,2,甜一分苦九分ya,50669579
922,2016,1,29,好喜欢前面的那几句。,0,甜一分苦九分ya,50669579
923,2016,1,19,同感,0,zkkzcd,71722532
924,2016,1,17,[爱心],0,未完成s,52426699
925,2016,1,14,很喜欢这首~,0,那个米饭,8910787
926,2016,1,13,不怕为难自己  跨过天堂边缘,0,卷积赫敏,77600286
927,2016,1,12,这首歌让人感觉虽然逆风飞翔但还是期待拨云见日的那一刻的释然,8,黑瑞特丶Cloud,29905475
928,2016,1,8,相爱会被成全,1,你叫我我也不答应,62900892
929,2016,1,4,当年专辑第一遍过后，只觉得这首好听[奸笑],6,昊特Leo,94304209
930,2016,1,3,[亲亲],0,黑暗骑士-TDKR,37793064
931,2016,1,1,爱是勇敢的心愿 可是我却后退了,1,starrynail,93188540
932,2015,12,26,节奏感超好,0,轻柔的曲调代表了青春_,11534448
933,2015,12,22,疯了 有版权[流泪]@Mok-田甜,0,奇奇怪怪的她-,33558097
934,2015,12,16,125,0,未完成s,52426699
935,2015,12,13,爱姿[可爱],0,轻柔的曲调代表了青春_,11534448
936,2015,12,13,上次听这歌还是大二吧，现在都毕业两年了，这歌的确偏冷，但就是喜欢啊,1,冰镇番茄,84753531
937,2015,12,7,爱是勇敢的心愿,0,举个西木,60673274
938,2015,12,4,我想会有那一天,0,Tim_Huang0216,42792776
939,2015,11,23,每每听姿的老歌每次都有不同的感觉,1,小小烁,80544605
940,2015,11,22,忘了风还吹着你的脸,0,夜色如谁,73446820
941,2015,11,18,没有什么好后悔,0,飞洒的胡,50679936
942,2015,11,18,我想会有那一天,0,飞洒的胡,50679936
943,2015,11,18,你在风的另一边,0,飞洒的胡,50679936
944,2015,11,18,好想后退，不能后退,0,飞洒的胡,50679936
945,2015,11,17,+1,0,未完成s,52426699
946,2015,11,16,好久没听这歌，刚才脑子突然冒出来这旋律......,0,neneYa,34045662
947,2015,11,16,超级好听,0,忘不掉的明天r,101795664
948,2015,11,15,很多年了还是那么好听,0,PLA龙,99837416
949,2015,11,14,已单曲循环中   有种蛋蛋的忧伤,1,悟拈-,103697056
950,2015,11,13,为啥这么冷,0,鱼籽仙贝,30746606
951,2015,11,12,高中时听的歌，总是希望有一个姑娘陪着我轰轰烈烈爱一场，就像瘦弱的燕姿唱出爱情的力量一样。,0,大侠Wayne,81573498
952,2015,11,12,一起来[大哭],0,失眠的苏菲,48369143
953,2015,11,11,百度百科里的介绍。《心愿》这首歌唱腔惊艳，声音有张力。歌曲完全发挥出了孙燕姿坚强的力量和磅礴的气势，歌曲中有股肃杀的感觉。歌曲中确实有股杀气,0,海外小仙人,65586509
954,2015,11,11,这首没有现场版吗？有个姿迷说有，在一个节目里唱过,0,海外小仙人,65586509
955,2015,11,11,但我只能前进 不怕为难自己,0,奶茶冻定热,100321501
956,2015,11,9,冷门好歌。,0,寻风冷夜,82806723
957,2015,11,8,101,0,雨陨,31875806
958,2015,11,6,100,0,afeiee,16248552
959,2015,11,3,这么好听的歌。我要每随机到一次加一个评论，有一天会到999的……,1,未完成s,52426699
960,2015,11,1,[奸笑][奸笑][奸笑],0,无印良痞,33890876
961,2015,10,29,评论快破百了。,0,打卡环游网易云,29965618
962,2015,10,26,yanziyanzi.,1,帐号已注销,44991129
963,2015,10,25,十年前的深秋，南昌，耳机里放着这首歌，走在瑶湖边的校园，天空阴沉，寒风吹过，脚踩落叶，我心已冷。三年前的深秋，武汉，分手旅行，阴雨中的珞珈山，想抓住她的手不放，渡轮上，江岸灯火阑珊，我知道是我不够勇敢。十年已过，终于明白，爱是勇敢的心愿！,91,风月自赊,2062490
964,2015,10,23,记得那年躺床上偶然听到了完美的一天，就爱上了。这张专辑真的很有力量，很棒！收录这首歌！爱！,1,大逃亡free,95329387
965,2015,10,23,突然觉得有种力量。,0,大逃亡free,95329387
966,2015,10,22,能不能不要总是bb翻唱这件事，看着就烦,2,御手冼红豆,34947475
967,2015,10,16,来自5月的回忆…,0,My丶Halo,49478848
968,2015,10,16,喜欢。,0,冷羊羊_,63281378
969,2015,10,15,好听就多听一遍,0,HONGGUOTAI,3247145
970,2015,10,12,初中过去高中过去，大学结束，如今工作的我，听过许多歌，唯独这首忘不掉，无数个瞬间在内心响起，就像今晚一样。但这十年过去，我想每次听的心情一定不同，不知道会不会有一天再也想不起这首歌，会不会某天再听到又忽然想起曾经的我呢。,0,lisaye_,5632528
971,2015,10,4,燕姿[可爱],0,帐号已注销,30839727
972,2015,10,2,为什么评论这么少？不科学。,0,轻柔的曲调代表了青春_,11534448
973,2015,9,16,燕姿午安,0,大英帝国五连发,44598564
974,2015,9,15,编曲将整首歌变得凛冽锋利、重新塑造了燕姿的唱腔…而在后半段连续的高音里、又把燕姿温暖的质感带了出来…当年也是完美的一天里非常喜欢的曲目。,145,能猫桑,563187
975,2015,9,9,『好想后退 我不能后退 相爱会被成全 对不对爱是勇敢的心愿 你在风的另一边』这一段真的好听啊,2,azote,29730988
976,2015,9,8,有力量又不失情感的唱功[爱心],0,闪泥啦啦啦,88079495
977,2015,9,8,No.80[奸笑],0,闪泥啦啦啦,88079495
978,2015,9,4,[流泪],0,傻子-笨蛋,1331490
979,2015,8,29,我的心愿,0,TwilightSunset,48532534
980,2015,8,24,评论+1😏,0,亲斤起点,62297627
981,2015,8,22,要是是rock就high了,0,橘子皮19,78352854
982,2015,8,15,中文歌才是最屌的,149,举个西木,60673274
983,2015,8,15,你在风的另一边,0,那个米饭,8910787
984,2015,8,13,这首歌在校园广播的话估计效果很棒,1,stefan_cheung,30643955
985,2015,8,10,[亲亲]大爱心愿,0,江疆将姜将来,44547115
986,2015,8,10,还是习惯燕姿的版本,0,冠猜霸,2327367
987,2015,8,9,我的燕姿,0,untouchab1e,2810151
988,2015,8,8,以前听不懂 现在懂了,1,麦豆-,39524253
989,2015,8,2,谱曲是 Sommerdahl Harry ，编曲是 安栋,0,江疆将姜将来,44547115
990,2015,8,1,作曲是谁呀,0,Anzuoz,34574149
991,2015,7,26,完美里最爱,0,向左走方向,54198997
992,2015,7,20,爱是勇敢的心愿。,0,帐号已注销,15441173
993,2015,7,16,@remainsnavy ,0,起球的奇洛,29931972
994,2015,7,9,评论+1[奸笑],0,_linyu,9711638
995,2015,7,6,突然很心疼自己，有没有,0,小喵酱酱0,60722003
996,2015,7,4,可能性几乎没有吧，这首歌一次也没唱过吧？,1,海外小仙人,65586509
997,2015,6,30,第二遍副歌飙高音的地方不要太带劲！！！燕姿最棒！,1,小媛jiang,58668122
998,2015,6,29,孙燕姿好多歌让我不得不认为是同志之歌，相爱会被成全，对不对？ 对！,0,路人彦小二,76285353
999,2015,6,28,这么好听的,0,午夜蒙太奇,55434618
1000,2015,6,27,当初完美的一天这块砖外界评价不太好，心愿是最喜欢的一首。,1,_小番茄,50247418
1001,2015,6,25,第一次在马路上听到就好喜欢，特地去店里问人家老板这是什么歌。,1,若有所思在远道,37072448
1002,2015,6,17,这么孙燕姿的歌，太冷清了吧,1,qXz7x,45689724
1003,2015,6,15,整专最爱的歌,0,武英殿下,16782343
1004,2015,6,12,约,0,榴莲大侠,17863057
1005,2015,6,9,我 们 有 约,0,lazypea,72572793
1006,2015,6,6,我也是,1,9号天台,53103092
1007,2015,6,3,[大哭][大哭][大哭],0,姿音无限泊烟渚,50009794
1008,2015,6,1,有个“心愿”，希望有生之年能听到这首歌现场版，我姿，能不能从坑里把它拉出来溜溜[大哭][大哭][大哭],287,little逸,33742893
1009,2015,5,31,很好听，还专程去看了孙燕姿演唱会，可惜现场没听她唱这首歌，哎,2,SunnyFenng,375313
1010,2015,5,31,评论没破百，不合理！严重被低估的一首歌！,0,禁忌魔法师,2454019
1011,2015,5,27,嗨 老大 南宁站祝顺利[亲][亲],1,乔豆玛袋,35806306
1012,2015,5,25,越来越喜欢完美这一专了,0,遇见stefanie,34739370
1013,2015,5,19,不怕为难自己[哀伤],0,我就是你贝爷啊,69766533
1014,2015,5,19,评论竟然不破百，不科学,0,薇拉没有去租飞机,37090291
1015,2015,5,12,现在想想，这张专辑有的歌还不是那时十六七岁的我能听懂的,1,第二Round,3843193
1016,2015,5,7,[亲亲],0,三零三零亮晶晶,60233726
1017,2015,5,5,好像在山谷间唱歌🎤,2,MonkeymitDL,39969219
1018,2015,4,30,爱是勇敢的心愿,0,遇见stefanie,34739370
1019,2015,4,30,完美里最喜欢这首了,77,遇见stefanie,34739370
1020,2015,4,26,很好听啊，很意外的是我竟然是第一次听到这首歌,1,hello_Jay-hello_Roy,61527304
1021,2015,4,22,怎么第一句就泪崩了呢,2,能跑吗,39724367
1022,2015,4,12,爱是勇敢的心愿,2,Sophia嬉静,43056272
1023,2015,4,11,突然刚才一下子就想崩溃了，听燕姿，看着歌词，泪忍不住的落，半首歌又复原了。心情的喜怒哀乐，难以揣测，就像未来的不可预知。,176,散若烟云,35996981
1024,2015,4,10,百年树人,0,庐定,44428217
1025,2015,4,10,评论这么少好不科学,0,遇见stefanie,34739370
1026,2015,4,2,你在风的另一边,0,圈脸,3148009
1027,2015,4,1,第三十天 只能前进，带上勇敢的心愿,0,sTaNyEr,17447968
1028,2015,3,27,感受很深，颤动，力量与荣耀,1,半曰仙,19528463
1029,2015,3,19,每次听都很带劲的一首歌,2,遇见stefanie,34739370
1030,2015,3,9,就是看曾经。,0,nuber陆,52836283
1031,2015,3,9,好想后退 我不能后退 相爱会被成全 对不对,0,飞洒的胡,50679936
1032,2015,3,8,节奏感很棒。我自己心目中燕姿的金曲。可惜演唱会并没有唱过，这首歌需要意境听才会好听。,1,未完成s,52426699
1033,2015,3,7,心愿！,0,cindymorning,50776807
1034,2015,3,6,这个填词的差英文版本的很多啊,1,轮回与勇气,44748341
1035,2015,2,26,很多人会以为这首歌是翻唱英文那首歌  其实不是  是作曲的那个卖了版权给两边   所以燕姿和那个歌手唱的只是语言不同的版本   不是翻唱哦～～,1,熊熊烈菠萝,52434555
1036,2015,2,19,凌晨两点，你让我知道，我爱自己，爱到希望任何人都发现我。,0,只是耳朵太挑剔,53623388
1037,2015,1,31,"我们有约
约好一起永远",0,Y_漫步云端,29292280
1038,2015,1,18,完美的一天是神砖啊 每首都好听,2,你的摆摆姐姐,47561951
1039,2015,1,7,爱是勇敢的心愿[爱心],0,Ervril,37371520
1040,2015,1,4,[钻石],0,疯狂海龟,18647619
1041,2014,12,15,"sail the ocean
",0,SolitiaZer0,26873371
1042,2014,11,28,考GMAT的时候常常听,1,Hannah812,35533480
1043,2014,11,15,超爱[亲亲][亲亲],0,我的故事你的歌,31183715
1044,2014,11,8,Darin,0,甜扁桃味咩咩,33922804
1045,2014,11,6,燕姿，爱你！清爽利落！最爱你,0,爬在红枣上的蜜蜂,141624
1046,2014,10,8,好听[可爱],0,粗盐要提纯,37318889
1047,2014,10,6,最喜欢高音那一段,0,冰之逸云,38225606
1048,2014,8,15,我想 会有那一天,1,帐号已注销,14169944
1049,2014,7,28,这首歌特别的有意境,0,踩着高跷去北极,258365
1050,2014,7,20,最喜欢的一首燕姿的歌。爱是勇敢的心愿！,0,风月自赊,2062490
1051,2014,7,20,音乐很有感觉，第一遍听没什么感觉，后面听听才喜欢上的,0,爱听音乐的公鸡,31071991
1052,2014,2,12,seal the ocean,1,Mazel-Tov,7847240
1053,2013,12,18,你在风的另一边,2,小星星星没头脑也高兴,3801763
