index,year,month,day,content,likecount,nickname,user_id
1,2019,11,27,就是这张专辑爱上我姿的[亲亲][可爱],0,就当我没有名字吧112,326421915
2,2019,11,26,哼╯^╰,0,王文苑will,326759346
3,2019,11,24,助力999+！,0,羊咩咩爱猫喵喵,97118099
4,2019,11,23,记得第一次听是2011年上大一的时候，那时候用的手机还是诺基亚，MP3也依旧很流行，上课坐后排听这首歌，深深被旋律吸引，懵懂无知的年纪，爱上了燕姿。听了这么多年，每次一个人消化情绪的时候，每次独处理解人生的时候，每次无处诉说成长不易的时候，都是她在陪着。感恩有你，一路相伴。🌾,0,克卜勒_wu,97556018
5,2019,11,23,不过如此🍋,1,皓月星尘,499727006
6,2019,11,22,作曲还都是一个人,0,七宗罪苦笑,417524622
7,2019,11,17,这张专辑听的最多的是这首😂,0,彼得潘与狼,261245021
8,2019,11,17,爱就快要来,0,苑子潯的小号,1548957065
9,2019,11,14,看到评论回复 才想起来。分手了,0,__备胎过热会爆炸__,61374432
10,2019,11,10,真好听,0,云云云云流,1334766690
11,2019,11,8,去追。（听完只想说）,0,那条腊鱼,1468928864
12,2019,11,6,当年做毕业视频的时候，认为这首歌是最好的BGM，太合适了,0,lf12138,99494508
13,2019,11,4,999+,0,Padero,54914001
14,2019,11,4,很有画面感的一首歌，像是个坐在火车窗边戴着耳机的少女，正恬静地望着窗外，远处朝阳缓缓从地平线升起，车窗外风景不断变换，一切都是美好的景象，这时候，少女笑了。。。。。。,2,瑾色安年谁许我一世荒芜170603,334848907
15,2019,11,1,不想等待追现在就起飞我要去体会,0,qiuQAJ,505290620
16,2019,11,1,追,0,XQ0823,489797899
17,2019,11,1,999+,0,YILISHABAI_,49297976
18,2019,11,1,这张专辑入的坑,0,跳舞的反骨,33249451
19,2019,10,29,追赶着 狂奔的地平线,1,7things_,1318437548
20,2019,10,25,哼╯^╰!,0,我看谁的昵称有我骚,1527826158
21,2019,10,25,这首歌竟然没有999+？！大爱孙燕姿,0,ActLikeuKnow_,313978884
22,2019,10,24,爱了的感觉！,0,别再奋力逞强,122065677
23,2019,10,24,助力999＋[可爱],1,广岛上空的LittleBoy,1334938397
24,2019,10,21,追！,0,ssXinss你曾是少年,113324627
25,2019,10,20,孙燕姿的歌有一种艺术感,1,此女多薄情,1515644746
26,2019,10,19,情窦初开时听《追》,0,此女多薄情,1515644746
27,2019,10,14,我喜欢你在我周围[爱心][爱心],2,湿青红,315010446
28,2019,10,12,怀念啊,0,小爱同学啦啦啦,1362401146
29,2019,10,11,不说也明白不说也会明白,1,不遑多让o_O,1944277967
30,2019,10,6,莫名的喜欢这首,0,叠加态,133026520
31,2019,10,4,酸死了,0,Boogaloo木子_EnjoyDancingCrew,374158428
32,2019,10,4,早,0,999里有一个我,120605470
33,2019,10,3,这首歌我觉得很有一种坚定往前的感觉，拨开云雾见到光～,0,Erika_Linder,305117600
34,2019,10,3,[憨笑]上个星期听了很多次这张专,0,Erika_Linder,305117600
35,2019,10,2,是时候整张专辑都喜欢,1,XQ0823,489797899
36,2019,10,1,前奏旋律太好听了！！！,0,六开花,414288959
37,2019,9,29,哼！,0,牙牙在乐,275052344
38,2019,9,28,母胎solo，快点来个人我追下。,1,贰货人生包小哲,89186948
39,2019,9,27,羡慕你[幽灵],0,啊啊啊啊啊20,1986378568
40,2019,9,27,我们都要朝着自己的方向追～追～追～,0,Davis1985,283220382
41,2019,9,26,哼！牛什么,0,林守乐,55243746
42,2019,9,26,啊啊啊，喜欢燕姿[亲亲],0,可阳快飞,115746724
43,2019,9,26,感觉主唱声音被乐器盖住了,0,欲买桂花同载酒--终不似--少年游,1438456267
44,2019,9,25,明年演唱会我要听追,0,君蒙西,324541684
45,2019,9,25,当年单曲循环的歌居然没999,1,TinLoong,3696930
46,2019,9,25,来打卡啦～^朝着自己梦想的地方追吧 谢谢你给我力量～stn 晚安,0,CR-92960,265695261
47,2019,9,22,还挺🐮,1,我想喝可乐-o-,119058459
48,2019,9,21,好兄弟，我也是二中的,3,天色渐晚秋日,413150625
49,2019,9,21,好兄弟 我也二中的[大笑],3,狄氪海鲜,551101736
50,2019,9,21,酸起来了,0,狄氪海鲜,551101736
51,2019,9,21,学校广播站放了两周这个歌,3,我想喝可乐-o-,119058459
52,2019,9,20,追,0,XQ0823,489797899
53,2019,9,18,这首的声音很不同诶~,2,想活在秋天,134708566
54,2019,9,17,放心好啦，我一直到研一都很累[憨笑],1,Stef小傻,95849389
55,2019,9,17,好听,0,印第安老斑鸠1805,1446484261
56,2019,9,15,我好喜欢追，怎么夸这首歌都不为过。词，制作和燕姿的演绎相得益彰，好温柔,1,Cagurls,57342479
57,2019,9,11,哼！,1,鹿啊撸啊露,550931107
58,2019,9,10,kennc是万能的🤪,3,NTUfail,71924954
59,2019,9,9,助力⛽️,0,聪聪葱从匆,58924534
60,2019,9,7,奥力给！,0,也不是猪只打呼,355734135
61,2019,9,7,给我999+,0,也不是猪只打呼,355734135
62,2019,9,7,好听啊啊啊啊！！！,0,也不是猪只打呼,355734135
63,2019,9,5,增加助力值🔋,0,summerecru,62726156
64,2019,9,4,好听！,0,才不是你的小兔叽,535487147
65,2019,9,4,哼(ノ=Д=)ノ┻━┻,0,Heyheyxfy,45158791
66,2019,9,4,[吐舌][吐舌]又来听燕姿～,0,Erika_Linder,305117600
67,2019,9,3,真是一首不好听的都没有,3,矛盾又神往,289620807
68,2019,9,2,哼！！！,0,独独独行呐,534943056
69,2019,9,2,这首居然没有999+？？？,1,等待2020年的波普,321597965
70,2019,9,1,上去,0,芓芓1909,1967285564
71,2019,9,1,我喜欢孙燕姿,0,逐灼,325810307
72,2019,8,31,真好听  啊啊一首不好听的都没有,2,ADancingVanGohn,1419781805
73,2019,8,30,好多冷门慢歌，越听越好听,1,蝉念鹞鹞旺旺,469677036
74,2019,8,30,好听好听 [可爱] 轻快的曲调,0,StefX,300674075
75,2019,8,29,这个夏天，在屏幕上看见了燕姿，久违的感动,1,远离恋爱,420542387
76,2019,8,29,打破886助力999[亲亲],0,_瘾12138_,1567166816
77,2019,8,28,想起了初中刚听这首歌时,0,i大寒_,1915647358
78,2019,8,26,华南理工大学,0,蜗牛芥末,1528275183
79,2019,8,26,2019.8.26 00:26,0,是阿禧阿,1770893789
80,2019,8,25,华东理工嘛[呆],0,小怪兽vink,109880822
81,2019,8,22,2020考研加油！华工我来了！,1,蜗牛芥末,1528275183
82,2019,8,21,追,0,从前有个跳跳Jaye,487830997
83,2019,8,21,好喜欢,0,sssss吖,70633368
84,2019,8,21,相信美好。,0,折剑洗月,286931275
85,2019,8,19,为什么还没有999,0,新厌i,513920036
86,2019,8,18,勇敢去追 高三加油.,0,Floweryeol_,269894443
87,2019,8,17,8.17   18.58,0,苦荞无味,55950026
88,2019,8,15,900!,0,逆光的Kepler,59452383
89,2019,8,15,这么好竟然的歌竟然没有999+,0,鱼儿再见,1455620708
90,2019,8,13,喜欢燕姿的都是善良的人。,1,小爱同学啦啦啦,1362401146
91,2019,8,13,现在在丽江去机场的路上，循环到这首歌，开心，要回家去啦。,0,霉头霉脑云散月现自在飞花slay,42294326
92,2019,8,9,哼！！！！,0,漂浮群岛et_moi,101098936
93,2019,8,9,嗯嗯，我也一样，感觉还是一样的好听,0,再碰手机就剁手,1504569910
94,2019,8,9,买这张专辑的时候我高一 而现在我大学毕业两年了……,1,罐罐好吃吗,1430008205
95,2019,8,9,小学的时候无限循环，没想到再听我已经上高中了😺,0,helloaa0117,272242885
96,2019,8,8,这首歌很好听耶 评论有点少😂[多多捂脸],1,韩小蒙,119193024
97,2019,8,7,爱了就勇敢去追……追过风，追过光，追过时光，追进你的世界……七夕快乐！[爱心],1,奥陶子,260449583
98,2019,8,3,999顶,1,薯条弔弔,330320321
99,2019,8,2,加油啊！,0,小爱同学啦啦啦,1362401146
100,2019,8,2,爱生活 爱燕姿,1,借我半盏灯,107982595
101,2019,8,1,太好听了,1,放羊指南,440032171
102,2019,7,30,太爱孙燕姿了，真的好想去明年演唱会见她一面。,3,霉头霉脑云散月现自在飞花slay,42294326
103,2019,7,30,初中很喜欢的一首,1,蜉蝣Mars,1318597738
104,2019,7,30,哼！！！,0,Kepler__r,413257278
105,2019,7,28,真的好喜欢燕姿,2,ForUidBleedMyselfDry,95211019
106,2019,7,27,居然没有999真的不科学,0,特立独行的Ting,442049
107,2019,7,26,啦啦啦啦我来辽,0,非也非飞,440312810
108,2019,7,26,超级爱的一首歌,0,大蓝呐66,1751291914
109,2019,7,25,孙燕姿很怀念，我上初二，她才出道，班里有个小伙伴说，才女都是飞机场,0,xzk202,1531588453
110,2019,7,25,也许有的歌就是这样子的吧，总会有一首唱进你的心里去,0,1枫落1,1491940770
111,2019,7,23,@一会耳 ,0,秋刀鱼会过期诶,126686682
112,2019,7,23,助力999吖[鬼脸],0,_瘾12138_,1567166816
113,2019,7,21,#孙燕姿723生日快乐# ,0,_不加糖有点甜,128108088
114,2019,7,21,999助力～,0,_不加糖有点甜,128108088
115,2019,7,21,第一二句画面感好强,0,_不加糖有点甜,128108088
116,2019,7,20,听过后心情都变好了,1,Sparrrrk,270935914
117,2019,7,20,999助力,0,河屋流鹊北,44784757
118,2019,7,19,喜欢燕姿的你们表白了吗[亲亲],0,颜值花园_,1373869507
119,2019,7,19,燕姿的声音是独一无二的经典[爱心],0,颜值花园_,1373869507
120,2019,7,19,表白孙燕姿,0,篱珞珞珞,1486357491
121,2019,7,18,很好听 爱燕姿～,0,忧姿,338688999
122,2019,7,17,高考结束有一个多月了，在高中孙燕姿的歌给了我很多前进的力量谢谢啦，感谢陪伴我的同桌（Z R G ）和朋友以及支持我的家人。这次考试是考的最好的一次也是最遗憾的一次差一本线4分，但是都过去了在以后的日子我会更加努力,1,陋室子来,385268909
123,2019,7,16,没有999？,0,Holtby10,299253250
124,2019,7,16,这么好听的歌评论这么少你们是干什么吃的！（摔！＝＝）,0,尼罗船长,333899273
125,2019,7,13,追,1,霉头霉脑云散月现自在飞花slay,42294326
126,2019,7,10,我真的太喜欢听孙燕姿唱歌了,0,李威仪靓靓,330367744
127,2019,7,8,挺有能量的歌,0,z柠檬菠萝冻,413337547
128,2019,7,5,她的声音太好听了。,0,惊覆已晚,314882714
129,2019,7,5,以前的歌编曲真有质感，现在的口水歌都是啥,3,人丑活得9,126207377
130,2019,7,4,这歌评论这么低？？？,0,坏兔子_,451109516
131,2019,7,3,总会因为一首歌对网易云产生怀疑。,3,浅尽,367146918
132,2019,7,2,勇敢的去追❤,0,AngelaJenny,302902875
133,2019,7,2,这首歌，初二的时候可喜欢了。过去十年了。,0,西贝偏北_,1887350745
134,2019,7,2,孙燕姿,0,BabyAustin,54264998
135,2019,7,2,追追追,0,BabyAustin,54264998
136,2019,6,30,顶,0,爱甩葱的初音,1435946190
137,2019,6,30,孙燕姿的每一首歌都好听,1,007号柠檬,61657048
138,2019,6,30,充氧期,0,亦凇,258501200
139,2019,6,29,追 逃亡 奔都是心头肉❤,2,亦凇,258501200
140,2019,6,29,捷径或许存在 我们也没想过找路牌 决定方向就不改[爱心],1,IIIIINIne,48480907
141,2019,6,28,追追追，,0,树庭-,323586372
142,2019,6,28,燕姿的每一首歌都值得用心去体会,1,雅迪小电驴丶,374863804
143,2019,6,27,加速不算耍赖,0,只愿温柔的风-,549008165
144,2019,6,27,追和奔都非常喜欢,0,愿君依旧笑,559237310
145,2019,6,25,这首歌很好听诶,1,周異傲,85108486
146,2019,6,25,那这专的《快疯了》呢,0,是_时候,555105313
147,2019,6,24,姿妈在明日之子没什么表现唱歌的机会，希望早点让姿妈带学员一展歌喉！,3,-淡--淡-,269491278
148,2019,6,24,姿妈赛高啊，虽然早早点亮红心，但是从奔过来还是要说，姿妈驾驭各种风格啊啊啊啊啊！,0,-淡--淡-,269491278
149,2019,6,23,真好 小时的记忆,0,Floyoy,290980961
150,2019,6,23,老大就是帅,0,RainbowAfterTheRain,59825347
151,2019,6,23,现在就起飞,0,RainbowAfterTheRain,59825347
152,2019,6,23,这首歌被低估了,2,林清蕴,350526317
153,2019,6,23,从奔安利来的～,1,NGC1746,317060673
154,2019,6,22,放心大胆的回归吧！,2,可爱又迷人的反派角色dy,78047737
155,2019,6,22,从小听到大的孙燕姿 马上就要高三了 追吧！,0,布拉布拉Jason,1334376868
156,2019,6,22, 燕姿真的超可以啊 mrzz要放了,1,何思甜欸,1522677309
157,2019,6,21,[多多无语],0,唐某不沾刘女,347702944
158,2019,6,21,回声那一刻我在回头，不要太美[可爱],0,柠檬不知我的梦,111812810
159,2019,6,21,燕姿的歌真的不管什么时候都能给我力量[爱心],0,小趙会变好,568349363
160,2019,6,20,奔还是比较中性风   这个声音有点甜甜的了[吐舌],0,玖玥天,39178644
161,2019,6,19,奔 追 就是我每早上班的状态,1,aiya宁遥,63997490
162,2019,6,19,我会永远记得副歌部分 我突然出现在镜头前的那一幕 威尼斯水城是浪漫的 也许平行时空里的我们也是,0,-我该叫什么-,291920547
163,2019,6,16,怎么这么少评论(惊讶),1,在我耳边说风,79343984
164,2019,6,14,刚把这首歌分享到朋友圈 健身完坐在回家的地铁上 虽然明后天是周末停休上班 既然改变不了就开心点吧 我明天能练胸 后天练什么再定嘻嘻,2,Asickmonster,408789418
165,2019,6,11,还记得之前她发微博，就是纳小子骑雕塑那个事，她道歉了，然后微博评论里说什么港台过气歌星，那一刻我觉得有些人喷人是不需要脑子的。,0,Landung,562248348
166,2019,6,6,现在就起飞,1,笑死阿丽,65061924
167,2019,6,6,独立摇滚，也可以说是流行摇滚,0,安利狂魔I,394733570
168,2019,6,3,逃亡,2,aspirui,52766355
169,2019,6,3,我也一样,0,愿君依旧笑,559237310
170,2019,6,3,有品位,1,秋千181215,589079940
171,2019,5,29,嗯嗯！！,0,老吉s,251880332
172,2019,5,27,我爱我姿,1,黑怕之王,126248702
173,2019,5,27,加油！！,0,花自芳菲月自华,276648722
174,2019,5,27,还有11天 高考加油！,2,老吉s,251880332
175,2019,5,25,加油 加油！共勉,1,拨开木叶,1307756482
176,2019,5,24,听燕姿15年了…大学的时候还参加过武汉的姿迷聚会，唱了一首我不难过，虽然没有得奖。哈哈哈哈哈。但是这些回忆现在看来如此宝贵。怀念那个时候的我，希望每一个人喜欢燕姿的人都能变得越来越好。,3,你如此地需要安慰,106176806
177,2019,5,24,爱你我姿,0,Jovy_o,550537587
178,2019,5,24,知道你要参加综艺了，很担心有些人乱喷，那我会很想把他们揪出来胖揍……,5,Landung,562248348
179,2019,5,24,姿妈加油(ง •̀_•́)ง,0,Landung,562248348
180,2019,5,17,庆幸你不是热门 11,0,modestxu,2692292
181,2019,5,15,可以吗,0,starrylee,29431936
182,2019,5,13,好听,0,泡泡是小太阳,421058825
183,2019,5,10,希望能在明年的演唱会听到这首歌，爱了很多年的燕姿，期待你[爱心],6,风雨具寂,1351250411
184,2019,5,9,好听呀,0,-w蓝天,400402222
185,2019,5,9,加油,3,愿君依旧笑,559237310
186,2019,5,9,最后29天！！祝自己高考加油！！！有梦就去追啊！！！！,6,樱桃和樱花,417284213
187,2019,5,8,记得当时还是初中，喜欢一个人窝在家里听着一些歌玩我的世界。当时也不怎么会玩，就喜欢在山里挖一个洞铺上玻璃看夕阳。而这首就是我当时最喜欢的其中一首，现在过去快10年，工作了，想起来这首歌，瞬间当年那个无忧无虑的我的画面浮现出来了。我们回不去了，那曾经的日子。[多多捂脸],1,涉世灬之初,275567572
188,2019,5,6,天呐！我的曾用头像,0,RRRRReady,315053588
189,2019,5,4,好爱这首歌啊,0,我是丑王,127718208
190,2019,4,27,想一想我这一代人 虽然没赶上燕姿大红大紫的时候，这一张专辑是我们最喜欢的是我的青春阿。,6,ecapse,315995873
191,2019,4,27,祝一切顺利,0,ecapse,315995873
192,2019,4,26,看到这首歌没上999顿觉一种还有好歌没被大家发现的窃喜,8,hzbilly,6279038
193,2019,4,26,日推❤,1,AL7和SM4出了才改名,302557474
194,2019,4,22,还是要多听快乐的歌！,4,luluzjl,450057061
195,2019,4,21,这首歌最好听的是快结束的时候和声  从“探险”开始,3,Bluebird1234,415517666
196,2019,4,20,考上了[大笑]有学上了,1,炫酷的哈士奇,342342538
197,2019,4,17,多少年了，脑海中时不时回想起某首歌的某几句歌词。从磁带到CD到网络，有你 真好！,0,奇多米油,77474904
198,2019,4,14,音色太好听了,4,旻綠,317674840
199,2019,4,13,回忆初二爱上的孙燕姿 晃眼8年啦,0,陈十七呐,105068880
200,2019,4,9,人怎么这么少,0,阿怪1997,469296708
201,2019,4,9,这几首都很好听,1,秋千181215,589079940
202,2019,4,6,追,1,用户13465766218,1375626337
203,2019,4,6,轻快爽朗,2,风语001122,345342694
204,2019,4,5,初中时代的音乐启蒙，一转眼这专辑这么多年了，我也21岁了。。😭,2,GarryKurl,61344073
205,2019,4,3,哈哈哈哈哈,0,AMGG636363,1366369609
206,2019,4,2,追不回 11年递专辑的我 的你[大笑],1,島啊球,124484150
207,2019,3,31,这张专真不错,0,一颗香槟星,63091746
208,2019,3,31,下载的 哈哈失误,0,Pentaaaaaaau,318925512
209,2019,3,31,打破777😂😂,1,zb天天向上,112826311
210,2019,3,31,卸载什么？,0,AMGG636363,1366369609
211,2019,3,30,孙燕姿每一首都好听！！！,0,郑淏天,81770891
212,2019,3,30,"初中时候50M流量去中国移动卸载的
那时候刚了解孙燕姿
很清凉的声音 怀念那个时候",1,Pentaaaaaaau,318925512
213,2019,3,29,这首歌在高二那年循环了好久，那时候就像说的那样，是时候开始逆行了，就开始玩命追，也不知道哪儿来的毅力,1,薄纱---,1449689389
214,2019,3,28,去追吧,1,maurice-ravel,1571737504
215,2019,3,25,我记得初中时候在电视上一个叫魅力音乐的频道放孙燕姿的歌好多好多，就有这首！,1,笑里温柔,507547619
216,2019,3,24,这么好听的歌为什么没人呢,0,lih_danc,595685103
217,2019,3,24,前奏好好听啊,0,toeTwomoons,492242114
218,2019,3,19,+10086 11年的夏天是最快乐的~《是时候》这张专辑是孙燕姿没有烂大街的一张，但那个夏天一直在循环这张专辑~,0,庙街街口老中医,347030160
219,2019,3,17,追,0,爱甩葱的初音,1435946190
220,2019,3,12,冲鸭燕姿我16马上17了喜欢你8年了,1,淤2狗,414422174
221,2019,3,11,追！,0,ChessBreadGesture,447774976
222,2019,3,10,我也是  11年是我过得最开心的一年啊,0,七點十分-,355154022
223,2019,3,8,听说要想评论获得赞的一个前提是，你先得发一条评论，嗯，剩下的交给你们了[呲牙],1,因为你Foryou,40317519
224,2019,3,4,我咋第一次听这首歌[大哭]，老大的歌好久没听了,0,莱恩出跳刀,262479235
225,2019,2,27,这个评论量真的不科学,1,柏拉图忘了劈开我_,81885810
226,2019,2,25,听这首歌，想起了2011年那个美好的夏天，再也回不去了[流泪],0,土拨鼠式尖叫,594916842
227,2019,2,24,好,0,Cnvyvy,130316348
228,2019,2,23,倒是来个人让我追啊！！！,0,废人一枚,48453383
229,2019,2,23,加一,0,半座城池丶,500055772
230,2019,2,22,你会追我吗,0,懳籽,509525013
231,2019,2,21,追，累也无所谓,1,wlinlucky,630555541
232,2019,2,21,我来增加评论量啦,0,木木橘Light,1711040895
233,2019,2,19,元宵节快乐 老大[大笑],0,静静听-首歌,619430089
234,2019,2,15,追,0,Titiiiiiiiiiiiii,117684043
235,2019,2,15,结果似乎还行，继续等。,0,Titiiiiiiiiiiiii,117684043
236,2019,2,14,希望这不是2018夏天开始到现在的最后一次评论，希望还可以有机会在煎熬复试时再来“追”几次。其实，真的说真的，刚考完第二天我就把过去半年的一切忘了，像失忆了一样。考完试，匆匆地度过了大学最后一次的考试周。然后，寒假在家躺尸到现在。这两天，身边关于出分查分的消息铺天盖地，确实有点慌了。,1,Titiiiiiiiiiiiii,117684043
237,2019,2,13,听到这首歌就会想起体训时候的蓝天白云，红色跑道，树影婆娑，蒸发在空气中的青春的味道，还有那个充满信心的自己。,2,BeginAgain,546651942
238,2019,2,10,很好听呀 评论好少[撇嘴],2,小米糕啊,1436371488
239,2019,2,10,2019勇敢去追[大笑],3,静静听-首歌,619430089
240,2019,2,7,陪伴至高三毕业,0,mxxmu7,250482822
241,2019,2,5,勇敢追！为自己,0,圈圈圈圆圈圆圈圈的圆,260089010
242,2019,2,4,五年级时听的歌 现在仍然为她感动,2,不吃青椒-Yunan,128461565
243,2019,2,1,每张专辑我最喜欢的就是这种类型的歌,7,塞上骄子,274508410
244,2019,2,1,追,0,kyrie-7丶,1381595894
245,2019,1,31,很久没听，再次听到觉得太好听了,0,ssisiss,56578313
246,2019,1,28,999冲鸭,1,跳舞的反骨,33249451
247,2019,1,26,好听~,0,鵺雪初霁,300519497
248,2019,1,26,"真的 评论这么少 不科学
现在就起飞吧～",0,小米糕啊,1436371488
249,2019,1,26,这首歌很好听，评论太少不科学,0,转身是空,111727561
250,2019,1,24,追,0,个旧和,503064533
251,2019,1,23,不行我觉得应该为燕姿贡献999,0,Gervern,100987864
252,2019,1,23,为什么没人听,0,Gervern,100987864
253,2019,1,18,在教室听着歌，2:52还以为突然外放了，吓得我一抖,0,恰樱桃的小丸子,351784590
254,2019,1,14,嗯？没有999+奇怪了,2,麦给野,508597703
255,2019,1,14,我会考上的,1,srses,249586597
256,2019,1,10,期末！,0,轻烟未霁i,506175166
257,2019,1,9,期末考试加油,0,来碗酒喝,263844199
258,2019,1,9,值得收藏的歌 宝藏,0,Arainii,110603510
259,2019,1,7,恩，还有新专辑的漂浮群岛，超人类,1,很摇滚滴事,98010521
260,2019,1,6,这歌非常好听啊，为啥没有999,3,Hans叔,123918520
261,2019,1,5,[色],0,了唔鹿,419687792
262,2019,1,5,我会追回你 我会等你,0,陆归,122071472
263,2019,1,2,这一条评论数是我的生日[蛋糕],3,不会出现你心里,352389729
264,2019,1,1,我会追上你的，但不会再抓住你不放啦😋,0,陆归,122071472
265,2019,1,1,新年快乐！,0,孙霉菲,486142030
266,2018,12,30,第一约会听的。,0,你开芯就好,354461056
267,2018,12,29,七年了,0,ABiJia-,487191463
268,2018,12,28,晚安,0,BLACKTEAAFTERLUNCH,44184094
269,2018,12,28,在一个旅行的地方，出租车上的电台播了这首歌，就记着这首歌好多年了,0,你姿我姿,466537747
270,2018,12,22,我们都会考上的,0,Luke__________,356628478
271,2018,12,21,加油,1,荨麻般若,307951786
272,2018,12,21,追，明天就起飞。,3,Titiiiiiiiiiiiii,117684043
273,2018,12,20,后天考研祝我成功，我还会回来的,4,炫酷的哈士奇,342342538
274,2018,12,20,让生活来的更猛烈些吧，反正我一个人也没什么好怕的,0,离心1019,129213607
275,2018,12,19,[生气],0,新昵称还没想好,67339684
276,2018,12,18,我也不怕，彻底的唯物主义者是无所畏惧的。[大笑],1,Titiiiiiiiiiiiii,117684043
277,2018,12,17,抱歉抱歉，是我太激动了。尴尬😓,0,煞笔零号,572503423
278,2018,12,16,2020？请问姿妈妈会到武汉开演唱会吗？或者近一点的地方？如果在其他地方自己还要去找吗？那样会不会不方便不安全什么的？,0,煞笔零号,572503423
279,2018,12,15,不想等待,0,小谣爷,96193057
280,2018,12,14,喜翻惹,0,謝安琪Kontinue,341057842
281,2018,12,13,刚刚做完肖四，特地来找孙燕姿讨点睡前慰藉🙃。,1,别再奋力逞强,122065677
282,2018,12,13,共勉,0,别再奋力逞强,122065677
283,2018,12,13,祝好运～,0,暮夜晨星,292529043
284,2018,12,13,考研加油啊，2020年鸟巢见！,0,暮夜晨星,292529043
285,2018,12,13,真的吗？？,0,暮夜晨星,292529043
286,2018,12,12,民间传说，2020出道20周年鸟巢复出演唱会,0,Titiiiiiiiiiiiii,117684043
287,2018,12,11,MV太美啦，求高清的！,0,麻衣雅嘿,129499875
288,2018,12,11,孙燕姿要开演唱会了吗？,0,煞笔零号,572503423
289,2018,12,11,❤️,0,殺死你的不快乐8,612293202
290,2018,12,11,永远爱你。追逐你的影子向前,0,殺死你的不快乐8,612293202
291,2018,12,11,"喜欢你，是真的。
不能在一起，也是真的。
这真是一个悲伤的事，也是真的。",2,Clean13琳,260442670
292,2018,12,9,2011年，第一次给女孩子送花，卡片上写了:不想等待 追 我要去体会你每个欢笑和泪水……,0,子之选天,1391150898
293,2018,12,9,每每听完这首歌总会元气满满～,2,WB1998,480767075
294,2018,12,5,丧的时候听一遍 元气满满的复活,3,o-myrkursins,52465684
295,2018,12,4,我不要告诉你们，开车听这首歌的时候感觉有多棒,2,迪飛科特,269076578
296,2018,11,30,@JayStories,0,耳朵难眠w,349379919
297,2018,11,29,太性感了,0,彼得潘与狼,261245021
298,2018,11,24,为啥~ 我能把这歌听成摇篮曲的感觉 。。。 困了~~·,0,孙燕姿的小迷妹啊,327977684
299,2018,11,24,喜欢孙燕姿这种风格的歌,3,WB1998,480767075
300,2018,11,21,[呲牙],0,Stef-木魚,70036533
301,2018,11,20,不想等待 追！,0,凉太家的兔子,269811322
302,2018,11,20,超级好听啊~,0,WB1998,480767075
303,2018,11,19,过999,0,文鼎九州,135880083
304,2018,11,16,偏爱她的快歌,0,彼得潘与狼,261245021
305,2018,11,15,还有充氧气[鬼脸],0,o呆毛,407968
306,2018,11,11,我很喜欢这首歌啊  评论这么少必须顶起来！,1,丁丁2201,1543314114
307,2018,11,11,我能说只喜欢她的遇见和这首歌吗，虽然也是从小就听她的歌……,0,李小存很纯,115118785
308,2018,11,8,昨天玩儿接歌，接到追字，一下子想起来这首歌辣！真的是我初中的时候天天听！[色],0,原柏绿,568639464
309,2018,11,7,这首是我评论次数最多的啦。[大哭],2,Titiiiiiiiiiiiii,117684043
310,2018,11,7,刚刚下单了肖四肖八，追，现在就起飞。 2020北京见。,1,Titiiiiiiiiiiiii,117684043
311,2018,11,7,[爱心],1,Vvvvving-,128737197
312,2018,11,5,[色],0,桃源望断无穷处,416020049
313,2018,11,1,还有50天，加油！[爱心],0,Titiiiiiiiiiiiii,117684043
314,2018,10,28,追[爱心],1,碎片式,345103363
315,2018,10,27,999+追呀～,0,左歌Caelyn,40774970
316,2018,10,26,正常正常 坚持过去就好啦！,0,随遇而安0202,298862431
317,2018,10,25,梦到这首歌了 ,0,林守乐,55243746
318,2018,10,19,赞赞赞,0,善良可爱软又萌,415753092
319,2018,10,17,"生活何尝不是堆满困苦
日子仍需一天天虚度
步伐或慢或快
努力追到自己的欢乐

祝自己生日快乐。",4,大理大理大理大理,58420777
320,2018,10,16,我会等这首歌到999+,1,一颗蓝莓叭,1536530779
321,2018,10,15,来啦来啦,0,远离恋爱,420542387
322,2018,10,14,这么好听的歌还没人？,2,AMGG636363,1366369609
323,2018,9,27,追 奔,1,每天爱你多一,80767216
324,2018,9,23,新加坡旅游广告歌。,0,彼得潘与狼,261245021
325,2018,9,21,求求自己这三个月不要老是情绪崩溃。[流泪][流泪][流泪]考研这个准备过程太尼玛痛苦了。情绪老是动不动就崩溃。还得理性的告诉自己这是正常的。,1,Titiiiiiiiiiiiii,117684043
326,2018,9,21,已经可以叫姿妈了。[大哭][大哭][大哭],1,Titiiiiiiiiiiiii,117684043
327,2018,9,19,这首的前奏我竟然好喜欢！！,1,GaryboomY,114086141
328,2018,9,17,最喜欢在坐公交车的时候听这首歌,0,奡樹,82341423
329,2018,9,16,张国荣的《追》，陶喆的《追》，孙燕姿的《追》，都是经典,0,爆浆小书童,537107406
330,2018,9,13,听了心情会变好系列(´▽｀)ノ♪,1,-焉尔-,311898609
331,2018,9,9,热评说喜欢这首歌很多都是基佬的那个，其实实在玩梗，蔡依林李宇春的歌底下也有这种梗。但是这个人玩梗的方式让人看着有点难受。这么久了我也不知道除了蔡依林李宇春田馥甄之外其他人怎么变成gay icon的。,1,yourkepler,77073478
332,2018,9,7,[爱心],1,树wm,123279055
333,2018,9,6,这歌是有视频的啊[汗][汗],1,windbreaker风衣,1482000199
334,2018,8,27,好好听啊ꉂ(ˊᗜˋ*),4,wwwwwww--_--,383156127
335,2018,8,24,[大笑],0,草杆子st,246182342
336,2018,8,22,I like every song of Stefanie sun,4,EminemCollection,513590986
337,2018,8,19,好听不火系列,1,爱甩葱的初音,1435946190
338,2018,8,17,高考还有294天，加油，我可以的,6,陋室子来,385268909
339,2018,8,16,却不知所在,0,星岛的妳,48746821
340,2018,8,14,听了会感觉轻松愉悦的歌,1,跳舞的反骨,33249451
341,2018,8,10,那又怎样,1,鹿啊撸啊露,550931107
342,2018,8,8,我喜欢听，但我更能干你妹，,7,淡淡逝,392992456
343,2018,8,6,我以为是哥哥的“追”,0,顾家明___,59204503
344,2018,8,5,[呲牙],0,子之选天,1391150898
345,2018,8,4,我喜欢你在我周围,1,_诗芊,81037679
346,2018,8,4,加速算不算耍赖,0,_诗芊,81037679
347,2018,8,3,考前复习的必听神曲，一听就有精神了，从早上奋斗到晚上都没问题。追，现在就起飞，追，累也无所谓。我要飞!,4,安瑞恪知秋一叶,505853088
348,2018,8,3,性取向一出生就注定的，只不过同性恋一直被压制，根本没有弯或直的说法。一群人的共谋……,9,安瑞恪知秋一叶,505853088
349,2018,8,3,yyk💙💙💙,0,安瑞恪知秋一叶,505853088
350,2018,8,3,为啥,0,泛泛之辈啦啦,129789356
351,2018,8,2,为什么呢,0,爱着奉太郎的文乃,400042126
352,2018,8,1,"和这首歌类似的一首 是  逃亡
打开车窗，踩着月光，离开这城市，想找个解放。",1,夏小莫,869908
353,2018,8,1,为啥,0,starrylee,29431936
354,2018,8,1,一追在追,0,starrylee,29431936
355,2018,7,30,我有预感爱就快要来,2,取消关注先生,495927989
356,2018,7,26,😆,0,Erika_Linder,305117600
357,2018,7,25,追,2,赟光,454310581
358,2018,7,23,😄,0,为何不放既是过往,405181270
359,2018,7,23,评论超级少系列[大哭],0,Ed1son--,279253821
360,2018,7,23,生日快乐姐,2,反反复复人,40500565
361,2018,7,22,谁能给我推荐一个头像哇,0,Ivan_520_Rain,1476314472
362,2018,7,22,现在就起飞吧,0,Ivan_520_Rain,1476314472
363,2018,7,21,刷999,2,跳舞的梵谷yanzi,318974517
364,2018,7,21,最爱孙燕姿,1,跳舞的梵谷yanzi,318974517
365,2018,7,20,你真幸福。羡慕,0,漩葫芦娃喔,414644145
366,2018,7,16,孙燕姿,1,青蛙也吃西红柿,360254282
367,2018,7,16,甜蜜版的，哈哈,0,哒哒萌仙,6813488
368,2018,7,15,哈哈，好奇这个数据是怎么得出来的,2,张鹏_PENG,75635690
369,2018,7,15,你才是基佬，我是剩下的20%(●—●),3,信仰是小兰,321133050
370,2018,7,14,我不是,1,此君的竹子,511438895
371,2018,7,11,孙燕姿,0,飯沒餾透,263738375
372,2018,7,10,剩下20%一定是女孩子哈哈哈哈,1,王二帆子,554993284
373,2018,7,8,孙燕姿最喜欢的就是这张专辑，大概因为有高中时候的记忆加持吧。,1,篱外棠花Styx,68747025
374,2018,7,8,不说也明白，不说也会明白,0,明日晴_SYY,597292521
375,2018,7,7,为什么[大哭],0,Mandy要改变自己,416149277
376,2018,7,5,追不上我吧，啦啦啦……,0,没那么幸运z,477204429
377,2018,7,5,很好听的歌评论居然没有999+,0,冰薪q,353130041
378,2018,7,4,是我小学听的歌,0,王单单小朋友,90172739
379,2018,7,4,已经很多评论都看到某个名字了，希望，不要莫名其妙来，嗯，你懂的。不评论可不代表她歌迷少,1,Queemer,439694882
380,2018,7,2,我要勇敢追,0,你姿我姿,466537747
381,2018,7,2,本基佬喜欢。,1,叽叽叽叽叽基,280358941
382,2018,7,2,最喜欢的歌 听起来整个人都放松,0,大家都叫我斌爷哦,422152723
383,2018,6,28,我听成   你妹的欢笑泪水,0,夏小莫,869908
384,2018,6,23,今天翻出了2011年的CD，再听n遍,0,chenanquan,253117417
385,2018,6,22,太棒了,0,昔时朝花,371775392
386,2018,6,22,有点逃亡的感觉,0,阳三好,51429871
387,2018,6,21,想起 《逃亡》,1,鹿此,37135377
388,2018,6,21,最喜欢的一首～,0,Kkkkaty,301113494
389,2018,6,20,刷999呀,1,跳舞的梵谷yanzi,318974517
390,2018,6,20,我一直以为我是为了一个更好的人去变好，到现在才知道即使他不喜欢我，我们不能在一起。我追的不是他，而是更好的我。希望看到的你会越来越好！[呲牙],2,颜雨文青,373159541
391,2018,6,18,哈哈哈直女也喜欢这首歌,0,帐号已注销,83726692
392,2018,6,13,孙燕姿的歌里这算是我最喜欢的了吧,3,若开到荼靡花事了,538149926
393,2018,6,12,好听,0,本苏本苏本苏本苏,567283101
394,2018,6,11,没唱吧，从他喜欢的歌单来的,0,木弋君,335337463
395,2018,6,11,很喜欢,0,33轉的LP,630862795
396,2018,6,11,所以他到底唱没唱。微博百度都找不到,0,feiffffelixxxxxlin,336271654
397,2018,6,8,哈哈又丑又老不打扰了,0,farssa,1414883801
398,2018,6,8,笑死,0,在-也不会见,263534933
399,2018,6,8,助攻999 这么好听又希望它火又希望它就这样温温的就我们知道😌,0,萧瑟满长安,117577819
400,2018,6,7,私聊领男朋友？,0,留kong,120286073
401,2018,6,3,传说中的基佬来了[可爱],0,farssa,1414883801
402,2018,6,1,整张专辑都好喜欢,0,大天狗v,425124720
403,2018,5,28,hhh,0,嚄冄,254033621
404,2018,5,28,想骂你，还想揍你怎么办？这是首非常有能量的音乐。,7,Dakie-Glacier,1385256991
405,2018,5,26,这个也太好听了吧，我姿都是宝藏啊,0,NotSoooGood,550519478
406,2018,5,25,爱 😍,0,细雨润如酥_,102775763
407,2018,5,20,倒是很像逃亡,0,summmmyth,78018453
408,2018,5,17,这首歌居然没有999+真是不科学。这张专辑我都很喜欢[亲亲],4,辣辣辣哭了,121235068
409,2018,5,15,阿 燕姿好乖的一首歌,0,Dilast,46863278
410,2018,5,14,这么好听的一首歌竟然人这么少，不过少就对了，我就可以独享了[大哭],1,帐号已注销,93185089
411,2018,5,11,这是什么梗,0,ten-thousand-hours,377016052
412,2018,5,11,我就是那成为了传说中的80%,1,遇姿人,541269428
413,2018,5,9,233333我要笑死在这首歌了，那些炸毛的也太可爱了叭,1,花老师小课堂开课啦,353426857
414,2018,5,6,要是真这样的话，怎么可能只有这么只有这点评论数。。。,2,留kong,120286073
415,2018,5,4,这个前奏，让我想起了梁静茹的  直觉，开头有点像,1,nidemingzi你的名字,586048443
416,2018,5,2,只是大家都很喜欢燕姿而已，又不是只喜欢这首歌,3,慵zj,307194949
417,2018,4,27,非常不喜欢你这样因为一首歌来判断一个人是什么样子的！非常不舒服！,218,周家小子和大饼脸,504393615
418,2018,4,26,+1,1,不捐,542447274
419,2018,4,25,+1,1,多希望你说的都是骗我的,381812468
420,2018,4,22,Mp3有全部的燕姿专辑,0,Erika_Linder,305117600
421,2018,4,20,当初MP3里满满的都是孙燕姿的歌，其中夹杂着几首五月天，这首歌是前桌的男生最喜欢的燕姿的歌,2,枯木-不朽,373801319
422,2018,4,19,成为了传说中的20%,8,结菜,57780277
423,2018,4,15,怎么没有999+,0,不露声色撒野,620873826
424,2018,4,14,超清MV呢[哀伤],0,麻衣雅嘿,129499875
425,2018,4,13,超级好听，呀听了这么久的姿妈今天第一次听到这歌，好好听[爱心],0,滴嘟Man,279586995
426,2018,4,11,好舒服的一首歌，放松的状态,3,Janey0521,344520606
427,2018,4,9,[鬼脸],2,子之选天,1391150898
428,2018,4,7,我喜欢你在我周围～你不能只是坐在那里，把所有人的生活看得比自己重，告诉自己那是付出和爱。我喜欢你，不是为了要你迁就喜欢不优秀的我，而是我要为了你变成更好的自己。我喜欢你，所以我要追你一辈子❤️,2,木上三又,1335008205
429,2018,4,7,打卡,0,H-S_Sun,296312220
430,2018,4,7,蜜汁好听。,0,Krillin小林,372952581
431,2018,4,5,听说是奔的姊妹篇,1,王不对称,254940840
432,2018,4,3,愿你我都被认真对待,0,nejaa,114386974
433,2018,4,2,"永远能在追这里听到清醒和启程
建议和逃亡一起食用",2,旻綠,317674840
434,2018,4,2,不知道怎么表达对这首歌的情感。,2,歪歪ooo,294164056
435,2018,4,1,我喜欢,0,八月长安x,263542124
436,2018,3,31,买的第一张专辑就是燕姿这张，怀念当年用录音机听燕姿的时代,0,朝花夕拾下呐喊时的彷徨,433845606
437,2018,3,28,🏃🏃,0,komorebi_la,87522663
438,2018,3,28,追,0,Suda-Masakii,62126505
439,2018,3,26,[爱心][爱心][爱心],0,孙燕姿best,46251605
440,2018,3,25,[爱心],0,赟光,454310581
441,2018,3,24,fangpi,8,PANG_KUN,58333874
442,2018,3,23,评论这么少不科学,0,苦瓜奕晴天伦遇见姿,293415362
443,2018,3,21,幸运不能被安排,0,不会吃腻的饼干,60881014
444,2018,3,21,追,0,孑钧,127353144
445,2018,3,20,"目标往前改
方向不许改",4,追风少年依旧,85096665
446,2018,3,19,因为之前没版权,2,大流氓音乐,5773483
447,2018,3,18,当年是时候专辑刚出的时候最喜欢的一首,0,恋心病热,93080911
448,2018,3,14,你怎么知道基佬喜欢？难度你是基佬吗？,4,习惯了所习惯的习惯,56801446
449,2018,3,12,从现在开始把所有燕姿的歌评论一遍,2,这回绝不坑,305457330
450,2018,3,11,请叫我「冷门歌专业户」，这首很有在黑夜里奔跑的感觉🌌[星星]还蕴含一种很有力量的「科技感」,2,柠檬_CQQ,62239425
451,2018,3,11,高一的时候经常让广播站站长给我放这首歌起床哈哈哈，很欢快啊,0,Tim_Huang0216,42792776
452,2018,3,10,隐藏金曲,0,_Herr-Wong,552112133
453,2018,3,10,继续追,0,清蒸唐老鸭_,135330590
454,2018,3,8,七年[爱心],1,孙燕姿的锁骨,17714009
455,2018,3,4,很好听,0,不吃青瓜瓜瓜瓜,634063870
456,2018,3,4,终于也还是分手了,0,__备胎过热会爆炸__,61374432
457,2018,3,3,而且每一张都还有像错觉啊极美啊同类这种的[大笑],1,steftze,54366514
458,2018,3,3,给你点赞的难道都是基佬？？,4,苦瓜奕晴天伦遇见姿,293415362
459,2018,3,2,居然没有999+？,1,词人月,557477773
460,2018,2,28,531条评论，我生日的数字。最爱的歌词，希望我们有个好结果，哪怕现在并不乐观,1,王小样aicky,16346002
461,2018,2,26,正能量,0,未完成19991230,503310441
462,2018,2,26,终点被地平线藏起来,2,未完成19991230,503310441
463,2018,2,26,探头看着窗外,0,未完成19991230,503310441
464,2018,2,22,去追我的理想～,0,747X,316770704
465,2018,2,21,谁说的粪曲[怒],0,极美欢庆,351351231
466,2018,2,20,召唤尹毓恪神龙w！,5,秃页广发,1361954139
467,2018,2,20,尹毓恪观光小分队[亲亲],5,pickme1,1368931520
468,2018,2,19,好听 很OK,0,sayokoi,300426422
469,2018,2,15,amit不是,1,旻綠,317674840
470,2018,2,15,自从喜欢尹毓恪后听歌风格都变了,5,芜殃,608788695
471,2018,2,12,这不是4小天后？,0,越不过巫山,510321257
472,2018,2,11,？？？？骗人,0,越不过巫山,510321257
473,2018,2,11,你怕是个脑残吧,3,我就想听个音乐非要昵称有个卵用,548560483
474,2018,2,6,why？,4,寒仙女的男朋友,127528541
475,2018,2,5,胡说！,4,可有彩云照人归,53631788
476,2018,2,2,这首歌可是很好听呀 很舒适,0,短毛矮瘦子201706,487501010
477,2018,1,31,听着有一种恋爱的感觉~~[色],0,kkkkrysliang,109966174
478,2018,1,30,好听,1,王金1711,632842409
479,2018,1,29,很多歌当时不觉得怎样，后来越听越明白。说的就是孙燕姿。❤️,3,蓓小呆Stefanie,134075778
480,2018,1,29,好了 知道你是基佬了 退群吧,6,us0tsuki,2982410
481,2018,1,28,评论少不代表听的人少,2,王金1711,632842409
482,2018,1,28,轻快好听,1,王金1711,632842409
483,2018,1,28,天使尹毓恪适合唱,6,世界尽头三十九度的风,317031533
484,2018,1,26,喜欢啊,0,应该不会死掉吧,467933024
485,2018,1,25,尹毓恪+1,4,王甜甜甜甜甜甜skr人,1299023391
486,2018,1,24,[亲亲][亲亲][亲亲],0,Clotish,400594862
487,2018,1,24,尹毓恪哈哈哈哈,7,染指菌,320533869
488,2018,1,23,听着跑步～,1,yanzicst,79056105
489,2018,1,22,探头看窗外 却不知所在 目标往前改 方向不许改,3,姿迷Kepler,62776498
490,2018,1,21,别吧我是直的。。,2,xcvoyager,250285431
491,2018,1,19,几年前听的歌凑评论,0,新厌i,513920036
492,2018,1,19,[奸笑],2,藤子小小,259233057
493,2018,1,15,人这么少我不相信,0,何必如初见,41906970
494,2018,1,15,尹毓恪传送门+1,5,热心市民大王,105707110
495,2018,1,14,[钟情],1,第一口草莓雪冰,368866552
496,2018,1,14,高中一定要很努力很努力，至少要为梦想拼尽全力。,9,比弗利supper,623963590
497,2018,1,13,入坑之曲,1,赫里尔德,410343541
498,2018,1,12,高考之前听到的这首歌，还记得自己当初考前焦虑非常严重，考试前几天的一个下午就在家门口坐了很久，耳机里放着这首歌，望着天，迎面吹来风，莫名其妙就哭了很久。之后擦干眼泪，什么都不去想，高考的时候虽然还是很紧张但总算是顺利地过去了。虽然没有一如往常般满意，但好在，也不算太糟。,7,路程远-,509739146
499,2018,1,8,md评论乱七八糟的，怎么就和基佬扯上关系了……,7,H小流氓,297607033
500,2018,1,7,"你来人间一趟
你要看看太阳
和你的心上人
一起走在街上.",4,帐号已注销,304567842
501,2018,1,7,怎么可以这么准....,4,Linoxgallagher6,90383492
502,2018,1,4,追,2,feorrr,308186114
503,2018,1,2,追,2,ddarkwhite,548737444
504,2018,1,2,前几年，在肯德基听到你的这首歌，我兴奋地跳了起来，转眼间，已经好几年了啊，我希望我没有变，还是原来那个纯粹的自己。,6,Landung,562248348
505,2018,1,2,"孙燕姿
我的2017年度歌手。
下一年，
还是你吗？
我确定。",9,Landung,562248348
506,2018,1,2,入坑之歌[流泪][流泪]当时CCTV15放这歌的mv，瞬间被燕姿这一新加坡旅游广告代言人吸粉，一入就是七年啊[流泪],1,赫里尔德,410343541
507,2018,1,2,这首歌评论有点少啊,0,CHENYUDAN--,279712105
508,2018,1,2,好[可爱],0,暮至明,94756999
509,2018,1,2,是,0,騶公子,269345564
510,2018,1,1,新年快乐未来的你.,1,帐号已注销,304567842
511,2017,12,31,评论里有些人听着歌生怕自己是基佬 😂,3,我爱野三坡,52341204
512,2017,12,31,这首歌是不是新加坡旅游的宣传歌曲?,1,暮至明,94756999
513,2017,12,31,[爱心],0,一只臭蛋蛋,299385177
514,2017,12,30,为什么[呆],0,天空上的旋木,72991027
515,2017,12,30,“不想等待，追 现在就起飞 我要去体会，你每个欢笑和泪水，追 累也无所谓 陪我去追，我喜欢你在我周围，你的心我明白。 ”“不想等待，我想在你周围，追，尹毓恪。”,3,FLiuny,537303901
516,2017,12,29,为什么会有这个说法[呆],0,H小流氓,297607033
517,2017,12,27,[圣诞],0,真的好想学习啊,120380798
518,2017,12,23,现在就起飞～,1,夜话呢喃,410672186
519,2017,12,20,尹毓恪的偶像孙燕姿的歌，喜欢喜欢,9,海蓝的绿,16512490
520,2017,12,19,打卡,2,dongchai,381783590
521,2017,12,17,还是燕姿女神的歌听不腻啊,1,kikiangelu,132473875
522,2017,12,16,跑着追,2,穿山甲chill,304330715
523,2017,12,16,尹毓恪传送门,87,木弋君,335337463
524,2017,12,16,这声音不像我姿妈,0,forriverr-,267867306
525,2017,12,16,1[爱心],0,Ginkin金,400748021
526,2017,12,15,好好听诶,2,Ahrimanm,528893512
527,2017,12,15,mv在哪里，快上线呀！,1,富士ap,37041512
528,2017,12,14,哇熟悉的Kenn C老师,0,曺小嘉,130139167
529,2017,12,14,我相信好歌，总会经得住时间，这不2017我还是想听听2011的是时候[大笑],2,不同的答案,327403241
530,2017,12,13,她的快歌都好好听而且听起来心情就会变好,6,自然两小卷儿,549858192
531,2017,12,10,追！给老子追！,6,PEPSIJD,272556294
532,2017,12,7,这首好听，还好没发现晚,3,7号同学u,342855858
533,2017,12,6,没有方向 要怎么追😔,1,用户85137497,85137497
534,2017,12,5,追,1,鲸与天空ocean,294942951
535,2017,12,3,我喜欢你在我周围,3,fufufufu小舒,389803860
536,2017,12,3,真的敲好听惹 基佬+1[憨笑],4,千珏的小羊,324336339
537,2017,11,29,那《跳舞的梵谷》新专辑这样风格的歌有《充氧期》《漂浮群岛》《超人类》[呲牙][呲牙][呲牙],6,素丸子Kwok,17385100
538,2017,11,29,想起在初中的晚自习用MP3听歌的时光了，时间真的快啊。,0,我的眼中你的世界,357346123
539,2017,11,26,。。。。为什么,0,SYK-JINK,62554240
540,2017,11,26,这点评论数，不科学,3,SYK-JINK,62554240
541,2017,11,26,人好少,0,小三哥1704,450615075
542,2017,11,23,喜欢,2,六小时的放逐,381105912
543,2017,11,22,自然又自在，干净且明亮～,5,恰同学少年时代啊,480557546
544,2017,11,22,🆚,1,大便曌,274705565
545,2017,11,21,加速算不算耍赖[呆],3,钥匙挂在脖子上,86206993
546,2017,11,20,骚年，搞基不？[亲亲],1,A4是真的高,380651364
547,2017,11,20,当时刚听北泰的电台里面听到这首歌就超级喜欢的 可惜听不了 现在再次点了一下居然可以听了啊哈哈哈 开森 🙊🙊,1,阿蓉儿_,83252316
548,2017,11,18,[奸笑][弱],1,藤子小小,259233057
549,2017,11,18,这歌跑步可以听,0,訾央伪装小漠漠,247480354
550,2017,11,17,神经病吧。。。,0,逆光FACE,88730935
551,2017,11,17,没记错的话前几个月这张专辑网易云没版权啊 所以人少是吗？我要为燕姿疯狂打call,3,Megusta_L,279786385
552,2017,11,17,第一次买音乐卡带是燕姿的《孙燕姿同名专辑》，第一次买音乐光碟是燕姿的《是时候》，第一次买数字专辑是燕姿的《跳舞的梵谷》。尚好的青春都是你😊，期待你的演唱会。,4,萌萌哒的张大仙,373589477
553,2017,11,17,评论好少  但是真的好好听,2,ChuckClose0816,301997527
554,2017,11,16,我喜欢你在我周围[可爱],1,素栀凡年,570118722
555,2017,11,16,真的好好听,0,左倾者,340559134
556,2017,11,15,已经是六年前了吗[流泪]听到就想起初中听歌狂骑车的样子,4,用户403687668,403687668
557,2017,11,14,[亲亲]我爱燕姿,1,可阳快飞,115746724
558,2017,11,14,哇塞，终于上架啦,0,yanzicst,79056105
559,2017,11,14,没有版权吗？,0,yanzicst,79056105
560,2017,11,11,[呲牙]那又如何？直男不也喜欢吗,4,蓝懒懒懒呀,120202152
561,2017,11,10,我不是，我是女的,2,vnaty,296476273
562,2017,11,10,不是晴天，但是很清爽，像风吹过脸颊的感觉,0,s2core,3031955
563,2017,11,9,当年 燕姿还是新加坡旅游大使 这首就是宣传MV,3,us0tsuki,2982410
564,2017,11,9,很阳光的一首歌，就像we will get there,0,夏小莫,869908
565,2017,11,7,你们顶起来啊,1,我的爱1011,623429998
566,2017,11,7,好听,0,我的爱1011,623429998
567,2017,11,7,确实经典,1,我的爱1011,623429998
568,2017,11,7,这么经典的歌曲，怎么会没什么评论呢？,2,我的爱1011,623429998
569,2017,11,6,我想追你[憨笑],2,蓝色Danube,284084273
570,2017,11,6,我要去体会 你每个微笑和泪水❤,0,themeditation,101488126
571,2017,11,6,其实有mv来着,0,陈枯荣,517247781
572,2017,11,5,这首评论这么少？？？,1,Fantasy丶o0,430855296
573,2017,11,4,好追 要奔 这就是燕姿！,0,巴斯儿,49155043
574,2017,11,4,之前一段时间网易云没这张专辑版权,2,歌吻鲧,368917990
575,2017,11,4,开头就很好听了！,0,嘿Neon,73569966
576,2017,11,3,帮姿妈顶上去！,0,容嬷嬷的烦恼,280868847
577,2017,11,3,这都能被顶上去？？,1,南无野狐小禅师,137400077
578,2017,11,2,后面那一段好好听！,3,一字张,35290723
579,2017,11,1,年轻无极限的感觉,0,邓邓邓邓邓_邓,955211
580,2017,11,1,这么好听的歌我要藏起来,2,小萧笑晓,506770808
581,2017,10,31,2分32秒开始，妈耶。。。好听的不要不要的啊！！！循环循环循环,2,等待下雨的兔几,405563542
582,2017,10,31,我姿！！越听越好听啊！！！开车的时候听简直好听炸！！！！,0,等待下雨的兔几,405563542
583,2017,10,31,为什么,2,俊燚1372,312988631
584,2017,10,29,加速不算耍赖,1,花老师小课堂开课啦,353426857
585,2017,10,28,哈哈哈[大笑]你也发现了呀,0,超人类啊Beeee,470571219
586,2017,10,28,一首不错的公路之歌,1,大螃蟹和老虞,73835054
587,2017,10,28,是这样,0,RRRRReady,315053588
588,2017,10,25,爱,0,想去吹太平洋的风,431966292
589,2017,10,25,我不是基佬，可我喜欢听😏,0,即兴人格分裂,105814352
590,2017,10,24,爱姿,0,姿意燕为,263726012
591,2017,10,24,助攻999,0,鼠可可black,278996790
592,2017,10,23,"追 累也无所谓 陪我去追
",0,Season-or-Nemo,100424826
593,2017,10,23,不想等待追，现在就起飞,0,克卜勒radio,276225127
594,2017,10,23,评论不科学,0,不二的不二不三不四,99173216
595,2017,10,22,我也喜欢这首歌。但我不是基佬[奸笑],0,藤子小小,259233057
596,2017,10,22,你如果追到我我就跟你嘿嘿嘿[吐舌],0,ChrisAlanYoung,434440793
597,2017,10,21,啦啦啦,0,半座城池丶,500055772
598,2017,10,21,随手一评,0,斗牛旅客,106922873
599,2017,10,21,[爱心],0,一叶江上客,608493201
600,2017,10,20,特别喜欢这个,0,葡萄皮不皮,55496198
601,2017,10,20,以前的专辑里类似风格有很多是燕姿作曲的，希望以后也有类似创作,0,丐丐龙,61471970
602,2017,10,20,这首坠好听[亲亲],0,CRtinywings,98276361
603,2017,10,19,我觉得顺着这个风格 克卜勒里是围绕啊 ,0,Joyoungster,53947291
604,2017,10,19,999~,0,小豆瓣儿_,37086195
605,2017,10,19,厉害厉害,0,EvinBooker,334246656
606,2017,10,19,管他几首999  我都给他干到999,0,丹尼尔帕特,56145905
607,2017,10,19,爱姿,0,姿意燕为,263726012
608,2017,10,18,有几首999？,0,EvinBooker,334246656
609,2017,10,18,这歌没有999+？  我是 不服的,0,丹尼尔帕特,56145905
610,2017,10,18,最爱这首歌了，快来追我,0,Tay泰爱杰伦勒,336009316
611,2017,10,17,这首没999？,0,波喔,332323223
612,2017,10,10,燕姿的歌对我来说没有冷门曲 ,0,孙燕姿什么时候开演唱会,131857521
613,2017,10,10,如果不是因为前两年网易无《是时候》版权，这首起码999+,1,八月长安x,263542124
614,2017,10,7,有点不希望它999+,2,晚上吃啥哇,360199076
615,2017,10,7,2分45好像乱入了一点什么东西？我怀疑我的耳朵不好使了？[呆],1,超人类啊Beeee,470571219
616,2017,10,7,决定方向就不改~[憨笑],0,超人类啊Beeee,470571219
617,2017,10,7,啊啊啊啊啊啊好爱好爱这首歌~击中心灵[憨笑]就是爱燕姿哈哈哈哈,0,超人类啊Beeee,470571219
618,2017,9,29,无限大,0,哈牛逼官,383808242
619,2017,9,29,第一天😉,0,梵谷不跳舞,132774418
620,2017,9,29,感觉一切充满希望,2,梵谷不跳舞,132774418
621,2017,9,28,好喜欢她，骨感女神[色],0,-大-橘-子-,252060281
622,2017,9,28,好听,1,梏野,422645410
623,2017,9,20,爱姿,3,姿意燕为,263726012
624,2017,9,19,追吧追吧,1,vivalahm,92371481
625,2017,9,19,为什么没mv版 我的燕子笑得最好看,0,男子组有你,331090171
626,2017,9,17,我不服,0,minichong,108944182
627,2017,9,17,天天爱燕姿[呲牙],1,NumbLater,115418975
628,2017,9,16,[亲亲],0,保罗韦斯利,124304842
629,2017,9,13,起飞,0,SET天月山,247550745
630,2017,9,11,以前一直很喜欢这首歌 记得体育中考那天学校刚好突然换了歌单 早上起床第一首就是这个 直接从寝室床上蹦起来哈哈哈 那个时候真好啊 满满的信念和动力 还有脚踏实地的毅力[爱心]希望可以快点找到当初的自己,5,Kepler_7,76535546
631,2017,9,4,满满正能量,0,不傻_不白,514487583
632,2017,9,2,喜欢了燕姿十几年，不仅仅是喜欢她的声音，更喜欢她的人生态度，干净清爽，永远正能量,0,冯梓棋,259048326
633,2017,9,2,妈的 怎么听都好好听,0,芦根甘草薄荷饶,248359022
634,2017,9,1,这张专前段时间没有版权吧,3,西里faye,32015769
635,2017,9,1,346××××,0,老福仔,354452609
636,2017,8,31,终于有版权了,0,迷人阿维,119914105
637,2017,8,30,没道理，很棒的,0,香妃伯伯,377853726
638,2017,8,29,是时候  追,0,Christine-ou,337799242
639,2017,8,28,听这首歌总能想起她。她说发现了一首歌，告诉我很好听。歌还在听，人已经不联系了。,0,XieCC,119313753
640,2017,8,28,追,0,Islandofcyril,48634536
641,2017,8,27,我还以为燕姿也翻唱了哥哥的,1,风继续吹灬丨,358710531
642,2017,8,27,追，。？？…,1,whocaress,249375423
643,2017,8,26,这歌没999~  燕姿的歌是怎么回事,0,雨还是不停的落下_,346947268
644,2017,8,24,"追吧
",0,举个西木,60673274
645,2017,8,23,当时没看歌词真是一堆空耳[大哭]姿妈你的国语讲得,1,Union_Tzuyu,33792475
646,2017,8,22,334条评论报道。嘻嘻,0,星河烂人目,442273013
647,2017,8,22,真好听啊,0,傲慢的上校yao,17748403
648,2017,8,20,燕姿种能给人力量,2,不二兔子An,447334719
649,2017,8,19,幸福不能被安排，加速算不算耍赖,0,小兵_3,127677098
650,2017,8,19,能量满满,0,coolmask,110949113
651,2017,8,19,@小兵_3 探頭看窗外，卻不知所在～,1,荡荡一隅清,337498403
652,2017,8,19,这一生，我就对你耍赖[大哭],1,一生情锁,516729931
653,2017,8,17,是的，我就是基佬，,0,1996云起,54246062
654,2017,8,17,有一种声音叫做孙燕姿,2,孟小北s,493105779
655,2017,8,16,要跳起来了！,0,Islandofcyril,48634536
656,2017,8,14,打卡,0,180cm一,115012093
657,2017,8,14,٩( •̀㉨•́ )و,0,九降风啊,272054096
658,2017,8,14,go！,0,夏冰不可语虫,432592806
659,2017,8,13,姿妈最美没人反对吧？,3,戈多132,271715494
660,2017,8,12,[爱心],1,Kepler-3,378301025
661,2017,8,12,[大笑],0,ttttorres-,275233363
662,2017,8,12,打卡,0,zzujlz,322100856
663,2017,8,11,打卡,0,逆光FACE,88730935
664,2017,8,11,为999打卡,0,春水煎茶zzz,298330273
665,2017,8,10,这歌不错呀，坐等999,1,Evelyn阿琳,108667966
666,2017,8,10,决定方向就不改。[禁止],0,如墨清晨,7625720
667,2017,8,9,为什么这么一首欢快的歌这么少人,1,-Small_White,92415281
668,2017,8,8,我喜欢你在我周围,1,超人必有我师焉,344026692
669,2017,8,8,[爱心]爱你，叽妈,0,阿Dar,94482447
670,2017,8,7,初三,0,热心市民lhn,375865823
671,2017,8,6,really,0,-G_A_Y-,303960006
672,2017,8,5,特别喜欢从2分33s开始的那段[憨笑],0,flux_-,122361502
673,2017,8,4,今年夏天在台湾，梅雨暂歇，台风还没有形成，整座岛屿从南到北风平浪静，太阳庇佑着台湾。到了垦丁，没有听到燕姿唱志明与春娇。在台北711躲过一场骤雨，突然想到某个夏天，在花莲，燕姿蹦蹦跳跳唱着“站在地上的脚踝 因为你而有真实感”，台湾真好。,0,丁独独一群人,134001066
674,2017,8,4,才303评论？？,0,敛收水,93593384
675,2017,8,3, 图,0,黄渡恶霸,96772813
676,2017,8,1,不是应该无论什么时候都要坚持自己喜欢的吗！double  stop!Never  say  never[星星][星星][星星],0,LIU停婷,287722138
677,2017,7,31,终于可以播放了 🌈,0,郭豁达,68253566
678,2017,7,30,不是 我已经找到这首歌了 是翻唱的《不如不要》,0,xiaolin050000,434588632
679,2017,7,29,这是mv里他们说的话吗,0,feiffffelixxxxxlin,336271654
680,2017,7,29,大半夜的 听着听着就想去跑步去学习 天亮了 又会困 唉 ,0,朝着太阳晒嗨,38971837
681,2017,7,28,最喜欢这样风格的歌,0,vagae,104539990
682,2017,7,26,追,0,ttttorres-,275233363
683,2017,7,26,每首都好听。,1,归人与过客,248548109
684,2017,7,26,这个，我还真的想不到,1,姿意燕为,263726012
685,2017,7,26,超级喜欢,0,帐号已注销,47771448
686,2017,7,26,中间还有一句，“哦，是吗？你确定。。。”,0,xiaolin050000,434588632
687,2017,7,25,类似于唱分手后的男生又反过来关心自己 中间还有一句是“哦，是吗，你确定。。。”,0,xiaolin050000,434588632
688,2017,7,25,爱姿,2,姿意燕为,263726012
689,2017,7,25,还有别的提示吗,1,姿意燕为,263726012
690,2017,7,25,寻找孙燕姿很早期一首冷门歌，不是专辑里的，MV中貌似是燕姿坐着在独唱，第一句好像是“我过得好吗。。。”歌名极有可能是两个字，翻遍了网易云音乐没找到,0,xiaolin050000,434588632
691,2017,7,24,呵呵！看来你还是。不喜欢！,0,星神韵,51313720
692,2017,7,24,为什么mv下载不了，[流泪][流泪][流泪],0,星神韵,51313720
693,2017,7,24,终于又能评论了，大家帮我追上热评第一可好[大哭][大哭],1,ttttorres-,275233363
694,2017,7,23,追啊,0,城没有门,32991267
695,2017,7,23,非常非常喜欢这首，更喜欢唱首歌的燕姿。#孙燕姿723生日快乐#,1,Cagurls,57342479
696,2017,7,23,燕姿生日快乐[亲亲],0,甜甜辣辣就是我,475642194
697,2017,7,23,爱姿 7.23生日快乐。,1,姿意燕为,263726012
698,2017,7,23,爱姿 7.23生日快乐,1,姿意燕为,263726012
699,2017,7,22,追,0,逆光FACE,88730935
700,2017,7,22,最喜欢这样风格的歌,0,逆光FACE,88730935
701,2017,7,22,留下脚印,0,祀越,288101882
702,2017,7,22,追,0,zzujlz,322100856
703,2017,7,21,不科学啊  竟然这么少听?  个人感觉这首歌炒鸡赞~✈💫,0,帐号已注销,428773528
704,2017,7,20,追,0,每天都在找校卡,298783512
705,2017,7,20,那年高一，这张专辑每一首都手抄歌词每一首都会唱,0,杂食动物吴某某,318270679
706,2017,7,20,这首太棒 好听！,0,JCforJAY,131426128
707,2017,7,19,网易云终于上架了，都忘记旋律了…我的本命燕姿啊,0,ssssteff,102967184
708,2017,7,19,在日推看到开心炸了终于有版权了！三年前的这时候特别喜欢听这张专辑 记忆一下子被唤醒的感觉[流泪][流泪][流泪]我不管我要在每首都留言[流泪][流泪]表白网易云爸爸[爱心],0,Kepler_7,76535546
709,2017,7,19,有版权了 追追追,0,梵谷不跳舞,132774418
710,2017,7,18,哈哈哈哈,0,ttttorres-,275233363
711,2017,7,18,他瞎，看不上老子。现在再追也追不回了。,3,陈簌醨子,509419163
712,2017,7,18,目标往前改  方向不许改,2,旻綠,317674840
713,2017,7,18,最喜欢结尾那句“终点被地平线藏起来”(⊙o⊙)这个地平线蜜汁萌好不好……,0,很多时候都是我问太多了,131668969
714,2017,7,17,n 55！w   ！,1,想去吹太平洋的风,431966292
715,2017,7,16,可以听了好棒o(≧v≦)o,0,那个卖刨冰的总爱说冻住不许走,336820245
716,2017,7,16,清者自清,0,三月廿一的你,253370604
717,2017,7,16,一直给我力量的歌,1,哦珍妮花比尔斯,137203265
718,2017,7,15,很正能量的一首歌……,2,小黄瓜和大倭瓜,137410616
719,2017,7,15,需要打鸡血的时候想起来这首歌,1,我才不是撵红兔,281210342
720,2017,7,14,[大哭],1,dahliama0129,386221906
721,2017,7,14,以前听过，可是今天听出了感觉,1,取到经的至尊宝,119213175
722,2017,7,14,好轻快可爱的歌,0,八宝蔡菜菜,376055697
723,2017,7,13,"最近在收集""以前听过的华语歌""系列",0,F-funny-D-day,259862394
724,2017,7,12,听着很青春 很正能量,0,梵谷不跳舞,132774418
725,2017,7,12,可以评论了？,1,梵谷不跳舞,132774418
726,2017,7,11,现在是我男朋友~,1,__备胎过热会爆炸__,61374432
727,2017,7,10,喜欢喜欢,0,青春bgm,137134453
728,2017,7,10,我是啊,1,情愫gxl,372423365
729,2017,7,8,看你头像就知道你是基佬[奸笑],0,阿七96,42688310
730,2017,7,8,whatever,0,我是丑王,127718208
731,2017,7,8,这首歌真的好听,0,你很棒棒_哦,438218443
732,2017,7,7,燕姿   我要追你！,0,forbe,125980582
733,2017,7,6,爱姿,1,姿意燕为,263726012
734,2017,7,6,基佬都喜欢孙燕姿~,1,情愫gxl,372423365
735,2017,7,5,中枪……,0,悄悄撤退,124727349
736,2017,7,5,姿妈没有冷门的歌  只有爱与不爱[亲亲],2,白岛夏,315437945
737,2017,7,5,[汗],0,LONGCINE,100922734
738,2017,7,3,从逆光等4年到是时候，那时候高二，把是时候全下在手机上了，蒙在被子里一首首地听，听了一晚上。转眼大学要毕业了，每次迷茫时就会听燕姿的歌，因为你的声音总能把我带到那个有着无限美好期望的青春。,1,阿威过去在古都,102575462
739,2017,7,3,原来如此,0,血苍天,490715021
740,2017,7,3,追,0,ttttorres-,275233363
741,2017,7,3,最近才有版权,0,ttttorres-,275233363
742,2017,7,3,超喜欢这首可以给人希冀，给人动力的歌 。让人向往美好，向往爱情。向往外面的世界。高考时快熬不下去就听这首。[爱心],1,hi我叫丁力,505295047
743,2017,7,3,这么好听为啥评论不多，怪,0,血苍天,490715021
744,2017,7,2,幸运不能被安排,0,逆光FACE,88730935
745,2017,7,2,很好听啊,1,逆光FACE,88730935
746,2017,7,2,好好听，可惜很冷门,0,ta_sunnee,509423902
747,2017,7,1,孙小姐 爱你孙小姐！,0,punk19178,98437776
748,2017,7,1,追,0,ttttorres-,275233363
749,2017,6,30,哇能评论？,0,ttttorres-,275233363
750,2017,6,28,追追追,0,Goodnight旧时光,101625539
751,2017,6,28,追追追,1,Goodnight旧时光,101625539
752,2017,6,28,[爱心],0,Hcy真是太酷了,442223515
753,2017,6,27,再不安，也蠢蠢欲追 [强],1,Season-or-Nemo,100424826
754,2017,6,27,追,0,只是路人甲_,133772546
755,2017,6,26,嫁了吧,0,苏三伞,111844957
756,2017,6,26,再不安，也蠢蠢欲追,0,苏三伞,111844957
757,2017,6,26,幸好有燕姿的歌保佑我，终于回家了,0,苏三伞,111844957
758,2017,6,24,一路追来听,1,嬉笑怒骂10086,282154177
759,2017,6,24,现在凌晨12点30分，对明天充满了希望,3,文丞武蔚Lee,19182950
760,2017,6,23,打卡打卡,0,赫里尔德,410343541
761,2017,6,23,追,0,为何不放既是过往,405181270
762,2017,6,23,好听,0,为何不放既是过往,405181270
763,2017,6,22,[奸笑]不行啊,2,李大大和李果果,303458585
764,2017,6,22,高三的时候总听,2,黑的不好啊,334467473
765,2017,6,22,终于可以在网易云听到是时候了了了了了了了了[幽灵],0,明天晴天--,37329385
766,2017,6,22,关于这首歌的记忆，大概就是前年夏天刚开始补习这盘专辑的时候，又刚好在海驾的科目二比亚迪上听到教练放这首歌，于是就构成了这么一个奇怪的记忆组合，估计以后都拆不散了吧……,0,鳝鱼可可,45477760
767,2017,6,22,好听,0,Davie504,57455489
768,2017,6,21,人生就是一直追，燕姿告诉我的,2,反反复复人,40500565
769,2017,6,21,抬头看看窗外[爱心],0,你不知我为你而至,297715630
770,2017,6,21,我姿又要起飞了  超级期待新专辑,3,你不知我为你而至,297715630
771,2017,6,21,我喜欢你在我周围[憨笑][憨笑],0,你不知我为你而至,297715630
772,2017,6,21,期待999+,0,无糖菠萝,125737568
773,2017,6,21,无拘无束的感觉,0,姑苏客st,79800447
774,2017,6,20,夜跑听的  感觉要起飞,0,扛起孙燕姿就跑,2594529
775,2017,6,20,我老婆太会唱歌了吧,0,扛起孙燕姿就跑,2594529
776,2017,6,20,我得在每首下留下足迹，以表我快要飞起来的心情[大笑],0,小聂要做种花家的好兔子,248265269
777,2017,6,19,很轻松舒适的一首歌 感觉能看得见窗外晨曦美好状态,2,短毛矮瘦子201706,487501010
778,2017,6,19,不要贴标签,1,为何不放既是过往,405181270
779,2017,6,19,是基佬了不起啊,1,为何不放既是过往,405181270
780,2017,6,19,三年前玩着QQ堂听这首歌 那年夏天吹着空调 听着燕姿的歌真的好享受,0,咖啡里的猫0921,295585231
781,2017,6,19,经过了才明白,0,用户19780723,274842952
782,2017,6,19,目标往前改，方向不许改[吐舌][吐舌][吐舌][吐舌],2,鲸与天空ocean,294942951
783,2017,6,18,追逐梦想的路上总有燕姿的声音陪伴,0,来自克卜勒星球,361936055
784,2017,6,18,去新加坡!😊,1,暮至明,94756999
785,2017,6,18,滴,0,Hsiaen,74760439
786,2017,6,18,我喜欢你在我周围,0,帐号已注销,111020541
787,2017,6,17,孙燕姿孙燕姿,0,sunyanzi33,40958518
788,2017,6,17,终于解锁了！！！！,0,立春妹,347079561
789,2017,6,17,解锁解锁 打卡打卡,0,-arashi岚_,381391590
790,2017,6,17, 青年西路--------------------青年东路，记忆里总行走在这条路上，天微凉，夜已深，心已远。,0,之乎者也斗鹰丶丶,275079155
791,2017,6,17,[奸笑]追你啊，我的小姿姿～,1,鄒爸比,85768778
792,2017,6,16,快歌,0,瓶中信2016,124268997
793,2017,6,16,好好听。燕姿,0,一地故里,118066649
794,2017,6,16,氛围很轻松愉快的一首歌[爱意][爱意][爱意],0,someKPL,361663031
795,2017,6,16,祝贺解禁！,2,罪歌ex,433115258
796,2017,6,16,喜欢 追,0,图片控-yanzi,281347420
797,2017,6,16,专辑中最被我忽略的一首歌[大哭]但是正能量满满很适合阳光很好的时候听撒～～,0,当冬夜只如初见,309328492
798,2017,6,16,觉得姿妈这张专辑声音好棒！,0,YZKEPLER,42348015
799,2017,6,16,能听啦！[憨笑][憨笑][憨笑],0,YZKEPLER,42348015
800,2017,6,16,[亲亲][亲亲][亲亲],0,YZKEPLER,42348015
801,2017,6,16,畅快又自在～,0,避小,2674140
802,2017,6,16,好听,0,你姿我姿,466537747
803,2017,6,16,终于能听咯,1,sunyanzi33,40958518
804,2017,6,16,跑步神曲哟~~~跑着跑着起飞~~~~~~,2,plutokakaka,68193389
805,2017,6,16,[爱心],1,徐丨若木,246749232
806,2017,6,16,打卡,1,孤单---个人的狂欢,263901035
807,2017,6,16,后知后觉好喜欢,1,长路缓行,47446938
808,2017,6,16,循环循环,0,野小玄,44137665
809,2017,6,16,160，解锁解锁,2,跳舞的克卜勒,122786310
810,2017,6,16,[爱心][爱心],1,_休止符,125463757
811,2017,6,16,昨天想听这首歌的时候，好像还没有上线～今天就有版权啦耶耶耶,0,没九条命的猫77y,32380433
812,2017,6,16,来了来了，有燕姿的地方就有我，好多都是姿吧来的，哈哈哈,2,跳舞的克卜勒,122786310
813,2017,6,16,上架了～,0,陳霆CT,115075204
814,2017,6,16,竟然有了这张，开心[可爱],0,小飞象1234,126488193
815,2017,6,16,[强][强][强],1,成小姿S,84991554
816,2017,6,15,听说能听了，特地赶来,0,斗牛旅客,106922873
817,2017,6,15,打卡,1,鲸与天空ocean,294942951
818,2017,6,15,山东人民发来贺电,1,就叫圣圣吧,125883615
819,2017,6,15,终点被地平线藏起来,0,浜町河岸,376253557
820,2017,6,15,我评论又被吃了,1,永远有多远灬,346081467
821,2017,6,15,不想等待，追。,1,鲸与天空ocean,294942951
822,2017,6,15,助攻999,0,uhocol,124537522
823,2017,6,15,想起同学用诺基亚播放这首歌的时候[流泪],1,燕姿啥时候开演唱会,395002840
824,2017,6,15,解锁打卡！！居然才144评论  刷起来好吗~,2,爱燕姿的猥琐共,99190907
825,2017,6,15,悟出了这首歌新的意义  每次出发去见燕姿 我的心情都是这样：追 现在就起飞 我要去体会 你每个欢笑和泪水 追 累也无所谓 陪我去追 我喜欢你在我周围 ,3,stef虎牙,86952410
826,2017,6,15,你很可怕,0,Siriusly17,277593220
827,2017,6,15,燕姿我爱你,0,kendy的风筝,362892899
828,2017,6,15,[色][色][色],0,柒星雪,85911992
829,2017,6,15,前奏好好好听,1,气氛来了就要醉,308485041
830,2017,6,15,有燕姿的地方就有我,1,气氛来了就要醉,308485041
831,2017,6,15,好听，好听，是时候听听孙燕姿给耳朵和心灵洗个澡[亲亲],1,晓东Davin,7213381
832,2017,6,15,[亲亲][亲亲][撇嘴],0,王子面oO,249311860
833,2017,6,15,打卡,0,王子面oO,249311860
834,2017,6,15,据说可以听了,0,王子面oO,249311860
835,2017,6,15,有版权啦！！,0,孙燕姿的锁骨,17714009
836,2017,6,15,贴吧看过回来了,0,神经七八M,321636583
837,2017,6,15,[色][色][色],0,宁宁宁stefanie,394262381
838,2017,6,15,燕姿✌️,0,宁宁宁stefanie,394262381
839,2017,6,15,这首刚放出来也循环好久呢 [爱心],0,Champagne-Wines,114344953
840,2017,6,15,我要去体会,1,9点人,124168580
841,2017,6,15,笑和泪水,1,9点人,124168580
842,2017,6,15,现在就起飞 追,2,9点人,124168580
843,2017,6,15,信念不能被安排，加速算不算耍赖[大笑],2,晓东Davin,7213381
844,2017,6,15,我爱了燕姿17年[亲亲],2,9点人,124168580
845,2015,11,2,开始这张专辑最不喜欢这首歌了，但听多了~~发现独有一抹初夏的魅力！,8,xf帆,91895203
846,2015,11,1,这从何说起,7,阳光落成一面湖,52167480
847,2015,10,29,艹[汗],4,帐号已注销,88994381
848,2015,10,13,我哪有资格喜欢你啊[哀伤],3,要习惯孤独对么,71759390
849,2015,10,5,！为嘛,4,鹰蛇生死博,95437284
850,2015,10,4,洗脑专用,2,你的视线是谅解,48728206
851,2015,10,3,这首歌 曾是此砖我最不喜欢的歌~~~~但后来细细听来~~~给人一种心绪放松的辽阔感~~,6,xf帆,91895203
852,2015,10,2,奔跑天后[奸笑],5,Cagurls,57342479
853,2015,9,30,孙燕姿每张专辑都会有这样风格的一首歌 不信你去看 奔 追 无限大。。。。。,252,是谁在唱歌15,17748770
854,2015,9,29,114,1,cookSanji,48223596
855,2015,9,28,好听  就那么简单,2,A-Seventee,17887467
856,2015,9,26,关于孙燕姿的第一首歌,6,旧梦里的橘子汽水,32952220
857,2015,9,26,111,1,此网名无法显示,33568645
858,2015,9,20,想起 逃亡 这首歌了。。,4,什么都听的直男,34674462
859,2015,9,20,评论好少啊，这歌还不错的,4,你把我整笑了,52777165
860,2015,9,16,加速算不算耍赖,1,Tim_Huang0216,42792776
861,2015,9,16,经过了才明白…,1,Nuomia,30234242
862,2015,9,15,[爱心],1,青城山下陈绮贞,11684436
863,2015,9,12,公交上电台播出的追,1,pandoar,12428410
864,2015,9,12,公交上电台传出的追,1,pandoar,12428410
865,2015,9,10,为什么听到这首歌会全身起鸡皮疙瘩  鼻子酸酸的,1,你的视线是谅解,48728206
866,2015,9,10,101给我吧,1,怕冷的喵,30565171
867,2015,9,8,让我100[奸笑],1,闪泥啦啦啦,88079495
868,2015,9,8,这首很欢快 轻松 [爱心],1,闪泥啦啦啦,88079495
869,2015,9,6,人竟然这么少,1,森么东东,57221625
870,2015,9,6,为什么,1,大力plus,54291801
871,2015,9,4,綠光，隨堂測驗，沒時間，Venus，直來直往，神奇，超快感，祝你開心，honey honey，夢不落，奔，咕嘰咕嘰，追，空口言，她的每一張專輯幾乎都有一兩首節奏比較輕快，朗朗上口，瀟灑自在的歌曲，演唱會神曲。,190,KR沈h,90089711
872,2015,8,30,咩,2,陽狂_陳小咩,78110883
873,2015,8,25,很喜欢，声音，歌词,1,季商初七,54560002
874,2015,8,24,[怒]竟然没有99+,0,____Z,41087524
875,2015,8,21,为什么啊,0,凌伟想去大海边,63276241
876,2015,8,16,“朝阳悦跑者”主题歌,2,Sunshine-FM,41239742
877,2015,8,14,再累也无所谓,2,Stef-木魚,70036533
878,2015,8,12,追,0,soulsosos,2938775
879,2015,8,3,《追》 来自最喜欢的孙燕姿专辑  喜欢这张专辑的原因也很简单  和煦日阳下教室课桌前他递出的手  呐 送给你,8,__备胎过热会爆炸__,61374432
880,2015,8,2,赞,0,Iamforsaken9527,134480
881,2015,7,25,追,0,举个西木,60673274
882,2015,7,24,来点赞的,0,songflover,32381542
883,2015,7,24,生快,0,vicenteLvcfc,6388866
884,2015,7,21,追,0,走兔毛,67823057
885,2015,7,16,清爽,0,可皮老李,56646970
886,2015,7,16,我喜欢你在我周围,1,结菜,57780277
887,2015,7,4,[可爱]为了梦想 追追追,2,姚大白,268625
888,2015,6,30,孙燕姿  - 追 108bpm,3,媛家de傻媳妇-3-,12839564
889,2015,6,29,决定方向不会改，不撞南墙不回头，撞了也要撞到南墙向前追,2,路人彦小二,76285353
890,2015,6,27,看来你是了。,0,MTDylan-1,3088977
891,2015,6,23,声音好美[憨笑],1,pursuit-追,33917910
892,2015,6,21,对啊，幸运不能被安排,1,沨行,31853032
893,2015,6,21,早。决定方向就不改。╰_╯,2,大胃-贝壳汉肃,2062064
894,2015,6,18,二姐 你加速耍赖。。,0,孙燕美,542076
895,2015,6,16,[爱心],0,qXz7x,45689724
896,2015,6,15,隔壁大叔腿毛来碰到我的腿毛,0,vicenteLvcfc,6388866
897,2015,6,15,隔壁大叔的腿毛老是碰到我的腿毛,0,vicenteLvcfc,6388866
898,2015,6,15,哈哈哈哈哈，好可爱[呆],1,帐号已注销,37833626
899,2015,6,14,追,4,祎中人,64017088
900,2015,6,14,这首歌的MV其实就是新加坡的城市宣传片，当初就是被这首MV骗来了新加坡[憨笑],2,新加坡国立大学,35081692
901,2015,6,11,[爱心],0,sn98,65189538
902,2015,6,11,YouTube上一个台湾旅游的宣传片的背景音乐，,1,fuha0,7581577
903,2015,6,10,麦当劳里坐听出了syz，听不出是追[大哭],0,转身后仰三踏步,881676
904,2015,6,8,还可以，你们可以听下  空口言   和  当冬夜渐暖   超爱燕姿,2,0璀璨中的凋零0,36037399
905,2015,6,6,喜欢![跳舞],0,_金鱼王,55438127
906,2015,6,6,好听！,0,曾勵志,58042370
907,2015,6,2,这么好听的歌，听的人这么少,0,fuha0,7581577
908,2015,6,2,算冷门的歌了哈哈哈,0,豆酱子,70842194
909,2015,5,31,[生病][生病][生病][惶恐],0,姿音无限泊烟渚,50009794
910,2015,5,27,特别适合旅途中看着窗外发呆的时候听 ,1,可皮老李,56646970
911,2015,5,25,有段时间这首单曲循环了一个星期,1,飞洒的胡,50679936
912,2015,5,25,评论不算多哦，这么好听的歌。,1,秦关west,37547210
913,2015,5,25,很好听的歌啊，评论却不算大哟,0,秦关west,37547210
914,2015,5,24,好听！感觉属于隐藏着的好歌，评论这么少！,1,镜之渊,66852579
915,2015,5,22,坏景色很快被替代 ,1,帐号已注销,50712760
916,2015,5,21,[呲牙][呲牙][奸笑][奸笑],0,可欣Chan,66451701
917,2015,5,19,现在就追,0,青叶的叶是青春,69423528
918,2015,5,17,高三的追！,3,missay,19489253
919,2015,5,17,追追追追追！！！！！,0,远行的节拍,12611935
920,2015,5,10,封面像极了高圆圆。,0,帐号已注销,32642190
921,2015,5,10,无意看到了，爱是心疼，顿时哎嘛！…,0,Fannyzm,2059857
922,2015,5,9,[大笑],0,fishky,14148820
923,2015,5,7,好听,0,sunriselove123,65785782
924,2015,4,25,[大笑],0,傻子-笨蛋,1331490
925,2015,4,20,评论少 不科学[幽灵],0,洛小鹿也,46347197
926,2015,4,18,性别女 爱好男。,0,谁的治愈里,61065383
927,2015,4,17,女神的歌不能这么少,2,直帅君,53203999
928,2015,4,17,头像！头像！[惊恐][惊恐][惊恐][惊恐][惊恐][惊恐][惊恐],0,LittleLadyMorpheus,56093090
929,2015,4,17,这么好听，为什么评论这么少…,0,LittleLadyMorpheus,56093090
930,2015,4,7,基佬你好,1,到不了的塔尔斯特,37068989
931,2015,4,4,不想等待追！,0,你的视线是谅解,48728206
932,2015,4,3,每首歌都要评论！,1,伊巴斯典,42166429
933,2015,3,26,mv太美了,2,measonye,42515822
934,2015,3,22,[生病]？,14,散若烟云,35996981
935,2015,3,22,[可爱]好棒,0,散若烟云,35996981
936,2015,3,21,[大笑],0,散若烟云,35996981
937,2015,3,16,为什么评论这么少,0,酱油D,56567007
938,2015,3,6,追  现在就起飞,0,你的视线是谅解,48728206
939,2015,2,24,总觉得前奏像逃跑计划里某首歌,0,wHim3,9693929
940,2015,2,23,"雨还是不停地落下是雨天的续，追是奔的xu。
但是老大，你也是续，开始凭唱技来掩盖情感上的缺失了。",0,千屈菜,35338253
941,2015,2,15,基佬你好,1,阿了个枫,43091974
942,2015,2,1,#二月你好#,1,Yyhaaa,1316673
943,2015,1,27,为什么咧,0,御手冼红豆,34947475
944,2015,1,19,喜欢，但是评论好少,0,河屋流鹊北,44784757
945,2015,1,8,[爱心],0,MissMiko,34099761
946,2015,1,6,那我得好好听听,0,tablochina,44436766
947,2015,1,6,很多基佬都喜欢这个歌，喜欢这个歌的80%都是基佬！,214,tamsunca,28008728
948,2014,12,28,早安[大笑],0,Summer樱祭,10314366
949,2014,12,12,陪我去追，我希望你在我周围,2,风之清野,45223464
950,2014,10,21,最近好爱这首[可爱],2,粗盐要提纯,37318889
951,2014,9,10,Deadline 10月，追！,0,求其改个名吧,32379416
952,2014,9,10,Deadline 10月 追！,1,求其改个名吧,32379416
953,2014,8,29,啦啦啦。,0,肖冲动,133108
954,2014,8,11,🎵,0,baba桑,20018374
955,2014,7,18,想起去年冬天，和自己的那股傻勁。[大哭],1,Vivian的心生活,20695312
956,2014,7,6,探头看着窗外 却不知所在 目标往前改 方向不许改,0,你的法语很漂亮,2857482
957,2014,6,7,积极向阳,1,sly狼文爱年轻,16688454
958,2014,4,9,早早早,0,小星星星没头脑也高兴,3801763
959,2014,4,9,早安,0,小星星星没头脑也高兴,3801763
960,2014,2,9,副歌的节奏很喜欢,1,vincy_baby,7875499
961,2014,1,1,时间刚刚好 阳光很美好 ～,0,mon_需一日三省,7034131
962,2013,7,15,听到这首歌，想起在台湾，孙小姐给我亲笔签名的那一刻，yeah~~开始今晚的夜跑咯,507,小白_Johnny,818526
