index,year,month,day,content,likecount,nickname,user_id
1,2019,11,28,蹦迪神曲,0,Sitifani,367734784
2,2019,11,27,最后的咯咯笑声好听,0,LiveNewLifeoneonlyorange,1323436075
3,2019,11,23,经典！,0,chenyuru0924,266077689
4,2019,11,16,完全不过时,0,红尘小小生,73020014
5,2019,11,14,这次听前面bass的riff很棒啊[多多大笑],0,alecsun,83500310
6,2019,11,14,挺正,0,小小的晏,1523256883
7,2019,11,7,这张专辑真的是太经典了,0,围脖上的沉睡的秋千,397735889
8,2019,11,7,那是网吧必听,0,梵高先生181211,1696080231
9,2019,11,1,就这么自然,0,跳舞的反骨,33249451
10,2019,10,31,喜欢,0,809飞行器,382389158
11,2019,10,28,我已飞过在风里在大雨里,0,不遑多让o_O,1944277967
12,2019,10,22,前奏以为冒险岛,0,你是不是饿得慌,68707297
13,2019,10,17,对头,0,跳舞的克卜勒,122786310
14,2019,10,14,早期的歌有种叛逆的感觉。到后面就看开了，没有那种叛逆劲了,0,8楼永远爱3楼,80342819
15,2019,10,13,燕姿真心太实力,0,错生不错过,422192437
16,2019,10,12,跟着我哥听了这么多年燕姿的歌，百听不厌的一张专辑,0,小西和双双,1927807786
17,2019,10,6,这么好听的歌，你们都别听，属于我自己一个人,0,吃橙子果的火龙,73862847
18,2019,10,5,山寨孙燕美,0,爱生活爱燕姿,560609259
19,2019,10,5,一想到明年有好多人要跟我抢票 就希望大家能手下留情 一张就好 毕竟欠了这么多年的门票[大哭],1,Harburr,382651369
20,2019,10,5,是不是死心塌地就是完美的情人,0,识刀客,623315109
21,2019,10,4,害！真好听,0,也不是猪只打呼,355734135
22,2019,9,27,我又回来了，再听一遍，顺便给自己个赞，打破零赞惨案，没事找点事，活个精神劲,0,将军领,387504811
23,2019,9,23,经典，哈哈，评论好少,1,XQ0823,489797899
24,2019,9,19,想你和你姐哦[可爱],0,Asickmonster,408789418
25,2019,9,6,哦吼哦吼，我喜欢孙燕姿2020年北京场见,2,将军领,387504811
26,2019,9,2,在厕所，用脚和拖鞋给自己打鼓,2,孙鳌头呀,502416807
27,2019,9,1,奥力给！,0,也不是猪只打呼,355734135
28,2019,8,28,经典,0,璀璨人生2019,123860
29,2019,8,28,那不是励志歌，跟这些感情相关的一律算情歌及情歌衍生。励志歌参考年轻无极限，没有人的方向，逃亡，,0,跳舞的克卜勒,122786310
30,2019,8,28,怎么会，后期即使是在爱中受伤也是那种已经看开的豁达啊,0,谢小P谢小P,36145223
31,2019,8,23,要出发,0,i-YBO,15195708
32,2019,8,23,今日处暑 不愠不燥,0,i-YBO,15195708
33,2019,8,22,鸟从天空飞过，不留一丝痕迹，而我确实曾经飞过,0,尹天仇vi,1287554968
34,2019,8,22,四面八方～～把一切释放～～～,0,漂浮群岛et_moi,101098936
35,2019,8,21,人这么少的,0,剪璃_,287772379
36,2019,8,14,喜欢,0,识刀客,623315109
37,2019,8,14,多有个性的一首歌,1,识刀客,623315109
38,2019,8,6,天空没有飞过的痕迹，但我已经努力飞过。,1,Kepler小姿,342372326
39,2019,8,6,就这么自然～,0,Kepler小姿,342372326
40,2019,8,6,晚安,0,Kepler小姿,342372326
41,2019,8,5,超级喜欢这首,0,Kepler小姿,342372326
42,2019,7,31,就这么自然,0,Kepler小姿,342372326
43,2019,7,31,求求了 大家明年不要和我抢票[多多捂脸],3,把酒言话,116902125
44,2019,7,27,上次考试满脑子这首歌，是不是把书看完就会得到一百分,2,识刀客,623315109
45,2019,7,26,曲子好厉害!,1,桃花怪呼叫菊花侠,129895292
46,2019,7,24,孙燕姿孙燕姿的,0,郭郭郭1116,419367542
47,2019,7,24,在一楼[大哭],1,害羞哈哈哈,1858498250
48,2019,7,23,舒适的姿态，不强求的心态，毫不犹豫的状态，就这么自然！,1,GenerationX,1407337
49,2019,7,23,这首歌非常好听,0,再见了喵先生,63174833
50,2019,7,14,这首歌竟然这么少评，这首歌陪过了我初中迷茫的时候，让我学会放下一切，专心做自己！这首歌必须火！,1,容易被歌词打动的人,1353065601
51,2019,7,13,屌,1,反正无用,103294976
52,2019,7,12,打卡,0,无间怪胎,329782324
53,2019,7,10,就那么自然,0,姿家人,263952201
54,2019,7,10,好听。,0,姿家人,263952201
55,2019,7,8,帮我问问你姐啥时候开演唱会？[亲亲],1,霉头霉脑云散月现自在飞花slay,42294326
56,2019,7,6,明年应该可以看到我姿开演唱会了，期待,3,忧姿,338688999
57,2019,7,6,喜欢💕,1,忧姿,338688999
58,2019,7,5,错 她只是喜欢听摇滚 可是从是时候基本全是慢歌,0,Vangohloveyanzi,531970243
59,2019,7,5,很幸运，在听歌的年纪就遇见了yanzi，19年了~  19年前的专辑还是这么好听，如初见,3,孙燕姿什么时候开演唱会,131857521
60,2019,7,5,"天空没有飞过痕迹，可我已经努力飞过。好有营养的鸡汤啊，哈哈哈",1,風如斯,100281989
61,2019,7,3,我记得燕姿说过她最爱的音乐类型是摇滚[大哭],2,与鹅结婚的猫头鹰,102577326
62,2019,6,29,"集中力量，不要害怕
就这么自然",1,大大大大大發猫,75588546
63,2019,6,29,最近心情一直很不好，不知道自己要什么，偶然听到了这首歌，好开心呀~感觉又有要努力的感觉了，开心,2,大大大大大發猫,75588546
64,2019,6,26,打卡,1,梦想太远午餐吃饭不吃面,256522772
65,2019,6,26,有人告诉一下这种歌属于什么风格？摇滚？好喜欢,1,梅西疏影,247369807
66,2019,6,26,越来越喜欢听燕姿唱快歌了,1,不会跳舞的梵谷,453492497
67,2019,6,24,嗯，我现在主要还是听的早期专辑，可能是因为早期专辑能回忆起美好的青春吧[生病],0,prince-Joshua,117961245
68,2019,6,24,后期整体风格都变了，不再是年轻无极限，我要的幸福这种歌,0,跳舞的克卜勒,122786310
69,2019,6,24,后期也有呀，克仆勒的无限大，跳舞的梵谷的天越亮，夜越黑，是时候的追...,2,prince-Joshua,117961245
70,2019,6,23,爱燕姿,1,tree-river,2464568
71,2019,6,16,贝斯带感。,1,井岑,1801448007
72,2019,6,16,俺来了,1,井岑,1801448007
73,2019,6,12,梵谷这张就不是慢板清新啊，每个时期有每个时期的音乐品味，这个和生活感悟有关。,2,ImOkay823,50669672
74,2019,5,26,就这么自然,2,小渣别跑,283212044
75,2019,5,15,"看见天空，突然想起燕姿这首歌。有句天空没有飞过的痕迹
但我已经努力飞过
习惯失恋听伤感情歌的我们可能对这首歌不是很感冒，但是她歌词真的很积极向上，给你力量！",1,Andyhui-Lau,136649584
76,2019,5,12,这首还是我看现场喜欢的,1,ImOkay823,50669672
77,2019,5,10,不对啊，居然没有999+,0,釜江西路没有人,348589709
78,2019,5,10,无燕姿，不青春,0,不骑扫把的女巫,2411685
79,2019,5,8,真的欸，怎么会这样,0,太阳系在下雨,255196925
80,2019,5,4,真的服了，网易云搜自然搜不到这首，显示的全是不相关的[怒],3,superGYP,64847156
81,2019,4,30,助攻999,0,深深呼吸fate,1547633662
82,2019,4,29,一专就这么摇滚,0,气氛来了就要醉,308485041
83,2019,4,24,[可爱]没错 就是这个感觉,0,马lululu,55810097
84,2019,4,24,想死你了[鬼脸][鬼脸],0,马lululu,55810097
85,2019,4,12,一种青春时期的画面 扑面而来,0,小祎小祎啊,487533432
86,2019,4,4,打卡,0,繁星RDQ,47617725
87,2019,3,26,来听听冷门好歌,2,叠加态,133026520
88,2019,3,24,又来了3.24,0,猫阿0000,1547844887
89,2019,3,23,助攻999,0,judelc,99703579
90,2019,3,19,有点不自然，,0,s1ck1000,1471605268
91,2019,3,16,助攻999,0,Su酥-网易云,68982529
92,2019,3,14,"作曲：李偲菘
作词：廖莹如
编曲：Martin Tang

已经添加修改，请小伙伴们重新刷新歌词",2,作词_作曲_编曲_MV导演天下第一,546057330
93,2019,3,12,好听啊,0,小宝Alex,7550628
94,2019,3,4,不知不觉已经快要二十年，我也老了[亲亲],0,弗70709,405163085
95,2019,3,3,这个音色华语乐坛数一数二了，还有一个叫王菲的。,5,RichardColumbiaUniversity,246229682
96,2019,2,28,怎么会这么好听啊啊啊啊啊啊啊啊,0,是乔不是焦,405227416
97,2019,2,23,确实不同 因为歌手刚出道的时候完全要唱片公司选歌打歌 孙燕姿早期的歌曲要和她的率性勇敢的少女偶像的形象契合 所以要尝试各种摇滚快板的歌曲 各种风格的曲风都要尝试 当孙燕姿红了有了地位之后 选歌打歌的主导权就落到了她自己的手里 她个人偏向于慢板清新的作品,1,Vangohloveyanzi,531970243
98,2019,2,22,好听，不要别发现啦,1,嘿IsMe,447375753
99,2019,2,14,孙燕姿最打动我的，就是她自然的笑声,0,阿拉蕾米花,126159809
100,2019,2,11,后期风格明显不同于前期啊，,0,s1ck1000,1471605268
101,2019,2,10,这首歌评论居然这么少……超级喜欢这首歌啊！,0,转身是空,111727561
102,2019,2,7,我是521还要多1分评论，可惜我不爱某人，没有故事，就来听个歌。,0,愁容的骑士,381814572
103,2019,1,30,我是第521条评论，孙燕姿！我爱你！,1,哪吒不哭,252648391
104,2019,1,29,狠,0,星星上数太阳,405823864
105,2019,1,27,2019.1.27特此回头再听一次青春，感谢孙燕姿，感谢自己,2,Nembutal,285968582
106,2019,1,27,就这么自然[吐舌],0,没有一步之遥,53340270
107,2019,1,26,这首歌小学六年级磁带听到的，找了这么多年大学毕业两年了，一直以为是萧亚轩的歌，,1,爱缺不缺,118513291
108,2019,1,25,放多点孜然,0,慢慢来-我什么都不知道,57833675
109,2019,1,23,好听！,0,ameino,630083040
110,2019,1,21,多美的音色,0,胡郎远,102221229
111,2019,1,20,我不专心走路[流感]我书还没看完[流感],0,A-KUONG,577837024
112,2019,1,20,我就是这么的自然[流感][流感][流感],1,小鸟不想飞,67037865
113,2019,1,18,天空没有我飞过的痕迹,0,CC十七,103394661
114,2019,1,16,真的活的自然,0,小卷迷,1449150156
115,2019,1,16,后期没有励志歌了,2,跳舞的克卜勒,122786310
116,2019,1,15,后期的歌也一样,0,橘咲_,52079797
117,2019,1,12,就这么自然,0,苍木嘛丽呀,68139189
118,2019,1,5,爱姿病无可救药～～～,0,luckycheung,98682093
119,2019,1,3,当年她也还是个风风火火酷酷的女孩子呀～,2,吴迪迪迪迪di,329247569
120,2018,12,31,用杰伦的话说，燕姿早期的歌曲有点屌哦。。。,5,GOTPOI,566878519
121,2018,12,29,这首歌很酷啊,0,Stefanie_Chou,108346735
122,2018,12,22,最喜欢这首拽拽的歌,3,MR俊杰007,9018418
123,2018,12,22,自然,0,另-张脸,56020714
124,2018,12,21,"又是一年年末，又是熟悉的加班节奏，好在有我的“姿窝”歌单可以循环。
嗯，这条评论就是为了占领本歌的第500条。",3,Joesane,490522606
125,2018,12,20,走来走去最快乐是知道要什么～,2,布娜娜娜娜,76627962
126,2018,12,18,这么好听居然这么少评论呀[呆]你们是不是都默默点个♥️就走啦,1,StefX,300674075
127,2018,12,3,小学的时候听的燕姿的第一批歌里面的。从此爱上了这个自然，洒脱，励志的短发女生,0,prince-Joshua,117961245
128,2018,12,2,就是这么自然[亲],0,O_oHULLO,343829645
129,2018,12,2,打卡[奸笑][奸笑][奸笑][奸笑],0,O_oHULLO,343829645
130,2018,12,1,真的是燕美？,0,sha0323,106084738
131,2018,12,1,签到，,0,s1ck1000,1471605268
132,2018,11,26,哈哈哈哈哈看到这我就忍不住了,0,最喜欢吃肉啦,371150408
133,2018,11,25,燕姿早期的专辑真的很赞[强],0,HappySun0727,252757745
134,2018,11,24,怒刷存在感。 ,0,孙燕姿的小迷妹啊,327977684
135,2018,11,18, 孙燕姿我又梦见你了,0,结菜,57780277
136,2018,11,8,这首歌和《跳舞的梵谷》里面的超人类怎么有点像啊 仔细一听,1,forbe,125980582
137,2018,11,6,这贝斯,4,洋葱草莓地,266799152
138,2018,10,24,我要燕姿,1,虫虫和马,452792472
139,2018,10,23,只想听歌,0,onearthome,1322819440
140,2018,10,14,喜欢,0,BLACKTEAAFTERLUNCH,44184094
141,2018,9,25,最后迷之呵呵。,0,10月的可子,1609549765
142,2018,9,22,演唱会live版那个大喘气好爱,0,星岛的妳,48746821
143,2018,9,18,小时候听歌词只能感知情绪，现在再听都是沉淀的真理,0,路路嘉,273733062
144,2018,9,17,感觉应该高中的时候听[憨笑],0,丧伤上,413485945
145,2018,9,7,就这么自然！,0,毛毛虫0912,323067104
146,2018,8,19,就是这么自然！！！,0,你有软趣味,413803844
147,2018,8,15,这是我少数看到歌名想不起来怎么唱的燕姿的歌[呆],0,旧昔扰梦,260855652
148,2018,8,14,洒脱酷酷的十三姐啊,2,跳舞的反骨,33249451
149,2018,8,13,这首歌好酷，是这张专辑里最喜欢的,1,成什么琳,403474150
150,2018,8,2,天空没有飞过的痕迹 但我已经努力飞过,6,_诗芊,81037679
151,2018,8,2,其实爱一个人又何必那么的委屈,1,_诗芊,81037679
152,2018,7,24,歌词真的很燕姿,4,骑士1989,75521112
153,2018,7,23,生日快乐[亲亲],2,没那么幸运z,477204429
154,2018,7,23,生日快乐,3,笑靥姿吟,100440737
155,2018,7,22,很有feel的一首歌,3,金龙180709,1514766829
156,2018,7,16,打卡～,1,与科,248140987
157,2018,7,16,集中力量，不要害怕，却还是有时候会害怕，所以需要充氧期,1,Staceyisyy,629476413
158,2018,7,15,"打卡，我的美姿
",0,倾乐声,120197077
159,2018,7,13,打卡,0,一翎壹一,109494194
160,2018,7,12,来找这首歌的都是真爱粉(｡･㉨･｡)ﾉ♡,3,永不島之風,13033115
161,2018,7,12,"I leave no trace of wings in the air,
but I am glad I have had my flight.
天空没有留下鸟的痕迹 但我已飞过

——泰戈尔《飞鸟集》",7,永不島之風,13033115
162,2018,6,26,好歌,0,你耳机里听的什么歌,274612185
163,2018,6,15,这些年来华语乐坛真的是在倒退啊,7,weirdo-zhang,416126286
164,2018,6,12,哎,0,毛毛虫0912,323067104
165,2018,6,10,磁带年代的第一张专辑，反复听了一整年…,0,林家如意,50699216
166,2018,6,9,喜欢这种干脆利落,2,小四的酱油,493214532
167,2018,6,5,推荐现场版,0,气氛来了就要醉,308485041
168,2018,5,24,女神,0,梵谷不跳舞,132774418
169,2018,5,19,自自然然,0,Erika_Linder,305117600
170,2018,5,18,好喜欢这首歌！就这么自然！,0,周雨柠yo,380833712
171,2018,5,15,自然,0,monopolyill,112275843
172,2018,5,15,为什么这么多人没顶这首歌。,1,jekki丫,571879988
173,2018,5,12,其实爱一个人何必那么的委屈～,0,JoannaQQQ,1433483227
174,2018,5,10,这个贝斯听着太舒服了,4,章贡区仁波切,36597858
175,2018,5,7,姿迷无处不在，燕姿无可取代～～～,7,四月的的的,1329526521
176,2018,5,5,[色],0,毛毛虫0912,323067104
177,2018,5,3,是的呢[大笑],0,天空上的旋木,72991027
178,2018,5,3,新专真的首首爱,1,李好帅呦,332709127
179,2018,5,3,就这么自然,0,成小姿S,84991554
180,2018,5,3,[幽灵][幽灵][幽灵],1,成小姿S,84991554
181,2018,4,28,已经在你上面了[惊恐],1,訾央伪装小漠漠,247480354
182,2018,4,28,给每首都点了[爱心],0,stacyf,283399426
183,2018,4,26,就这么自然！,0,网友小蟹,278221870
184,2018,4,23,我觉得燕姿就没有不好听的歌啊 真的是每首都好听惹（当然我是我最开始确实需要消化一下🌚）,1,天空上的旋木,72991027
185,2018,4,21,好听,0,润小泽Ronny,1326160889
186,2018,4,20,燕姿早期的歌，很多积极向上，给人以力量，同时又不无病呻吟，矫揉造作，就这么自然！就这么自然～,65,跳舞的克卜勒,122786310
187,2018,4,20,我要的幸福绝对耐听,0,跳舞的克卜勒,122786310
188,2018,4,13,cool,0,seektruths,547280150
189,2018,4,13,同村？你也是688的？,0,-Ariana_Grande-,585410257
190,2018,4,12,贝斯好销魂,0,Shoutjustin,20850328
191,2018,4,9,再过段时间也许就不这样想咯。我要的幸福和leave有很多神曲。,0,小四的酱油,493214532
192,2018,4,9,[鬼脸],0,子之选天,1391150898
193,2018,4,9,自然,0,毛毛虫0912,323067104
194,2018,4,9,好听,0,毛毛虫0912,323067104
195,2018,4,8,已添加~,0,曲库小护士,79248480
196,2018,4,6,这张专辑的确耐听，没有一首难听。后面一年出的第二张，三张专辑，都是跳着听，落差挺大的，而且越往后越感觉一丝浮躁。,0,东郊音乐台,113494895
197,2018,4,5,红的都是苦情的，但是很多铁粉是因为冷门超爱姿妈的[惊恐],0,小四的酱油,493214532
198,2018,4,5,恭喜你，可以听好久,1,小四的酱油,493214532
199,2018,4,5,冷门，但是我好喜欢。这歌放其他歌手，完全可以当主打了,0,小四的酱油,493214532
200,2018,4,1,[爱心],0,帐号已注销,73692831
201,2018,3,31,cool的燕姿,1,Y-una,322710590
202,2018,3,30,天空没有痕迹，但我已努力过,0,可与人言吴二三,53521219
203,2018,3,27,还是老歌有感觉嚯,0,漫无漫无,428113917
204,2018,3,26,酷,0,毛毛虫0912,323067104
205,2018,3,22,今天听还是超时髦,1,张立伟kelvin,134960220
206,2018,3,20,多好听、 难得一见,0,H_66,55731158
207,2018,3,2,[可爱],1,明天晴天--,37329385
208,2018,2,27,天空没有翅膀的痕迹，而我已飞过。爱你燕姿[可爱][可爱],3,33轉的LP,630862795
209,2018,2,25,都是特点鲜明的,3,Stefanie_kf,260396530
210,2018,2,24,很酷哈哈,4,未完成19991230,503310441
211,2018,2,24,自然,2,未完成19991230,503310441
212,2018,2,24,就这么自然！,3,未完成19991230,503310441
213,2018,2,24,自然,2,半句再见u,402185148
214,2018,2,24,哥喜欢自然啊,2,33轉的LP,630862795
215,2018,2,22,[撇嘴],1,KitKat__,41723861
216,2018,2,11,二字金曲,7,极美欢庆,351351231
217,2018,2,11,飞～～～～～,1,A-KUONG,577837024
218,2018,2,11,[爱心]就這麽自然。,2,鄒爸比,85768778
219,2018,2,10,人好少，像我这样的新粉丝都会一首一首的循环燕姿旧的歌的[撇嘴],3,Lyndon_Z,405657720
220,2018,2,10,超好听，很带劲,1,如氵水,488453325
221,2018,2,10,唱出了美好的姿态,0,老马迟迟,1610776
222,2018,2,9,节凑好棒，想起了街机游戏[大哭],0,冬匠,39944731
223,2018,2,8,我也最喜欢这句,0,大笑balabala,370379906
224,2018,2,6,打call,1,may陈某人,49648971
225,2018,2,4,为啥我没那么多的故事，都是糟心(•̀⌄•́),1,是西柚不是SeeYou,87332646
226,2018,2,3,每天日推一首我姿,2,lm_stef,258724583
227,2018,2,2,就这么孜然😶😶😶,2,基撸蛋,100358522
228,2018,1,31,就这么自然,1,王金1711,632842409
229,2018,1,31,很久以前听过，很好听,0,王金1711,632842409
230,2018,1,31,这首歌其实很难唱,0,王金1711,632842409
231,2018,1,29,原来是姿姐的妹妹😳😳,0,大风_0112,110463880
232,2018,1,28,这个嗓音,0,林守乐,55243746
233,2018,1,25,恭喜姿妈喜怀二胎[亲亲],1,等不到的晚安与我无关,375186998
234,2018,1,24,我姿,2,我有努力和这个世界变熟,394296679
235,2018,1,22,听到高潮部分还以为我听的是漂浮群岛,2,Xiert-CZ,124124907
236,2018,1,21,真的太喜欢她的每一首歌,0,journey小女子,338608589
237,2018,1,20,这首歌这么好听，为啥评论这么少呢？,0,大风_0112,110463880
238,2018,1,20,很久没听这首歌，拿来还是如此熟悉。[大笑],1,klrmqq,490841512
239,2018,1,19,打卡,1,没改名的怪盗,1332266987
240,2018,1,18,哈哈，你好啊。燕美[吐舌],0,等不到的晚安与我无关,375186998
241,2018,1,14,天空没有，飞过的痕迹……很自然—演唱会，动作很好，心愿可以吗,1,josherryyu,620433041
242,2018,1,6,哈哈，太像了,0,暮至明,94756999
243,2018,1,6,漂浮群岛没得比,1,是螺纹呀,59982102
244,2018,1,6,漂浮群岛?,0,暮至明,94756999
245,2018,1,5,是啊，昨天一直在想，漂浮群岛的副歌某一处旋律像极了燕姿那首歌，今天中午想起来啦，就又来啦。刚好看到你这么说，嗯嗯共鸣,0,mirrorleeee,13025419
246,2017,12,28,喜欢这节奏,4,爱上孙燕姿,354456131
247,2017,12,27,我喜欢许嵩,1,作妖的千手观音,269515062
248,2017,12,27,燕姿是二姐,3,跳舞的克卜勒,122786310
249,2017,12,25,你这么调皮大姐知道吗[大笑],2,handsome若尘,396370170
250,2017,12,22,真的适合明天要考研的我们💙,2,午里J,398803829
251,2017,12,21,[惊恐][惊恐][惊恐],0,查理普斯hhh,131936698
252,2017,12,20,天空没有飞过的痕迹 但我已经努力飞过,5,废物书生,409940812
253,2017,12,17,孙燕姿两字歌太多隐藏神曲。,6,跳舞的克卜勒,122786310
254,2017,12,16,好听好听,0,手上冒了青筋赛高,270349121
255,2017,12,13,打卡,0,燕姿的小粉丝,398250032
256,2017,12,13,打卡,0,国际花式抖腿锦标赛华中区总冠军,285077683
257,2017,12,13,哇，这个歌的评论这么少[惊恐],0,洪兴罩我去,356861463
258,2017,12,10,这首有点像《漂浮群岛》？,2,Titiiiiiiiiiiiii,117684043
259,2017,12,5,越听越好听欸,0,西瓜皮会长,295563286
260,2017,12,2,第一首歌,0,端端和蔚蔚,294293338
261,2017,12,1,天空没有飞过的痕迹 但我已经努力飞过 好喜欢这句歌词 把它当作名言 用了好多年,1,石乐万,615721014
262,2017,11,29,酷爆了,1,Y-una,322710590
263,2017,11,28,我姿不是只会苦情歌 酷爆好吗,3,hiddentrackkk,18334259
264,2017,11,26,贝斯牛,1,银色么么茶,3260903
265,2017,11,26,打卡打卡，,1,我有努力和这个世界变熟,394296679
266,2017,11,25,就这么自然,0,未完成19991230,503310441
267,2017,11,25,添砖加瓦,0,森湫_,363752196
268,2017,11,17,你真的努力飞过了吗,0,PPoooo,31509584
269,2017,11,16,哈哈哈哈哈哈哈哈哈👌,0,vInCent哇,48926777
270,2017,11,16,I'm a lady ,0,泡粒儿,86952525
271,2017,11,16,阿妹上身咩,0,vInCent哇,48926777
272,2017,11,16,You bad bad boy ,0,泡粒儿,86952525
273,2017,11,16,"又想笑哈哈哈哈哈哈哈哈哈
",0,vInCent哇,48926777
274,2017,11,16,Miss the youth ..,0,泡粒儿,86952525
275,2017,11,16,laugh die me！,0,vInCent哇,48926777
276,2017,11,16,[撇嘴],0,泡粒儿,86952525
277,2017,11,16,哈哈哈哈哈哈哈哈,0,vInCent哇,48926777
278,2017,11,15,就这么自然,1,湖人死忠,7776579
279,2017,11,13,漂浮群岛,1,Halo_Stefanie,44758870
280,2017,11,11,动次打次，为燕姿打call,0,盱眙仙道彰,250074713
281,2017,11,11,就这么自然,0,活着只求好玩,266447964
282,2017,11,11,喘气声！！！,0,畎荃cc,3584186
283,2017,11,9,新砖里的《漂浮群岛》让我想到了这首歌，很妙,4,丐丐龙,61471970
284,2017,11,7,我觉得这首很好听啊,0,Y-una,322710590
285,2017,11,6,这专最爱的几首之一，旋律不怎么抓耳就是了。所以我也算体验了一把以前嗤之以鼻的所谓“小众优越感”？[奸笑],0,痛快的哎哟,247746461
286,2017,11,1,早日999,0,千丶吻,337783150
287,2017,10,31,哈哈哈嗝,0,Y-una,322710590
288,2017,10,30,哈哈哈，笑尿了,0,飞机飞哇飞,334439970
289,2017,10,29,中学时候买过一盘卡带，封面是张韶涵，里面第一支歌就是这首，在卡带上写着“完美情人”[怒]后来觉得自己喜欢上了张，后来才知道那盘卡带里大部分歌都是燕姿这张专辑里的歌。,1,泡粒儿,86952525
290,2017,10,28,最后那句笑的意思就是 老娘最酷 老娘最屌,0,莞青_,335039714
291,2017,10,26,就是这么自然，就是这么拽,1,fluent战士求收敛,61644046
292,2017,10,24,很牛逼啊,0,星岛的妳,48746821
293,2017,10,24,这么棒的歌不应该这么点评论啊,0,星岛的妳,48746821
294,2017,10,22,就这么拽,0,ii青青,358436129
295,2017,10,22,[亲亲][亲亲]燕姿,0,高力丰,309630104
296,2017,10,22,[亲亲][亲亲]给跳舞的梵谷集气,1,高力丰,309630104
297,2017,10,22,[亲亲][亲亲][亲亲],0,高力丰,309630104
298,2017,10,22,"我们没有走到最好，但我真的认真地爱过你
",0,QueSeraSera-723,412969456
299,2017,10,15,塞着耳机听这首歌，感觉走路都拽起来！,2,阿汤很简单,345712290
300,2017,10,12,自然 直来直往 [大哭]听了都觉得自己很屌 姿妈威武[亲亲],2,lytaro,491576589
301,2017,10,12,这首歌没听过，你怎么能懂燕姿为何酷。,1,小泉先森,441249115
302,2017,10,11,我觉得很酷,1,花老师小课堂开课啦,353426857
303,2017,10,10,怎么有点像GOING SOUTH的调调,0,雪滴禾下土,3346370
304,2017,10,8,其实歌是好的就是曲会让人感觉有点杀马特,0,LEEMINTUNG,336339661
305,2017,10,6,感觉和咕叽咕叽好像…,0,张小雨在看风景,73552455
306,2017,10,5,集中力量 不要害怕，天空没有 飞过的痕迹，但我已经 努力飞过，四面八方 把一切释放。 东南西北，不慌不乱，就这么自然[强][强][强],0,会飞的圆圈圈,377533009
307,2017,10,2,孙燕姿最好听的歌,1,2136c,292086972
308,2017,9,28,第一次听 好厉害,3,金耳朵er,96547855
309,2017,9,28,这首歌这么好，这么久了居然还没突破999,0,大喵说多谢啊,295671049
310,2017,9,25,挺好听的一首歌的  但是发现的人很少,0,半夏与月,407581617
311,2017,9,20,天空没有 飞过的痕迹 但我已经 努力飞过,1,欣小尉,57078833
312,2017,9,18,我觉得好,0,孤独喧闹者,29782374
313,2017,9,16,？？明明是神曲 因为名字很容易被忽略,0,宝宝最乖乖,49818468
314,2017,9,12,评论里怎么好几个人说第一次听😂我记得小时候这个旋律经常听到啊，大概幼儿园和小学低年级那会😂,0,富士ap,37041512
315,2017,9,7,孙燕美被我打死了,1,亲爱的你大事不妙嘻嘻,369909027
316,2017,9,4,我害怕，不自然,0,Sao爷骑马客京华,119645725
317,2017,9,3,走来走去最快乐是知道要什么,0,痞子痞子蔡,342806966
318,2017,8,29,快乐的是 睡不着的时候  可以深夜刷燕姿的专辑,1,u_vl,259888059
319,2017,8,28,孙燕姿能驾驭的曲风实在是太多了。摇滚，抒情，印度风，hip pop， Rap， 不愧是天后,2,柒星雪,85911992
320,2017,8,28,2000年，能这样唱，敢这样唱，我就服燕姿！憋住。。。憋住。。。憋住。。。噗。。。释放！,3,胖奔着,449346506
321,2017,8,28,自燃。。,0,雨殇HV,73353857
322,2017,8,26,当年有个姐姐给我一盘孙燕姿的磁带，就是这张专辑的，重点是正版…,1,she5595561,110318365
323,2017,8,25,我也是第一次,0,Causeben,385914009
324,2017,8,23,今天网易云推给我的，我竟然第一次听燕姿这首歌，第一次……,3,我不难过只是为什么眼泪会流,346043023
325,2017,8,15,有点像vega ,0,funnynicky,2047786
326,2017,8,14,cool,3,劳拉_快跑,53194790
327,2017,8,12,天空没有飞过的痕迹但我已努力飞过,1,责悬,299658994
328,2017,8,12,自然,0,责悬,299658994
329,2017,8,11,就这样吧,0,素丸子Kwok,17385100
330,2017,8,10,词确实不怎么好,0,纯纯粹stoic粹纯,255472997
331,2017,8,9,打卡,0,都都不读书,100355578
332,2017,8,8,做了好多奇怪的梦，梦到结婚，梦到生活在一起，梦到举办婚礼，可是醒来发现这些根本就是不可能的，稍稍有些失落，因为我已经向命运妥协了吧！可是为什么啊[呲牙][呲牙][呲牙]为什么会梦到这些，不甘心吗？我不知道，还梦到好像是我的奶奶，她已经去世好久了啊！我不知道，更不知道怎么继续面对世界。,1,wasne,48514341
333,2017,8,6,其实爱一个人何必那么的委屈,0,-十三多-,16548232
334,2017,8,6,自燃,0,三省2007,503545
335,2017,8,4,就这么自然w,0,帐号已注销,366934858
336,2017,8,2,就这么自然,0,燕姿的粉丝,121753978
337,2017,8,2,并不傻[呆],0,万圣节的老朋友,34075495
338,2017,8,1,自然,0,素丸子Kwok,17385100
339,2017,7,28,小学歌词本里抄过这首歌,1,作妖的千手观音,269515062
340,2017,7,21,希望今晚失恋的那个男人一切都好，早日走出来拥抱新生活...,1,乌苏里江的鹰,68622511
341,2017,7,16,天后的遗珠都这么赞,2,Jaqueline30,270658719
342,2017,7,15,懂事…,1,说放弃要放哪里,9683208
343,2017,7,12,其实爱一个人何必那么的委屈，又其实打开课本教的不只拿高分。,3,JUST4U_,409713257
344,2017,7,12,偶然,0,杨希唤,359229771
345,2017,7,12,就这么自然,0,杨希唤,359229771
346,2017,7,10,💗顶,1,Birdget,46489035
347,2017,7,8,是不是把书看完就会得一百分[流泪],4,想起的名字被起了,258247372
348,2017,7,8,天空没有飞过的痕迹，但我已努力飞过。这句中学的时候经常被我用到作文的题记[呲牙][呲牙][呲牙],2,prince-Joshua,117961245
349,2017,7,8,这首就是小学的时候听的燕姿第一批歌里的一首。然后就爱上这个自然的声音。十几年了。满满都是童年。,1,prince-Joshua,117961245
350,2017,7,7,我的快乐呢,0,川月主人,446662856
351,2017,7,5,我还以为孙燕姿。。,1,归岛吧,477015637
352,2017,7,5,当我三十岁，我就去流浪，我热爱所有荒凉。,2,愿众生喜乐,361398998
353,2017,7,3,竟然没有999,2,ataiii,51518766
354,2017,7,3,爱姿,2,姿意燕为,263726012
355,2017,6,28,走来走去 最快乐是知道要什么🤓,1,XOXOHEMA,358153691
356,2017,6,27,就这么自然_(:з」∠)_,1,封不觉99,311428838
357,2017,6,26,天后里能唱摇滚的不多，燕姿算是一个。但好像她还没有一非常“纯正”的摇滚可以广为传唱的，更多是《自然》这样节奏和思想都不那么强烈的擦边摇滚。,8,TaoHonker,33381561
358,2017,6,19,打卡,0,王不对称,254940840
359,2017,6,14,爱这首，大概听过的不多,1,麦小兜209,344732499
360,2017,6,10,有燕姿的地方就有我，日常打卡。好想上热评[哀伤][哀伤][哀伤],6,跳舞的克卜勒,122786310
361,2017,6,9,有点rock很自我的歌,0,GRAPEy,118431735
362,2017,6,8,台北演唱会版本的更赞，墙裂推荐还有跟现场观众互动！,1,gcmmu,305295744
363,2017,5,30,😳,0,馨之文,360926043
364,2017,5,30,[憨笑],0,馨之文,360926043
365,2017,5,30,顶,0,馨之文,360926043
366,2017,5,30,爱姿,0,姿意燕为,263726012
367,2017,5,25,爱姿,0,姿意燕为,263726012
368,2017,5,19,天空没有！飞过的痕迹！但我已经！努力飞过～～～,2,太阳系在下雨,255196925
369,2017,5,16,刷到999！md,0,LWP丶Yy,134715484
370,2017,5,14,就是这个歌 我找了这么久 我明明记得是很吊的歌却起这么柔弱的名字  自然！！！！！！！？？？？[惊恐][惊恐],0,婚礼主持王巍,469618038
371,2017,5,13,爱姿,0,姿意燕为,263726012
372,2017,5,12,就这么自然。燕姿,0,一地故里,118066649
373,2017,5,11,"歌词是真的傻傻的(⌯¤̴̶̷̀ω¤̴̶̷́)✧
可是这喘气声听了张吸了毒呀✪ω✪",2,GreenCanon,82312057
374,2017,5,8,啊哈哈哈哈哈！,0,G318狗一丁,435289202
375,2017,5,8,[流泪],0,YZKEPLER,42348015
376,2017,5,7,哎呀这首好酷呀,0,999里有一个我,120605470
377,2017,5,4,看见好多呀[大笑],0,fly-1519,257968298
378,2017,5,3,就这么自然，那一句很有感,2,monopolyill,112275843
379,2017,4,30,知道自己要什么就好了,0,欲盖弥彰ove,254470139
380,2017,4,27,国安是冠军。,1,我离开南京后不想讲话,123445448
381,2017,4,18,集中力量，不要害怕！,0,你是我的kepler,41505223
382,2017,4,15,你这个素质真是给燕姿丢人,0,我的心在发烫,40626933
383,2017,4,11,ex也叫自然…,0,啊呀一隻番茄飯,35379598
384,2017,4,10,好喜欢这嗓子[憨笑],4,林守乐,55243746
385,2017,4,9,这呼吸声 我简直醉了,0,study中whoops,48435532
386,2017,4,6,爱姿打卡,0,苏三伞,111844957
387,2017,3,31,蔡依林和燕子没可比性，一个体操运动员一个歌手，有什么好比的,3,张稀哲,79274647
388,2017,3,30,老板多放孜然！,4,直至直,107142170
389,2017,3,24,爱姿,0,姿意燕为,263726012
390,2017,3,22,我的她也叫自然。每次食堂阿姨问我吃什么口味的，我都讲“孜然就好”。可事到如今舌头已经麻木，奈何旧人不复,1,阿甘2333,113541987
391,2017,3,19,就这么自然～,1,了不起的老人家,37782426
392,2017,3,10,其实爱一个人何必那么的委屈,0,silencevoice,43091117
393,2017,3,2,20:15,0,林守乐,55243746
394,2017,2,27,这首歌对我而言是涅槃重生,2,脩鳯_-一,41606397
395,2017,2,21,又来刷评[奸笑][奸笑][奸笑][奸笑],0,细语_喃呢,86385363
396,2017,2,20,[可爱]考得不错 应该能过初试 在准备复试 然后等最终学校的分数线,1,是西瓜呐,294991072
397,2017,2,19,想问下结果,0,林守乐,55243746
398,2017,2,19,素质高一点哦 还是姿迷呢,0,林守乐,55243746
399,2017,2,17,爱姿,0,姿意燕为,263726012
400,2017,2,12,在等考研成绩 老大唱的对 我尽力了呀,1,是西瓜呐,294991072
401,2017,2,3,突然好喜欢这个！！！,0,121个逸儿,129095979
402,2017,2,1,糟糕的歌词,0,诺坎普拉玛西亚,83009512
403,2017,2,1,好听好听好听好听好听好听好听！！！！！！！！！！！！,1,细语_喃呢,86385363
404,2017,1,19,如今都2017年了，离这张专辑的时间无穷遥远了，还要靠黑增粉，不如安安静静听歌，想想不止拿高分这句歌词什么意思吧！让过去更美好些，何乐不为,1,全都是重复名字,80844862
405,2017,1,8,其实爱一个人何必那么的委屈,1,蓝鲸天气晴,282697993
406,2017,1,7,当年好朋友喜欢上燕姿的第一首歌，然后我也跟着开始听燕姿的歌，结果一直听了好多年，我们的友情也走过了十几个年头，燕姿的每一首歌里都是回忆。,1,悠悠长白,45986111
407,2017,1,3,“很想见见你，不是在梦里。”,0,零小瑢,290658615
408,2017,1,1,男有周杰伦，女有孙燕姿！,3,芯雨丶,125185012
409,2016,12,29,"天空没有飞过的痕迹 但我已经努力飞过。。。雁（燕）过无痕。。。
[大笑]
",1,J欧石楠,6451195
410,2016,12,28,头像换的挺快[大哭],0,ssssteff,102967184
411,2016,12,25,记得好多年前，第一次点燕姿的歌就是这首，然而只有节奏鼓点，完全忘了调，于是可耻地切了,2,阿瓜的存田,105935296
412,2016,12,11,当年这张专辑里我很喜欢这首啊，超酷的，为啥评论这么少～话说2000年还是个会认真听歌的年代，怀念～,2,柚子在云端,129207645
413,2016,12,8,这个贝斯太带劲儿,4,吻醒耳朵14,11796039
414,2016,12,4,爱姿,1,姿意燕为,263726012
415,2016,12,4,真的假的...[生病],0,明日箱,98330423
416,2016,12,1,燕姿晚安,0,YZ芣苢,330392808
417,2016,11,29,[亲亲][亲亲],0,帐号已注销,124859943
418,2016,11,26,每首歌都好听,0,凉芈芈,115476334
419,2016,11,25,爱姿,0,姿意燕为,263726012
420,2016,11,20,我的天最后的笑太可爱了把,0,李别烙,9090311
421,2016,11,18,就这么自燃[流感],1,黄色潜水艇的情歌,88765608
422,2016,11,14,这首歌！演唱会现场超嗨的！,0,三黄解毒片,20559601
423,2016,11,6,爱姿,0,姿意燕为,263726012
424,2016,11,3,我喜欢逆光之前的[大哭] 至今也不太欣赏逆光的造型…,0,万圣节的老朋友,34075495
425,2016,11,1,报道,0,Ro1030,90652954
426,2016,10,23,爱姿,0,姿意燕为,263726012
427,2016,10,21,现在的年轻人呐，根本不知道自己想要什么,0,老师能赢吗,119649105
428,2016,10,17,这种歌很励志，很不一样。它让人不要过于纠结结果，也许努力的过程更重要。就像握在手里的沙，并不是抓得越紧能抓到的越多。所以要学着自然[可爱],2,R-jttt,320975686
429,2016,10,14,好听死了[爱心][爱心][爱心],0,Champagne-Wines,114344953
430,2016,10,13,我已无法分辨什么是冷门什么是热门 每一首歌都是一个回忆片段 都是我的青春宝藏,1,花椒吖好麻,9592890
431,2016,10,8,当然不会得到一百分🍏🍎🍐🍊🍋🍌🍉🍇🍓🍈🍒🍑🍍🍅🍆🌶🌽🍠🍯🍞[哀伤],0,DanCingVanGogh,263043497
432,2016,10,8,多谢大侠[憨笑],0,DanCingVanGogh,263043497
433,2016,10,6,我还是比较喜欢2010年以前的年的孙燕姿,0,帐号已注销,127967417
434,2016,9,23,真的是隐藏神曲[色][色][色]其实我初中时候就大爱这首,0,柒星雪,85911992
435,2016,9,19,爱姿,1,姿意燕为,263726012
436,2016,9,14,喜欢这首歌 没人啊[汗],0,鱼雨子酱,50983533
437,2016,9,11,我很喜欢听[色],2,帐号已注销,124859943
438,2016,9,10,有眼光！,1,你才是呆逼桑-,43172453
439,2016,9,10,我就想找个姿迷！！,1,EdwardHXu,59967209
440,2016,9,7,爱姿,0,姿意燕为,263726012
441,2016,9,7,爱姿,0,姿意燕为,263726012
442,2016,9,3,爱姿,0,姿意燕为,263726012
443,2016,8,22,很够味,0,sojeiand-,107726242
444,2016,8,20,谁要姿迷做女朋友呢？,7,你才是呆逼桑-,43172453
445,2016,8,20,[憨笑],0,_吴子诚,275017518
446,2016,8,13,你头像好恐怖，,0,Guo_Pengfei,646175
447,2016,8,13,哈哈哈哈哈哈哈，你真幽默[可爱],0,看我可爱咩,65911192
448,2016,8,13,小丑，退下,0,Guo_Pengfei,646175
449,2016,8,12,看得出你品味较低而且三观不正😃,0,看我可爱咩,65911192
450,2016,8,9,爱姿,0,姿意燕为,263726012
451,2016,8,7,泰戈尔的诗,1,四条浓眉毛,287092407
452,2016,7,30,蔡依林和燕姿是好朋友，就算不是，也好好听歌吧，黑过去黑过来也没意思，有些评论视而不见就行，毕竟姿迷素质很高的嘛[吐舌][吐舌][吐舌],2,帐号已注销,30839727
453,2016,7,26,天空没有 飞过的痕迹  但我已经 努力飞过,2,漠漠陌陌,115773352
454,2016,7,23,我的青春！燕姿生日快乐[蛋糕][蛋糕][蛋糕],3,-有姿有菋-,129649056
455,2016,7,19,前奏的时候我家楼上正好在装修,1,rpoaru,81517607
456,2016,7,19,我姿,0,motorcycles,283973423
457,2016,7,17,这是我听的燕姿的第一批歌里的。小学的童年记忆。天空没有飞过的痕迹，但我已经努力飞过。,2,prince-Joshua,117961245
458,2016,7,16,四面八方 把一切释放,0,清清姿矜爱你,103268110
459,2016,7,16,就这么自然,0,清清姿矜爱你,103268110
460,2016,7,16,前奏想起不约而同的抖起腿来,0,清清姿矜爱你,103268110
461,2016,7,15,前奏好评啦,0,Nnnnnnononn,115189651
462,2016,7,13,你黑够了没有，在我姿的歌里面黑燕姿，又黑其他艺人，不求你安分守己，但求不要给别人带去麻烦，你听谁的音乐我管不着，人家艺人怎么样是人家的事，你管得着吗？再说了你凭什么说人家，真替你家人觉得悲哀，你这样活得不累么？[发怒][发怒][发怒][发怒][弱][弱][弱][弱],0,Song我的憧憬,51600636
463,2016,7,13,每次KTV点这首伴奏都是错的[大哭],0,我也有个落落长的名字,98189518
464,2016,7,11,她最像Alanis Morissette的歌 应该是这首……,1,tlmgt,1219489
465,2016,7,7,自然 落落大方的喜欢你,0,你才是呆逼桑-,43172453
466,2016,7,6,洒脱~~[奸笑],0,绿直子,18940044
467,2016,7,4,喜欢,0,邵小孩同学,112518631
468,2016,6,30,你神经质，我又没说你，瞎喷什么，,0,Guo_Pengfei,646175
469,2016,6,23,太文藝了這首歌，現在聽都那麼舒服,2,小豆瓣儿_,37086195
470,2016,6,20,喜欢,1,林守乐,55243746
471,2016,6,20,18:31,0,林守乐,55243746
472,2016,6,6,明天高考了,0,NBA名宿艾弗森,264049003
473,2016,6,5,不是不是都不是,0,Nnnnnnononn,115189651
474,2016,6,5,滴 学生卡,0,Nnnnnnononn,115189651
475,2016,6,5,你没看到之前是有人黑燕姿我才呛回去的吗，能不能不要断章取义,0,Bowen梁,34584240
476,2016,5,31,我是男生，这首歌刚出的时候我唱的可6了,1,高小布,48197311
477,2016,5,25,三分零二秒的喘气声！太犯规了！,0,榆不缺,61039020
478,2016,5,22,17:32,0,林守乐,55243746
479,2016,5,12,喜欢了一个人怎么那么不自然呢……,0,簡以真,255279246
480,2016,5,5,不要在燕姿的歌下边给蔡依林好吗，难道你不知道她俩是闺蜜吗？况且凭什么这么黑人家,2,秦秦Summer,54038634
481,2016,5,1,天空不留下鸟的痕迹 但我已飞过-----泰戈尔,2,唱得响亮-,63487478
482,2016,4,29,燕姿的歌从不切～,0,徐人大,83142096
483,2016,4,24, 其实爱一个人何必那么委屈,1,辛鹿麋,99000763
484,2016,4,24,是这首嘛，去年长沙的演唱会，开头的几首[呆]因为我不会唱[流泪],0,Cypress_Nectar,52419940
485,2016,4,21,天空没有留下翅膀的痕迹，但我已经飞过。应该是这句[奸笑],1,whisperpoppy,65972972
486,2016,4,20,……孜然，，，，，，[大哭],0,DanCingVanGogh,263043497
487,2016,4,20,为什么这么说？[呲牙],0,DanCingVanGogh,263043497
488,2016,4,20,就这么淡定,0,月色摇晃树影_,113465322
489,2016,4,20,她妹妹是医生，我想她是没有时间来这里的。[憨笑],0,撒哈拉的骆驼,12538044
490,2016,4,17,竟然有胸[呲牙],0,空空卡空卡x,48378569
491,2016,4,17,隐藏神曲,0,宝宝最乖乖,49818468
492,2016,4,11,[亲亲],0,力的宏,34361818
493,2016,4,10,找了40首燕姿两个字歌名的歌，有人看过来嘛[可爱]http://music.163.com/playlist/321803994/137659770/?userid=137659770 ,0,法号摇扇子,137659770
494,2016,4,9,@孙燕美,0,是螺纹呀,59982102
495,2016,4,8,16年前的燕姿,0,鸡皮爱好者,7372038
496,2016,4,6,希望燕姿上我是歌手😁,0,-sun-day-,123930313
497,2016,4,6,我要在网易云找男朋友 今年6月大学毕业 没人理我就再发嘻嘻 霸占燕姿所有歌曲,1,你才是呆逼桑-,43172453
498,2016,3,27,就这么自然,0,Lution_,79140672
499,2016,3,23,自然。,0,甜一分苦九分ya,50669579
500,2016,3,15,并不是把书看完就会得到一百分💯,2,龙有清,35691604
501,2016,3,5,打卡！,0,kobe_如果你永不畏惧,108260017
502,2016,2,17,每次听到“是不是把书看完就会得到一百分”这句 就会默默的合上课本[大哭][大哭],3,克卜勒世界巡回演唱会,83076889
503,2016,2,10,[兔子],0,五花是只猫,16907490
504,2016,2,6,现场超带感的[亲亲],0,三黄解毒片,20559601
505,2016,2,2,哈哈哈哈，为了最后的笑声～,1,lsoda,5756328
506,2016,2,2,[奸笑]想想现在火的那些小鲜肉的名气估计名气没她高吧[奸笑]当妈了不怎么出来开演唱会了，但只要出来唱人气只能爆棚,3,小号_,116219774
507,2016,1,29,[强],0,湖人死忠,7776579
508,2016,1,17,以前听这首歌，后来一看泰戈尔的诗……一下子惊艳了,0,whisperpoppy,65972972
509,2016,1,16,101打卡！,0,赵小漾,39324377
510,2016,1,14,100打卡！ 对就是我！,0,Yyhaaa,1316673
511,2016,1,13,好帅[惊恐],0,chliarnge,55115750
512,2016,1,11,哈哈哈！,0,adjean,32273942
513,2016,1,8,就这么孜然[大笑],1,Yyhaaa,1316673
514,2016,1,4,摇滚好几首啊 leave me alone，懂事，逃亡～都超赞哦！！,0,闪泥啦啦啦,88079495
515,2016,1,3,[亲亲],0,可阳快飞,115746724
516,2016,1,2,忘了是哪一场演唱会了一开场就是这首，简直太high气氛了,0,--我要下雪了--,81988166
517,2016,1,2,[亲亲],0,黑暗骑士-TDKR,37793064
518,2015,12,30,燕姿也有摇滚的歌[惊恐][惊恐],0,anone--,110270463
519,2015,12,30,天空没有飞过的痕迹 但是我已经努力飞过,2,anone--,110270463
520,2015,12,25,超喜欢这首歌 太带感了,0,再无爱,53039726
521,2015,12,25,。。,0,雨殇HV,73353857
522,2015,12,25,你真是她妹妹吗？😨😨,0,诸允若,107708460
523,2015,12,23,像vega的感觉,0,funnynicky,2047786
524,2015,12,22,听完好释怀。,0,chris153709,108684847
525,2015,12,16,建议听现场版，听完现场版的会觉得原版没一点元气，现场版元气满满，特别是后面唱得大喘一口气，就这么自然，特别爽,1,火火火三火的火,72073743
526,2015,12,11,我 ,0,口水哥啊,84140487
527,2015,12,8,不爱就不爱 何必委屈自己  呵呵  呵呵 呵呵,0,音乐海贼王,535584
528,2015,12,1,好名字啊少年~,0,二院节奏大师,74691056
529,2015,11,30,当然你可以任意发表意见，so can I,0,散若烟云,35996981
530,2015,11,30,难听为什么还要听[大笑]还要留下足迹我也是醉了,0,散若烟云,35996981
531,2015,11,30,我也是醉了唉，怎么跑到评论里来的,0,散若烟云,35996981
532,2015,11,30,哈哈哈，好恶毒[大笑]我喜欢,0,散若烟云,35996981
533,2015,11,30,自己以前的评论,0,散若烟云,35996981
534,2015,11,30,不要害怕,1,散若烟云,35996981
535,2015,11,30,最快乐的力量,0,散若烟云,35996981
536,2015,11,30,就这么自然,1,散若烟云,35996981
537,2015,11,18,确实不好,0,Joyfish,55307716
538,2015,11,9,哈哈，这样黑不好吧。,0,口水哥啊,84140487
539,2015,11,7,我姿。。。,0,雨殇HV,73353857
540,2015,11,5,演唱会就这首歌歌词不会  [撇嘴],0,无印良痞,33890876
541,2015,10,11,好喜欢这首,0,看我可爱咩,65911192
542,2015,10,8,不知道为什么…回忆起来最喜欢的竟然是这首～,0,猫宁桑,16214639
543,2015,10,6,哈哈 我想谁,0,liang文宇,65821394
544,2015,10,3,刚回家就想到”马上就得开学了“[口罩][口罩],0,淮左名督,65672400
545,2015,10,3,"刚回家就想到“马上又得开学了""[口罩][口罩]",0,淮左名督,65672400
546,2015,10,1,就这么自然！！！！！！,0,禁忌魔法师,2454019
547,2015,9,19,你姐夫纳迪姆想你了,0,海外小仙人,65586509
548,2015,9,15,喜欢孙燕姿的人就算去种番薯也是很帅的,2,liang文宇,65821394
549,2015,9,8,这首歌diao diao的 哈哈哈,0,闪泥啦啦啦,88079495
550,2015,9,6,其实你姿嗨歌真的好多[呆][呆],0,闪泥啦啦啦,88079495
551,2015,9,5,[可爱],0,傻子-笨蛋,1331490
552,2015,8,26,专心走路遇见好天气[可爱],1,时令水果记,72208944
553,2015,8,18,走来走去快乐是知道要什么,0,帐号已注销,44399627
554,2015,8,6,😘😘,0,举个西木,60673274
555,2015,8,6,yanziyanzi.,0,帐号已注销,44991129
556,2015,8,2,演唱会这首歌很燃啊！,0,Yyhaaa,1316673
557,2015,7,25,你够了,0,时间煮鱼abc,2971048
558,2015,7,16,看你还收藏我姿的歌  捱[叉],0,举个西木,60673274
559,2015,7,16,😄😄,0,举个西木,60673274
560,2015,7,14,咩,1,陽狂_陳小咩,78110883
561,2015,7,5,@-春-暖-花-开 这个前奏怎么样,1,陈大力国际后援会会长,60714521
562,2015,7,1,天空没有飞过的痕迹 但我已经努力飞过,2,行星Kepler,6971200
563,2015,6,30,居然换头像了[流泪],2,打卡环游网易云,29965618
564,2015,6,27,在偶像下面没什么说的,0,Bowen梁,34584240
565,2015,6,27,我也是觉得你不在意才举报的呀，在意我举报啥对吧,0,背了个影,26852587
566,2015,6,27,who cares,0,Bowen梁,34584240
567,2015,6,27,己举报[可爱]不喜欢也不用这样说污染评论区,1,背了个影,26852587
568,2015,6,27,自然[可爱],0,细水长流------------------,2373325
569,2015,6,10,听得我以为孙燕姿生病了,0,胃胀,40727152
570,2015,6,8,矮油,0,你姿十三,71279167
571,2015,6,4,豌豆肉丝请自重。。,0,孙燕美,542076
572,2015,6,4,小孩子真是没礼貌,0,沖繩流浪貓,37786481
573,2015,6,4,呸,0,孙燕美,542076
574,2015,6,4,姐夫在这,2,沖繩流浪貓,37786481
575,2015,6,4,头像是你么？跟燕姿好像[惊恐],0,Bearky,5556285
576,2015,6,1,太屌`~,0,___root___,45043561
577,2015,5,18,不知不觉喜欢你已经11年了[大哭]姿妈,8,姿妈v5,35284578
578,2015,5,17,加一,1,羊咩咩喂,50148750
579,2015,5,3,就这么孜然～,0,Amnesiacnumb,37394421
580,2015,4,29,听演唱会唱了这首真是棒棒的!,0,KK小学王,19969687
581,2015,4,27,[奸笑],0,湖人死忠,7776579
582,2015,4,27,[憨笑],0,孙燕美,542076
583,2015,4,25,本人,0,湖人死忠,7776579
584,2015,4,25,考试恐惧症听，放松[憨笑],0,喋研,60576376
585,2015,4,24,好怀念燕姿以前的嗓音，那么一股不羁洒脱劲儿~,2,关耳佑,53946985
586,2015,4,18,我们都想你[亲亲],2,snap_zzc,6043720
587,2015,4,11,这么棒的歌，人太少,2,梵蒂冈的呐喊,19562584
588,2015,4,8,谁想我。。[呲牙],315,孙燕美,542076
589,2015,4,8,噗哈哈哈妹妹很忙有人找你喔@孙燕美,2,1碗螺蛳粉,16736467
590,2015,3,28,这首歌曾经一直陪伴我好多年，是我心里的燕姿歌曲TOP10之一,32,抖腿冠军陆二狗,19316578
591,2015,3,23,这首歌评论咋没见 孙燕美[撇嘴],176,湖人死忠,7776579
592,2015,3,22,走来走去最快乐是知道自己要什么…,54,Nuomia,30234242
593,2015,3,4,天空没有飞过的痕迹，但我已飞过。自然，一切随缘。,2,大头娇,49263596
594,2015,2,27,这首很适合燕姿唱啊，很畅快的感觉,8,被屏蔽的陈某人,48115463
595,2015,1,29,天空没有，飞过的痕迹，但我已经，努力飞过。很多事又何必太多要求？何必求个结果？,8,Nicole-lkz,29444742
596,2015,1,10,喜欢这个节奏[大笑],7,散若烟云,35996981
597,2015,1,6,当红的鸡肯定是蔡依林呀！,1,Guo_Pengfei,646175
598,2015,1,6,你说说现在谁在华语圈算是当红炸子鸡，搞笑吧，谁都知道现在华语圈在吃老本，王菲和孙燕姿依旧走红就是最好的证据,1,Bowen梁,34584240
599,2014,12,15,唉，有你这种满嘴脏话的粉丝真是头疼，,1,Guo_Pengfei,646175
600,2014,11,21,过气女星的粉丝说话都没有文凭,1,Guo_Pengfei,646175
601,2014,11,15,真好听,5,slxxx,9427842
602,2014,9,6,真难听,1,Guo_Pengfei,646175
603,2014,8,29,编曲感觉有点像石玫瑰,2,帐号已注销,6704169
604,2014,3,3,就这么自然：）,3,三无生产线,5947598
