index,year,month,day,content,likecount,nickname,user_id
1,2019,11,13,[大哭][大哭][大哭]为啥啊,0,璃烟雪,635773501
2,2019,11,9,每次去ktv都很怕别人唱这首歌,2,晕灯吗,353172821
3,2019,11,5,我喜欢这个版本[呲牙],3,小小火山君,56834732
4,2019,10,23,初闻不识曲中意，再听已是曲中人。,2,饮时三,44699041
5,2019,10,16,我怀念的是中学时代,2,伊人一心999,2006432889
6,2019,9,26,太可爱了吧(๑• . •๑),0,小懿301,250476570
7,2019,9,26,哈哈哈哈哈，太幽默了～饿成什么样了，这娃，直把精神食粮当成物质食粮😄,3,小懿301,250476570
8,2019,9,13,别拿我姿和你们流量小鲜肉比 OK？,4,予禾寒,286544821
9,2019,9,13,你放个屁叭,0,予禾寒,286544821
10,2019,9,13,哪个大厂男孩👦🏻,0,予禾寒,286544821
11,2019,9,13,就是偶像练习生里的人啊 就是大厂男孩,0,丁少侠家的小师妹,1572398453
12,2019,9,7,大厂男孩是谁 打扰了,0,予禾寒,286544821
13,2019,9,4,我其实不想失去，只是我不敢💔,2,配月,1928612051
14,2019,8,29,现场更有感情，感染力更强,3,吊大滴妹子,50177261
15,2019,8,27,我只是怀念年轻的自己而已,4,小何才露尖尖角儿,356004070
16,2019,8,23,太可爱了吧,0,MiGaMaKa,265483298
17,2019,8,15,最喜欢的版本，大学时候听了好多年09-13，海大,3,海边大白羊MrK,41882425
18,2019,8,10,我的好友中有一个只能浏览信息界面，不能进空间，也不能点赞的人💔💔💔,5,我怀念的是你吖,1682464037
19,2017,9,28,台湾的朋友在哪里,1,cheeseandkisses_,109894617
20,2017,8,30,我平常很冷静 面上表情很少  某次唱歌时候点了我怀念的 用尽全身力气费好大心绪唱下来 一起去的都很好奇  性冷淡竟然也有这么多感情  灯光那么暗 没人看见我泪流满面  早就该习惯了 被人忽视所有感情  或许我本身就是冰冷和理智,2,一碗枇杷,75988966
21,2019,8,1,今天知道，以后再也没有见到的机会了，以前也有六年没见了。我以为我忘了。我以为我忘了。,2,停下来,3476213
22,2019,8,1,我怀念的,2,交叉路过,1549208535
23,2019,7,27,不用想的太复杂,0,Galaxy37,410660166
24,2019,7,27,越往前越难,3,Galaxy37,410660166
25,2019,7,27,因为你喜欢小鲜肉而已。,2,偏城御,37923346
26,2019,7,25,2020演唱会约起来,4,莫名改的名,367956480
27,2019,7,7,"我是真的不想挽回什么了，能做都做了
我笑着告诉自己，我已经不害怕失去了^_^",2,百鬼_岷岄,397653820
28,2019,6,26,想问为什么 我不再是你的快乐  假装了解是怕真想太赤裸裸  真想总是让人难以接受并且来的都很晚,1,小小苏五,333727231
29,2019,6,10,慢热的人真可怜 人家都腻了 你才动心,9,Cha轩,1290908858
30,2019,6,9,好了好久,1,kepleren,263836534
31,2019,6,8,啊啊啊燕姿明年一定要有演唱会啊！！！,1,Capta1nLucky,250859324
32,2019,6,8,我怀念的[爱心],1,Capta1nLucky,250859324
33,2019,6,6,我也觉得这个版本好听,2,番薯MM,99638779
34,2019,5,21,我真的不敢,1,angont,365201082
35,2019,5,18,假洒脱，，，,1,我就是我的主演,1856811329
36,2019,4,26,谁懂我多么不舍得…如果能好好相爱 没人会选择孤单.,2,芜湖市扫黄大队长,280124012
37,2019,4,25,看完复联四了 不知道是开心多一点还是难过多一点…,2,肉山1212,503858408
38,2019,4,25,我怀念的 是无言感动,1,IIIIINIne,48480907
39,2019,4,23,泳儿的翻唱也不错,0,好生说话,400613662
40,2019,4,19,live比cd好听些[流泪]真的,4,炀芗,1715722648
41,2019,4,18,[多多无语][多多无语][多多无语],0,W_u_Y_a丶,1325814540
42,2019,4,17,我曾经想要试着销声匿迹，后来发现你是真的不在意,1,薛二甜,578626399
43,2019,4,14,701是我,0,小青浪a,645753127
44,2019,4,6,所以我....沒有哭....沒有...說....[哀伤],0,棠坻居士,361022457
45,2019,4,2,我怀念的是无话不说,0,你看起风了呢-,508108475
46,2019,3,22,虽然他我瓦图是因为我也是的这种事情让我,0,黑云-Speak_dear,509107759
47,2019,3,9,谢谢你啊，伤感的歌里有这么有趣的评论,7,我再也没见到另一只蝴蝶,407042545
48,2019,1,14,更喜欢这个,0,Plan的人_Xu,566390697
49,2018,12,29,喝了16瓶凉啤酒，不知道为啥现在不想吐，只想哭,1,46Rossi-,116378453
50,2018,12,27,我怀念的是无话不说，我怀念的是一起做梦，我怀念的是争吵以后还是想要爱你的冲动,3,我不是Lynn,312190678
51,2018,12,18,羡慕这样的宿舍,3,H-S_Sun,296312220
52,2018,12,4,听歌莫名很喜欢现场版,2,Heyheyxfy,45158791
53,2018,11,20,好听,0,ClannadUshioCurry,64456880
54,2018,11,18,好像真的不太爱笑了 就这样冷冰冰的就好,2,遇见陈冠希_,571208536
55,2018,11,15,小盆友，你太皮了[惶恐],2,氵寿涛哥哥,496594872
56,2018,11,9,李笑梅、我永远爱你、,1,贱人大二狗,608584491
57,2018,11,6,live,0,大大黑黑脸脸,64904753
58,2018,10,25,行走的CD，就是我家燕姿啦,1,Lyeenne,297240818
59,2018,10,24,为什么life的这么少评论啊……不应该呀，很好听呀[爱心],1,yes_CR7,324785749
60,2018,10,10,最开心也是最怕 不会怀念了,0,比特团长,121725021
61,2018,10,7,我怀念那个陪我过16岁生日时的那个短发女孩。几年倏然间就过去了，女孩留了长发，而我和她也物是人非，天各一方。,2,名字不是代号是昵称,1614240482
62,2018,9,30,"因为一个人
陷进一首歌
你来之前都是羁旅
你走之后都是漂泊",6,顾7on,584872670
63,2018,9,22,喜欢这版胜过录音室版,6,彼得潘与狼,261245021
64,2018,9,19,你家狗真有灵性！据说是托世哮天犬！,3,圣婴托雷斯T9,341973460
65,2018,9,13,忘词忘词[呆],1,carp77,418117269
66,2018,9,8,听懂一首歌 太难了,0,擦汗的李男人,258019199
67,2018,9,4,脸有点大,7,小夏同学的夏天,403579638
68,2018,8,31,才去了垦丁 很美,1,自闭症患者眉宇,399586494
69,2018,8,27,无话和不谈,2,开始从平淡日子里感受快乐,1325795753
70,2018,8,15,现在是凌晨3:16 我很想你,3,ascoolasacucumber-,338875755
71,2018,8,14,狼狈比失去难受 那一下用力的感觉,2,訚大肆,265095099
72,2018,8,12,我不能在这个地方输掉,1,不放弃的三井寿,81047231
73,2018,8,10,如果是在微博上看见，我会以为你是一个卖药的😂,34,鸡肋不是,81816871
74,2018,8,5,没有说,0,_诗芊,81037679
75,2018,7,31,现在是凌晨3:30 我在吉隆坡想你了,4,怎么称呼我们呢,605053387
76,2018,7,30,我怀念的，我还有什么可怀念的呢，最伤人的不就是细腻的感情吗，无论是爱情还是亲情，一旦怀念，就没有办法从伤害中走出来，鸡汤再多，里面的鸡肉也已经是被别人吃了[哀伤][哀伤][哀伤],3,猫糯就是用猫揉成的团子,326387594
77,2018,7,30,最棒的live没有之一。,2,AbzeMh,345577762
78,2018,7,15,不再是我的了哈哈哈哈哈哈哈好想哭哈哈哈哈哈哈,3,十里青-山远,307502097
79,2018,7,13,都是你，都是你a,0,yong抱菀莞,453632413
80,2018,7,11,很喜欢,0,滴不尽相思血泪抛红豆1707,555141501
81,2018,7,10,你把我的困意笑没了！赔我！,1,_布兜儿_,129256426
82,2018,7,8,还是明白你已不想挽回什么,0,Jweny-,444455876
83,2018,7,5,好喜欢以前的女歌手 情怀,1,熬不过夜晚了,473103906
84,2018,7,5,很暖,2,青风挽笑何以霖丶,484915278
85,2018,7,4,所以我，没有哭，没有说,0,我是刺客伍陆柒,447904826
86,2018,7,2,可怜的像个玩物,0,Curryminiohh,1333028202
87,2018,6,29,只是不爱了。。。或者只是从没爱过，有了新的寄托觉得恋爱无所谓了,2,圣婴大王1703,447611048
88,2018,6,26,我一直在等你，无时无刻在怀念你。来自第666个评论。,1,一支蘭州___,287712147
89,2018,6,26,最爱这首歌，最喜欢这个版本,1,斗罢艰险-又出发,278977158
90,2018,6,25,一直觉得不管什么歌live版的更打动人，触动人心。live版的才能感受到的真实。,1,平宿,1409752872
91,2018,6,25,谁记得 谁忘了,0,开始从平淡日子里感受快乐,1325795753
92,2018,6,25,我怀念的  是无话不说,1,开始从平淡日子里感受快乐,1325795753
93,2018,6,24,想问为什么 我不再是你的快乐,1,林0的猪猪,594043781
94,2018,6,23,嗯😊,0,19211003,1388083386
95,2018,6,23,谁过头太远了,0,蓝石头55,56061551
96,2018,6,23,没事，我也有朋友喜欢陈立农所以尽量帮她一把，避免产生黑粉,0,碓冰是我大男神,126431372
97,2018,6,23,抱歉,0,19211003,1388083386
98,2018,6,23,嗯，抱歉，有些心急,0,19211003,1388083386
99,2018,6,22,小哥哥，我还有想要爱你的冲动😔,0,爱坤农forever,1438710461
100,2018,6,22,晚安,0,奇怪的DJ,279504272
101,2018,6,20,这样何必呢，你在这里说他，不就是在给你爱豆招黑嘛，隔壁又不是没有评论区,0,碓冰是我大男神,126431372
102,2018,6,13,"一直在关注别人的异地军恋，然后看着别人最终走到一起，以这种方式来给自己信念：我一定要等到你从部队里回来。
可是，等来的却是你第二次来跟我说，你怕耽误我，你不够优秀，我们不适合。
这次，我不会再回头了，韦先生。
没有所谓的不优秀和耽误，只是你不想为了我而改变罢了。
就这样吧，再见。",4,Curryminiohh,1333028202
103,2018,6,13,爱你孙燕姿,0,我有努力和这个世界变熟,394296679
104,2018,6,12,不(;｀O´)o，，，陈立农怎么了，孙燕姿又怎么了⊙_⊙,0,19211003,1388083386
105,2018,6,7,爱你爱的很狼狈,1,许文静enj,1297619252
106,2018,6,4,我擦。。。。,0,忧郁的扑棱蛾子,453821653
107,2018,5,29,那就在宿舍放这首歌吧~,1,54thClassmate,70963284
108,2018,5,28,我我我想要这样的舍友！！[流泪],2,谁敢对朕下药,517702295
109,2018,5,24,"分手两年一个月零十天，你上个月又误会啦我一次，没有给我解释的机会。

明明我们真的很爱很爱过，为什么你分手以后完全变啦一个人～～

我怀念第一次视频，第一次见你，第一次拉手，第一次亲吻，第一次送你上火车，第一次去你家

怎么那么多第一次，都变成了最后一次呢",0,告一段落了,258684021
110,2018,5,16,十年前，她给我分享这首歌，我们那时无话不说，我们爱的那么执着，说好的2018我们结婚的，可现在的你将成为别人的新娘了。我站在原地爱着那个女孩。。那个心里的女孩。,2,孟不靠谱,532887600
111,2018,5,14,孙燕姿 是从来不会对歌迷说爱这个字的人 但感谢感激这种绝不会少 作为歌迷我居然格外喜欢这点  ,4,mathroccck,321013777
112,2018,5,6,低着头吃馍,0,2020年世界第一首富,1351787278
113,2018,5,4,比录音室的好听!,0,LInnnnnoo,325258895
114,2018,4,29,"她仍是我的软肋
我却不再是她的铠甲[心碎]
",1,最美不过青衫白发7,1337762075
115,2018,4,29,我已经从126瘦到了85 现在的我已经变成了你喜欢的样子你能回头看看我吗 虽然知道你从来没有爱过我 我知道你在感情里面受过伤害 可是你为什么要来伤害我 我还爱你 但是我知道我们不可能了,4,你是谁呀12,511107567
116,2018,4,28,不知道为什么为你付出，总觉得很开心,0,Apowerer,376899475
117,2018,4,26,想你了，却不知怎么对你说,0,锦绣河畔,273415201
118,2018,4,25,我想你了，我爱你。也比任何人希望你能幸福，希望你好。,0,麋鹿怪人梦,350479126
119,2018,4,25,谁要走我的心，谁知道那就是承诺,1,刘福星儿,37687133
120,2018,4,24,我没有爱 苦只能自己熬,3,小綩g,1438988150
121,2018,4,24,[汗][汗][汗],0,柿子柿i,1420038699
122,2018,4,22,一直执着的听这个live版，特别喜欢这个版难受的发音…我是不是变态[大哭][大哭],7,我是在嫌弃你呀,1424211498
123,2018,4,16,听到了吗,0,L_iLo,265730035
124,2018,4,16,“比~~~~”,0,周-杰伦,45063567
125,2018,4,16,怀念喜欢你的日子,0,Wrih蘑菇,587599685
126,2018,4,12,都说时间会让自己忘记一切  可是我感觉全是nm骗人的  我还是喜欢你孙亚宁！！！,0,想与你吹风,413371149
127,2018,4,12,前奏一起，眼泪都快掉下来。,1,放进雪柜,70732778
128,2018,4,11,我怀念的是无话不说,1,Strangness,496468230
129,2018,4,7,你喜欢所以我喜欢,0,keaici,305692489
130,2018,4,7,999助攻！！,0,敬辞_,361257028
131,2018,4,6,[爱心][爱心][爱心],0,成小姿S,84991554
132,2018,4,5,自尊常常将人拖着 把爱都走曲折,2,马新豫,473204056
133,2018,4,4,你爱我妈妈嘛？不然我站在这里？,1,加多宝棒棒,589355760
134,2018,4,2,对不起，这是孙燕姿，陈立农请出门右转,5,音如秋,255177878
135,2018,3,31,陈立农,0,19211003,1388083386
136,2018,3,31,回不去了,0,除非看不到,1415001844
137,2018,3,30,谁要走我的心,0,清清还没睡醒呐,342511019
138,2018,3,29,哪怕被伤到遍体鳞伤，也控制不住自己喜欢那个人。哪怕知道你不是，可是仍然希望你是我等的人。,2,边澄的故事,511188814
139,2018,3,26,怎么声音这么好听！！！,1,狂乱穷公砸,125933299
140,2018,3,26,我怀念的无话不说,0,江河安,318534048
141,2018,3,26,我怀念的是在你怀里肆意撒娇,2,库拉索0424,1328857359
142,2018,3,26,我怀念的 是什么呢 关于你 我全都已经忘记了,0,唐昭宁,1410275593
143,2018,3,25,"鱼刺卡过喉咙你却还是喜欢吃鱼,被狗咬过被猫抓过你却还是热爱动物,满口蛀牙你却还是嗜甜如命,他弃你于千里之外 你却还是愿意为了见到他走遍千山万水.道理是相同的,你喜欢,你就甘愿。",5,-低级-,599280134
144,2018,3,24,不知道第一次听是什么时候了，记得高三两点钟上课前为了打起精神，班上总会一起站起来唱五分钟的歌，在应该唱倔强 奔跑 最初的梦想的时候，总会选择唱这首歌[大笑],1,jajaja808,389759883
145,2018,3,22,于你 不敢靠太近 又舍不得太远 所以我活该继续煎熬着！,1,宰姬,541821795
146,2018,3,21,狼狈比失去难受，这个受字唱的我眼泪掉下来，live版果然永远触动人心。,3,Cyne718,370865195
147,2018,3,20,★,0,别是太空人,82949922
148,2018,3,18,笑死人,0,limengyan衬,1292805987
149,2018,3,18,💔💔💔💔真的很难过的呀,1,贝多芬的病毒毒,326013746
150,2018,3,17,想问为什么 我不再是你的快乐,2,池田君,1300002081
151,2018,3,16,我爱过你，我怀念你，我想打你😊😊😊,1,贝多芬的病毒毒,326013746
152,2018,3,16,我还有想要爱你的冲动[皱眉],2,你__开心__就好,357217863
153,2018,3,16,谁忘了要给谁温柔😕[流泪],0,你__开心__就好,357217863
154,2018,3,12,我怀念的 是无话不说,0,咸鱼少女是我,125963751
155,2018,3,11,600评论献给姿妈,2,彩虹啊呢,312701165
156,2018,3,11,最好听的live,1,玩笑与白日梦,404862667
157,2018,3,10,狼狈比失去难受……[心碎],0,小龄与小楠的故事,549001512
158,2018,3,10,我怀念的是争吵以后还有想要爱你的冲动,1,送你一只纪梵希-,299248143
159,2018,3,3,再过去的那03:33分，我在FM听到。没有悲伤，只有感动。我还记得那年生日，还记得那一首歌。再见了，过去。,0,JMcn,38770657
160,2018,3,1,哈,1,毛毛虫0912,323067104
161,2018,2,26,绝对炙热[心碎],1,Thew2nd,481447769
162,2018,2,24,我听几次都是「你是我妈妈」,0,陈开开开,623439728
163,2018,2,23,[爱心][爱心],1,Swedish丶House丶Mafia,306994277
164,2018,2,21,虽然很尬 但还是喜欢你阿,0,不爱双子,306840786
165,2018,2,20,以为会破万,0,萤火虫小巷ashley,444184684
166,2018,2,19,大家忙着过年，我忙着想你,4,阿渣哈哈哈,91404439
167,2018,2,16,"@妮不甜 @nxkue @烂全家
抓紧我的手手哦！我们再也不要走散啦！2017八月在球球相遇 希望以后我活着的每一年都有梁晓盈郭佳妮 ！我不想怀念了请我们三个不要像我和别人一样走散啦！爱你们[跳舞][跳舞][星星]",11,愿逢山河,416872582
168,2018,2,15,对不起我是书包,0,我我叫77,333141709
169,2018,2,5,好喜欢她,0,丹离啊,1350391833
170,2018,2,5,如果可以 想在春天去垦丁看一场有孙燕姿的音乐节 如果可以 最好是和可爱的人一起,0,GXTree,51340441
171,2018,2,4,我怀念的是你！,0,温___度,1348216055
172,2018,2,3,因为她，喜欢了孙燕姿都好多年了，可和她任然毫无进展,4,年少痴狂梦1703,447894041
173,2018,2,1,这首live 比录音版的好听,1,YIQIUO,112872851
174,2018,1,29,所以呢 你会回去陪它玩吗？,1,一条还没有腹肌的鱼,453802811
175,2018,1,29,因为我饿了。,2,一路向北171222,1318006692
176,2018,1,27,过了就是过了 风吹散了那个你心心念念的人 从此生活中再也不存在了 而你要做的是重新开始新的生活.,2,陈陈陈洋,1337708624
177,2018,1,26,这是第一胎的时候吧，现在都第二胎了[大哭],3,Ed1son--,279253821
178,2018,1,23,我也喜欢这版本,1,亲-爱的,102404148
179,2018,1,23,晚安,1,我有努力和这个世界变熟,394296679
180,2018,1,20,我怀念的是一起做梦，我怀念的是清晨吻我，我怀念的是你的大笑，我怀念是一起看烟花。,3,张永腾,341737289
181,2018,1,20,山顶的朋友，请举起你们的双手[亲][大哭],2,帐号已注销,505574622
182,2018,1,19,这版这么好听的竟然不到999+？,2,贝壳是也i,267784522
183,2018,1,15,燕姿的唱功啊……也太牛了吧，现场和录音没差别,3,barefootcinderella-,113914866
184,2018,1,13,听到我让座那里，为什么我突然邪恶了[奸笑][奸笑][奸笑],0,Oo陪你听风oO,124761750
185,2018,1,11,每次听这首歌，就会想起高中失恋的时候，一个人在操场疯狂的奔跑，跑得精疲力竭了，就躺在足球场上听这首歌。我怀念的，是争吵以后还是想要爱你的冲动。毕业了，你还好吗？,6,轻风吹柳的_少年,1329617718
186,2018,1,11,我怕我们说完再见以后，我会再回头说我还想你。,2,默1228,1316264454
187,2018,1,6,安慰别人的话始终安慰不了自己，更可悲的是也没有人会安慰你,2,帐号已注销,1329736209
188,2018,1,6,世界上根本没有感同身受这回事，根本没有。,1,帐号已注销,1329736209
189,2018,1,6,我怀念的是无话不说。,0,盼闫,136670604
190,2018,1,5,我觉得男孩子也很可爱😜,0,天空上的旋木,72991027
191,2018,1,3,歇斯底里的，难过了这么久,1,聊腻妹,624820901
192,2018,1,3,好心酸好难受，不知道以后要怎么办？,1,聊腻妹,624820901
193,2018,1,3,边复习边单曲循环这首歌  怀念那一群远方的傻子 嗯我在异乡很好 只是会怀念你们,0,此木南风,1323766211
194,2018,1,1,孙燕姿又爱你多一年了,2,cheeseandkisses_,109894617
195,2017,12,24,那女孩传简讯给我[心碎],2,胖君君1708,570585990
196,2017,12,23,打破555,1,看得我one楞one楞的,269667529
197,2017,12,20,我有点怀念高中同学，他们是无时无刻都和你有说有笑，而现在有时我说话他们不搭理我,1,ffgfsettdr,282969783
198,2017,12,18,哈哈哈，高中后座特别喜欢这首歌,0,蜡笔小1705,490185256
199,2017,12,16,听着突然哽咽,0,Cc_Loh7323,260970820
200,2017,12,12,你不是说要陪我的吗？不是说要等过段时间就公布的吗？不是说爱我的吗？要走了吧，我知道我是留不住你的，不管我怎样纠缠……,1,你的散文诗,295828952
201,2017,12,11,关起满室 不足的氧气,0,moryummy,114401732
202,2017,12,10,整整六年,2,看50次日落,361651777
203,2017,12,9,很棒,0,renjian---,307025197
204,2017,12,8,因为录音版的那个歌要钱才找个这个，发现这个更有感觉[可爱][可爱],1,北栀子哇,534376886
205,2017,12,8,竟然没有999+,0,laozyyal,430892613
206,2017,12,6,hi,0,ZL慧儿,290264809
207,2017,12,6,孙燕姿现场还好吧，林忆莲，林俊杰，张学友，李克勤，张敬轩，现场都是cd版。,2,灬誠丶灬,45974022
208,2017,12,6,怀恋的是曾经的纯真，适应社会不得不做出的改变让人烦恼！这首歌我听了不下一百遍，谁的版本我都会唱,0,灬誠丶灬,45974022
209,2017,12,5,等我能够和你比肩，必将光芒万丈。,1,277执念,558632367
210,2017,12,4,你告诉我你怀念的是什么,1,月亮不亮我也亮,1303641145
211,2017,12,3,感觉都不是啥好人，再说一句，天生一对，自己体会，塞哟娜拉,1,Oo陪你听风oO,124761750
212,2017,12,2,嗯你是对的[大哭],1,Mr___strange,297658454
213,2017,12,2,我還要想愛你的冲動啊,0,44的少女,18697880
214,2017,12,1,看来我们是一类人,0,蓝幽灵227,453223055
215,2017,11,30,这句话好耳熟，好像曾经我对别人说过[大哭][大哭][大哭],0,群群小豆丁,475647632
216,2017,11,30,没内地的朋友？,0,橙子大熊猫,259792810
217,2017,11,26,经历的太少，只是怀念高中的读书时光，遗憾最后没能与她做成朋友。,2,梨子咧,550341319
218,2017,11,24,第四年了 生日这天你还是没放过我 这算是什么梦 梦里梦外都不要我 ,3,松软的大猫咪,402215269
219,2017,11,21,现在很难找出跟你一样录音室和现场几乎一模一样的人了吧,2,允在女孩绝不认输,290578558
220,2017,11,19,哈哈哈哈哈哈哈哈哈,0,林守乐,55243746
221,2017,11,19,哑,0,菩提里的向日葵0330,579705152
222,2017,11,18,毫无抵抗力,0,AlwaysInBlue,501769707
223,2017,11,17,你的名字，取得也很好[吐舌],2,忘咲,45792296
224,2017,11,15,[心碎],0,仙屿白川,511808592
225,2017,11,15,不甘心被你欺骗感情,0,仙屿白川,511808592
226,2017,11,15,总有一天你还会想起我的,0,仙屿白川,511808592
227,2017,11,15,很怀念啊,0,仙屿白川,511808592
228,2017,11,15,我见过你爱我的样子,0,仙屿白川,511808592
229,2017,11,15,你的名字，取得很好,0,谢时-,72112506
230,2017,11,14,那女孩传简讯给我,0,___舒傲寒,371362521
231,2017,11,14,情字难解 难过人心,0,空需兰水,647364195
232,2017,11,12,第521 个哦,0,失眠网友_,92542022
233,2017,11,12,走着走着，我们真的成了只有我怀念的,1,天秤折翼,534697085
234,2017,11,10,[爱心],0,了不起的老人家,37782426
235,2017,11,9,太爱了 所以我没有哭 没有说,0,邹阿瓜,77374677
236,2017,11,9,好吧，打不出来完整的一句话,0,weifound,128928713
237,2017,11,7,所谓怀念，无非是忘不掉罢了😟,1,Sulite_,343351961
238,2017,11,7,好好听,0,今晚只有我独自放歌,303104171
239,2017,11,7,有点想我的小哥哥了可是他怎么还不来找我呀,1,长安小朋友,124284194
240,2017,11,4,我放手。我让座。假洒脱。谁懂我多么不舍得。,0,微雨hj,606892621
241,2017,11,3,人的一生最怕是听懂一首歌,2,青灯为君燃7,472816458
242,2017,11,2,我怀念的是无话不说。,0,与我撑,544730185
243,2017,11,1,我打算听一宿,0,开崽,512339490
244,2017,11,1,我怀念的是和你有关的所有,1,杰哥wuli平姐姐,616603773
245,2017,11,1,谁能告诉我努力感受了啥？？？听不清[大笑],0,林淇Smile,493949084
246,2017,10,29,时间是庸医,0,二拾肆,98611836
247,2017,10,29,💙,0,高木先森T_,357838492
248,2017,10,28,我也觉得,0,神经衰弱1707,552026610
249,2017,10,28,就好像有很多人，不是我一个人了,0,神经衰弱1707,552026610
250,2017,10,28,我发现我还是喜欢听现场,0,神经衰弱1707,552026610
251,2017,10,25,我感觉就有点像 我要是不爱你们就不会站在这里，二姐没有明说就更觉得可爱,0,郑二一,122140536
252,2017,10,25,不知道为什么这句话特别戳到我，让我更喜欢了她一点,0,郑二一,122140536
253,2017,10,24,赶紧下载，等我老了，在去找就难了，同意点赞,1,失眠的呆呆,619748742
254,2017,10,24,为什么没有9999999+[亲],0,失眠的呆呆,619748742
255,2017,10,22,我好想你,0,女未女未a,542132098
256,2017,10,22,深情 也许吧 但是听歌就跟吃美食一样 根本停不下来啊[大哭][大哭][大哭],0,Joey-F,57548336
257,2017,10,18,我记得你在背后 也记得我颤抖着[大哭][大哭][大哭],0,3226,42540043
258,2017,10,16,又特喵的听哭了…,1,落18,116386146
259,2017,10,15,为什么没有999+ 表情,0,小妖吃猪蹄儿,412617644
260,2017,10,15,不提过往,1,小张的杂货铺s,616442239
261,2017,10,14,好听好听,0,樱花树下的garnet_crow,109380280
262,2017,10,12,不爱的没必要挽留,0,娇诶23,516426342
263,2017,10,12,[爱心],1,了不起的老人家,37782426
264,2017,10,11,[爱心],1,了不起的老人家,37782426
265,2017,10,9,想你从云南赶紧回来,0,一罐酒酿,334730087
266,2017,10,9,[爱心][爱心][爱心],0,daiqs1,119049017
267,2017,10,7,更好的在最后,0,弯弯-Vivian,609436431
268,2017,10,7,比如我这种人就不适合恋爱 因为爱会唤醒我的占有欲 控制欲 疑心 也会勾引出我的狭隘 自私 敏感 而这每一种情绪都足以令我和与我爱的人痛苦 且越爱越严重,3,你有计划了吗,446339367
269,2017,10,7,会有的（祝福）,0,小卷毛TSJ,439872044
270,2017,10,7,虽然你终究没等到我做你的骄傲。却永远是我生命中的美好,2,救赎-L,611591656
271,2017,10,7,封面为啥换了啊，还是我记错了？,0,人生最美是军旅我就笑笑,65278744
272,2017,10,6,愿如你所说,0,灰烬与白夜,279325581
273,2017,10,6,不会的，一定有一个女孩子（男孩子）让你一往情深的 [开心],0,小卷毛TSJ,439872044
274,2017,10,5,不会啊，我就不会深情，是那种只会为自己着想的人啊，伤着我的我不会去碰[大笑],1,小卷毛TSJ,439872044
275,2017,10,5,用网易云的女孩子才很深情,0,齐安Vivian,567975410
276,2017,10,4,[爱心],1,了不起的老人家,37782426
277,2017,10,4,喜欢这首歌3年了,2,loulaia,342496056
278,2017,10,2,在感情中，先说爱的先不爱，后动心的不死心。,6,兔帮帮主,540241728
279,2017,9,30,用网易云的男孩子都很深情吧,6,小卷毛TSJ,439872044
280,2017,9,30,[爱心],1,了不起的老人家,37782426
281,2017,9,28,台湾的朋友在哪里,1,cheeseandkisses_,109894617
282,2017,9,27,我怀念的是分手以后还是想要爱你的冲动[哀伤],4,要二不要三-,501203352
283,2017,9,26,我说“我爱你，直到有人比我更爱你为止”，你回“应该没有人比你更爱我了”……就算是现在，我还会说这句话，只是我已经没有什么身份了,3,蓝幽灵227,453223055
284,2017,9,25,反反复复地听，就为了这一小段。这个字音的处理真的太入心了,1,边缘人IAI,15988242
285,2017,9,24,新蒸的,3,西门狗蛋1,283156938
286,2017,9,23,这一年都没得唱k了[哀伤],1,无惧疾疾风,397673371
287,2017,9,23,我怀念的 是无话不说 我怀念的 是一起做梦,2,无惧疾疾风,397673371
288,2017,9,21,烤鸭卷饼,1,Xrosair,480392206
289,2017,9,18,话到嘴边还是开不了口。,1,IU-遇你知恩,423681816
290,2017,9,17,我怀念的，怀念你。,1,山水总相逢l,557354668
291,2017,9,17,[爱心],2,了不起的老人家,37782426
292,2017,9,16,[爱心],2,了不起的老人家,37782426
293,2017,9,14,[爱心],2,了不起的老人家,37782426
294,2017,9,13,喜欢听她的歌是因为你，而现在我却不敢听了。,1,你在动情时说的话都是真的,591267500
295,2017,9,12,那你的意思男孩子不可爱咯,0,也偏无味,292628649
296,2017,9,11,傍晚一个人坐在河边的台阶上吸烟 拿起耳机又泡在网易云 大学 成长 或许总需要一个人承受些什么 我记得前天送他去新生报道 他和我说着他将要去干什么 发生什么事 总感觉那很像一年前的自己一样 很担心他会不会像自己一样 做什么事情都是一个人 假装坚强 假装傲娇 假装高冷,2,帐号已注销,436952763
297,2017,9,3,恍恍惚惚，差不多啦，装作是一样的,1,legendaryE,98366149
298,2017,9,2,天下无贼里吃的是北京烤鸭[大哭],0,忘咲,45792296
299,2017,9,1,荷西说过啥？,0,一起活着就足够好,82480203
300,2017,9,1,荷西说过,0,曾见故人心,116301414
301,2017,8,31,这是，天下无贼里的最后的场景么？,1,legendaryE,98366149
302,2017,8,30,我想重新认识你，从你叫什么名字开始,3,厸喵酱,498002575
303,2017,8,30,争吵以后，还是想要爱你的冲动,1,大王八小狗屎,368276829
304,2017,8,30,我平常很冷静 面上表情很少  某次唱歌时候点了我怀念的 用尽全身力气费好大心绪唱下来 一起去的都很好奇  性冷淡竟然也有这么多感情  灯光那么暗 没人看见我泪流满面  早就该习惯了 被人忽视所有感情  或许我本身就是冰冷和理智,2,一碗枇杷,75988966
305,2017,8,29,歌迷问你你爱我们吗 你说那我不然为什么会站在这里 你不是一个把爱挂在嘴边的人 但我们能感受到你的爱  爱你的第8个年头,2,rollino,289494735
306,2017,8,27,我完蛋了！,0,sadppgirl,104468218
307,2017,8,26,心情不好时候，反复听，歌词写的很好！我的田晓霞你在哪呢？,1,我们都是追梦er,257483271
308,2017,8,23,以前去ktc总要唱这首歌，唱给他听。,0,月亮上的妲己k,561968013
309,2017,8,23,來捧場的朋友好多吼，我姿媽好給力吼。,0,鄒爸比,85768778
310,2017,8,22,在学校听到的这个就是   她怀孕了[惶恐],0,电影世界li,446910331
311,2017,8,21,覆…覆水？,0,海洋过森林,325742808
312,2017,8,20,我怀念的是争吵以后 还是想要爱你的冲动,1,边上有树,567133552
313,2017,8,18,“想问为什么我不再是你的快乐”不爱了说过的话就算了，分手了好像那个人从来没有来过，好像现在的你和说爱我的你是两个人一样,3,周牵牵,498927929
314,2017,8,16,一定要听500遍,0,Stlpc,310765475
315,2017,8,15,牛逼了，老铁,1,4826748942,250072936
316,2017,8,14,太爱了 所以我 没有哭 没有说,1,Tenlw,131777105
317,2017,8,14,我还有想要爱你的冲动 [心碎],0,Tenlw,131777105
318,2017,8,13,嗯嗯[可爱],0,蒐瓸,478751940
319,2017,8,13,是的  你也要好好的💓,0,_刘三岁呢,449566989
320,2017,8,13,一切会过去的，只是时间的问题,0,蒐瓸,478751940
321,2017,8,12,是的 前天刚分手。,0,_刘三岁呢,449566989
322,2017,8,11,听了，会泪流满面吧！因为心里还有他的位置,0,蒐瓸,478751940
323,2017,8,11,你和我很像。以前他唱给我的歌现在我都不敢听,0,_刘三岁呢,449566989
324,2017,8,9,其实现场版的有时候带点这些真的也别有一番风味啦，换个心态去听听，慢慢就会觉得挺好的啦,0,别再奋力逞强,122065677
325,2017,8,8,真的是我怀孕了🤰[大哭][大哭][大哭],1,老用户和狗,104265590
326,2017,8,7,可以自己剪掉,1,小鱼君-,63877258
327,2017,8,6,太爱了  我放手  我不说,2,巨帅筱雨淇,427107877
328,2017,8,4,我怀恋的是你给我唱歌，每次听这首歌，总会怀恋你,0,烦人的阿静呀,553291743
329,2017,8,4,能不能把前面40多秒掐掉....,1,梵高先生-26,51354453
330,2017,8,4,你买的我能不吃？[呲牙][呲牙],0,云村知非癌患者,307282441
331,2017,8,3,好听,0,M鹿七大人,552915558
332,2017,8,1,我怀念的是你看着我的时候，笑着低下头，试探着碰到我的手，然后抬头看着我傻笑。我悄悄的把手放到你手掌的正中心，你恰好可以握住。,0,圆子达达,513627641
333,2017,7,29,我怀念的是你弹吉他给我唱歌，我怀念的是你陪我一起玩游戏，我怀念的是你给我的回忆，我怀念的……,0,蒐瓸,478751940
334,2017,7,29,假装了解是怕真相太赤裸裸 狼狈比失去难受,1,Gaudiyang,91409068
335,2017,7,28,我怀念的是和你在一起的时光，我怀念的是我们，我怀念的是你，但是只有你不知道,0,一口皮蛋冻豆腐,540439357
336,2017,7,28,难收！！！,0,R4D5,116787212
337,2017,7,27,我怀念的无话不说，我怀念的争吵以后。。可惜我和她分手了！然而每次听到这首歌，都会想起她，看到相似的背影都会偷偷的看一看，哪怕灯火阑珊处能看到她一眼，然而一个校区，却老死不相往来！,3,昨夜清风拂山岗,349991365
338,2017,7,25,有苦说不出[流泪][流泪][流泪],0,浮生-半-日闲,319012576
339,2017,7,25,就不跟你走了 人生的忐忑已经够多了 你的情书和车马太慢了 不眠就算了 我想睡个好觉 四月的清晨还是有点冷 雪糕为什么不能都给我呢 去海底捞不喜欢鱼丸 你不一定都知道我想去的地方 爬山涉水太辛苦了 钥匙就不要了 回头你家丢东西还得找我 余生还是不要你指教了 我自己过吧,3,何仙姑夫l,352773704
340,2017,7,24,我怀念的是你在我身边的短短几日 每次唱这首歌都会走心❤,1,窝-皮皮呀,471030686
341,2017,7,24,诶…离开啦…你要好好的呀…,0,翎南风,321832105
342,2017,7,24,曾经和你那么要好😊，也曾经逼你说着不离不弃。最终也抵不过别人处心积虑的巧妙介入，输给了自己的不懂珍惜。所有人默契的没有问我们怎么突然分开，直到一晚在朋友家过夜，她犹豫了很久终于开口问了，我一瞬间泪流满面，不知道原来过了那么久，我还是没有勇气说起“我们”。现如今失去比狼狈难过。,2,你是什么味小饼干呀,536941747
343,2017,7,24,北京的朋友在哪里？,0,许昌宋晓峰,298614322
344,2017,7,23,不好,2,星辉羽箭,442585709
345,2017,7,22,当年听哭过,0,曲速频道,333666142
346,2017,7,22,燕姿的歌可以从初中听到大学毕业，耐听，永不过时。,1,跳舞的克卜勒,122786310
347,2017,7,21,早就不爱了[哀伤],0,兔呜涂,430108039
348,2017,7,21,却苦笑说我都懂了,1,一罐酒酿,334730087
349,2017,7,18,每次听都会过很久，听多了就会无感。很讨厌这种无感。所以一次只听几遍,1,惊觉是你,418014534
350,2017,7,17,感觉，情感不太够啊。,0,primi-passi,298739168
351,2017,7,16,很羡慕三毛和荷西的爱情,1,-ha-lo-,535799740
352,2017,7,16,因为饿了,1,墨玉薄言,536586672
353,2017,7,15,有些东西真的是曾经不管怎么哭的双眼通红 怎么求的头破血流都还是得不到 可是如今即便是你笑脸盈盈 亲自双手奉送给我 我也是不想要了 我不是在赌气 也不是报复 而是我真的不想要了,2,可会撒娇了-_,534472463
354,2017,7,14,孙燕姿,0,小老婆YY,517980551
355,2017,7,14,我怀念的,0,小老婆YY,517980551
356,2017,7,13,我也是。很喜欢他,0,一起活着就足够好,82480203
357,2017,7,13,喜欢三毛，喜欢她的作品,0,隰有菡萏,130336400
358,2017,7,13,我放手。,1,人望山探鱼窥荷,490478672
359,2017,7,9,我怀孕的,1,斋红茶飞冰少糖,276927983
360,2017,7,8,最喜欢的歌 没有之一,0,呢呐呢呐呢,281334302
361,2017,7,7,我啊。就是这样一个自卑又自尊的人。,1,奥特曼变身葫芦娃,123763575
362,2017,7,7,想问为什么，我不再是你的快乐，可是为什么，却苦笑说我都懂了。,0,珂酱baby,477053531
363,2017,7,6,我的白日梦带我飞去了，不想醒,0,你的的老公,251006492
364,2017,7,6,醒醒兄弟,0,-绿诗疯子,522555
365,2017,7,6,这么惬意的吗,0,-绿诗疯子,522555
366,2017,7,6,你买单，我就来[奸笑]（帮我出门票钱，就可以了车费自己出）,0,你的的老公,251006492
367,2017,7,6,我知道你其实很聪明，可我还是喜欢叫你傻逼，我知道你可能不会和我在一起，可这并不妨碍我喜欢你，追累了可能我就会走开吧，可能吧。,0,抱的动50kg9的60kg9先生,265760029
368,2017,7,3,哪都有你。,0,梦话说的太逼真,403612520
369,2017,7,3,今天刚听了现场版的   声音真的是太好听了,0,余_生___,439599305
370,2017,6,29,可是为什么 却苦笑说我都懂了,0,帐号已注销,19978074
371,2017,6,28,实力派女歌手唱的演唱会版本比录音棚唱的还要好听！！,2,joleen_leah,379410429
372,2017,6,28,这首歌叫做，我怀孕了！,0,枭靖辞的红笺小语,59054426
373,2017,6,25,以前一直不懂女孩子为什么会主动给女孩子传简讯,0,牙齿好的大叔,272391630
374,2017,6,24,为什么突然推燕姿的歌……是因为他喜欢吗……,2,缄嘴,315214805
375,2017,6,21,哈哈哈，我们寝室也是,0,别再奋力逞强,122065677
376,2017,6,21,谁懂我多么不舍得,1,无悔的徘徊,363536683
377,2017,6,21,我喜欢网易的日推 因为日推里开始推荐你喜欢的歌给我了  我好像离你近了一点,1,有块饼干很好吃呀,407809172
378,2017,6,19,三分钟后，字字诛心,2,莫须有先森,62796294
379,2017,6,18,很喜欢这版本,0,小满未時節,266219480
380,2017,6,18,"对不起，让你失望了,所以你才如此的恨我，对吗？  @只属于我的宇宙超级无敌美少女福尔摩斯辛德瑞拉angel叶  ",0,小小小小小小欧月,49523623
381,2017,6,17,我知道啊 你不爱我,1,小鬼joker的哈利奎因,508358123
382,2017,6,16,好累,0,33号后卫,47114974
383,2017,6,14,现在不知道什么感觉,0,我已经重复好多次了,440552137
384,2017,6,12,“爱，不然我站在这干嘛”,0,蓝石头55,56061551
385,2017,6,10,为什么单曲循环一天都听不够呢。。太爱你了吗,1,记事本丶,504336037
386,2017,6,9,我怀孕了,0,我叫欧阳哥哥,92847364
387,2017,6,9,最近开始怀念以前的你～十二年了，可能爱的是以前的你吧，时间原来真的可以将爱耗尽,2,爱恨的落差,41814884
388,2017,6,9,前天，你步入可婚姻的殿堂。对我来说，毫无征兆。我没办法大度地祝福你们。从此也不该再与你有所羁绊，可奈何情深。每个醒或醉的不眠夜，总会想你。你的笑和你的泪眼，你走来又远去。,0,tulipli,6381589
389,2017,6,7,青年西路--------------------青年东路，记忆里总行走在这条路上，天微凉，夜已深，心已远。,0,之乎者也斗鹰丶丶,275079155
390,2017,6,7,希望她记得~,0,漫跑的大圣杨,363352162
391,2017,6,6,燕姿你爱我们吗？,0,我们其实是一样的_,375549916
392,2017,6,4,找不到免费得，就来了，，，我怀孕了！[大哭][大哭],0,喜欢看你紧紧罩木不叫我胆小鬼,94894924
393,2017,6,4,说是因为这个版本不要钱才听的赞我,4,我摊牌了就是想骗赞,440441355
394,2017,6,4,我十五岁喜欢的你，可是你没有看过我一样，我为你做了那么多，我问自己值吗，很值，我喜欢你，就够了,0,陆川陆川,499615512
395,2017,6,3,我是湖南的朋友[大笑],1,G318狗一丁,435289202
396,2017,6,2,你简单的一句话 我却能高兴一天 也许我对你而言并不重要 可是你却在我心里扎了根,3,小小先森爱蓝胖纸,498100324
397,2017,6,1,和我一样因为免费才来听这个版本的赞我,4,我摊牌了就是想骗赞,440441355
398,2017,6,1,百多人的力量才让你怀上的啊[晕],1,大宇宇宇宇宇丶,253015865
399,2017,5,31,💓💓💓,2,东庙,355789103
400,2017,5,29,我怀念他把我当孩子,3,你怀里hi,485300223
401,2017,5,29,而你却低着头 什么也不说 pz  离开你我才发现了爱情真正的样子 谢谢你离开 谢谢你的绝情 让我能真正明白,3,-啊呦-,437457609
402,2017,5,28,情深不寿，慧极必伤。,1,一个有趣恶魔,343420774
403,2017,5,28,有生之年一定要去孙燕姿的演唱会   她唱的歌都好好听 (>^ω^<),1,嘿i你谁,472601976
404,2017,5,27,好好听好好听好好听,1,消失的盛夏,54553630
405,2017,5,26,所以家里座机是0379么[呲牙],1,CharisSawSaw,290436111
406,2017,5,25,我怀念的 是污话不说,4,CIGARETTEs9,299599939
407,2017,5,22,一首歌就能把我拖进回忆里…,2,您的昵称已买光,251704456
408,2017,5,20,不谈恋爱不失恋的时候就是开心啊。,3,哦扭腰哦,96405558
409,2017,5,19,"感觉回忆也很美好呀～～
",3,Kesureeeee,62909661
410,2017,5,19,我的头像还是和你拼凑的一张图，你说带我去看滚滚，可是你走了，我知道一张车票就能找到你，我想问你为什么，可是我不敢,2,二呼呼诶,317313385
411,2017,5,14,我也看成了她 😂,1,wow-so-cute胡,477532983
412,2017,5,14,哈哈哈哈,1,wow-so-cute胡,477532983
413,2017,5,13,一定要看一场你的演唱会[憨笑],2,道筏,357409102
414,2017,5,13,我怀念的 我怀念的是那些不见面仍然聊天聊的很开心的时光我怀念的事我们好像很熟很近的时光我怀念的是不用想开场白就能找你的时光我怀念的是你曾经陪伴过我的时光,2,聚宝盆170328,445100875
415,2017,5,12,"我也是
",1,冷雨夜呢,274538279
416,2017,5,12,就我的性格，我愿意憋死，爱你，但是放弃你,0,恰橙子了,125332963
417,2017,5,12,哈哈，我的工资1430。,1,ciao_traveler,38663797
418,2017,5,11,谁忘了要给你温柔 🌙,0,xxxiwennn,479110554
419,2017,5,11,今天发工资了，只发了1480元，可能是朋友圈里最低的，可是我很快乐，因为我知道还有比钱重要的，那就是心态，保持一颗平常的心，钱多钱少都没有区别，真的！[嘿哈][嘿哈],7,EA7-小马哥,320325887
420,2017,5,11,有点意思 粉了,0,Makaveli-,88034280
421,2017,5,10,一个人住啊，[亲亲],2,灬誠丶灬,45974022
422,2017,5,10,朋友都知道我最爱你啦,0,哎哎_哎哟,270059625
423,2017,5,10,…我老是听成…让baby失去难受…,2,扎西德勒虫子,280430268
424,2017,5,10,这一生 一定要去听一场你的演唱会！,1,新FNB518,423257927
425,2017,5,10,很爱燕姿,0,ACNE_STUDIO,441821343
426,2017,5,9,我怀念的 我怀念的是那些不见面仍然聊天聊的很开心的时光我怀念的事我们好像很熟很近的时光我怀念的是不用想开场白就能找你的时光我怀念的是你曾经陪伴过我的时光,2,哈哈哈哈哈哈哈所有梦想成真,359804392
427,2017,5,9,不怀念不怀念,0,不愿意透露的匿名好友,318606318
428,2017,5,9,如果你身边有一个叫张小苇的女生  请告诉她  一个叫周闯的一直在等她,3,乌云背后的幸福线170326,443196147
429,2017,5,9,谁忘了那就是承诺,0,天黑遇见绿光,377815339
430,2017,5,8,“燕姿！你爱我们嘛！”“哈？？？”“你爱我们嘛！？”“爱你们嘛？”“对！”“不然我 你觉得我站在这里”好可爱的对话天哪要被姿粉和姿妈萌翻,6,拿着冰棍杀向远方,93856060
431,2017,5,8,热评第一是陕西的姿迷吗,0,张超爱燕姿,98842800
432,2017,5,8,"好听
",0,奶粉不好喝,77916189
433,2017,5,8,我们曾经无话不说，可是现在……为什么,2,個心情好Down,351043351
434,2017,5,7,都约起来,0,先文八一,396635715
435,2017,5,7,你爱我们吗！,1,_GaryChou,64873107
436,2017,5,6,666在莫文蔚那也看到你评论介个,1,YaoxxxJun,319569021
437,2017,5,6,这个封面确定不是杨千嬅?,2,星云弥散,378591564
438,2017,5,6,我也是这么认为阿![晕],0,Gastonre,400353776
439,2017,5,6,狼狈比失去难受这里唱的😂😂,1,月亮和六便士f,268946840
440,2017,5,6,偶尔还会摘抄，三毛懂得生活～,0,一起活着就足够好,82480203
441,2017,5,6,用MP4的时候只喜欢现场版 听了多少遍呀 可是失恋的心情一点都找不到了,2,Krister,38666674
442,2017,5,6,我怀念的是无话不说,2,KIRSTA,448046368
443,2017,5,6,为什么我觉得这个版本这么好听[晕],5,诗妹u,348578421
444,2017,5,6,一模一样，高中时有段日子晚上陪我的不是手机，是三毛的书，每天能听着姿的歌，累着也前进着,2,夏天还是那么长,304088302
445,2017,5,6,为了听现场，不顾一切,0,barton_sue,49453819
446,2017,5,6,我陪你,0,-你陪我走过-,346331869
447,2017,5,6,第三次她背叛了我，我一直在听这首歌，好懂这首歌,2,我的呆毛会发光,342715944
448,2017,5,6,喜欢哦,0,粥粥不了,446634091
449,2017,5,5,喜欢听现场,1,惠诶嘿,262624025
450,2017,5,5,好可爱的狗狗 好暖的家人,1,帐号已注销,277975993
451,2017,5,5,现场版另一种感觉,0,Flykiss不知道起啥名,363445090
452,2017,5,5,偶然发现，我家狗狗在我出门的时候会打掉座机的话筒，然后乱按，后来我把数字拆掉，用胶带粘起来 只留重播键，设置免提，重播过去就是我的手机号码，座机现在基本上就是一个摆设，但是我没有停掉，因为每次我在外面的时候，看到来电显示自己家里的号码，接通后它在那头嗷呜嗷呜叫，我就知道它想我了,378,空床难独守丶,128006720
453,2017,5,5,关于感情，总有一首燕姿的歌适合你！,1,perry1907,263794603
454,2017,5,5,我喜欢听live版,1,T-Polaris,129384698
455,2017,5,5,老太太都不扶，就服你,2,Exception---,333388719
456,2017,5,5,加油,2,9点人,124168580
457,2017,5,5,我爱孙燕姿 赞我[亲亲],3,9点人,124168580
458,2017,5,5,你爱我们吗？,0,明天晴天--,37329385
459,2017,5,5,"最爱没有之一。
愿望就是一定要去听一场孙燕姿的演唱会。
看我想和你唱的时候好羡慕那些可以和燕姿一起合唱的人啊。
我们都在爱着 那个最美好的你。[爱心]",107,亦七啊_,108838677
460,2017,5,5,[大笑][可爱][憨笑][色],0,王剑波1996,116903880
461,2017,5,5,你不是一个人,0,HzY323,104112752
462,2017,5,5,就把我   当做怀念的过往   曾经爱过,0,帐号已注销,330992611
463,2017,5,5,💕,0,bodyship,116254695
464,2017,5,5,我该相信你很爱我，不愿意敷衍我,1,雨天遇见隐形人,53055789
465,2017,5,3,我怀恋的是你唱的那首《我怀恋的》,2,七月季望_,283356375
466,2017,5,2,想起高二用mp3循环一整节课,3,梧幽林,293352377
467,2017,4,30,可有深情共白首,2,Ivy爱库里,310742346
468,2017,4,27,突然想起三毛，已经很久没看她的作品，高中的很疯狂，那个很真情很深情很坦诚很执着很寻根的女子，真的很喜欢她，其实她经常流浪，也许是在找寻她真正认同真正喜欢的东西。荷西去世，多么坚强的她还是选择不活了。爱还真是不理智的东西，以为时间可以冲淡，但也许偏偏就延续了一生。,140,一起活着就足够好,82480203
469,2017,4,26,我怀念的是争吵以后还是想要爱你的冲动,2,吞下這個世界的惡梦,104506041
470,2017,4,26,不管你如何失恋，孙燕姿总有一首适合你[大笑],7,-加勒比海苔灬,452774355
471,2017,4,25,她最爱孙燕姿。我最爱她。我的青春里只有她，失去她，就已经失去了青春。,4,Woozie穆,290476530
472,2017,4,25,她的声音有魔力。,0,我殺死了快樂,285791307
473,2017,4,24,高中的那个女生 我都还没说,3,一直長痘的W,112558842
474,2017,4,24,一直很喜欢这个现场版本 算是最佳了吧,1,ahnian,368289792
475,2017,4,20,对啊  ，大陆的朋友呢,4,WangOuBa,399065717
476,2017,4,17,再也不会想方设法装作和你偶遇，再也不会哗众取宠般想引起你的注意，再也不会在地图上一遍一遍圈出你在的那个城市，再也不会用尽所有力气去爱你。再也不见，也不怀念。,6,河姆渡人甲,377161656
477,2017,4,17,狼狈比失去难受❤️,0,桃花换猫猫,133426057
478,2017,4,12,超好听！！！单曲循环了好久！！！,0,我杀玛特了,327181013
479,2017,4,10,愿无岁月可回头。,0,atFAY,409036636
480,2017,4,9,用着头像的人挺多的呀幼教更多hhh,0,Yoga的金鱼酱,412134966
481,2017,4,9,你叫什么？我同学也有这头像，也是幼教,0,off8,107650861
482,2017,4,6,感觉评论好少，这么好听的歌值得评论一下[色],0,超人必有我师焉,344026692
483,2017,4,6,嘻嘻,0,_663,96971807
484,2017,4,5,当我们原谅了彼此的荒唐，便是此刻的曲终人散场。你说生命从希望开始，却以绝望收场。我说旅途少了一些春光，多了一些悲伤，而人生原本幻灭无常，情爱自会散落四方，最终我们走散在街上，转回头是各自的人海茫茫，但你还是我的糖，装进别人口袋的念念不忘。,4,难捱也接受么,350472527
485,2017,4,5,怀念的不是曾经的谁，而是曾经的依赖。一个人久了，再也没有了依赖的感觉,1,梦丶田,37348698
486,2017,4,3,妈蛋 能说的别这么戳心嘛,0,飞跃东南海,409885845
487,2017,3,30,我刚刚在 浪费 那里一直评论 一直评论失败 我就来这里试试 加载的时候我心里默念如果成功我就找不到对象 hhhhhh 居然tm成功了！🤷🏻‍♀️,5,founnnnd,292218075
488,2017,3,30,我都不敢听 我以前和你聊天那段日子听的那些歌了 ,4,founnnnd,292218075
489,2017,3,30,有意思的小朋友，粉你了。,1,舍-予-舒-,254153488
490,2017,3,30,不会呀就算是套路也是你发自内心想说的不管是出自开玩笑还是认真的我都觉得这会让我的生活变得更好啊很感动啊谢谢^_^,0,山岛草木,343222827
491,2017,3,30,感动啥呀。。。这都是套路，熊孩子,0,舍-予-舒-,254153488
492,2017,3,30,好感动～(*´∇｀*)谢谢你呀。,0,山岛草木,343222827
493,2017,3,30,寄过来，我帮你做一点。,0,舍-予-舒-,254153488
494,2017,3,27,爱,0,FerdinandZYH,379884832
495,2017,3,27,为你倾尽所有，却抵不过有的人什么都不做。,2,舍-予-舒-,254153488
496,2017,3,24,想问为什么 我不再是你的快乐,1,苏拉琪,108538592
497,2017,3,22,想听林俊杰版的点击林嘉宇～,0,实习教父,367536549
498,2017,3,21,一开口我就颤了 真的这就是歌手,1,aka潜龙勿用,330109035
499,2017,3,21,我怀念的是……感动了[流泪][流泪],0,爱好园艺者,420703806
500,2017,3,19,啊，快要被疲倦淹没了啊,0,山岛草木,343222827
501,2017,3,19,还有好多好多作业,0,山岛草木,343222827
502,2017,3,18,这个是我听过最好听的版本[可爱],0,YANYIZZ,120245239
503,2017,3,17,我怀念的是无话不说我怀念的是一起做梦我怀念的是争吵以后，还是想要爱你的冲动～[憨笑][憨笑],0,小嘉嘉羽,375260248
504,2017,3,16,特别喜欢孙燕姿的这个现场版，最喜欢听的就是她和观众对话的那一段。陪我度过高中多少个日夜,2,义easy,357218027
505,2017,3,14,🌛,0,冯Dollar,340029610
506,2017,3,13,原则还是抵不过喜欢,2,比牙肋,136256947
507,2017,3,11,第一次听这歌，就是这个版本，真的是后知后觉啊。后来不可自拔的爱上这首歌，高三最后一个学期，不停的循环播放，那时候，有朋友，有他。后来的后来，各奔东西，聚散天涯。可是这些，都是我怀念的啊,4,柳冰飘絮,110887168
508,2017,3,9,有燕姿的地方就有我,1,气氛来了就要醉,308485041
509,2017,3,7,当时你特喜欢听孙燕姿，虽然你最爱许嵩hhh，后来我就和你一起听了我怀念的，永远记得那个午后我和你在能被阳光照到的窗边一人一只耳机听歌说自己的将来，如果不做幼教要做什么，你告诉了我的很多这个世上存在的很多丑陋事实，可以天真，但不要一直天真。by：那天阳光很舒服,3,Yoga的金鱼酱,412134966
510,2017,3,7,我一直觉得现场版最有感,3,Yoga的金鱼酱,412134966
511,2017,3,7,她无人可取代 这个版本也无人可取代 跟粉丝互动的说话声也那么温柔 那么好听,2,厄瓜多尔的夏天,297451570
512,2017,3,5,但素还是爱她,0,其实你不知道fly,77380084
513,2017,3,4,自尊常常将人拖着把爱都走曲折,1,王情建,369568716
514,2017,3,3,我记得你在背后，也记得我颤抖着，记得感觉汹涌。,0,Fleur_C,315749219
515,2017,3,2,那年高二  我把这句话写在笔记本上  偷偷看着前边的女孩,0,阚子平,261741854
516,2017,2,28,你很有品味，兄弟,0,胖小楠,248201510
517,2017,2,28,我也喜欢live版,0,Carrie-shm,374655128
518,2017,2,24,后面从我怀念的是无言感动我怀念的是绝对炽热开始一口气唱到结尾真的是超爱一个人的时候的那种又急又勇心里全是舍不得还是哭着往前走,2,狗子寒的小迷妹,266988975
519,2017,2,24,还爱了，所以我，没有哭，没有说,1,会呼吸的馒头,103390798
520,2017,2,23,怀念那个就算歌手的声音会抖，就算没有颤音，甚至吐字不清依然好听得让人心颤的时代♡,129,Kaffena,89134919
521,2017,2,23,好多回忆，高三那会班上女生很爱唱,2,邓三的朋友,125966093
522,2017,2,23,开口唱歌就想哭啊,1,薛定谔的花猫耶,272338001
523,2017,2,20,总觉得高音部分有些气喘,1,王姝繇Anita,133891790
524,2017,2,14,呵呵，其实燕姿不爱你们，燕姿只爱我。,3,Halshr,8804763
525,2017,2,12,狼狈比失去难受这句是真的扎心了。。,4,ty啊_,122471339
526,2017,2,10,自尊常常将人拖着，把爱都走曲折,1,痴痴道人,131193286
527,2017,2,3,我放手 我让座 说懂我多么不舍得。,2,粉红电台头的小鸟,68023837
528,2017,2,1,我也想知道这个问题[大哭]然后孙燕姿本来曝光率就低，然后出个车祸就上个热门，搞得一部人吃瓜群众还真以为孙燕姿现场非常差[撇嘴],5,雨陨,31875806
529,2017,2,1,“难受”两个字唱出来有一种狠狠的感觉,7,盐酥-炸鱼,95161849
530,2017,1,21,还真的[惊恐],1,骚骚00q,394790194
531,2017,1,16,我怀念的，是和我在一起的你，以及和你在一起的我，一起唱着 我怀念的是无话不说。,4,傲娇小文子,47762614
532,2017,1,11,为什么？,1,idabcde,73272994
533,2017,1,11,时间真残忍,1,saltsalty3,292360711
534,2017,1,7,天啊！燕姿姐姐唱歌真的太好听了😭😭😭😭😭音色很很独特，是我最喜欢的华人嗓音音色！！！太有魅力！她的声音太好听了，说话也很很很好听！,5,UPUPUPUPSEEDAYLIGHT,117644327
535,2017,1,6,不过实事求是我怀念的感觉真的没唱好啊，我不是专业的都听出来了,2,steven秋秋,293721093
536,2017,1,5,靴靴浙江的跨年简直全场最佳惹,1,軻卜樂,109010820
537,2017,1,2,想到要重新了解一个人就害怕,7,L的小野君,93763355
538,2017,1,1,真好听,1,tv韩xq,350500274
539,2017,1,1,我也感觉，可，那又怎样😉,2,小樱知世呀,97565408
540,2016,12,31,她唱到中间那句谁记得是不是忘词了？,4,我们的无灬奈,373154697
541,2016,12,30,这时的现场多好再看最近的几次感觉燕姿自己的演唱会发挥得很好啊，为啥一到大型演唱会就不稳了呢,3,steven秋秋,293721093
542,2016,12,26,太喜欢这首歌,2,Yv_一尾鱼,40205034
543,2016,12,24,太爱了 所以我 没有哭 没有说,3,万乡历历,280887991
544,2016,12,22,我怀念的 是没有现场直播 的聊天记录,3,Jovian_,107141463
545,2016,12,21,我也是,4,第五姿WF,57927258
546,2016,12,21,想问为什么，我不再是你的快乐,1,King汐欢,382090921
547,2016,12,21,我怀念的是那段时光  而不是你,3,曲无终人莫散,339125108
548,2016,12,20,cd的再好也有它的极限，然而现场的就不一样，即使免不了瑕疵，但它能创造无限的可能,7,他是猫迷,129825864
549,2016,12,19,往往是落花有情，流水无意，可流水还要把落花当备胎，可恶的是可能还建了个备胎云[心碎],5,MrQingsong,264000479
550,2016,12,19,很开心能成为你的歌迷,1,帐号已注销,124859943
551,2016,12,18,我怀念的是他   才发现多年之后爱的不是现在的他 ，而是回忆里的那他 ，所以 曾经的他是现在的我怀念的,0,biubiu熊大,321441572
552,2016,12,11,很酷 不聊天,0,无丝竹之乱鼻,96220464
553,2016,12,10,太可爱了哈哈哈哈哈哈,1,帐号已注销,281344746
554,2016,12,10,燕姿的咬字，手，右，走，人 ，受  等等，感觉最有特色,2,取一个昵称让你们记得我,305297416
555,2016,12,8,4.58秒最紧的右休好可爱哈哈哈哈哈哈,1,帐号已注销,281344746
556,2016,12,8,爱,0,看斜阳照大地,67282306
557,2016,12,7,哈哈哈哈哈哈哈哈,0,小顾1995,262342363
558,2016,12,7,以前听歌从不看评论  现在听一首心仪的歌就会看评论都已经形成可以一个习惯,2,-汉芙,55464998
559,2016,12,7,以前也听过这首歌   昨天同学唱这首歌   突然觉得超好听  就来下了  但是只能听现场的  很满意  好听,0,-汉芙,55464998
560,2016,12,3,还有泳儿的CTY音乐节2个最喜欢的版本,0,_663,96971807
561,2016,11,30,越听越喜欢现场版的,2,我就喜欢柠檬味,255436529
562,2016,11,27,默默说一句，燕子的现场罢了,0,一把木吉他丶,125421177
563,2016,11,27,感觉孙燕姿现场好不稳啊,2,Daisysea,35911598
564,2016,11,26,失去一个人 一千次,1,Azanm,37865519
565,2016,11,25,高中没有在一起过 却感觉失去了你100次,4,DGMTILLUSION,330898965
566,2016,11,25,很强,0,胖小楠,248201510
567,2016,11,25,还有我,1,进阶的林瓜瓜,60506827
568,2016,11,24,谁将心拿走,0,啊西边的瓜,311331052
569,2016,11,24,想问为什么，我不再是你的快乐,2,啊西边的瓜,311331052
570,2016,11,22,我记得你的生日，和你当初最喜欢的歌，只是不知道你还记不记得我[可爱],2,tom和他的猫,63709618
571,2016,11,21,狼狈比失去难受,3,那盏还没开de灯,283745089
572,2016,11,20,嗯是[呲牙],0,胜铉呐,130242566
573,2016,11,20,别等了，乖,0,眼睛不说谎i,125734442
574,2016,11,19,第一次听这首歌就是这个版本，四年过去了，真真是我怀念的……,3,Leacu,256052800
575,2016,11,19,喜欢live,1,昏烏,95122278
576,2016,11,19,好想去一次孙燕姿的演唱会,2,啊壳壳壳,299837149
577,2016,11,19,因为JJ又听了好几遍 孙燕姿让我觉得难受 JJ让我觉得感动 我怀念的事,7,旋灭旋生,272625134
578,2016,11,19,3天了 不想傻兮兮地等你电话了[可爱],3,胜铉呐,130242566
579,2016,11,19,[口罩],2,胜铉呐,130242566
580,2016,11,18,我怀念的，是曾经一起和你度过的每一天，一起做过的每件事，一起去过的每个地方。会为你做任何事情，只要是你想的，心甘情愿，不计后果！,2,恒哥就是爱燕姿,251892416
581,2016,11,18,多好听的现场！多期待演唱会！,2,Stephanie_禾西,70914766
582,2016,11,18,哪儿来的狗？,1,200斤不含头,258222645
583,2016,11,18,哪有什么长久 哪有什么一辈子 爱过就好 谢谢你给我的感动还有曾经受过的伤 一次次争吵 一次次冷战 终于没了继续的勇气 其实大道理我都懂  可是还是忘不掉,5,草莓味的西柚子,321702132
584,2016,11,17,没有林俊杰版本的live有感觉,0,200斤不含头,258222645
585,2016,11,17,难受,2,旋灭旋生,272625134
586,2016,11,16,我觉得这个live好听到哭,5,Ivy爱库里,310742346
587,2016,11,15,我很酷,2,帐号已注销,281344746
588,2016,11,15,因为,2,帐号已注销,281344746
589,2016,11,15,也不会联系你,1,帐号已注销,281344746
590,2016,11,15,可是我不会告诉你,2,帐号已注销,281344746
591,2016,11,15,我很想你,3,帐号已注销,281344746
592,2016,11,15,西藏的朋友你们在哪里。,1,刘超爸爸,339450006
593,2016,11,14,移动CD,0,戚戚戚戚静杰,53623036
594,2016,11,14,我怀念的 是无话不说。我好想你，真的好想你。慧容,0,bugfu,264562260
595,2016,11,13,有没有林俊杰的版本？,1,鲸简简,302617623
596,2016,11,13,情到浓时，忘歌词,2,胡海bin,77056045
597,2016,11,12,我怀念的 是那年冬天 故意荒废的一堂堂课 最后糟糕的那场考试 以及足以改变我人生的成绩 晚安,3,xisonguo,318777558
598,2016,11,12,只有这个不收费了,2,帐号已注销,304017434
599,2016,11,12,我怀念的是。。。,1,踮起脚尖的节奏,339846952
600,2016,11,6,你好呀(｀・ω・´),0,忘咲,45792296
601,2016,11,6,同城朋友你好,0,甲醛面试官,343232372
602,2016,11,4,"我怀念的，你在哪里？
我怀念的，从前快乐。
我怀恋的，你曾爱我。
我怀恋的，是那时你对我的微笑、我怀恋。。的。。我。。
我还有想要！！！爱你！！！！的！冲动！！！！",0,飞鱼扑水,39164954
603,2016,11,3,每次去唱歌都会点这首歌。,2,周董的小情人,299631573
604,2016,10,29,我怀念的，也只能用来怀念,3,程广噢,102728085
605,2016,10,17,好讽刺的现实,1,---心有林夕,85954083
606,2016,10,14,微微的,0,反向参照系,79355981
607,2016,10,12,哈哈哈哈哈哈笑死我了,0,世紀末電車,247768215
608,2016,10,10,[大笑],1,故事的小黄花k,113031036
609,2016,10,5,好喜欢这个版本的，为什么评论这么少？,3,情绪难以自控,328297235
610,2016,10,4,我放手 我让座 假洒脱 谁懂我多么不舍得,2,弃又可惜,340169897
611,2016,10,3,这么多评论我只服你,0,不爱双子,306840786
612,2016,10,2,国外只能听live版,4,美国科学家奥特曼,262254295
613,2016,9,30,这个版本真的很棒，歌曲开始前的对话也很可爱～[可爱][可爱],2,喔喔1032,299445152
614,2016,9,26,最喜欢的版本,0,德外朱辛庄,13890457
615,2016,9,23,封面好美。,0,鄒爸比,85768778
616,2016,9,11,现场好棒啊！,0,吊大滴妹子,50177261
617,2016,9,11,我懷念的 是無話不說[哀伤],1,KillerBiySweet_,266205988
618,2016,8,25,闲的时候就控制不住这样的情绪了。,0,今天也是不能丧的一天,292685417
619,2016,8,24,每个人都是有故事的人,0,Dev1n丶,300400527
620,2016,8,24,我怀念你的一切，我没有参与的一切。时间还没有跟我说答案，等你值不值得。想到你，就想哭，我每次都停在这里，这个地方我无论如何都跨不过去。每次每次。,4,今天也是不能丧的一天,292685417
621,2016,8,22,音质不太好,0,嘿你胖次掉了,74429043
622,2016,8,20,想问为什么，我不在是你的快乐      可是为什么却苦笑说我都懂了,1,十里青-山远,307502097
623,2016,8,16,听了好久这首歌   现场版大赞大赞大赞   还有可以下载哈啊,0,t不善表达,97737177
624,2016,8,14,现场听哭[流泪][流泪][流泪][流泪],1,哇哇哇-華,79131362
625,2016,8,7,海底月是天上月，眼前人是心上人,4,你女朋友叫蒙婷吗,126005554
626,2016,8,7,我怀念的,0,你女朋友叫蒙婷吗,126005554
627,2016,8,5,这个版真的以前好喜欢 很喜欢,2,Scams,32456415
628,2016,8,2,唱功好棒，女神,2,forbe,125980582
629,2016,8,1,这个live是真的比cd版好听啊,7,银字笙调,64630582
630,2016,8,1,我怀念的是无话不说，我怀念的是无言感动，我怀念的绝对炽热…,0,安安不在线,278686464
631,2016,7,30,孙燕姿 你爱我们吗,1,HoueiYPR,68304466
632,2016,7,30,终于听到了这首歌的结尾[亲亲],0,Pukidoo,12814519
633,2016,7,30,我怀孕了，。。。。。,0,这首歌唱的是他自己,267602775
634,2016,7,30,祝自己生日快乐咯,1,帐号已注销,113547636
635,2016,7,28,而你怀念的是什么呢。,0,依然若思念83,91579325
636,2016,7,23,生日快乐,1,Halo_Stefanie,44758870
637,2016,7,23,姿妈真的好会讲话啊 ,0,Halo_Stefanie,44758870
638,2016,7,21,爱过就好,0,送你一只纪梵希-,299248143
639,2016,7,19,孙燕姿版本最好听，对，是最！,2,Justin-Harry,282670551
640,2016,7,13,可是为什么 却苦笑说我都懂了,0,人間尤物y,263512190
641,2016,7,12,狼狈比失去难受,0,meizipai,282682159
642,2016,7,11,想问为什么，我不再是你的快乐，而你为什么，却苦笑说我都懂了。。。[哀伤][哀伤][哀伤],0,Calvin-lin,109028559
643,2016,7,5,这个字一出来 鸡皮疙瘩都起来了,1,张小娃哈哈,273857053
644,2016,7,2,live让我想吃一把土去听演唱会。。,1,帅过初恋,50383800
645,2016,7,1,喜欢这一版 狼狈比失去难受 “受”字她的处理方式,8,学会骑车大撒把,16462377
646,2016,6,29,谁记得 那里，我姿突然忘词了[大哭][大哭],3,王菲爱上张国荣,105073219
647,2016,6,28,[亲亲],0,可阳快飞,115746724
648,2016,6,25,我怀念的是无话不说,2,寄曼于山河,277522767
649,2016,6,17,接下来这首歌送给各位。歌名叫作:我怀孕了。。。谢谢大家！！！[开心],559,月京少佐,289456976
650,2016,6,7,@PENGTINGT,0,念旧的人像个拾荒者-,270849325
651,2016,5,28,孙燕姿真的太完美了，无论品行，才华，气质，外貌，性格，心中的完美女神形象，我是男的[憨笑],8,The__Summer,121706394
652,2016,5,22,我怀念的是燕姿的演唱会[流泪],2,冬一刻,58996733
653,2016,5,21,我怀念的,1,Cowargly怯,279041686
654,2016,5,15,这个版本简直要上天了[亲亲],4,北极之狐,18473968
655,2016,5,12,这live已经让我沉醉，啥时开演唱会啊,3,疯狂加班ing,39320942
656,2016,5,11,最伤感的莫过于，你以为找到一个可以保护你的人，可是后来的大风大浪都是他给的。,431,晨光中招摇过市的刺猬,268658180
657,2016,5,7,[亲亲][亲亲][亲亲][亲亲][亲亲][亲亲][亲亲],1,酱油味酸梅汤,85900850
658,2016,5,5,我可以爱孙燕姿一辈子！,5,帐号已注销,124859943
659,2016,5,2,好可爱[大哭],1,看我可爱咩,65911192
660,2016,4,30,只有我觉得这个版本比录音版的好听么。。。。。,306,胖小楠,248201510
661,2016,4,30,大学在宿舍每次放到这首歌 整个宿舍都会大喊:台湾的朋友在哪里！,644,54thClassmate,70963284
662,2016,4,26,特别最后一段…我放手,1,沦落的曼珠沙华,67624244
663,2016,4,26,她的歌，最爱是这首…第一次听的时候，两天听了一百遍…好伤,2,沦落的曼珠沙华,67624244
664,2016,4,26,哪都有那个低头吃馍的梗，真素够了[禁止],2,雨陨,31875806
665,2016,4,24,喜欢她的声音，不知道为什么，应该是以为很特别吧,4,见山则山,134941296
666,2016,4,23,姿,1,陳容嫣,68246133
667,2016,4,23,姿姿姿姿姿姿姿姿姿姿姿,1,纳纳姿,120546705
668,2016,4,22,你在背后 ，我颤抖着[奸笑][奸笑],2,四海无人对夕阳,65231440
669,2016,4,21,我怀念的，是你很激动求我原谅抱得我都痛......,1,小呀么小老六,134003715
670,2016,3,31,兄弟，银才啊,0,海外小仙人,65586509
671,2016,3,17,最爱这个版本,2,我就是想要抢你的鱼呀,117942708
672,2016,3,4,我怀念的是争吵以后 还是想要爱你的冲动,2,ZAimee,95749235
673,2016,2,27,这个 啊 让我心动~,1,insanesheep,322436
674,2016,2,21,兄弟你可以的。,3,益笙君,122034395
675,2016,2,21,而你为什么，不解释低着头吃馍,913,忘咲,45792296
676,2016,2,14,喜欢 高中卡带的时光 单曲循环,1,journeyfancy,22093583
677,2016,2,1,好苏,1,w_knee,59111728
678,2016,1,26,真相太赤裸裸[大笑],1,黎曼有个猜想,57044337
679,2016,1,25,前面那段我听了好几遍,1,Juiii_,78092228
680,2016,1,23,姿迷:燕姿，你爱我们吗？[色],3,Deway_Pen,89404563
681,2016,1,18,还是现场版有feel,1,黄礼洵又二又饿,120246464
682,2016,1,8,第一次用新耳机听这首歌的时候，被后面的高潮给吓到了，突然就喜欢上了。那种感觉，就像无声中把想说的都说尽了,2,21天习惯先生,43693979
683,2016,1,2,太好听了,1,AnitaaaL,76321248
684,2016,1,1,我怀念的 是争吵以后 还有想要爱你的冲动,1,澜喃,15247110
685,2015,12,28,这歌满分,2,ddddddd胖,116202267
686,2015,12,26,真是个好偶像！嗯,2,反向参照系,79355981
687,2015,12,25,[爱心][爱心],1,生而有命_,39691799
688,2015,12,20,这个版本人既然这么少,2,取岸遗林,76761794
689,2015,12,15,“不然我 你觉得我站在这里”,231,Joey_kqXl,12326566
690,2015,12,15,我也要听燕姿一场演唱会,1,我在妳心中就那麼壞嗎,53597126
691,2015,12,14,嗯咯[可爱],1,文森森森森森森森,9144319
692,2015,12,13,最喜欢的一个版本,1,取岸遗林,76761794
693,2015,12,11,"可以的
",1,风凉不管,46028693
694,2015,11,21,知道吗，我早已经原谅了你，只是你走远了，听不到,3,LTYWL,68843196
695,2015,11,5,我一定要听一场孙燕姿演唱会！,326,-绿诗疯子,522555
696,2015,10,19,觉得这个版比原版好听诶，最有感情,3,文森森森森森森森,9144319
697,2015,10,17,听现场版特别想再去听演唱会,3,悠游的小羊,77874821
698,2015,10,11,[亲亲],3,uncanny1993,7607400
699,2015,10,9,什么时候收录逆光演唱会上的个，那个版本超好听！,1,看我可爱咩,65911192
700,2015,10,9,那个哈？呆呆的可耐,1,看我可爱咩,65911192
701,2015,9,27,无论听多少遍就会被触动的歌,2,牛魔公主,607611
702,2015,9,16,谁忘了要给你温柔,2,风之清野,45223464
703,2015,9,15,满满的爱 二姐你个嘴硬的小公举,143,孙燕美,542076
704,2015,9,13,燕姿，你爱我们吗？,3,风之清野,45223464
