index,year,month,day,content,likecount,nickname,user_id
1,2019,9,5,爱姿打卡,0,苏三伞,111844957
2,2019,2,22,还记得那个青涩的课间，和你一起听了第一首天黑黑，让我认识了燕姿,3,要不就叫鑫仔,120394076
3,2018,8,2,啊啊啊这种歌就会让人对未来充满期望啊！,1,_诗芊,81037679
4,2018,3,12,唱功大赞,0,33轉的LP,630862795
5,2018,3,5,[可爱][可爱][可爱],0,孤单---个人的狂欢,263901035
6,2018,2,12,燕姿,1,我有努力和这个世界变熟,394296679
7,2017,10,24,心疼你,6,英格拉姆s,344450592
8,2017,8,24,克卜勒明明是神专啊,1,天空上的旋木,72991027
9,2017,8,24,艾特錯人了…,0,荡荡一隅清,337498403
10,2017,8,24,瞅你送的这专辑， 这张可以说是 燕姿 最烂的一张。。。。。,0,nicetry001,544292094
11,2017,6,22,[爱心],0,晴天_zk,76170866
12,2017,6,22,❤,0,晴天_zk,76170866
13,2017,6,21,[爱心],0,芬兰的孤岛鲸,115963271
14,2017,6,20,[强],0,荡荡一隅清,337498403
15,2017,6,17,[亲亲],0,今天日记空白,351485114
16,2017,6,12,我知道这里都是自己人[奸笑],1,荡荡一隅清,337498403
17,2017,6,8,“该问路的时候我不会装酷”人生哲理哦,2,走呀走呀风吹呀吹,87800081
18,2017,5,12,燕姿,2,一地故里,118066649
19,2017,4,29,曾经送给一个女孩子 燕姿的克卜勒 后面被她退回来 真的很绞心 以后就不太同人说 我喜欢燕姿了 默默喜欢就好…… 自己所喜欢所追求的 他人 是无法理解的,7,结菜,57780277
20,2017,4,22,燕姿！,1,鸡肋不是,81816871
21,2017,3,27,燕姿[色][色][色],0,星羽印止,87370369
22,2017,2,20,人好少,1,只许一人伴我终身,134156456
23,2016,12,10,十几年了，仍记得夏天那个下午，躺在地板上看电视里的燕姿，潇洒的弹着钢琴，那么青春，而回忆是那样的年少,3,温吻吻文,3777574
24,2016,10,6,燕姿女神,0,帐号已注销,130295313
25,2016,7,29,no.12,0,Jay丨Stefanie,274292122
26,2016,6,20,听完这首，就入睡了。,1,桥哥你好,17769774
27,2016,5,5,该问路的时候我不会装酷。,0,小进语,247170932
28,2016,4,12,副歌真是很不一样的感觉,0,UenoJuri,44156313
29,2016,4,2,随机听歌，也是一种乐趣,0,海外小仙人,65586509
30,2015,10,25,不会变质的声音 不会变质的你 还有你,0,坐在失眠的日子里,46571778
31,2015,10,6,潇洒女孩,0,liang文宇,65821394
32,2015,8,23,我要的幸福没有束缚 我要的幸福在不远处,0,喂喂喂喂2015,14224649
33,2015,7,31,留名[痛苦],0,勇敢的尝试是成功的一半,65067747
34,2015,6,30,[大笑],0,安静的时候歌会比较好听,41428612
35,2014,11,25,居然没有人评论，抢个沙发,1,快放开,31517382
