index,year,month,day,content,likecount,nickname,user_id
1,2019,11,17,总觉得很适合 七月与安生,0,小雅yyl,302851373
2,2019,11,16,"你和她没在一起     如果早知道  我一定会再有耐心一点   等你看到我
好久没见过了   你还好吗    昨晚梦到你    还是老样子    我兴高采烈的讲着话   你陪着我
梦里不知身是客   只愿长睡不复醒
想你",0,她夏了你的小夏天,297198492
3,2019,11,8,评论少是因为还有另一个人气高评论多的版本 动动高贵的手搜一下吧   ,1,李昊只会沉默,616962364
4,2019,11,7,这歌怎么才六百多评论..,0,苏泓玮阿,299075073
5,2019,10,17,喜欢这首歌是因为喜欢他，而现在我和你也分手了。,0,装的不一样,291548133
6,2019,10,10,我想他么 我不知道,1,Asickmonster,408789418
7,2019,10,9,孙燕姿的评论由我组成,1,帅拾光,1697387450
8,2019,10,4,时隔几年在听这首歌已物是人非了,0,哆啦A梦哆啦A梦我是大雄,1426526385
9,2019,9,23,“经过了相遇挣扎，还是无法将她放下”,0,哈牛逼官,383808242
10,2019,9,21,不明白为什么两个互相惦记的人要错过,3,Together廾匸,504258186
11,2019,8,30,b站大合唱😂,0,kepler磕kez,265903318
12,2019,8,23,"我常常想起一些人，
没有想念那么粘，
没有眷念那么热，
只是会稀薄的想起，
我可能只是喜欢怀恋，
而多于都得到回应。",0,醉隐平陶,641670903
13,2019,8,20,不知道怎么了  我还是有点想见你,0,是不是hc,370224900
14,2019,8,14,"小小树洞
他不知道 我其实也想他",0,史迪仔要加油,530865687
15,2019,8,5,你的愿望实现了,1,有恃-无恐Lilac,332972460
16,2019,7,29,我也很想他,1,您好_陈先生,405549954
17,2019,7,25,我偶尔会想起她 她很好,3,才不是你的小兔叽,535487147
18,2019,7,22,999+并不重要,2,我是只辣鸡,368559800
19,2019,7,20,听完心里酸酸的 ,1,艾斯比尔的菲欧娜,33015964
20,2019,7,14,第一次听到这首歌是初三，那个暑假，巴蜀夜夜下雨，就在黑黑的房间里听，躺在床上，吹着空调，什么都不想，什么都不懂，但莫名的感动像被子一样包裹着我。,2,hydrogenhi,1597587086
21,2019,7,5,在世界中心呼唤爱,0,牛仔裤小姐啦,106728198
22,2019,6,29,那时候我们有好多话，以为什么事都可以讲,1,下雨可是我们在一起,615592966
23,2019,6,20,晚上走在很空的马路边坐下来抽根烟想到去年夏天也是差不多景色的路，却是失落的心情，想他到抑郁的夏天。还好一切都过去了。,1,Suzy_sss,504150801
24,2019,6,9,我也很想他,1,shine_喵,99056581
25,2019,6,8,想他，想想就够了，毕竟，生活不允许你停下来太久了啊,1,慧慧呀--_,1712815732
26,2019,6,1,我也很想她，在某个地方，我少了尴尬她少了肩膀,1,湘北23号_,267417557
27,2019,5,30,668加油,0,py胡一刀,596328817
28,2019,4,19,哈哈哈哈，我也很想她，我们都很想她，只是她后来不知道罢了,0,沙雕在线3836,1294500770
29,2019,4,17,为什么这么少的评论？应该还有以前的专辑版本？,0,Corda-5,42470285
30,2019,3,29,我好想她，什么时候才能放过自己，是因为之前说过的在劫难逃，真的逃不掉了吗？,0,春夏秋冬21,1467192508
31,2019,3,29,我也很想她，心脏是和泪腺住的很近吧，一碰就会痛，依然还会泣不成声,0,春夏秋冬21,1467192508
32,2019,3,11,我也很想他啊,2,_从前与远方,319883109
33,2019,2,20,"最近没有特别想维持的关系，也没有特别想努力的动力。
可听到那句我也很想他，还是会带入自己，也不知道是在想谁呀",5,Asteriazuzu,569680941
34,2019,2,19,那个夏天，幸好我们选择了对方，才有了长达近20年的友情,2,ThisisMrsli,484518741
35,2019,2,10,高中那年，我喜欢过一个男生，班里有个女生总是我喜欢什么就和我抢什么，刚开始也没觉得是多大的事，直到有天这个男生生病了，我去医务室看他，想去陪陪他，结果在医务室看到这个女生坐在床边拉着他的手陪他。那晚上我去操场跑了很久，在那之后我再没喜欢他俩。我也还想他，但也感恩岁月让我看清他。,3,是鱼啊怎么了,1337518740
36,2019,1,11,从06年开始听到现在的歌 任何时听 都还是很动人啊,0,九里Lee,349933316
37,2019,1,4,我很想你 无数次的试探最后还是因为没有勇气而缩回自己的手,0,听说啊暄很甜,340548969
38,2019,1,3,我也好想她,1,Champollion_,277227395
39,2018,12,22,[多多捂脸][西西心动][多多无语][多多难过][多多瞌睡],2,此乃个人主义者,417067125
40,2018,12,18,我也很想他啊 我也曾喜欢过他,0,个别Jiang,78690298
41,2018,12,4,你很好，她很好，所以你们会比我们好。,2,叫曼姐姐,334641069
42,2018,11,27,我也挺想她的，想想这样也挺好的,1,Berry777777,278237739
43,2018,11,6,无意间发现的这首歌❤挺感触的。,2,我不陪你了,1325805478
44,2018,11,5,我也很想他，今天我却决定不再关心他，我也忍住了,0,果果的微笑温暖了我整个冬天,112186466
45,2018,10,25,我也很想他,0,莫离1011,358394563
46,2018,10,25,这首歌在很多年前，一直单曲循环来着。我的爱情比你早，却一直放在心上。,0,莫离1011,358394563
47,2018,10,20,夏天还是那么短，思念却很长,1,o消消黑眼圈,1326131243
48,2018,10,20,是不是还有另外一个999+版本,4,o消消黑眼圈,1326131243
49,2018,9,28,[爱心],1,之桃_,132620117
50,2018,9,27,我也很想他,1,怯意,111722447
51,2018,9,24,没有999+没道理,1,上帝欠我男儿身,295506975
52,2018,9,19,居然不到999？？？？我还以为我看错,2,美美孙小美,394478171
53,2018,9,18,我也很想她,0,iPonyo,33857205
54,2018,9,10,我来670好了,0,mugendainayumenoatono,68652649
55,2018,9,8,顶,0,我不在明天,81244660
56,2018,8,12,真的非常好听了！,0,杜七心,320362655
57,2018,8,2,那时我们总有好多话，什么事都可以讲,0,Swedish丶House丶Mafia,306994277
58,2018,7,19,"我爱你
贾书棋[鬼脸][鬼脸][鬼脸][爱心][爱心][爱心][爱心]",1,会发光的小仙男,385681300
59,2018,7,19,[呲牙]在我评论之前~~ 这首歌的评论数是666！赞的最多的是数量是520！一切都是巧合吧,2,张冰呀1,56258909
60,2018,6,27,一年啦,0,我们都回不去最初_,108656074
61,2018,6,22,我也很想他,0,我们都回不去最初_,108656074
62,2018,6,18,好久没有听了，一听就好有感觉,1,增离灰,484524528
63,2018,6,17,因为美姿的歌曲下面一首相同的歌啊，那一首比较靠前。,0,麋鹿_先森,466391229
64,2018,6,10,这么好听的现在怎么还没999,0,增离灰,484524528
65,2018,6,8,我们缺的是这个吗？大家缺的是一个勇气，还有爱上了一个没结果的人！,1,我是一个快乐的姿迷,1430218014
66,2018,6,5,这首歌难道不是，非常有名吗？？？？为什么评论这么少？？？？不科学？？？？,2,林子安晨,335123314
67,2018,5,23,QQ小冰唱过[大哭],2,lhx____,117614482
68,2018,5,19,我的爱情比你早呀也比你长呀,0,-乐尽天真,359398979
69,2018,4,20,她推荐给我的，歌名是想他。,1,徒留爱别离,351967425
70,2018,4,11,我是真的很想他啊！！！,2,玛卡巴卡lf,490502433
71,2018,4,8,3月19到现在没人评论了，是真的很喜欢这首歌，不愿意分享给别人,3,该用户已注销不存在,360713835
72,2018,3,19,😂😂😂你把我吓到了大兄dei,2,brnin,322630660
73,2018,3,19,音乐APP没有，有个APP叫soul，可以匹配跟自己兴趣性格爱好相似度高的其他用户[可爱],1,brnin,322630660
74,2018,3,19,哈哈。666,1,没有小新的小小白,121331201
75,2018,3,19,在一起呗,2,就是突然想你有意见么,548713995
76,2018,3,19,那万一喜欢了上了对方怎么办,1,没有小新的小小白,121331201
77,2018,3,13,那些燕姿如数家珍的歌,1,空港里的露絲瑪莉,249970032
78,2018,3,12,其实我也觉得没用 😂,1,就是突然想你有意见么,548713995
79,2018,3,11,有用麽？我觉得没用[可爱],1,欣然byMOLODY,589037057
80,2018,3,9,我也很想他[心碎],0,Asupernaturalcreature,550333020
81,2018,3,8,那时我们总有好多话 什么事都可以讲,1,好的呀7,430239346
82,2018,3,4,我也很想他,0,帐号已注销,247674357
83,2018,2,27,我只是喜欢回忆里的那个你,1,mdek,357984981
84,2018,2,25,不是人气少，之前版权问题吧,0,她来听周杰伦演唱会,131418546
85,2018,2,18,我也很想她~朵朵，我想你了[亲亲],1,0-0boy,304314659
86,2018,2,18,为什么这么好听的歌，评论没过999,1,跳舞的梵谷yanzi,318974517
87,2018,2,18,我也很想他,1,跳舞的梵谷yanzi,318974517
88,2018,2,18,我的爱情比你早。,0,Nicole_陈二浪,417094869
89,2018,2,16,我也很想他,0,星光小橘,1365969655
90,2018,1,31,我也很想她 ,0,丶姜河,325203505
91,2018,1,27,生日快乐,3,帐号已注销,510149963
92,2018,1,27,嗯呐,0,嗯在梦里啊,288698994
93,2018,1,27,谢谢啦[憨笑],0,嗯在梦里啊,288698994
94,2018,1,26,在等车的时候身后的理发店在播放 本来想听歌识曲某人打电话过来听见这歌欣喜若狂一起哼唱那时候开始喜欢的 ,2,Aroundstars,466424902
95,2018,1,26,明天我生日 刚刚给自己订了生日蛋糕 祝自己生日快乐[爱心],2,嗯在梦里啊,288698994
96,2018,1,7,我的青春里感谢有你的出现，在我十八岁之前还可以有一个喜欢很久的人，不过，是时候放下了,2,墨薇夏琳,608948298
97,2017,12,27,怪不得呢[呆],0,sw灬w,137511554
98,2017,11,28,我也很想他,0,璐璐酱0916,262705708
99,2017,11,28,谁都不想再爱了，没了爱情，是不是还有梦想~,3,刘某哦哦哦,309158372
100,2017,11,25,我也很想他,1,爱吃的人都好可爱哇_,302910796
101,2017,11,21,2017年11月21凌晨2点，失眠了，心里想着很多事，想找她说话，害怕打扰她睡觉。,3,万物母气鼎,321565184
102,2017,11,17,哈哈，原来如此，那就好～,0,抹茶饭芝士,31131891
103,2017,11,16,因为不在这个版本,1,为什么要-昵称,136771422
104,2017,11,15,从高中就一直超喜欢的这首歌，惊讶地发现居然评论没到999+……,0,抹茶饭芝士,31131891
105,2017,11,6,我们两的爱情，我开始的比你早,2,道森肉丝,394865392
106,2017,11,2,以前的高中就是听着这首歌过来的，嗯~三角恋,3,大野家的satoshi,449809139
107,2017,10,27,这么好的歌评论怎么这么少？,1,君丶陌浅,534838237
108,2017,10,23,我也很想他,1,chilly1705,488781660
109,2017,10,21,回家的的士上收音机放着这首歌 本来还好 听了后我也想有个人给我想,1,kckpb,261039447
110,2017,10,21,想啊，想有什么用,0,Betty_ari,426278871
111,2017,10,17,[开心][开心],0,唐銀v,135704101
112,2017,10,16,应该@云秘书的,0,Mom-mom-boy,113032075
113,2017,10,6,我也很想你,0,许魏洲老公,295634446
114,2017,10,6,这首歌的故事真棒  哎,0,黑白金银灰,273069876
115,2017,10,2,岁月会记得 你温柔赤诚的心,2,李草束,17710376
116,2017,9,8,“我”和闺蜜都喜欢上了“他”，只是“我”没有说出口，犹豫的结果就是“他”和闺蜜在一起了。后来“他”是远走高飞了还是去世了我没看出来，反正离开了“我们”。我是这样理解的。,1,宫徵,56038868
117,2017,9,7,还能发现不少gay[可爱],3,陪伴至永久,472245482
118,2017,9,7,为什么我觉得是两人喜欢上同一个男生？,0,宫徵,56038868
119,2017,9,4,心里都有一个想念的人,1,何处隐秘,253835324
120,2017,9,4,我也很想他，只是没有理由开口说话,0,Missing20,409582513
121,2017,8,26,可以想念一个过去很久的人 就像想念过去很久的自己一样,1,这次不叫这个名字,338817823
122,2017,8,22,这个“他”是去世了还是只是离开了？,0,宫徵,56038868
123,2017,8,19,经过了相遇挣扎，我还是无法将他放下,2,菠萝小鬼,530057230
124,2017,8,14,我也很想他,1,睦欣a,258398536
125,2017,8,12,这首歌挺适合唐晶和罗子君的,5,请输入未注册的昵称,81432507
126,2017,8,10,不怕哒! 金刚护体！,0,最甜的那颗可以给我吗,251734521
127,2017,8,10,你这样很容易被吊起来打的,0,何耀文,106578237
128,2017,8,10,不退不退不退QAQ！,0,最甜的那颗可以给我吗,251734521
129,2017,8,10,呸，你退下吧,0,何耀文,106578237
130,2017,8,10,好朋友手牵手,0,最甜的那颗可以给我吗,251734521
131,2017,8,10,汪汪汪,0,何耀文,106578237
132,2017,8,10,噗2333你们在一起吗,0,最甜的那颗可以给我吗,251734521
133,2017,8,10,我也很想他,0,梓晓zxiao,313665085
134,2017,8,7,偶尔发现歌单里有相同的曲子，还会小开心一下,0,我是澪呀,281817667
135,2017,8,7,听你听过的歌，让我觉得，好像离你近一点点，，,1,我是澪呀,281817667
136,2017,8,6,居然没有999+ 可是就这样吧 曾那么贴合的一首 只想放心底,0,把酒祝知非,50002014
137,2017,8,6,我现在要去微博搜大合唱了...,1,SZLeung_,103979213
138,2017,8,3,我也很想很想她,0,臭弟弟h-,343072936
139,2017,8,1,我不想他,0,无心宝宝bb,325142964
140,2017,7,30,夏天还是那么短 思念却很长,0,桃子WEIWEIWEI,260414141
141,2017,7,29,在世界的中心呼喊*情。。,0,Wine-of-Memories,128671639
142,2017,7,27,永远最特别的孙燕姿，最舒服的声音。[爱心],2,601031,89841455
143,2017,7,27,生命中也曾有这样的一个人   一直在逃避的一个人   却也偶尔会想起来   对我这样躲躲闪闪的人  又能坚持多久呢,0,浅浅彩,512029304
144,2017,7,20,去TMD想他！,2,丶右先生,76066073
145,2017,7,19,那是的他  是因为你而开始飞翔,2,我是伍拾壹,91547625
146,2017,7,12,因为他开始听他听过的歌后来啊我一首都不敢点开 因为他,1,cocoW1202,331256878
147,2017,7,9,i wont like u any more,0,LiaFiona,73443547
148,2017,7,7,声音好美啊,0,琼月清凉,534287144
149,2017,7,7,希望各大音乐App可以推出这么一个功能：对那些歌单相似度达90%以上的用户，自动进行匹配。感觉可以拯救很多单身狗,0,听情轩,80538276
150,2017,7,7,爱孙燕姿,1,Tachikaze,128230798
151,2017,7,5,我真的很想你，以前你叫我宝宝，后来叫我亲爱的，再后来叫我小呆逼，再后来叫我狗东西，现在你叫我前男友。,0,假如冬天去看一个人,373237155
152,2017,7,3,我很想你。,0,我是榕宝宝吖,438224675
153,2017,7,1,那个大合唱真的太棒了，起鸡皮疙瘩了都。,0,man_in-the_mirror,361530639
154,2017,6,24,三年了，开始高中到毕业，分手后就一直收藏这首歌，歌词到歌名都仿佛是自己的写照，如果有缘再会。           -至三岁,0,-非洲大兄弟,299971839
155,2017,6,23,很好听啊,0,超级无敌小西瓜,437108436
156,2017,6,20,是的,0,螃蟹在剥我的壳Dr,376962328
157,2017,6,20,祝你平安喜乐,0,螃蟹在剥我的壳Dr,376962328
158,2017,6,19,轰轰烈烈的爱情不一定是最好 也许十年二十年的细水长流也很温暖也可能我不适合这恬淡安静的生活但如果以后每天都有你 我便希望这样的生活可以多几十年我一直都喜欢你 从未放弃[心],2,好久不见557,332956673
159,2017,6,19,同感,0,做一只优雅的橙子,454284549
160,2017,6,17,[爱心],0,我家猫咪叫有鱼,116789247
161,2017,6,16,这首歌人气这么低我想不到,0,冬瓜太郎11,494450135
162,2017,6,16,那我要出事了，匹配比我大十岁的,0,杨朋皓,345403279
163,2017,6,14,570 我还爱她 我忘不了她 我也不敢告诉她 分开三年了现在就这样默默的爱着吧,2,继续沉沦_,448573168
164,2017,6,13,我也很想他，你还好么？知道你看不到，也没不太想让你看到，只是听到老歌，回忆泛滥。怀念那些蹭单车🚲的日子，还有那些无话不谈的日子。希望你一直幸福。[可爱],0,晓晓骜,506137443
165,2017,6,11,美拍看的,0,刘冉Hero,354740995
166,2017,6,11,虽然我很想他，但不论那个时候还是现在我都没有身份去想他。,0,迷失森林的疯子,83587450
167,2017,6,11,这首歌说的是，我和好朋友都喜欢上同一个人是吗,1,迷失森林的疯子,83587450
168,2017,6,4,初中听的，大三来考古,1,绮贞找鱼,370161326
169,2017,6,2,思绪忽然回到少年，趴在窗台，耳机里播放着孙燕姿，那时候以为这就是全世界最愁的，呵呵,0,Eclipse陈,454054616
170,2017,5,30,woyehenziangTa[心碎],1,萌袖君,61926539
171,2017,5,23,我也很想他,5,西柠不吃柠,79305225
172,2017,5,22,“真开心，我两个最好的朋友要结婚了呢。我以前怎么没发现你们这么般配阿。”,7,Luuunna_,100003515
173,2017,5,20,我还是无法将他放下,0,FanFLee,283574293
174,2017,5,19,曾几何时，一边叹气一边听着这歌入睡，现在想想真TM傻，遇上不对的人，掏心掏肺，人家只当你是备胎，傻子一样,1,RedDevil_Keano,107872141
175,2017,5,19,552？那么好听的,0,無口的妖精,126585336
176,2017,5,18,很好听❤️,0,我与野马,97615062
177,2017,5,18,东军专用bgm[呲牙],0,黑色闪电3000,37207879
178,2017,5,17,我直的，我只喜欢妹子,0,何耀文,106578237
179,2017,5,15,下意识的看了下你的性别,0,chrisni,104929662
180,2017,5,13,记忆里那个夏天，第一次看见那个男孩，单纯、温暖，但我每次却只是在旁边默默地看着。不知道如何表达我的心情，直到半个月后，他和我一起玩的很好的姐姐在一起了……我才想出一个词叫 遗憾 来表达我的心情。,2,玉玺Cherish,484055440
181,2017,5,12,最怕我喜欢的人，也让你眼前一亮。,1,暴利机构负责人,353538075
182,2017,5,8,下意识看了下你的性别,3,何耀文,106578237
183,2017,5,8,初中的时候暗恋一个男孩 很喜欢听这首歌 现在连男孩叫什么都忘了,3,鬱鬱鬱鬱鬱鬱鬱鬱,115373319
184,2017,5,6,虽然总是一个人上下班，一个人看沿途风景，一个人想着另一个人，但是内心很踏实坦然，有想做的事，有想做的梦，有想爱的期待。。,1,颜旭俊,266200269
185,2017,5,5,在某个地方,1,Miracle778,349934818
186,2017,5,1,我也很想他,0,养一个月亮阿,440432893
187,2017,4,30,喜欢干净的背景 干净的天空 干净的mv  拥有干净微笑的你[爱心],2,徽海舒志fy,281804761
188,2017,4,28,想他但我不爱了,0,帐号已注销,352250250
189,2017,4,28,我也很想他    一千多公里外的甩哥     明天去找他     ,1,-小方小方祖传秘方-,474404292
190,2017,4,26,好听,0,Surewu,247205987
191,2017,4,26,我很想他,0,DreamBaby_Q,470497873
192,2017,4,25,初中的时候听这个歌 现在我大二了 真想再重来,1,帐号已注销,268588330
193,2017,4,23,嗯嗯,0,除了我全是pig,362497659
194,2017,4,23,好歌是不分年份的啊,0,_黄三思_,251217301
195,2017,4,22,网易云音乐就是我的树洞,0,第一万个佚名,76447751
196,2017,4,21,三个人的羁绊，两个人的爱情，一个人的寂寞。。,4,乱丶乱,77876539
197,2017,4,17,我想你，我们暑假见,1,温柔期限-,264131634
198,2017,4,17,想知道这么好听的歌，什么时候才能999+啊,0,soulmixer,294344654
199,2017,4,16,虽然是04年的歌，但总觉得也很适合现在的我们！,0,除了我全是pig,362497659
200,2017,4,14,一个人在工厂提供的小房间单曲循环 ,0,大扁阿,125273236
201,2017,4,10,521条评论   为什么深情的人总是受害者,7,A大兔子,272064675
202,2017,4,10,因为一个人爱上一首歌,1,小宇宙_燃烧吧烧吧,76543855
203,2017,4,9,我好想你啊  一到晚上莫名其妙的想你,3,____网瘾少女____,454629149
204,2017,4,9,粉丝大合唱来的！！！,2,李反脑,101841826
205,2017,4,8,夏天还是那么短，思念却很长,0,是赵叔叔啊,132149360
206,2017,4,8,我和他都喜欢燕姿,0,咪丝喵M,453624532
207,2017,4,8,刚离开你的时候会不习惯 每天都会像小偷一样看你动态 早上醒的第一件事就是看手机 看你有没有重新找过我可是一直没有 分手你没有难过没有后悔没有不习惯并且开始了一段新的感情 我现在好一点了 不会想到你就哭 不会别人一提到你就脸都涨红 只是我不能理解为什么你一个星期就可以和别人开始 ,0,没记性的小黄,254526346
208,2017,4,6,我记得那是个阳光明媚的下午，我在教室角落里听这首歌听到哭，那是我再也回不去的时光……如今我工作五六年，再也忘不了那个下午，却忘了当时为谁流泪……,0,我我我叫徐大胆,103394309
209,2017,4,4,喜欢yanzi十几年了 她的歌陪伴了我整个青春 ,0,泪落半夏wy,449739910
210,2017,4,3,每个人心中都存在这一段回忆，那年那时那个他，只适合念想。也许安静的时候，会这样的嘀咕，我很好，只是想他的时候有点吵,0,沐秀小生,424866527
211,2017,4,3,这几天突然很怀念她，昨晚一个女孩给我说，我们在一起吧，我犹豫的不知道怎么回答她，或许我知道我还是没有忘记那个她。2017年，4月，西安,1,落木晴天,363910817
212,2017,3,31,噗哈哈哈,0,猫和爱人,51932500
213,2017,3,31,撩妹技术好尴尬,0,你真的很有趣,106758283
214,2017,3,27,[吐舌]那 你要撩我吗,0,猫和爱人,51932500
215,2017,3,27,就是珠海呀,0,只是Moon的日常,293226420
216,2017,3,27,哪里哦 我珠海的,0,猫和爱人,51932500
217,2017,3,27,同城！,0,只是Moon的日常,293226420
218,2017,3,26,当年第一次听就觉得很好听，现在还是同样的感觉……,0,依然翠西,436566050
219,2017,3,23,看过孙燕姿演唱会也算是一点都不亏,0,Yontz,264707220
220,2017,3,22,夏天还是那么短，思念却很长。,0,杀气不在边,134217918
221,2017,3,22,好听,0,长觉风雷笔下生,80130730
222,2017,3,22,[哀伤],0,何宝荣z,82869818
223,2017,3,22,是欧豪演的那个电影嘛？？,0,污酥梨酱,293292504
224,2017,3,21,其实真心的不错，这个就叫做投其所好，口味独特不差啊[呲牙][呲牙],0,唐銀v,135704101
225,2017,3,21,留名[爱心],0,deyi22,309653114
226,2017,3,21,之前在微博上看到粉丝大合唱发现这首歌的，好听。(⸝⸝⸝ฅωฅ⸝⸝⸝),0,懒癌zzzz,332985283
227,2017,3,21,心仪的鞋子断码了，就去旁边店买一件漂亮的大衣。常去的面馆停业了，就去别家吃一碗好吃的粉。喜欢的人离开了，就好好上课好好工作挣更多的钱。有无数种方式可以让自己开心，也有无数条大路可以通向未来。人会成长，曾经沉迷的东西都会沦为可有可无的消遣。没有什么是不可替代的，包括你。❤️,8,晚忧-,278334328
228,2017,3,21,好听,0,用户340060563,340060563
229,2017,3,20,时间真的可以冲淡一切吗，那些我们以为会想念一辈子的人就在念念不忘的日子里随风而去了，不是吗,0,如果再遇见冬天,64611421
230,2017,3,20,然后相继会有app被告上法庭,0,如果再遇见冬天,64611421
231,2017,3,19,我是真的很想她,0,nnclown,332516893
232,2017,3,18,是的  造化弄人的悲凉感吧  毕竟这种事也没办法责怪谁,0,为什么那么多昵称都被占用了啊啊,254910483
233,2017,3,17,放不下的爱，不是我想要的[圈],0,立花泷灬,45213098
234,2017,3,13,打卡,0,寅寅寅寅寅寅寅,100079966
235,2017,3,12,瞎几把扯淡的爱情,0,1998今日青年,415585536
236,2017,3,9,评论这么少？？？不合理,0,一只哀伤的猫啊,294625018
237,2017,3,5,听着这首歌的第一反应就是你呀，再怎么装也是一样喜欢你的呀，忍住了泪目心里已经哭成了狗，我们分开了还是一样的喜欢你,0,肖雪薇vvvvv,360553386
238,2017,3,5,我就是理不清啊我放不掉啊我很想你,0,我诚恳i,65881981
239,2017,3,4,手可以放掉，思念怎么办，我能怎么办[皱眉],0,Renan_266,108645258
240,2017,3,4,多久了，我还是很想你，在每一个负面情绪扰乱的时候，,1,Renan_266,108645258
241,2017,3,4,我喜欢的那个人恐怕更喜欢她，昨天我们分了，我很想他，是我自己放手的,0,pipipigyu,395294523
242,2017,3,4,超喜欢的歌 竟然没有999+诶,1,听说你看见我的包,414081113
243,2017,3,3,上去吧—————！,0,mistshochu,69494384
244,2017,3,1,我非常想他，还有两周就可以见到他了[爱心],1,原来是苏苏吖,107079758
245,2017,2,28,你不要这样，我们是不可能的，保留彼此心里美好的回忆,0,冯斯洛驼夫斯基,116079949
246,2017,2,26,我们的人生可能本来就是两条平行线，只是阴差阳错地相交了在一起。感谢那些留在心底的温暖和回忆，祝天下有情人终成眷属。,58,猫和爱人,51932500
247,2017,2,26,经过了项羽挣扎,1,东大彭于晏,55756730
248,2017,2,25,她比我更值得你喜欢吧,0,likeion,339547059
249,2017,2,23,我也很想他。,3,儿子的大玩偶,189382
250,2017,2,22,唯一一首没有999+的歌,0,顾盼fly,400967873
251,2017,2,18,毕业那年，坐在出租车上，电台在放这一首歌，知道我们马上就要分开，不知道你离开之后会不会想起我，夏日湖边的风吹得眼睛发酸。,0,唔六十七,313636211
252,2017,2,16,说清楚就好,0,我想改名叫杨过XXD,61439295
253,2017,2,16,好的我找找！,0,有喜欢的人真好啊,371607760
254,2017,2,15,然后还有一首隐形人也是大合唱，很好听,3,ellvan,266500323
255,2017,2,14,情人节，我和孙燕姿的歌约会。,1,末班车已驶远,84367369
256,2017,2,14,这首歌，是自己比朋友更早喜欢上了那个男生，却把喜欢放在心底，然后男孩和朋友在一起了，现在在怀念那时候的三个人是吗？,0,狐狸今天愉快么,277222879
257,2017,2,14,说好了夏天去秋明找你，然后一起去贝加尔湖，最后你陪我回莫斯科。我在等夏天，第一次这么期待夏天的来临。,0,我要换名字这个名字都被占用,299679596
258,2017,2,13,我也很想他,0,机智的大梨鸭,104156859
259,2017,2,13,真的很想很想....,0,爱诺诺真是太好了,360369791
260,2017,2,6,我也是！！！！！,0,萌1018,305042475
261,2017,2,4,孙燕姿，你好，我小学四年级就喜欢你了。,2,顾丽雯啊,325161359
262,2017,2,3,哦 明白啦 谢谢～,0,sol0303,393100410
263,2017,1,31,演唱会上孙燕姿的话筒没有声音，所以全场大合唱,1,有喜欢的人真好啊,371607760
264,2017,1,31,看到大合唱来听的❤️,1,套马的女汉子啊,327524263
265,2017,1,29,我还是很想她,0,育知听个小曲,306623714
266,2017,1,27,求解大合唱是什么？,0,sol0303,393100410
267,2017,1,26,一个人的时候有时会想起你，你过得还好吗？,2,大表哥-__,377784241
268,2017,1,20,是两个好姐妹爱上了同一个男孩吗？,4,美美美美不够,373668378
269,2017,1,18,我的爱情比你早、却一直放在心上,3,边拥有边失去着丶,295346225
270,2017,1,18,从微博大合唱来的[爱心][爱心],1,yu_rui0,99607570
271,2017,1,18,+1,1,起个什么呢你说呢,304568459
272,2017,1,18,三年呀转瞬即逝你是溜走的风景思念很长很长呀,0,可不能降落,357385949
273,2017,1,17,我很爱她[憨笑]可惜不是女朋友,1,蓝小弟嘻嘻,89482407
274,2017,1,16,加一！！！,1,白学罐头,397771812
275,2017,1,14,我想说嘿，你还好吗,1,帐号已注销,302294831
276,2017,1,14,人为什么可以变得这么快？嗯，我还是挺想他。,0,hellomaybe,19851233
277,2017,1,13,她的声音怎么听都不腻[可爱],0,Account_Cancelled,341679852
278,2017,1,12,希望各大音乐App可以推出这么一个功能：对那些歌单相似度达90%以上的用户，自动进行匹配。感觉可以拯救很多单身狗[鬼脸][鬼脸],130,唐銀v,135704101
279,2017,1,11,是,0,我叫杨小乖,344106675
280,2017,1,10,他 是谁？,0,------______------,121593843
281,2017,1,8,2004年是神奇的一年，那年有周杰伦的七里香，飞儿乐团的我们的爱，张韶涵的寓言，蔡依林的爱情三十六计，林俊杰的江南，梁静茹的宁夏，五月天的倔强，孙燕姿的我也很想他，王菲的旋木，SHE的波斯猫，王心凌的爱你，陈绮贞的旅行的意义，王力宏的心中的日月……都是青春的记忆……,2,武学州,101105088
282,2017,1,6,Yan-zi,0,孤独小孩o,273175427
283,2017,1,6,我也很想他 在那个地方💕,0,Twkumi,348531125
284,2017,1,6,在微博看到大合唱过来的,0,thevassal,273028967
285,2017,1,5,我也很想明明,0,summer910210,310878107
286,2017,1,5,不再想啦,1,real_wxyyyyyy,88497823
287,2017,1,5,听微博过来听的，莫名的感动,2,missbluedaisy,295168586
288,2017,1,3,后来过了这么多年，我也没分明，我在这个故事里到底是“我”，还是“你”。然而我早已失去了他。,4,夜晚有三年__,106033118
289,2017,1,3,在夜深人静的时候想起他,1,-会开花的蘑菇,346000110
290,2017,1,2,我也很想他🍃,1,taylor-仙,313654895
291,2017,1,2,我是去看了电影才来，，，,1,喜欢全世界美好的人,101913333
292,2017,1,2,怎么现在才怎么点评论啊  这首歌在空间看到大合唱进来的  静静的等评论999＋,1,嗜睡的易寒,254390954
293,2017,1,1,刚刚在空间看了大合唱的视频[憨笑][憨笑]坐等评论变多,1,尤其你i,363022446
294,2016,12,31,超爱孙燕姿！！！,2,每天都在找眼镜哦,99819358
295,2016,12,28,唱到心里去，有种莫名其妙的感觉，我知道你爱我，我也爱你呦，但是就是不能在一起。 这种感觉很痛苦。 我很想他，可能他也在想我吧[可爱],1,Zulhayattt_,336837131
296,2016,12,26,想起《七月与安生》,5,该用户已注销不存在,360713835
297,2016,12,26,是的,0,音乐课科代表,253250402
298,2016,12,24,第一次牵女生的手，虽然那时是在公司培训，但那感觉真的很奇妙，我不断的创造机会靠近你，但你的反应让我迷惑，不知道你的想法。说真的你真的很美,4,也_无风雨也无晴,247375867
299,2016,12,24,410评论怎么会这么少不该的,0,萤火之森Grace,265360156
300,2016,12,24,评论没理由这么少[哀伤],0,静观其变z,299191244
301,2016,12,23,坐在火车上看着逆行的火车，我也很想他，不是说的爱情，说的是已经离开了的亲人，一切来得太快走得太急，不能停住脚步，收拾收拾还是要出发。,1,会移动的皮皮,123096211
302,2016,12,21,在她的身上不止找到翅膀，还有阳光。可是现在我的世界是黑夜,1,勿忘初心不负梦想,276761823
303,2016,12,21,今年夏天很长 思念更长,2,不是水星,291384127
304,2016,12,21,我少了尴尬,0,螃蟹在剥我的壳Dr,376962328
305,2016,12,20,他和她，你选谁,0,草莓曲奇饼i,119701030
306,2016,12,20,很想他。,1,心头悸动_79,296076158
307,2016,12,20,好像七月与安生一样,2,lbingi-,370178930
308,2016,12,20,在那个时候我还在想着他,0,草莓曲奇饼i,119701030
309,2016,12,20,大合唱,1,草莓曲奇饼i,119701030
310,2016,12,19,只是突然想到他,0,无艳与谁,341254417
311,2016,12,18,突然想起以前……以前很好，现在也很好。,0,K-runo,322734708
312,2016,12,16,今天突然想起这首歌,1,Hallucinant,81535281
313,2016,12,15,你们在一起好好的 我不要他了 只要能还在你身边做你的朋友就好了,1,LeslieCheung0401,367317041
314,2016,12,13,应该再也遇不到这么喜欢的人了吧,3,Heysru77,246023160
315,2016,12,12,我以为评论区应该有很多跟歌词里一样和好朋友同时爱上同一个人的故事呢……,2,用户254449498,254449498
316,2016,12,10,微博大合唱听了又听 还是感觉很温暖,0,怪蜀黍是我男神,376187278
317,2016,12,10,是的是的！,0,怪蜀黍是我男神,376187278
318,2016,12,7,[流感][流感][流泪][流泪][流泪][痛苦][痛苦][痛苦][痛苦],0,666Ol6IgAz66,90129453
319,2016,12,6,我也很想他[心碎],0,-UU2x,337436839
320,2016,12,3,我买的第二张燕姿专辑，这首歌一直记得，和fir的那首，（你很爱他）一样的感觉,0,知州st,77900411
321,2016,12,3,微博过来的,0,奔跑的五花肉肉肉,85539828
322,2016,12,2,我想你啊,2,人类长出尾巴,70543383
323,2016,12,2,那时候少年心性，我也不知道爱她更多，还是爱他更多。好多年过去，故事情节都不记得了，只记得第一次听这首歌的时候满心酸涩。曾经想过，好多好多年以后，是谁在我身边。那时候不知道，一边走一边丢弃啊，其实，也是人的本能。,2,驯梦少女阿绿_,60461119
324,2016,12,2,评论有点少啊！不科学！这么好听的歌。,2,Mel123456,129635454
325,2016,12,1,我也很想他 [哀伤],1,阿娇980202,276381179
326,2016,12,1,无意间发现，一听就爱上了，根本听不下来，有故事的声音……大爱！！！,0,给遥远的_她,296521388
327,2016,12,1,陈巧，其实我很爱你！很想你！,1,用户129563014,129563014
328,2016,12,1,看微博上 大家大合唱,2,一勺白,287507867
329,2016,12,1,好久没听燕姿了，听着听着想起当年的自己了,0,李麒麟,54905349
330,2016,11,29,我們都一樣we are just ordinary people,1,antisocialsocialclubber,80704433
331,2016,11,28,我不想你[心碎],1,PinkJYSY,128489417
332,2016,11,28,我感觉这个给七月和安生电影配挺好的…,4,嗯好的呀,35453504
333,2016,11,28,粉丝大合唱，看过来,3,佳彬-,132518932
334,2016,11,28,微博过来的，我就说孙燕姿上一张专辑不是克卜勒么，啥时候又出新歌了，原来是电影主题曲哈哈哈，不过还是好听诶，克卜勒也是每首都很赞很用心,0,呀咹呸喃嘻嘶嗒叮,65152964
335,2016,11,28,微博过来的[爱心],0,Husain丶超,109501199
336,2016,11,28,微博过来的,0,BILLLLLLL陈,59082164
337,2016,11,27,真的很耐听~,0,苏三很可怜,269793304
338,2016,11,26,听着听着眼睛就下雨了,4,葛格啊,277057460
339,2016,11,25,爱成了负担,2,井力呀,343195152
340,2016,11,25,没有这种感受,0,蔚蓝穿越,356666241
341,2016,11,25,我们都一样，都活在这个世上，不一样的是我爱你，你不爱我，呵呵,0,司谣,253997338
342,2016,11,25,为什么评论这么少！！！,0,教母必修课,248583549
343,2016,11,24,是啊,0,I超级喜欢你a,77826335
344,2016,11,24,粉丝们唱的好好听，温暖,0,老薛的那谁,294669073
345,2016,11,24,"是我
",0,智敏xi,41669892
346,2016,11,24,那时我们总有好多话 ,1,Justbeafish,270338711
347,2016,11,24,我很爱你,0,我在垦丁天气qing,366710510
348,2016,11,24,微博观光团+1,1,醉瑾年,123111717
349,2016,11,23,微博过来的打卡,2,我其实并不好看,340559264
350,2016,11,23,微博过来的打卡,2,为她仰望而高歌,68762242
351,2016,11,23,微博过来的,1,Nickionthetop,299670945
352,2016,11,23,对啊，哈哈,0,张晓糯c,116918684
353,2016,11,23,晚安,0,源源不是圆圆ok,34709347
354,2016,11,23,都是看见了合唱来听的 好好听！好感动,0,维尼2937,254330282
355,2016,11,23,都一样,0,2017_525,294004019
356,2016,11,23,我也很想他,0,我爱苏苏苏志燮,308585545
357,2016,11,23,这歌很好听啊,0,枫wu痕,122095966
358,2016,11,23,那是多久后的事了,0,狸追c,45848553
359,2016,11,23,对呀,0,Jocelyn嘉凝,307436005
360,2016,11,23,哈哈哈我是 听哭,0,ABBABBABB_,277372649
361,2016,11,23,刚刚看见微博大合唱，不是粉丝，却很感动，特意来听[爱心],2,妮斯右右,331007423
362,2016,11,22,我也是听大合唱过来的,0,工长新一,124928871
363,2016,11,22,在微博听到。就寻来了。。。。,0,哪吒-仝,332704376
364,2016,11,22,我少了尴尬 你少了肩膀,0,3Bota3,119414648
365,2016,11,22,刚刚微博看到粉丝大合唱 回来重温了 [爱心],1,-Cannie,52154085
366,2016,11,22,多少人的青春,1,我在努力在奮鬥在生活,294522865
367,2016,11,22,评论那么少，不合理啊？,1,我在努力在奮鬥在生活,294522865
368,2016,11,22,看到大家大合唱重温这首歌,1,希希一笑,250100012
369,2016,11,22,微博看到粉丝合唱～又回网易云重新听这首歌～很感动,1,细斟北斗-,98579307
370,2016,11,22,是的,1,carrler,96105898
371,2016,11,22,[爱心][爱心][爱心],0,墙头加起来可绕地球一圈的少女,98946986
372,2016,11,22,是滴,0,竹影0998,329016565
373,2016,11,22,是的 听到合唱才来的,1,森僧生,263179833
374,2016,11,21,是的[大笑],0,妙手心仁,62244323
375,2016,11,21,@Vacancy__ ,0,Esluo,50756738
376,2016,11,21,323，我初中喜欢的粗细腿喜欢的歌手唱的歌。,0,Gentleyogurt,326768557
377,2016,11,21,微博安利过来。好好听呀,3,Azzwerr,121181221
378,2016,11,21,燕姿每一首歌都有听过！,2,一帳號已注销一,322538659
379,2016,11,21,是 哈哈哈刚刷到,2,嘿嘿嘿wwwwwwls,330427617
380,2016,11,21,在微博上听到粉丝集体合唱  好暖心的,6,songqlong010101,124411200
381,2016,11,21,突然发过来奇怪的数学公式 你告诉我只是想说自己数学很厉害 但我知道那是心形的抛物线 代表还喜欢一个人 只是真的回不去了 别回头了 太难了 就这样吧 哪怕我还爱你 那么爱,1,dingdingding_咚,248076758
382,2016,11,21,正解[可爱],0,嘶嘶小马,304079264
383,2016,11,21,对对对[呲牙],0,李伟俊丶,296947122
384,2016,11,21,这么好听的歌 怎么评论这么少,0,李伟俊丶,296947122
385,2016,11,21,夏天还是那么短，思念却很长,0,欧小小l,263466169
386,2016,11,21,微博过来[爱心],0,青麦未苏,52274158
387,2016,11,21,哈哈哈 话筒失音  全体大合唱[色],1,爱闹的盘子_,294102069
388,2016,11,21,唯一庆幸的是，她最后喜欢上了别人。而唯一遗憾的是，他到最后也没有喜欢上我。,0,Lee_Estee,324094328
389,2016,11,21,原来大家都是微博来的[可爱][可爱][爱心][爱心],1,我要换名字这个名字都被占用,299679596
390,2016,11,21,好好听,1,胖子詹,328852404
391,2016,11,21,忽然就想到了高中时代,1,Coraline_G,42519242
392,2016,11,21,还真是。。。,0,凉小介,63649459
393,2016,11,21,为什么评论这么少,0,第三人称Auo,307472540
394,2016,11,21,微博过来的各位，还有另外一个版本，去那里[亲亲][亲亲],0,王子面oO,249311860
395,2016,11,21,我想她。[哀伤][哀伤][哀伤],0,宿幕流年,68627312
396,2016,11,20,另外一个版本的评论多呀~,0,cuteplus,115084412
397,2016,11,20,对啊！很有感觉很好听,0,郭小花的柠檬三曲,281868489
398,2016,11,20,我就是看微博过来的 哈哈,0,南木卡_,329778545
399,2016,11,20,❤❤❤,0,六岁_王,286224264
400,2016,11,20,我和他今天晚上同时推了这一首歌,0,曓桺乸鼖懦弱,247312109
401,2016,11,20,评论这么少不科学,2,后知后觉--D,343160912
402,2016,11,20,我很想你,0,我就这young吧,121643952
403,2016,11,20,微博来的，看视频好感动啊,1,熱爱吗-,283617602
404,2016,11,20,微博+1[色],1,鸭鲜汁,129507874
405,2016,11,20,我也很想他,0,唐不哭,104147809
406,2016,11,20,从微博过来的  好听到爆炸,2,说好的等待不要期待,45219158
407,2016,11,20,对,0,爱吃屎的皮卡丘,113116671
408,2016,11,20,小掌门…嗯…小郡主呢,0,耐撕搜,288400485
409,2016,11,20,今天约饭了，很开心[可爱],0,sakurah_,111524102
410,2016,11,20,是的！,0,今天开心了耶,94974167
411,2016,11,20,我进错片场了？评论这么少？,0,不如睡场大觉,306854406
412,2016,11,20,微博话筒断声过来[呲牙],1,不如睡场大觉,306854406
413,2016,11,20,微博观光团 打卡[色],3,Yanann_,274291595
414,2016,11,20,当年的暗恋，如今都变成什么模样了？可能，你仍念念不忘，可能，你记不清楚伊人脸庞，可能，你感叹当初的女神面目全非，可能她就挽着你的手臂在今天的小雨里，不慌不忙的回家。,0,二木曼,81669080
415,2016,11,20,我也很想她,0,茶醉书香,34557198
416,2016,11,20,是的,0,YaN9---,315916614
417,2016,11,20,微博听了一半，就过来搜[亲亲],0,foreveryooooo,318635963
418,2016,11,20,刚看完微博，特意过来听听。,4,她城无梦丶,58856866
419,2016,11,20,[强][强][强][强],0,掬水捧月,104171807
420,2016,11,20,想看看有多少人跟我一样喜欢孙燕姿,1,杀猪小哥哥,37331975
421,2016,11,20,好感动，有一天一定要去听一场燕姿的演唱会，也要感受一下全场大合唱的感觉[爱心],1,JUN包子呀,31913520
422,2016,11,20,演唱会听到的 我就过来了  看来好多人也都一样 真好,1,江藤真子,255378521
423,2016,11,20,嗯 是,2,Bluesparrow,270652995
424,2016,11,20,如果你看到这首歌评论没有999+    那么你一定进错版本了[大哭],2,漂浮群岛走吧,121974190
425,2016,11,20,嘻嘻,1,天上掉下来的钱,265980774
426,2016,11,20,是微博,1,天上掉下来的钱,265980774
427,2016,11,20,[憨笑],0,Orange酱Lu,65211118
428,2016,11,20,[钻石],1,然后呢so_what,266240313
429,2016,11,20,我想来听故事呀,1,大梦厨师做菜一把好手,51990352
430,2016,11,20,学会这首歌起码下次可以加入大合唱！,1,onejingxi,9301872
431,2016,11,20,想要去看演唱会的清单上多了个孙燕姿,0,William_Ch,73116820
432,2016,11,20,夏天还是那么短，思念却很长。高三那段日子，是童年里的他陪我度过。,0,Kukakesu,320541678
433,2016,11,20,同微博来的 能够粉丝大合唱的 都是回忆,0,帐号已注销,283988585
434,2016,11,20,微博观光团,2,蟲大漂漂,130929351
435,2016,11,20,微博来的，感觉好好听，尤其大合唱的时候,2,夏天想出去恋爱,318656052
436,2016,11,20,刚从微博热搜过来 孙燕姿的歌迷都好温暖啊,2,Sweet_Rekky,58521478
437,2016,11,20,有很多个版本哦～有999+的,2,ChingCyan-,287030154
438,2016,11,20,me too,1,好想吃饺子,347098382
439,2016,11,20,微博上看见的 话筒失灵  粉丝合唱,2,望舒与星,126643081
440,2016,11,20,粉丝大合唱 温暖 也好听 ,2,Tuuuthzbonbon,131899284
441,2016,11,20,❤️❤️❤️,0,MuniL-a,99448824
442,2016,11,20,你说过我们要在一起可就太可惜了 友谊比爱情要长久 我也知道我并不是喜欢你而是离不开你[可爱],1,虾条在哪里,113975687
443,2016,11,20,滴 微博观光卡,1,眼若星辰,85795934
444,2016,11,20,同问,0,小鸡腿M,111603142
445,2016,11,20,微博观光团,1,橘子小甜饼,136180483
446,2016,11,20,怎么没有999,0,小甜筒听歌日记,125208489
447,2016,11,20,微博来的，想听听孙燕姿的声音😄我觉得还有很多人[奸笑],1,shigirl,334094558
448,2016,11,20,有缘无份吧,0,叫我小萝莉吧,336256945
449,2016,11,20,微博热搜观光团……粉丝们唱的好棒[爱心],0,不被重复的ID,251088614
450,2016,11,20,从微博里面过来了请举手！,1,萌萌不萌angle,104868044
451,2016,11,20,在微博上看热搜，孙燕姿的话筒失灵，万人大合唱很震撼,0,糖衣o,263664592
452,2016,11,20,微博来的,0,心声久远,78888697
453,2016,11,20,我也很想他,0,CHANNUNU,87330523
454,2016,11,20,很小的时候听的歌，那时候还会模仿着唱。现在想想，那是回不去的小时候。,0,小老珊,102479369
455,2016,11,20,是的。突然就很想听听燕姿的声音。,0,Deco想去Venizia,110634038
456,2016,11,20,我也很想她,0,小众领袖,102518472
457,2016,11,20,经过了相遇和挣扎，还是得放下,0,dreamerfta,364488204
458,2016,11,20,评论这么少，吃惊。很爱很爱，微酸的懵懂心事，不在意的争夺，自顾自的欢喜，这是青春的夏。,0,桑倾,288669250
459,2016,11,20,高中认认真真喜欢过的，反复回想过的人，构成我美好青春的人，终究是不属于我了，希望你能很幸福啊 虽然我根本不想祝福你 只想一味指责你挑剔你 但是终究这个角色不会是我 让一切过去吧 也不知道我什么时候能想得开 不过也和你无关了,0,Bowieee-,131803848
460,2016,11,20,小学时候第一次听到这首歌，好奇学分是什么，好奇这是怎样故事。直到长大,0,日比谷野猫,82788931
461,2016,11,19,微博大合唱观光团[爱心][爱心][拜],1,greyyyyyyy,258493568
462,2016,11,19,是不是大家都是在微博听到粉丝大合唱过来的,545,潼言无寂,98386536
463,2016,11,19,明明知道他一点也不好，为什么我还是很想他,0,真夏的花火,92810449
464,2016,11,19,周杰伦孙燕姿，90后听着长大的,0,我是帅帅的J,116426493
465,2016,11,19,[嘴唇],0,麻辣鱼鳞_,67573654
466,2016,11,19,怎么人这么少？不应该啊,0,这货不粉周杰伦,115131953
467,2016,11,19,我也很想她ԅ(¯ㅂ¯ԅ),0,封离徽,129260352
468,2016,11,19,嘻嘻～[憨笑][憨笑][可爱],0,666Ol6IgAz66,90129453
469,2016,11,19,我也是[亲亲],1,小曲奇饼干,275072117
470,2016,11,19,刚刚听到她话筒坏了 然后全场大合唱,4,666Ol6IgAz66,90129453
471,2016,11,19,[爱心][爱心][爱心],0,窗边的萧兜兜,84807740
472,2016,11,19,你有没有也很想我,0,无言5214,120918171
473,2016,11,19,微博上听到的合唱版  好喜欢  就过来了[亲亲],2,空军一号XD,252234987
474,2016,11,19,人总是爱怀旧，爱情曾经给你多少甜，最后就会给你多少苦。,0,bluebluebus,137361182
475,2016,11,19,好听,0,oluaxx,89879474
476,2016,11,19,[爱心],1,_AuroraPolariss,260208415
477,2016,11,19,在微博听到这首歌，还是跑过来听了听。喜欢网易云的原因，可能就是因为它很像树洞吧，我可以在每首歌下面留下我想说的话，没有那么多可以描述的故事，但有在怀念的人。“岁月会记得，你温柔赤诚的心。”,235,穆闪,87197335
478,2016,11,19,💛,0,五月芝士味,295233344
479,2016,11,19,如果那时候不任性 好好的和你说声对不起 即使最后我们还是做不了朋友 现在会不会不这么遗憾,0,Ericagift,63376003
480,2016,11,19,刚看秒拍,2,小强的打不死,292875411
481,2016,11,19,青春的记忆,0,一棵西蓝花,265894367
482,2016,11,19,你说这是我自己的事……嗯，所以我自己面对，不吵你,0,DoDo_-_-,331962269
483,2016,11,19,梦里全是你，怎么忘记,0,DoDo_-_-,331962269
484,2016,11,19,想了4-5年。常常梦里惊醒 讶异为什么那么多年过去了还在想。最难过的事莫过于你想他而他怀抱里已有另一个她。以前的遮遮掩掩，现在那么骄傲有她。心碎了又用记忆中以前心的样子粘贴在一起了,3,雯_9,344725568
485,2016,11,19,半夜听着这首歌，变得太感性了～,0,短粗姑娘,77928532
486,2016,11,19,我 很想他,1,黄桃菠萝橘子罐头,123131963
487,2016,11,16,这歌不应该是999+吗？,2,LComin,114282175
488,2016,11,15,想你,0,爱吃蜂蜜的董大凡,53821292
489,2016,11,15,电影女主是我女神麻酱，由我的最爱的女歌手燕姿演绎中文主题曲简直完美，就是这两个女神把我活脱脱打造成了一个短发控，短发的女孩真的太有魅力了[钟情],1,南郭先森丶,44109653
490,2016,11,13,燕姿燕姿燕姿,0,我姿态略萌,111719375
491,2016,11,13,美姿[亲亲],0,小栗粟,42762609
492,2016,11,8,那是多久后的事了,3,_可惜我是水瓶座__,317521013
493,2016,11,7,这歌不是两个女生同时爱上一个男生，然后她俩还是闺密的吗？友情和爱情👄,3,帐号已注销,102498265
494,2016,11,7,😔😔我也很想他,1,二娃95,277303510
495,2016,11,7,我也很想他,0,小猫的雪夜日记,287008493
496,2016,11,6,我也很想她,0,不可能更好,98780391
497,2016,11,6,999+!!!!!,0,我愿中意,343818018
498,2016,11,6,留爪[爱心],0,Arsenico,74887438
499,2016,11,1,我好想他。,0,心头悸动_79,296076158
500,2016,11,1,我曾在他的身上找到翅膀，可是他是因为你才飞翔[心碎]心碎,1,心头悸动_79,296076158
501,2016,10,27,我也很想他 刘畅刘畅。,0,-BonjouRrrr-,258394392
502,2016,10,23,朋友告诉我她们一起去KTV时候，他唱了这首歌唱到最后哭的不成人样。在一起分分合合了有三年，本以为能携手到白头，但最后还是敌不过分手。我已经想不起分手后的那几个月是怎么过来了。最后一次送她回家，她家小区口的车站说的分手，从车站到小区，107步，她一步也没有回头。我知道她哭的很惨。。,4,香菇和酸奶,111760090
503,2016,10,20,没人说点啥？,0,玩笑话鱼,65028886
504,2016,10,15,我也很想他 某个动作 某个身影 某个眼神 某个地方 可是我不会告诉他 既已缘尽何必再续 何况 我们甚至早已变成对方陌生的面孔 各自安好吧 *莫名其妙的男孩*,0,橙子070,335045674
505,2016,10,4,我也很想他,1,uuKiseki,66976312
506,2016,9,23,好听，爱燕姿,2,跳舞的梵谷yanzi,318974517
507,2016,9,20,总觉得听的时候要留点什么。,0,毕澄茄,126371652
508,2016,9,20,我高中在班里给大家唱的第一首歌。,1,雾越温,105684187
509,2016,9,18,[哀伤],0,Oblada_66,44386347
510,2016,9,17,想她也没用,1,超酷吶,133066408
511,2016,9,16,为什么这么少评论,1,najiuzheyangbaaaa,118539289
512,2016,9,15,而夏天还是那么短，思念却很长,3,Christian-Eriksen,121071547
513,2016,9,14,这首歌很冷门吗，还是知道的人太少，我要介绍给朋友,0,用户123123124,129967538
514,2016,9,10,备胎,0,格林威治11,292619846
515,2016,9,7,一直喜欢的,0,青菜玉米,320048126
516,2016,9,6,这首歌很好。,0,_夏小安_,103344049
517,2016,9,5,从磁带，到现在...,0,月冷冷,108216490
518,2016,8,31,高中时代每晚晚自习下课都会听的一首歌,0,造型师至文,47458633
519,2016,8,31,为什么这首评论这么少,0,造型师至文,47458633
520,2016,8,31,好像是首新歌？,0,我的某年某日,42339874
521,2016,8,30,好听  太喜欢了,0,无解啦啦,131716651
522,2016,8,29,夏天那么短 思念那么长,0,1tong_,314977410
523,2016,8,29,我还是无法将她放下,0,1tong_,314977410
524,2016,8,29,那时我们总有好多话 什么事都可以讲,0,1tong_,314977410
525,2016,8,28,有十年了么？ 很喜欢孙燕姿的声音！ 超快感的MV让我爱上了这个姑娘，从初中听到现在 15年了哈哈哈  我特么老了  时间过得飞快，转眼这些已成回忆！,1,大超C,102069240
526,2016,8,26,大家都在听歌忘记评论了而已啦,1,向你砸了一只大龙虾并因浪费哭泣,87883494
527,2016,8,25,这么好听的歌评论这么少？？？,0,周二不用睡,79094132
528,2016,8,25,154,1,萌萌哒小瓜子,95081543
529,2016,8,20,评论这么少？,0,小猛菌,85407080
530,2016,8,20,"在世界中心呼唤爱 长泽雅美啊啊啊
日本女星里很喜欢她啊 
她的电影很好看哦
强势安利
泪光闪闪请准备好餐巾纸",1,晓67001,303958992
531,2016,8,19,评论少 不科学,0,消失的_影像,112634855
532,2016,8,18,“在他的身上 曾找到翅膀 只是那时的他 是因为你而开始飞翔”曾经的我们三个默契的不像话后来变成我一个人的独角戏默默观看你们的青春偶像剧 而现在天各一方各自安好 我少了尴尬你少了肩膀 只是不知你是否也还会想起他,4,苏粘粘,117437747
533,2016,8,18,我很想他 曾经,0,wendy4c,90163792
534,2016,8,17,因为你而开始飞翔[爱心],0,班扬小叔叔,96956994
535,2016,8,14,一直以来放不下一个女孩，高中时候开始追求她，理智的我们并没有选择在一起因为高考。高考结束后，有一天我发短信问她，对我有没有感觉，她只是说她有了喜欢的人，而我也没有再继续追问。似乎夏天都一直很短暂，但是思念却一直伴随着我。有一天想明白了，她可能就没有喜欢过我只是我一厢情愿而已。,2,冬天的拖拉机ypf,66034941
536,2016,8,13,为啥这首评论那么少.....,0,一笔坏账,12746847
537,2016,8,12,而夏天还是那么短，思念却很长。,0,问汶汶Wen_,97817488
538,2016,8,9,[哀伤],0,崔大佳-,113328978
539,2016,8,9,那时候我连开口唱歌都不好意思，那时候我也不敢说喜欢，那时候的我和我们都好遥远了，真想回到过去给那个小心翼翼的女生一个拥抱,1,Durrat,61051105
540,2016,8,8,咬字方式好喜欢[大笑],1,Iris景,81500881
541,2016,8,8,电影的男主角是欧豪吧,0,苏三伞,111844957
542,2016,8,8,137,0,苏三伞,111844957
543,2016,8,7,136,1,Universe---,98261498
544,2016,8,2,133,2,洗墨鲲锋一一宪行生,70799606
545,2016,8,1,132,0,xianyuuuuuuuu,266607011
546,2016,7,30,130,0,千1渡,286655866
547,2016,7,29,129,0,WDDSCWS,127290332
548,2016,7,26,124,1,雲翊宸,134288860
549,2016,7,25,啊,2,麦克光,308246022
550,2016,7,20,"而夏天还是那么短

思念却很长

那个毕业的夏天！",3,Kuuuuun,46365960
551,2016,7,18,可惜再也回不去[皱眉],3,求求丶小婊砸,125705716
552,2016,7,18,120,1,小进语,247170932
553,2016,7,17,118,0,taiziix,87370418
554,2016,7,17,117,0,YoDyHs-And稻谷,104719075
555,2016,7,17,116,0,YoDyHs-And稻谷,104719075
556,2016,7,15,115,0,缪嘟嘟,121449664
557,2016,7,14,好久前循环的歌[强],0,向心轨迹,618988
558,2016,7,14,[流泪][流泪][流泪]燕姿啊，我想见你,0,我姿态略萌,111719375
559,2016,7,12,终于有这首歌了,0,介素酱,66571805
560,2016,6,30,初中的回忆[爱心],0,喵喵邓,96962057
561,2016,6,30,2004年，34岁的松本朔太郎（绪形直人 饰）收到高中老师寄来的明信片，将他封闭且逃避了17年的记忆带回到17岁的那个夏天。1987年。高中时代的朔太郎（山田孝之 饰）和广濑亚纪（绫濑遥 饰）的恋爱非常甜蜜，对两人来说快乐的瞬间感觉就像永远一样。,0,洗墨鲲锋一一宪行生,70799606
562,2016,6,30,初中一直听一直听的歌 为毛评论这么少  奇怪。时隔多年依旧喜欢。,1,annmun,273835388
563,2016,6,29,长泽雅美很漂亮,1,RedDevil_Keano,107872141
564,2016,6,29,深情但不纠缠才是最好的感情,2,布尔希特,260598587
565,2016,6,29,比。。。,0,沫沫沫沫沫沫沫沫沫沫沫,65733548
566,2016,6,27,我还是无法将他放下,1,4星儿,251568165
567,2016,6,27,即使是适合错过的人，也不想错过,0,4星儿,251568165
568,2016,6,27,有时候觉得很气 明明燕姿很多非主打都那么好听 可当每次慢慢听下去 就觉得她就坐在旁边 温柔地讲着一个又一个的故事 真好 谢谢燕姿安慰了我这么多年 ,2,隔音不好,51757560
569,2016,6,22,然而都过去了,0,忍住顷刻回望你要去的地方,286586629
570,2016,6,21,后来我懂了，有些人适合错过,1,helbert_东东,124512482
571,2016,6,21,这首歌很好的诠释了浅唱低吟,1,小逸竹,37109636
572,2016,6,18,想到几年前单曲循环的时候，我找了很久居然找不到一样东西是那个时候留下来陪我走到现在的，人活一世，走的本应该就是孤独的路，只是很庆幸这条路上还是有一直在的人,0,Charlie啊啊,45801469
573,2016,6,16,虽然说很想，但觉得有的人相见不如怀念的好,1,蒲奕钰,100227502
574,2016,6,13,我看重你 但也喜欢他 你们在一起幸福就好 远远看着 心里百味杂陈  ,2,苏泽佐伊,101111615
575,2016,6,13,我不想在多说话,1,连风都知道丶,285188364
576,2016,6,11,[可爱]@saybyeby ,0,宇哒1995,100159400
577,2016,6,9,@ xxx,0,崔CHOIEE,34580078
578,2016,6,7,91,0,小学生家的船长,61878705
579,2016,6,3,你以为是《新世纪福音战士》啊……...,0,糙汉纸,33119752
580,2016,6,3,   我第一张孙燕姿 ,0,Lelucer,102643700
581,2016,5,31,我也很想他,0,鸡川cici和好了没,94803495
582,2016,5,29,难道没有人很想他吗,1,SHOOTING---,125572934
583,2016,5,29,@nyalus ,0,毛黄小,47601518
584,2016,5,29,这首歌不到999+真的没天理了,2,pageLy,103015642
585,2016,5,27,夏天很短 思念很长,2,落地之前你会来吗,115465970
586,2016,5,24,我也很想他,0,Soleil-cr,90542052
587,2016,5,24,80 is me,0,用户123123124,129967538
588,2016,5,24,我也很想他[口罩],0,是阙阙啊,95841751
589,2016,5,24,78是我,0,没有鸵鸟的鸵鸟蛋,47055060
590,2016,5,23,😄燕姿,0,七个东丶东,251997708
591,2016,5,22,我们都很想你[爱心],2,进度导向,87157407
592,2016,5,22,好老了，我高中时候很喜欢的一首歌。,0,Nnnnn-烤鱼肉包猪脚饭,100826673
593,2016,5,21,原来在世界中心呼唤爱出处在这么…[大哭],0,令狐漢叁,15447574
594,2016,5,21, 评论在另一版本,0,丑Gu,80397136
595,2016,5,21,我是听她们的歌听到这首歌的，挺有感触的,0,做个牧羊人,259254067
596,2016,5,21,咦 评论好少,0,哥谭_w,270908034
597,2016,5,20,自己喜欢就好 别人听没听到 是TA们还没听到[吐舌],0,Over-thoughts,86127032
598,2016,5,20,好听[呲牙][呲牙][呲牙][亲亲][亲亲][亲亲],0,blueberrypie,41491137
599,2016,5,18,评论好少啊,0,helbert_东东,124512482
600,2016,5,14,晚安，全世界的晚，一个人的安，最近几天特别想你，分开四年了。,1,爱吃西班牙馅饼的港岛妹夫,119670764
601,2016,5,12,"评论不可思议
",0,反正我是要改了这个ID,89728697
602,2016,5,11,这首歌实在是心酸。在那个时候，我确实也爱着他,0,Fallfallingfall,47789811
603,2016,5,9,大爱燕姿，为毛评论这么少！,0,wing大胆,259728110
604,2016,5,8,好听！！！,0,我是靓号啊啊啊,63490687
605,2016,5,8,好听,0,g0D-,50575318
606,2016,5,8,想,0,桑桑是个好姑娘,134327905
607,2016,5,8,好听,0,从何往来,113122545
608,2016,5,5,最喜欢的女歌手之一[爱心],0,林三学长的音乐,260049847
609,2016,5,5,这个封面是什么玩意儿？,1,轻盈甜点的秘密,118411332
610,2016,5,3,一听到这首歌  就会感同身受  那么近却那么远  我也很想她 [流泪],0,南京找苏三,31488591
611,2016,4,29,[哀伤],0,了不起的老人家,37782426
612,2016,4,27,句句贴心，娓娓道来，想念那个TA,0,-笑林-,31217964
613,2016,4,21,那是我们总有很多话，什么事都可以讲，想到了我和还没有谈恋爱时候的闺蜜[哀伤]一个悲桑的故事,1,文有山长和水远,51627116
614,2016,4,18,是因为你看的专辑不对 大哥 这是这张专辑的 精选集肯定评论少,0,裸睡如此冻人,20439822
615,2016,4,16,她,0,leopardy,18247781
616,2016,4,11,想你,1,woicool,47891172
617,2016,4,4,不该这么少的人气啊。很多年前在黑黑的屋子里听，我没有可想念的她和他，因为身边有的就是所爱的人，可是我却还是可以体会那种复杂的心情,168,Fayeflora_,249517054
618,2016,3,27,这里的你，你们指的是谁？,1,瘦团子桑,104886778
619,2016,3,25,我也很想她,0,乾坤烧鹅666,134602302
620,2016,3,20,晚安,0,哗啦啦老阿姨哈哈哈哈,246210595
621,2016,3,3,而夏天還是那麼短，思念卻很長。,2,梁小琪GiGi,63635916
622,2016,3,3,夏天還是那麼短，思念卻很長。  ,0,梁小琪GiGi,63635916
623,2016,2,27,很好听啊,0,huchun2,111515825
624,2016,2,26,"nice
",1,寳蜀黍,44670754
625,2016,2,16,汪焕江我们以后结婚好不好,0,奶酪塔,52406609
626,2016,2,16,怎么评论这么少[呆]这么好听[呆],0,奶酪塔,52406609
627,2016,2,11,:),0,qyuky,537078
628,2016,2,3,初中从学校超市买了这盘专辑的磁带，这首歌是那时拮据的条件下所听到的觉得最好的歌，满满的都是回忆啊,0,豆馅儿的徐团座,68266783
629,2016,1,30,为什么这么少？不敢相信，这首歌一直陪伴我度过单恋的时代。,2,42岁青年,88598850
630,2016,1,29,太喜歡。,0,xy--kap,129014775
631,2016,1,23,小学的时候，爸爸买的光盘里面就有这首歌，记得还有《心醉》吧……然后这张光盘和刀郎的总是换着放着的。#回忆系列,0,鲤七七呀,124124490
632,2016,1,20,是《在世界中心呼唤爱》在中国的宣传曲吗？,0,用尽生命_向你靠近,121135032
633,2016,1,18,这首歌不收费！,0,芒三三,59240167
634,2016,1,15,打卡,0,美好的雀斑,113276650
635,2016,1,13,那时我们总有好多话，什么事都可以讲,1,我叫晋公子,49103134
636,2016,1,10,初中时候听歌多只听旋律，那时候班上不少女生喜欢听孙燕姿，长大些后才觉得词写得那么美，像是一个人的回忆录，能感觉到一点淡然，不减心中的热度。大概那时的女生都比男生成熟吧！,1,Fantasy-Liu,71539286
637,2016,1,9,天啦回忆杀😩,1,Takoyakiii,105466653
638,2015,12,14,夏天还是那么短，思念却很长。上大学后给高中的朋友们写明信片都写了这一句。,1,名字怎么这么难找,111616054
639,2015,12,8,我也很想她，可惜她不在我身边。,0,了不起的老人家,37782426
640,2015,12,5,我也很想很想他,0,蓝色半袖,31264571
641,2015,11,21,好歌,1,我站在时间的中央,106670203
642,2015,11,19,害怕她走,0,大脸兔98,35912258
643,2015,11,6,你们都是八五后吧,0,photograph流行者,78268836
644,2015,10,31,而夏天还是那么短，思念却很长,1,主角爱我,79725735
645,2015,10,23,我也很想你，因为你我也喜欢上了孙燕姿的歌,1,风吹不乱我的发型,93846364
646,2015,10,16,我也很想她。[爱心],0,雷先森melo,6937894
647,2015,10,14,( ´▽` )ﾉ晚安,0,熙东,78123176
648,2015,10,11,好怀念的一首歌呀，那时候还在用卡带,0,帐号已注销,50729869
649,2015,10,4,主要评论应该不是在这张专辑里,0,王小三金,52811574
650,2015,9,14,9条评论？？？？,0,胡小刀MUFC,36808568
651,2015,9,7,按理说这词勾不起我一点共鸣，但就是喜欢听,1,无人电台,48167426
652,2015,9,2,我想的是她不是他...,2,0璀璨中的凋零0,36037399
653,2015,8,27,有回忆感的一首歌，那些回不去的夏天。,0,lubyworld,6952104
654,2015,8,21,"然而，无法回去
",0,暗影生物,76922121
655,2015,8,10,我也很想她，总是感慨万千。,0,静观澜世,47352590
656,2015,7,28,非常有意境，回到当年,0,sssshmilyyyyy,45287225
657,2015,7,16,人好少，版本问题？,1,暗星_西哎去斯,62532615
658,2015,7,12,我还在,0,无人等待中,79518189
659,2015,7,9,完美独享,0,Ahao-,63886112
