index,year,month,day,content,likecount,nickname,user_id
1,2019,11,19,我不难过 这不算什么 只是为什么眼泪会流我也不懂 从小学听到大学 听的心情变了又变  还是想起燕姿的天黑黑 我的小时候 你在哪,1,枝树-,1929106796
2,2019,11,19,怎么没过999+,0,枝树-,1929106796
3,2019,10,12,我很想你，但是我不能去找你，因为这样你会烦我 讨厌我 害怕我，就像现在这样又把我屏蔽了。所以啊，绝对不能,0,范范就是范范鸭,282380008
4,2019,10,10,真的 人的出場順序太重要了  我要是晚點遇見你就好了  就不用怎天擔心害怕你會走 出現在你需要穩定的時候就好了,0,oktrsss,60252336
5,2019,9,17,我只站在你的窗外看天空 再次路过的时候已经下起了雨 我现在也找不到你走的那条路叫什么 只知道要拐弯 好多弯 算了 我还是自己走 走出这里 我就不会迷路了,0,Zonki-Woo,128035850
6,2019,9,15,总好过你不爱我一拖再拖,0,-好不好-,382453740
7,2019,7,16,燕姿加油，我会一直听你的歌,0,古月哥欠5,564946176
8,2019,7,9,网易云有没有可以让我推歌给他的功能，至少让他知道我不难过,1,童潇萱,535934357
9,2019,7,7,这就是为啥网易缺少很多热门歌曲版权我却依然喜欢网易音乐的原因：推荐的歌无论新旧总能给当下的我新的感受。我会找熟悉的歌回忆过去，但更喜欢不经意间再次听到曾经常听的歌回到过去，或是听到我从未听过的歌而刻下未来对当下的回忆，这就是网易音乐带给我的—永远都在路上，永远感觉对未来充满期待。,2,扣肉YZZW,17521381
10,2019,6,23,我现在不难过  我要推出去,0,阳几吖,503942770
11,2019,6,23,你的姑娘,0,好感喜欢爱合适,1513394851
12,2019,5,25,故事一个人没结果,1,生化变形金钢,400482674
13,2019,5,24,婶家军在吗[多多耍酷],0,不许偷我歌歌,347208546
14,2019,5,20,孙燕姿的每首歌下面都有人无病呻吟编故事,0,菊花大大菊花,322434663
15,2019,5,19,喜欢下载版本不同的留言又少的歌,0,ecapse,315995873
16,2019,5,12,不怪你，是我没有陪着你，在你寂寞无助的时候，对不起,10,每次都想拥抱阿愿_,1654674540
17,2019,4,28,乍听之下只是一首普通的歌。但孙燕姿的深情让这个首歌多了无法形容的情感,0,LLLxer,107783458
18,2019,4,26,我已经习惯不再给新添加的好友改备注，因为我也不知道他哪天会走,0,herboyever,577032067
19,2019,4,24,20多了依然一个人，难过的滋味也有很多种，什么时候会有这一种呢？,0,Ep流苏,426164985
20,2019,4,18,风来了又走 而你也别再难过,0,泮水阑笙,274830497
21,2019,4,16,拜拜了您,0,Panda-M,280212854
22,2019,4,2,昨天梦见了一个美妙的故事:“两个相爱的的人最后分开了，男的问佛陀这是为什么，佛陀拿了面镜子让他看女子的前世，原来她前世死在海滩上一丝不挂，身边路过了两个人，一个给她披了一件衣服，一个把她埋了，佛陀告诉他前一个就是你，而后一个就是她现在嫁的那个。”是啊，你终究还是要还他的情啊,4,曼陀沙华_叶,1792485469
23,2019,3,5,多次停留你家门口，期盼你从门内走出，刚巧看到我，哪怕只有一次，一眼，一瞬……,1,弑西铭,539276670
24,2019,2,13,这是重做版吗？比一开始那版好听很多。求知情人告诉我,0,扑街仔雷要做咩,115374187
25,2019,2,9,喜欢这首歌好久好久了,0,一只四月的羊,112874100
26,2019,1,8,别去了，不想你难过第二次。,1,庞庞Eeis,260264550
27,2018,12,29,听到这歌让我想起逝去的青春。。。,1,kimikamusic,552409157
28,2018,12,29,能在这里留言的表示你真的很喜欢燕姿～,1,毕澄茄,126371652
29,2018,12,13,好听[多多亲吻],0,MamamuaH,439740730
30,2018,11,19,兄弟你进错地方了，去她的专辑下听,0,洗衣机jin,117872159
31,2018,11,13,是我没有在你寂寞的时候陪在你身边，错过了你的青春，晚些到我不怪你，会到我世界就好,0,4分33,120726744
32,2018,11,12,其实不用到999+，我也就明白了,0,XP在这儿你在哪呢,483254450
33,2018,11,12,等到999＋你就错过了 不要为你的胆怯而后悔,0,数九只鸭子,371677884
34,2018,10,27,又站在你家门口,0,帐号已注销,1583144323
35,2018,10,11,我不喜欢你了，也不恨你，你能不能从我的心里搬走,1,即往,575762713
36,2018,9,26,你特么瞎说什么大实话[大哭],0,Dollabu,343615787
37,2018,9,8,曾经有多爱  现在就有多恨,2,佳瑶stef,307806566
38,2018,9,5,这么好的一首歌，怎么评论这么少,0,孜孜倦了9527,1336620066
39,2018,8,26,时至今日，你的影子依然充满我的生活,0,minixixi,109400933
40,2018,8,23,我真的懂，你不是喜新厌旧。,1,Rom風情,1481750899
41,2018,8,17,单曲循环了一个星期,1,红的蓝的灰的黑的白的,96358105
42,2018,8,14,动了情的痞子 刀都拿不稳,1,李滷味,370255180
43,2018,8,14,相识 了解 靠近 倾心 压抑 心疼 惊讶 窃喜 慌张 担忧 逃避 渴望 纠结 快乐 小心 假装 疑惑 关心 决定 勇气 承认 期待 害羞 深爱 距离 奇怪 试探 拒绝 顿悟 冷淡 错过 震惊 嘲笑 迷惘 梦魇 哽咽 无奈 心酸 微笑 狠心 欺骗 放手 祝好,4,_____239,381926545
44,2018,8,11,嗯,0,选快乐,308316808
45,2018,8,6,为什么评论这么少,0,是番薯炒蛋啦,1544950927
46,2018,8,1,你们故事还真多,0,error0000001,610992860
47,2018,7,29,感情耗尽了就真的耗尽了没有了就真的没有了,2,悦悦小姐__,537615169
48,2018,7,29,我不难过,2,悦悦小姐__,537615169
49,2018,7,8,[心碎],0,盛世悲哀,495361548
50,2018,7,5,你比谁都懂,1,初十日,353026109
51,2018,7,4,什么时候到999+呢,0,余生只想有个你,472995254
52,2018,7,4,昨天学校广播站放了这首歌  嗯   一听就知道是她,0,余生只想有个你,472995254
53,2018,7,1,葡萄牙必胜,1,XP在这儿你在哪呢,483254450
54,2018,6,30,装，其实很累,1,林距离zcl,435458132
55,2018,6,30,我很期待这条评论点赞数达到999+的时候会发生什么！,2,XP在这儿你在哪呢,483254450
56,2018,6,29,我希望很快有一天这首歌能达到999+,3,XP在这儿你在哪呢,483254450
57,2018,6,29,谢谢[呆],1,XP在这儿你在哪呢,483254450
58,2018,6,16,"高考那段时间听到这首歌的
都两年了我还是不敢表白
只能听着这首歌来抒发感情
我是不是太懦弱了",0,淡漓,370974602
59,2018,6,16,加油我帮你凑999,2,淡漓,370974602
60,2018,6,9,这首歌竟然没有999?,0,睡醒了你不还是无路可走,131085052
61,2018,5,27,看到这条评论可以私聊发我一首你喜欢的歌吗，我想做一个歌单////,0,Acfae,390769415
62,2018,5,1,对不起…[哀伤],0,高岭之花儿,62599131
63,2018,4,19,一首听了两句就爱上了的歌。我是那种完全不相信一见钟情的人,4,吹往北野的风,319357855
64,2018,4,13,我不难过这不算什么,1,大千世界vae,296190420
65,2018,4,6,999+,2,孙燕姿哟,476147851
66,2018,4,2,你们一个个都要幸福啊,3,若初公子,560992081
67,2018,4,1,骗自己不难过而已,1,月半司,40688164
68,2018,3,17,？？？543,1,Mia异次世界,113385780
69,2018,3,10,好难过,1,Leon的车厘子,32239655
70,2018,3,5,都是青春啊,1,LeoCocoLBJ,310876352
71,2018,3,5,那张专辑还有一首神曲--神奇，燕姿前几张专辑质量都挺高的的。毕竟刚出道的几年是真的能和杰伦五五开,0,跳舞的克卜勒,122786310
72,2018,3,5,soga,0,LeoCocoLBJ,310876352
73,2018,3,5,这不是最原始的专辑，收录在未完成的专辑里面,0,跳舞的克卜勒,122786310
74,2018,3,4,居然没999+，不科学啊，听了好多年,0,LeoCocoLBJ,310876352
75,2018,3,2,我爱你 你爱她 我不难过 我真的懂,0,小象同学__,317136962
76,2018,2,16,"添加好友
通过验证
修改备注
设置背景
置顶聊天
取消置顶
删除好友
加入黑名单",48,FeVerPitchA,48100121
77,2018,2,11,我超喜欢来这里的，这里的个个都是人才，逼装的好，故事也编的像真事儿似的,2,仰望_幸福_,535869668
78,2018,2,6,抱抱 我也失恋了 难过是肯定的 ❤️,1,没说话时就在听音乐,428028721
79,2018,2,2,你爱我的样子我都记得，所以你不爱我了我也知道。我不希望你可怜我。我想如果真的做到坦诚相待不会是这样。是我给不了你新鲜感。既然分手了，以前那些错也不是错，为什么都不肯跟我讲清楚。你挺坏的。要不是她们一个个的找我，我还是会信你什么都没做。只是为什么分手还要伪装成一个痴情的人。[心碎],1,桑伟sw,85706157
80,2018,2,2,我不会难过，其实很想让你真的觉得对不起我，可以坦白说明白，以前那些对不起我的事，然后各自释怀两不相欠两不想见。你是欠我一句对不起，你不必跟我说谎，我又不会去害你，何必那么防备我。分手是你说的，两天有新欢也是你做的，骗我的话也是你说的，分手是两个人的错，只是你欠我一个解释。,1,桑伟sw,85706157
81,2018,1,31,假装  我不难过,2,月半司,40688164
82,2018,1,30,一个人长大后的所有挣扎都是在为童年买单,1,slimvane,516225131
83,2018,1,25,大腿 想你了,1,slimvane,516225131
84,2018,1,24,你们一个一个的都要幸福呀 我这辈子也就这样了,1,slimvane,516225131
85,2018,1,22,他们俩不会分手的,0,slimvane,516225131
86,2018,1,19,"你走了，我不难过。我放手，我难过。
999+的时候，
我会勇敢去把你追回来！",27,XP在这儿你在哪呢,483254450
87,2018,1,15,心疼唱这首歌和听这首歌的人们[强],0,帐号已注销,503350202
88,2018,1,15,我不难过,0,一只八爪鱼啊,1339729230
89,2018,1,15,那动人时光 不用常回看,0,熙迷鹿,39366220
90,2018,1,13,这么好听的歌评论这么少？,1,陈英英英俊,272930282
91,2018,1,12,520快乐,2,_____239,381926545
92,2018,1,12,519了,1,_____239,381926545
93,2018,1,12,这首歌是网易云送我的礼物,1,_____239,381926545
94,2018,1,12,嘿嘿嘿,1,_____239,381926545
95,2018,1,11,我不难过，可是眼泪为什么会流我也不懂😞,0,冰冰是小甜饼呀,297234675
96,2018,1,10,云村的可爱多们可不能举报我刷屏[心碎] 我终于把这个扎心的歌刷到了520[憨笑],1,帐号已注销,503350202
97,2018,1,10, 你欠某个人的，会有另一个人要回去。某个人欠你的，会有另一个人还给你。你对某个人做的事，不管是伤害还是付出，总会有另一个人报答或者报复。在不同时间的节点。人生的无情与多情，绝情与滥情，总体来说，是守衡的。,1,帐号已注销,503350202
98,2018,1,10,"高素质的歌迷和高质量的评论才是网易云音乐最大的财富
",0,帐号已注销,503350202
99,2018,1,10,"我喜欢你，甚于昨日，略匮明朝。” “说人话。”“我好像，一天比一天更喜欢你了。”
",0,帐号已注销,503350202
100,2018,1,10,"曾经语文老师教了一句英 文：I like you,but just like you，刚想说这个 句子不错，正想把它摘抄到笔记本上时， 老师告诉我们它的翻译：纵然万劫不复， 纵然相思入骨，我也待你眉眼如初，岁月如故 是我没用 偏偏败在了感情上",1,帐号已注销,503350202
101,2018,1,10,"如果你日推出现这首歌 而你刚好打开评论 也不讨厌这首歌 还看到了我的评论 这不就是缘分吗 我喜欢小姐姐 我想治愈可爱的你 放心 我可是个正能量满满的少女 如果你也刚好孤独 我可以做你的倾听者 我想我们可以好好谈谈 你主动我们会有讲不完的心里话 屏幕前的可爱多 愿您以后结婚是因为爱情[憨笑]
",3,帐号已注销,503350202
102,2018,1,7,你不喜欢我，又不愿意拒绝我，又给我希望，又让我失望，到现在绝望,2,SheilaXiao-,542981400
103,2018,1,4,我不难过，只是为什么眼泪会流，我也不懂,1,jayang520,75715343
104,2018,1,3,听了这首歌三次后，开始喜欢这首歌了,0,Creates,66546774
105,2018,1,1,我真的不难过啊，不，难过。,1,SheilaXiao-,542981400
106,2017,12,12,从来没想过，会分开。还是分开了。,1,小帽子凉,388554785
107,2017,12,11,终于你开口向我述说他有多温柔,1,帐号已注销,618830488
108,2017,12,2,成啊,1,y二狗子啊,299444743
109,2017,12,2,有机会聊聊吗？？？,1,轻尘客,414583930
110,2017,12,1,能让相爱的人分开，是需要很大很大的压力的，我羡慕你，但我也为你感到哀伤,0,轻尘客,414583930
111,2017,12,1,这个世界有些太多太多的羁绊了，很多很多的事都不是自己简简单单的能决定的，我很羡慕你，最起码听你的意思，你有那个你爱的，也爱你的人，或许结果不是太好，但你这一辈也值了，比很多很多人都值。我想你的那个人可能抗了很大的压力，或许对别人来说不大，但这个压力是她或他从未遇到,1,轻尘客,414583930
112,2017,12,1,问你个问题明明相爱，却还是分开了是为什么,2,y二狗子啊,299444743
113,2017,12,1,这世上有简单的事吗？？？，如果找到一个一直爱你，一直你爱的人，那么你就会成为所有人羡慕的人。或许你遇见了某些这样的人，但不要一竿子打翻一船人，所以所遇之人要看清,1,轻尘客,414583930
114,2017,12,1,怕是很难吧。。想到一句话，饱暖思淫欲，,1,y二狗子啊,299444743
115,2017,12,1,没有了，但这种事大部分的人都会经历，也都会走出来，那种一谈就是一辈子的恋爱，很少很少，但每个人终归会找到另一半，找到一个一直爱你，一直你爱的人,1,轻尘客,414583930
116,2017,12,1,还有比受爱情煎熬更惨的事莫,1,y二狗子啊,299444743
117,2017,11,30,虽然知道，但只要一天没有真正意义上得到答案，那心中就还有些幻想，谁都逃不掉这种事,0,轻尘客,414583930
118,2017,11,29,女神,0,岑小兔子,577196305
119,2017,11,26,我不难过，也开心不起来[呆],1,生来荒唐,127713668
120,2017,11,26,"这是一个人人手机不离手的时代，他要回你信息早就回了。
你苦苦等待一个答案，殊不知，不回复已经是答案了",3,y二狗子啊,299444743
121,2017,11,23,单方面的守候,0,Di-Oo,108695001
122,2017,11,23,你的影子也充满我生活。求求你了，我想完全忘记你，重新的，像当初爱你一样毫无保留的爱一个人。,0,FREAKNA,330556642
123,2017,11,18,孙燕姿最好听的一首歌。,1,Ehsanka,552214242
124,2017,11,16,竟然评论没有999+,0,小七朋友,535912908
125,2017,11,6,唉,0,formylove94,331718337
126,2017,11,1,[爱心],0,ben1983911,53347617
127,2017,11,1,还记得每一次在KTV唱完这首歌后的精疲力尽和痛彻心扉，那时的我,1,薇虫虫,585247815
128,2017,10,25,陶陶,0,Elevenxyz,137286909
129,2017,10,23,🙂,0,晗宝宝0311,104382222
130,2017,10,22,只是为什么眼泪会流,0,五花八门宿命也缤纷的事,260949419
131,2017,10,15,越说不难过越难过,2,YUSUKE阿,128950163
132,2017,10,11,只是为什么 眼泪 会流 我也 不懂,2,予问想喝酒,330485937
133,2017,10,10,评论多的在别的专辑里，专辑不一样,2,彼岸zj,304862494
134,2017,10,8,15年的时候我做了我这一辈子最大胆的事儿——向她表白，我太自以为是了，她说我们只能做朋友。过了不久她和一个男生恋爱了，那个男生比我更高更帅更幽默更懂逗女孩开心。我知道人们有权追求更好的而我一定不是那个更好的。我消沉了一年多但是我不后悔，因为我现在是那个女孩的干爹[亲亲],4,幽哑-,413849395
135,2017,10,6,没版权吗评论这么少？？？,2,曹强i,102143725
136,2017,10,4,评论这么少？,2,沉默舞台剧哎,130254107
137,2017,10,4,这么扎心的歌,1,沉默舞台剧哎,130254107
138,2017,10,4,为什么,0,沉默舞台剧哎,130254107
139,2017,10,3,五年 我还是很喜欢你啊,0,Kepler_7,76535546
140,2017,9,30,我很爱你   只是不再喜欢你,1,敢爱敢恨的车头陽,509745253
141,2017,9,29,听了好多年，这歌感情确实到位，加上孙燕姿的vocal，无敌,1,只有我才能想静静,392121537
142,2017,9,29,听着舒服,0,fayewongf,48449279
143,2017,9,27,分开就分开吧，一辈子也没多长，我自己也没关系,4,一颗铁甲蛹罗罗,447224045
144,2017,9,26,这首歌 当时失恋 听哭了4次,2,大饼子子,328696864
145,2017,9,23,我怀念的,0,妮这么麻烦,430173903
146,2017,9,21,初心易得，始终难求，也许我们都习惯于喜新厌旧,2,等一次另眼相待,104960518
147,2017,9,16,抱紧我 再抱紧我[流感],1,无盐鲸,93859255
148,2017,9,16,某天没有任何心事，只是单纯的想听听许久都不愿听的歌。,3,多一世纪,382636493
149,2017,9,8,喜欢燕姿的歌可能就是因为明明很悲伤了，但是更加坚定而执拗。,6,梦小家,387758580
150,2017,9,3,燕姿的歌就喜欢伤害自己,0,依然渐飞,44419218
151,2017,8,30,我不难过，可是再也开心不起来了,0,变成了当初自己最讨厌的人,112666911
152,2017,8,27,我没走你走了。,0,猫咪爱小仙女爱猫咪,506053835
153,2017,8,24,助999,0,啦啦啦啦啦aaaaaaaaa,503346613
154,2017,8,20,没999  我不信,0,真的好想学习啊,120380798
155,2017,8,16,真的不难过！！！,0,绵绵ai柠檬,469468387
156,2017,8,14,嗯,0,canmengyixi,504139329
157,2017,8,13,歌名是我不难过  可我听了 还是很难过啊,0,我的一只橘猫朋友,331418256
158,2017,8,10,还能多久,1,01JayChou18,119489231
159,2017,8,10,有像我一样在分手之后听着歌流浪的人吗？,2,哒哒甜甜私房猫,341608884
160,2017,8,4,竟然没有999？？,1,北方一姑娘,374710655
161,2017,7,30,“但凡死缠烂打的人，大都不是真的深爱你，那只是在跟自己赛跑。真正爱你的人，做不到死缠烂打。因为自尊不允许。我们一直深信，爱就是把最好的一切给予对方，包括尊严。多少浅浅淡淡的转身，是旁人看不懂的情深。”,8,房东的土鳖虫,259688161
162,2017,7,29,人太贪心了，开始时只想多看你一眼，渐渐变成交往，分享，努力克制占有欲还是有时会想占有。开始不满，挑剔，想改变，想完全同化。因为无法实现，开始暴躁，焦虑，歇斯底里。请我们在不知不觉以爱的名义进行这一切道德和感情绑架的时候，想想一开始，我只是温柔的站在人群中再看你一眼,4,你好像生病了,274143721
163,2017,7,26,谁不是喜新厌旧,0,行步路已发挥咗,62312157
164,2017,7,21,歌唱难度很高的一首,0,primerlee,39146583
165,2017,7,19,备胎之歌[大哭][大哭][大哭],1,我要在网易找女友,368799190
166,2017,7,16,评论这么少的好歌不多了,3,起个什么昵称能不被占用,356111734
167,2017,7,14,奇怪的感觉。明明是悲伤的歌。听起来都是舒服的，仅仅只有一点点忧伤。,0,旧梦未覆,369660010
168,2017,7,14,可能在一起的时间短，你说分手时我并没有多难过，但我爱却存在于在一起的每一天，说走就走也留不住，回想起来又觉得可笑之极,0,灬Almost,85766292
169,2017,7,14,你走吧 我真的留不住了。我真的现在不难过了，只是有点空白。 但是记住，有些事情希望永远不被原谅，请你记恨我 同时我也不会再去提起你.,0,伊邪納美_,249724145
170,2017,7,13,我爱你。ctx.,0,阳光彩虹小晴晴,296117086
171,2017,7,11,现在分手 好过你不爱我一拖再拖[心碎],2,反反覆覆兜兜轉轉,252196140
172,2017,7,6,[爱心],1,大绿怪,117480196
173,2017,6,25,这首歌听着听着就会了,2,DDond,512391500
174,2017,6,23,最难过的是只能远远看着你,1,逆光遇见绿光,294734603
175,2017,6,20,这首歌 最好别唱 太心酸,0,结菜,57780277
176,2017,6,20,爱姿,0,姿意燕为,263726012
177,2017,6,16,我来组成999+,0,风尘仆仆是归途,125580443
178,2017,6,15,我一直以为是999+,1,三年二班的周杰圆,250729738
179,2017,6,11,我也不是很懦弱，只是觉得你不应该属于我了,0,欲盖弥彰ove,254470139
180,2017,6,10,有时候在想，你我之间，我先逃走了把你逼走了，我却比你还放不下，我十分确定我心里对你的不是喜欢而是爱，但我俩都知道没结局，我做了坏人，我看着你开始新感情并为之烦心的时候，我就很心疼，似乎想冲动的把你抢回来，但是我知道是不可能了。之前我就在想做陌生人，你说你舍不得不想这样子，我很痛苦,1,易只倔强,130000960
181,2017,6,9,高中时超喜欢这首 以为会有很多评论的,0,风里有咸味,72053692
182,2017,6,7,我真的懂 你不是喜新厌旧,0,蝶舞柔心,248984291
183,2017,6,5,超喜欢这首歌啊 居然没有999+,0,Kepler_7,76535546
184,2017,6,4,为啥评论这么少 特别好听的一首歌啊,0,Someonelikeyou_0,421243752
185,2017,6,2,你明明跟我说过要见面……,0,samida,317244718
186,2017,6,1,有句伤心的话 我不知道该不该跟你讲  你不会找到一个比我更爱你的人  但你能找到一个你更爱的人,1,何天啸,132304430
187,2017,5,31,400+的评论？？？,0,啾末,269765380
188,2017,5,26,为什么评论这么少，当年那么爱的歌，现在都不敢听了，怕听了难受。,0,凉凉客厅,324274637
189,2017,5,26,没想到评论竟会那么少！,1,贪玩怕黑爱晚睡,385142480
190,2017,5,21,已经被你伤到麻木了,0,shell的夏天,77510466
191,2017,5,20,说不难过是假的,0,帐号已注销,379371924
192,2017,5,18,作为单身狗，却钟爱听情歌🙈,0,修远君,117469904
193,2017,5,16,终于，你开口向我述说他有多温柔，刺痛心口。,0,用户406592269,406592269
194,2017,5,14,爱姿,0,姿意燕为,263726012
195,2017,5,12,我真的懂,0,春虫虫毛毛,122214894
196,2017,5,7,备胎之歌[大哭],0,我要在网易找女友,368799190
197,2017,5,7,爱姿,0,姿意燕为,263726012
198,2017,5,6,爱姿,0,姿意燕为,263726012
199,2017,5,4,这歌评论没999你敢信？,0,无敌大盾,415219315
200,2017,5,3,最不敢听就是这首歌 每次听完 都会耗尽感情,0,舞炑,264357753
201,2017,4,29,为什么这么少评论？这首歌我听都不止听了400遍了？,0,电气设备检修,320741363
202,2017,4,28,助攻400,0,赋采薇,310828525
203,2017,4,24,百听不厌,0,用户366426566,366426566
204,2017,4,17,你推荐我来听这歌，于是我翻遍了四百多条评论只想看看你有没有什么话想对谁说，但是很显然你只是单纯的觉得歌好听而已。,1,TtaoG,86928533
205,2017,4,16,可她偏偏非要给我打上一枚烙印，像军荼利养的孔雀王，让我懵懂之年遇到极限的经历，让我而后的日子都成了废墟。[皱眉],5,TtaoG,86928533
206,2017,4,14,加油，放下过去的他，日子还得继续。,1,回到最初的癫狂,87265034
207,2017,4,13,没999我要坚持,1,_PSP,130285533
208,2017,4,12,我真的懂 你不是喜新厌旧 是我没有 陪在你身边当你寂寞时候,0,老张的招财猫,323281713
209,2017,4,11,我不难过，至少你不会看见我难过,0,吃蛋挞女神,264197312
210,2017,4,9,就让它随风忘了所有,0,小特xxx,97645034
211,2017,4,5,你走吧，我不爱你了,0,贝斯摩斯,116983969
212,2017,4,1,异地 分手 理由 不再是意中人,1,Vivvvvan,333590380
213,2017,3,31,抱紧我 再抱紧我,0,呐给你呀_,361873448
214,2017,3,30,[大笑][大笑],0,呐给你呀_,361873448
215,2017,3,30,我并不懦弱  你比谁都懂,0,呐给你呀_,361873448
216,2017,3,27,寂寞的人,1,穆萨基奥,372814426
217,2017,3,23,就让它随风忘了所有，过的比你快乐，你告诉我，让我怎么快乐！,0,穆木歌鸽,386518715
218,2017,3,23,我都不知道我一个单身狗怎么会听出感觉[大哭],0,过青青,288722058
219,2017,3,19,评论少,0,坤坤坤坤坤鹏,263186092
220,2017,3,18,舍友很喜欢孙燕姿，宿舍经常放着她的歌，无意中听熟了曲子，但从没认真看过歌词，今天这才感受到这首歌多么真切。,2,喜欢听故事的磐阳,70865539
221,2017,3,18,不难过就是难过,0,细粒怪兽,393263393
222,2017,3,13,[哀伤],0,ss-Sooooooong,73873855
223,2017,3,11,[憨笑],0,万青何,137267398
224,2017,3,8,我不难过，因为你都不难过，我还有什么好难过的！,2,小钟童鞋呀,327215956
225,2017,3,7,为什么这首歌才380个评论[惶恐],0,Senjutobilama,99607427
226,2017,3,7,最喜欢的一首歌，13年了,1,Ar_i,122511491
227,2017,3,2,说不难过就是很难过,0,express0,108395161
228,2017,2,27,我也以为我不再难过了 只是听到这首眼泪还是会流 也想相信你不是喜新厌旧 只怪我没能在你寂寞的时候相伴左右吧 四年零两个月最终却还是输给了距离跟你躁动的心,4,Eleanor_Qian,80818786
229,2017,2,22,这首歌感觉是巅峰，唱出所有的哀伤,1,小帅哥有前途,61215195
230,2017,2,17,我一直在想我有时候是不是太自私了 很多问题都没站在你的角度去考虑 但是有些时候你不说话的时候我真的很怕 也很不舒服 就像你说的我是不是想引起你的注意 对我就是这样想的 ,2,帐号已注销,89713057
231,2017,2,14,又是一年的情人節…,0,七先生92,274886208
232,2017,2,12,妖扬👀,0,啵霸星球,279694335
233,2017,2,8,[可爱],0,古怪路人,79456711
234,2017,2,8,头像达明！,0,凉凉凉凉凉粉,95989180
235,2017,2,6,：（,0,古怪路人,79456711
236,2017,2,5,听到心好疼,1,中岛川子,278440891
237,2017,1,27,女生说没事 就是有事 女生说没关系 就是有关系 女生说不难过,1,继续失去吧,46731598
238,2017,1,26,❤️,0,笑到肌无力,95006196
239,2017,1,24,经典就是经典,0,mademoiselleliu,111815987
240,2017,1,19,我不难过,0,蓝小弟嘻嘻,89482407
241,2017,1,13,哈哈 没办法 就是喜欢给自己加戏 ,2,wyslmtm,87753333
242,2017,1,11,为什么没有999+,2,三年二班的周杰圆,250729738
243,2017,1,10,最先付出真情的往往最累。,5,云里梦想,260282197
244,2017,1,8,因为在意你  才会想的如此多[哀伤],1,帐号已注销,89713057
245,2017,1,8,哪天我要是真生气了   你别走   用力抱紧我就好   即使我打你也别放,1,帐号已注销,379371924
246,2017,1,7,我不难过,1,一缕散去无轻重,392561131
247,2017,1,3,为啥不到500。。。,0,次方鸿渐,31491340
248,2016,12,29,爱姿,0,姿意燕为,263726012
249,2016,12,27,我并不懦弱 你比谁都懂,1,叶阿啊,65644605
250,2016,12,23,别难过,1,帐号已注销,89713057
251,2016,12,20,爱姿,0,姿意燕为,263726012
252,2016,12,17,这首歌的时长是5:21,4,End-More,259034966
253,2016,12,15,为什么是他有多温柔,2,KiIIBiII,136111264
254,2016,12,14,这么好听的歌只有这么点评论？,2,没有故事的彭一休,74331267
255,2016,12,7,从第一次失恋听到这首歌喜欢上孙燕姿，到现在8年了，不算长，但是她的歌声已经融入我的生活:),1,minixixi,109400933
256,2016,12,7,爱姿,0,姿意燕为,263726012
257,2016,12,6,爱姿,0,姿意燕为,263726012
258,2016,12,5,这么好的歌！！！,0,给你上个色,320369005
259,2016,12,5,听了四年[爱心],0,掌心里的天空,292225849
260,2016,12,5,爱姿,0,姿意燕为,263726012
261,2016,12,4,我还在听，你呢,0,带着眼罩睡觉,120071243
262,2016,12,4,爱姿,0,姿意燕为,263726012
263,2016,12,2,"很难过，不难过 只是骗自己的
",0,没有旋律配得上你ad,247926163
264,2016,12,1,燕姿唱这首歌时总是会哭,0,是时候Time,289872624
265,2016,11,27,爱姿,0,姿意燕为,263726012
266,2016,11,27,终于你开口向我述说  她有多温柔 我该放手啦,1,ZOEY-YIP,34482485
267,2016,11,23,为什么眼泪会流 我也不懂,1,蓝透blue,134662108
268,2016,11,23,看到了~原来我们刚刚听的是不同版本,1,稀米,106253528
269,2016,11,19,是的,0,Mr--1900,63163638
270,2016,11,16,是我不喜欢喜欢你的自己了。,2,sanctim,269209990
271,2016,11,15,我不难过，这不算什么！,1,s孙杰杰,103386581
272,2016,11,14,爱姿,0,姿意燕为,263726012
273,2016,11,13,有很多版本的，去看评论999+的,0,新事旧物,62221078
274,2016,11,13,我真的懂你不是喜新厌旧...是我没有陪在你身边...当你寂寞时候...,0,没写地址的邮件,347550513
275,2016,11,12,是啊,0,用户352343334,352343334
276,2016,11,8,为什么没人？？？,0,佢话好_,312048111
277,2016,11,7,爱姿,0,姿意燕为,263726012
278,2016,11,5,没评论！？,0,我是鹏哥你懂的,299420037
279,2016,10,30,MV 版本听的,0,Christine燕,278613212
280,2016,10,30,是谁这么讲的来着？？？,0,坑坑San,33996694
281,2016,10,29,我并不懦弱,0,iiiiwhsnjsueg,123922224
282,2016,10,26,难过。,0,平凡像我路过十个似我,328863855
283,2016,10,24,松开你的手离开你左右我向前走,0,JOE1936,255426997
284,2016,10,22,现在分手总好过你不爱我一拖再拖🌾,4,卫卫嗯哼_,264753030
285,2016,10,20,从前又一个毛毛虫和蒲公英的故事,1,Christine燕,278613212
286,2016,10,18,手机屏幕粉碎，我不难过,1,我是胖子我爱萌妹纸,67456610
287,2016,10,18,听音乐，有时并不需要有故事，有想法，喜欢就好😊,3,梦想小栈,137628583
288,2016,10,16,我也不相信这首竟然没有999+,0,落落钕孑,44727379
289,2016,10,10,早上好,1,Drownsme,126799976
290,2016,10,9,这么好听的歌 这么好的词 竟然没有999,1,绵绵是我,248616527
291,2016,10,9,这么凉薄可以轻易消失的爱，不要也罢,1,帐号已注销,102152940
292,2016,10,7,爱燕姿,0,姿意燕为,263726012
293,2016,10,7,完美诠释现在的心情,1,刘夏莱_,278868855
294,2016,10,7,艾滋？什么鬼,0,yanhaicheng,331776949
295,2016,10,6,爱过的人，怎么会不难过,2,珉脣笑,340029285
296,2016,10,5,好听,0,更是落花满枝头,254858416
297,2016,10,4,失恋就会突然听懂了所有的情歌[流泪][流泪][流泪],0,梦樱凌2,58967223
298,2016,10,2,每次难过的时候都想要听这歌,0,galaxy_jingjing,297061008
299,2016,10,1,ktv唱了这首歌再也唱不了别的,0,OK_fine__,272582253
300,2016,9,26,虽然你还握着我的手 但我已不在你心中。,0,森阿宇,247541648
301,2016,9,24,竟然没有999,0,在你面前扯了嗓,291013153
302,2016,9,22,为什么没有999+,0,你猜你是不是,288389789
303,2016,9,22,现在分手 总好过你不爱我一拖再拖,2,好的小火,51148959
304,2016,9,21,爱姿,0,姿意燕为,263726012
305,2016,9,20,总觉得听的时候要留点什么。,1,毕澄茄,126371652
306,2016,9,20,不难过，真的不难过。,1,無為c,82460103
307,2016,9,18,别难过，别难过，除了生死其他都是小事哈~,0,-你喜欢我一下会死啊,135070684
308,2016,9,17,"这歌词里的他是什么鬼。。。
",0,爱听歌的diudiu,98191744
309,2016,9,17,[流泪]听着全身发麻,0,羊咩咩喂,50148750
310,2016,9,12,那时候的晚自习每天和同桌一起唱,0,Bellonars,330326016
311,2016,9,10,爱姿,0,姿意燕为,263726012
312,2016,9,9,爱姿,0,姿意燕为,263726012
313,2016,9,4,[亲亲],1,可阳快飞,115746724
314,2016,8,31,这是对的，这很马蓉,4,倒立俯卧动态静态花式撸,128978434
315,2016,8,30,我难过,0,席程成,97701457
316,2016,8,29,初中听的歌了啊,0,请递给我一把牙刷,60580314
317,2016,8,27,高中最喜欢的歌，那时只是单纯的喜欢燕姿，直到大二因为异地，和交往了三年的他分手。回过来听这首歌总是哽咽到不能呼吸。我真的懂，你不是喜新厌旧，是我没有陪在你身边当你寂寞时候……我不难过，这不算什么……寂寞，是我最后的宽容,2,一只蘑菇呀蘑菇,285748145
318,2016,8,25,嘴上说着会祝她幸福其实只是在欺骗自己。,1,我虽然傻但是我不聪明,107349800
319,2016,8,24,认认真真听完这是歌，我感觉很难过😞,0,-梁开心,131149729
320,2016,8,23,她可是我的女神啊。。。,0,C-oldplay,120332927
321,2016,8,23,[色],0,我是来看故事会的,264219836
322,2016,8,23,我一切的口是心非都来自我的卑微。,0,不知道多少年河西,137177963
323,2016,8,23,这个画面反复出现在我脑海 我们最后一次见面时 回想以前的所有所有 因为我不能陪着你 所以我们再也没有了后来 不是你喜新厌旧 是我不能伴你左右,0,逼哥的妹纸,265183580
324,2016,8,22,网易云说：这世上没有编一个故事不能解决的歌，如果有，就编两个[奸笑],0,妖耳灵,112938210
325,2016,8,21,火钳刘明,0,也箬,290431197
326,2016,8,21,做不到诅咒 做不到祝福[哀伤],0,咸鱼蛋蛋-3-,48966797
327,2016,8,20,我并不懦弱！,2,北回归线illusion,320490863
328,2016,8,20,可是为什么眼泪会流[流泪],0,一只鼠呆熊,74923384
329,2016,8,20,"6666666
",0,结庐忘卿,265818976
330,2016,8,20,真的不难过，真的[皱眉][皱眉][皱眉],0,小白十三号,115934564
331,2016,8,19,评论太少不应该,0,囧囧有瑜C,297446986
332,2016,8,19,我真的不难过,0,降樱,321040257
333,2016,8,19,真的很想给你很多很多赞,0,逼哥的妹纸,265183580
334,2016,8,19,没有999+    EXM?,1,白马可倚,131983444
335,2016,8,19,为什么这个版本评论那么少？！[呆],0,彼岸natasha,121222584
336,2016,8,19,你一定要幸福啊，这样才对得起我的不打扰。,7,呼叫汤姆船长-,91734929
337,2016,8,19,嗯,0,coolestvice,288893030
338,2016,8,19,长大了反而不懂歌词了 既然寂寞就要走 那大概只是本不属于我而已吧 慢走 ,3,男神娶了我,52497539
339,2016,8,19,从初中开始听，一直当普通情歌听，直到被劈腿，到了真正懂的那一刻哭得不能自已，好希望永远都不要听懂这首歌,1,缝人_,2984104
340,2016,8,19,就让我走。,0,小太阳666666,260180342
341,2016,8,19,😐这首歌真的好毒 百听不厌,1,oOOoOOOOoOOoOOOoOOoOOO1O,82862896
342,2016,8,19,在你说回不去的时候我是不是就应该放手了 你不停的接受我的好 回应我的好 我真的不甘心我没有努力就放弃 可是当我努力的时候你又是这样  你不爱我为什么要一拖再拖  我们这样算什么 ,4,陈懒懒cc,61191778
343,2016,8,18,今天跟你道了别，你这一走最起码要一年吧，我还很认真的问你会不会带个女朋友回来，当时你笑着说，以后的事谁知道呢。我们都不知道，可你知道我看见你笑的时候心里有多苦吗。我一点都不难过。,4,ddU3U,38083659
344,2016,8,18,今天意外接到你电话，不懂应该开心还是难过，不过我可能已经不爱你了，也许我爱着的只是回忆……,4,不是晴天的晴天,253165836
345,2016,8,17,就让我走，这句让人莫名泪奔,0,Zqingyan--,250967985
346,2016,8,16,哼，我就知道这首歌下面会有故事~,1,Tobibibibi,61344566
347,2016,8,15,啦啦啦,0,第八天的蝉_,52864345
348,2016,8,14,懂,0,安二路角,289854099
349,2016,8,12,你说给你点时间清理自己的心和考虑，可我深知，我们之间并不仅仅是那186公里的距离。,0,森林里的差评先生,286693343
350,2016,8,12,燕姿[爱心],1,青椒妞丝,82526543
351,2016,8,11,要钱。,0,陈非啊,260252925
352,2016,8,10,现在的心情很喜欢这个封面,0,匪爷爷,122067442
353,2016,8,8,那天在学校南门听到有个什么店在隐隐约约放歌，车太多太乱了就听见了两句，想不起是哪首歌，回来就把孙燕姿的歌挨个听了几十首，终于找到了。就是这首。,6,马田七儿,272701346
354,2016,8,8,编排用心 难得的佳作,0,南与北的民谣狗,80918477
355,2016,8,7,又一首听到哭的歌,0,樱井可爱,130421606
356,2016,8,5,就让我走，，，，[流泪],0,你是我的充电宝阿,123057867
357,2016,8,5,永远的孙燕姿,0,嘿婧,287580324
358,2016,8,4,半夜不能听燕姿，越听感触越多，最是神伤难自愈,0,Starsinyoureyes,39023925
359,2016,8,3,这首歌评论辣么少！,0,小咩儿咩,7865108
360,2016,8,1,这首歌蛮好听的啊。。评论有点少[生病],0,LyricJay,307474137
361,2016,7,30,嗯，我就是听着歌看你们装逼的,0,无趣的小刘先生,98934901
362,2016,7,30,只能是孙燕姿,0,鬘华啊,129475870
363,2016,7,26,我真的懂 你不是喜新厌旧。,3,Ni是阿宣呀,287947005
364,2016,7,25,准备离开毕业后的第一份工作，八年了。收拾好桌子，与各位兄弟姐妹互致祝福。回到车上，音乐响起，无声落泪[流泪]也许这是最好的结果。。。,3,武钢雪风陆家嘴时雨,270287978
365,2016,7,24,这首歌评论这么少？,0,麦克光,308246022
366,2016,7,22,孙燕姿的歌向来是没有对比就没有伤害，你单独听听，觉得习惯了，本该如此。一旦别人唱了，就会觉得这都是啥啊，再听一遍燕姿的洗耳，才知道这么好听[可爱],2,syz19780723,286808908
367,2016,7,22,兄弟，还是你懂我,2,七度空间妇女系列,257200152
368,2016,7,18,这首歌在高中听了三年，如今再听竟有想哭的心情,1,我也很爱你,75932185
369,2016,7,16,2011年夏天，一个人在外省，一个人住旅馆，单曲循环着这首歌。,0,Wone89,122297370
370,2016,7,10,这首歌，为什么没人呢,1,名字啊名字你的名字叫名字,270923891
371,2016,7,5,在KTV看到有人唱着歌  很有感情   瞬间自带追灯的感觉,0,Lizxie02,250839799
372,2016,7,4,唱这首歌确实会耗尽所有的感情,0,只玩到第二天早上四点半,120820850
373,2016,7,2,我不难过,0,卷卷的乌托邦,105681576
374,2016,7,1,是的[心碎]每次听这首歌都超级难过,0,美好的雀斑,113276650
375,2016,7,1,爱姿,0,姿意燕为,263726012
376,2016,6,30,[哀伤][哀伤][哀伤],0,春虫虫毛毛,122214894
377,2016,6,30,好歌,0,我是刘东沅啊,112931629
378,2016,6,29,调调就很虐,0,xxxxfaith,286089087
379,2016,6,29,是不是喜欢你姿的 都很善良[发怒],3,布尔希特,260598587
380,2016,6,29,这首真的很孙燕姿，棒,0,DLannie-,52057549
381,2016,6,24,那些说评论少的，你们应该去看另外一张专辑，6000多评论，冷门？,3,喝掉你的冰阔落,97322489
382,2016,6,24,不懂这些，但是还是被歌词感动了,0,嚯嚯哒哈哈哈哈,282593362
383,2016,6,24,200+,0,嚯嚯哒哈哈哈哈,282593362
384,2016,6,24,歌词竟能如此真实感人,0,狂花满屋,124702760
385,2016,6,24,噗噗个噗，讲道理这首歌是刚上架么……,0,工arry_,88170630
386,2016,6,22,这还冷门？,0,孤独的海怪____,29954109
387,2016,6,22,爱上你才知道爱一个人有多累 但只要看见你 就把所有的累忘了,0,孤独的海怪____,29954109
388,2016,6,22,大爱这首歌！！！,1,莱恩城市广播,49889313
389,2016,6,21,冷门金曲[爱心],1,冰糖葫芦五加皮-_,107316649
390,2016,6,20,欲说还休。可能是这首歌评论如此少的原因吧。,1,圣斗士路飞,372466
391,2016,6,20,以为这首歌很大众呢。。。,0,守株待某兔,280481707
392,2016,6,20,这么少评论这不科学,0,是娇气包咩,253618162
393,2016,6,19,对不起，得离开了,1,亦难w,40269723
394,2016,6,19,七度空间作为妇女之友都没多愁伤感 那些个拿故事说事的真是弱爆。,0,cherie0101,117611778
395,2016,6,18,难过的是；明明爱着，却要分手；明明爱着，却不能说，明明还爱着，却没机会说。,3,爱心诺斯,55923989
396,2016,6,18,长大了，歌词都听懂了,0,快乐零二,263704871
397,2016,6,18,陪伴我整个青春的就是周杰伦和孙燕姿,1,AsLongAsYouLoveMee,267608500
398,2016,6,17,晚安[皱眉],0,这儿有一只夜猫,280822123
399,2016,6,17,念念不忘 必有回响。,1,帐号已注销,122782340
400,2016,6,16,😂,0,Tanbinh,287331814
401,2016,6,16,每次难过的时候都会听这首歌，结果越听越难过。,0,SalVaTion_ic,123988082
402,2016,6,16, 这几乎就是我所有的高中情谊了 ,1,暮七cassie,1413481
403,2016,6,15,评论的人好少哦，这么好听的歌,5,我不是杨梓豪,137367094
404,2016,6,15,说着我不难过但事实上却是不能再难过了,0,翻山越岭__,84138273
405,2016,6,14,初二开始听孙燕姿 当时把她的歌都翻出来听 这首歌很多年前就会唱了 但是现在才明白 这首歌多沉重,0,Secretforest,124931914
406,2016,6,13,这是重制版吗,0,智扬吴彦祖,113740779
407,2016,6,13,终于你向我诉说  她有多温柔,0,水蜜桃味糖糖,63645965
408,2016,6,13,"我真的懂  你不是喜新厌旧 
是我没有 陪在你身边 当你寂寞的时候",1,水蜜桃味糖糖,63645965
409,2016,6,12,想起一个人,0,三木而森,281269586
410,2016,6,12,[流感],0,南竹与云,125950871
411,2016,6,11,祝你幸福,0,墙角青苔_,41935169
412,2016,6,11,来添评论了，感觉这首应该999+啊,0,海谣云梦,47105055
413,2016,6,11,我的嘘寒问暖不及别人的关怀 所以现在我不足够爱你,0,1028129,267112089
414,2016,6,10,我以为我可以一个人，但是听到歌声响起，我才明白不过在骗自己。,0,胡了的萝卜,106446720
415,2016,6,9,一场没有开始的爱情就结束了 我不难过,0,说腻滩,250799157
416,2016,6,8,少年时很少听燕姿 现在听来却都是故事,0,不过十一年赠你,109016451
417,2016,6,7,喜欢旋律( ´•౪•`),0,荷鸽子,285525718
418,2016,6,7,先听 我怀念的 再听这首 两首歌的词就上演了夏日的悲电影,1,MuU君,82266484
419,2016,6,6,我不难过 我不难过 我不难过 我不 难 过 不难 过,2,假文艺青年V,116132374
420,2016,6,5,难过得没人来评论！,1,某某庄,45029813
421,2016,6,5,分手半年了 半年来一直陪伴的一首歌,1,-我怀念的z,108247438
422,2016,6,4,唱这歌时的觉得自己脆弱又倔强,1,bonappetit1,76873151
423,2016,6,4,不知道为什么这首歌评论这么少，其实吧，一听这首歌的时候，就想起我高中那会和自己同桌的那段说是恋爱却完全不像情侣的恋爱，最终因为我放弃了，所以那时候常常喜欢听这首歌，瞬间感觉自己是世界上最痛苦的人[大哭][大哭]，“我不懦弱，你比谁都懂”简直直戳我内心，单纯却又用心～导，对不起～,1,现在十年,90934128
424,2016,6,3,难过,0,HaruleCC,119834682
425,2016,6,2,网易云唯一好用的地方就是可以看你们无病呻吟。一首歌你们就能编一个故事,316,七度空间妇女系列,257200152
426,2016,6,2,152？？？,0,黑怕之王,126248702
427,2016,6,2,回忆满满的一首歌,0,火华华与美莉莉,261251810
428,2016,6,1,为什么这首歌评论好少,0,_Camomile,79512489
429,2016,5,31,[大哭],0,北半地球的梵高先生,50125236
430,2016,5,31,另一个版本5千6啊,0,有人在想你,70131867
431,2016,5,30,每次听都会莫名的流泪[哀伤],0,百年孤独vv,249542692
432,2016,5,30,我不难过,0,陈禧煌,282473369
433,2016,5,29,仿佛回到高中。节奏，节奏！,1,西西里Cecilia,35523828
434,2016,5,29,太好听了,0,不易-苏,65520842
435,2016,5,29,任何人都超越不了燕姿的版本,0,不易-苏,65520842
436,2016,5,29,评论这么少，一定还有另一版吧,0,尝一口乏味,44244566
437,2016,5,28,版本不一样吧，应该有一首评论挺多的,0,Vegan_Yh,87865628
438,2016,5,28,只想说放弃,0,不会有结果,110277523
439,2016,5,28,爱燕姿不是一两天～听她的歌就是写实贴近生活,0,紫的触键,28683145
440,2016,5,28,可以,0,麻利麻利哄__,266822281
441,2016,5,28,竟然只有137条评论.....我的天,0,北半地球的梵高先生,50125236
442,2016,5,28,但我已不在你心中,0,陸呀-,54568360
443,2016,5,28,很想知道词作者是忍着怎么样的伤痛写出来“我真的懂，是我没有在你身边当你寂寞时候”这句话的，想想那种逞强都心疼,1,中西方文化,79010343
444,2016,5,28,-,0,___Clear,73996060
445,2016,5,28,这个在手机存了好多年了，歌词唱到人心里了。,0,艾迪喃喃,109414528
446,2016,5,28,[流感],0,快樂島民,98921484
447,2016,5,28,[亲亲],0,草莓酸奶店,39642539
448,2016,5,27,好听,0,狩吟,104911460
449,2016,5,27,这么好听的歌为什么评论这么少,0,Leonard一起去旅行,1463633
450,2016,5,25,难过,1,我爱的长江七号,102961733
451,2016,5,25,评论呢,0,一只小彩兔,127052534
452,2016,5,23,我也不难过。,0,qyuky,537078
453,2016,5,20,[色],0,欧耶欧no偶买噶,279065227
454,2016,5,19,喜欢这样讲着故事的慢歌，仿佛回到了那个夏天,2,_一样的夏天,77748012
455,2016,5,18,爱走到了尽头是非对错就让它随风忘了所有过得比你快活,2,莫婷不停,254070062
456,2016,5,16,从旧金山回成都的飞机上偶然听到这首 身边的她静静睡倒在我肩上 然而一切还没开始就已经结束,1,免费又清纯,93308154
457,2016,5,14,每听一次都会让我的回忆被勾起一次，这样反复咀嚼自己的回忆，终有一天会放下吧。,1,hello喷嚏sorry喷嚏,117207840
458,2016,5,11,应该不会999+了，因为大家都去未完成那个版本里评论，那里已经5000+了,0,看我可爱咩,65911192
459,2016,5,10,人家跟我说，要想过得快乐，最好的方法就是学着别去控制他人，因为你控制不了，甚至有时候，你连自己都控制不了。今晨天气阴沉，情绪低落,1,土拨鼠遇见大蜗牛,88925979
460,2016,5,7,这首歌会被人发现的[憨笑]当初的人呐 你们如今在哪。（等待999+）,0,哈哈哈新花名__维尼洋,5573326
461,2016,5,7,为了她来到上海，和她一起听孙燕姿，听了上百遍了，今天再最后听一次。明天回北京，不会再来了.....,1,周酱要努力奋斗,76215526
462,2016,5,5,我真的不难过，再难过我也会把它隐藏起来,0,Mr焕焕,42638043
463,2016,5,4,配骨架氤氲,0,醉了喝鱼汤,42307009
464,2016,5,1,[流感][流感][流感],0,柔情大表哥_,112280265
465,2016,4,29,我今天难过[流泪],0,了不起的老人家,37782426
466,2016,4,27,重新把这首歌的评论加上去,0,chengong,25488133
467,2016,4,25,下雪了，冬天有点长……,0,liebeZL,129948197
468,2016,4,25,这么少评论/,0,nice35,257252729
469,2016,4,25,[流感]虐心。,0,柔情大表哥_,112280265
470,2016,4,23,每次听这首歌都会想起词作者杨明学，天妒英才。,0,谪仙不悔,50995753
471,2016,4,22,我最爱最爱最爱最爱最爱的一首,1,-----者,115918895
472,2016,4,17,好听,0,老病友之无字天书,101458554
473,2016,4,15,第一百零一个赞,0,沉默舞台剧哎,130254107
474,2016,4,15,真的 我真的不难过 😔😔,0,快樂島民,98921484
475,2016,4,14,怀念网易的99+,0,雨陨,31875806
476,2016,4,10,以为很轻松的事常常做不到 其实只是一种并不奏效的心理暗示,0,xuxu生如夏花,119468032
477,2016,4,9,我还记得高一在宿舍阳台上录这首歌，录音里隐约还有女孩子们无拘无束的笑闹声，阳台对面的小树林隐约可见，想念和她们在一起的日子⭐,0,too_bright,76952889
478,2016,4,9,我不难过[可爱],0,饿了就要吃饭3,105875062
479,2016,4,7,失恋第4天 已经由悲伤转换为冷静的看待自己的悲伤 突然觉得自己不是自己 还是很喜欢 那又怎样,0,爱丽丝在仙境,114975964
480,2016,4,6,终于你开口向我诉说她有多温柔~初中听这首歌哭的呀……哈哈……对这首歌的记忆是 “耗尽所有感情” 蒲公英 毛毛虫 杨明学,0,帐号已注销,258794290
481,2016,4,6,我这么坚强，怎么会难过🙃,0,Jenny-W-,15198730
482,2016,4,5,演唱会时喜欢上的歌。,0,Bastti,96963846
483,2016,4,3,听着这歌，你以为你难过的是她的故事，其实是你自己的,0,YATOO宸,70742280
484,2016,3,26,我一点都不难过[皱眉],0,Celine张cc,255748268
485,2016,3,23,好听。,0,我杀了伏尔加,117520116
486,2016,3,19,懂的联系,0,三皮wong,255320921
487,2016,3,17,o(=•ェ•=)m,0,MFDDDDDDDDDDD,252014996
488,2016,3,15,有一首歌，say something，say something  im giving up on you,0,美好的雀斑,113276650
489,2016,3,14,女朋友发给我的歌，我第一次完整地听完了歌词。我只想说，并不是因为寂寞。对不起，这次我真正地伤害了你。,1,SmoothDavie,42468210
490,2016,3,12,评论都被狗吃了吗。。,2,垂暮盘坐的神,73298295
491,2016,3,12,嗯，知道了,0,黑曼巴wyx,114014877
492,2016,3,12,不好意思，弄错了,0,黑曼巴wyx,114014877
493,2016,3,8,雖沒有这悲傷的遭遇，但难过之情也感染着我！[流泪],0,Phoebe-C,125716422
494,2016,3,6,记忆让我重复着去想起你,0,18岁长腿小姐姐,130178529
495,2016,3,5,有些人连拒绝的机会都不给你,0,Gu_Jm,135550602
496,2016,3,5,放弃……谁？,0,黑曼巴wyx,114014877
497,2016,3,5,我快要放弃你了[哀伤],0,美好的雀斑,113276650
498,2016,3,2,Say something…,0,黑曼巴wyx,114014877
499,2016,3,2, 或许这是最好的结果，现在分手，最好过你不爱我一拖再拖[流泪],1,李公子-,52202737
500,2016,3,2,好听，有感觉,0,KobeForMVP,61350872
501,2016,3,1,流泪是因为至少这个世界还曾有人与你感同身受,0,Y尽管叫我疯子不准叫我傻子,115677962
502,2016,2,28,泪点总在一瞬间出现,0,月光焚雪,82315456
503,2016,2,28,是我没有陪在你身边当你寂寞时候[哀伤],0,帐号已注销,16933562
504,2016,2,26,我并不懦弱你比谁都懂,0,恍惚的上帝niko,13156137
505,2016,2,24,我不难过这不算什么,0,SzeYiu_Ho,79961323
506,2016,2,22,其实很好奇为什么评论这么少？真的是首能听到想哭的歌。 真的是大爱,0,Gai脑壳,116274623
507,2016,2,20,难过,0,韵冰_BB,66009022
508,2016,2,15,我不难过[哀伤],0,我不曾孤軍奮戰丶,74321773
509,2016,2,10,作者在写这首歌的时候是什么心情，原来会有感同身受。,93,蜗牛漫步vivian,109071228
510,2016,2,6,评论多的下架了，哎！,1,我不爱我爱你你爱他不爱我的你,106159112
511,2016,2,6,嘿 你可还好 还记得我吗,0,等待半夏,95761753
512,2016,1,31,最后的宽容,0,whisky里浪里个浪,52484301
513,2016,1,31,我不难过…🙂,0,iu丫头,129556546
514,2016,1,27,[跳舞],0,还有谁不悔,32972499
515,2016,1,26,我不难过,1,李逍遥rad,66524642
516,2016,1,24,想要一件足够温暖的外衣，就不能允许有任何一颗扣不上的扣子。,1,在喝之粥,126094746
517,2016,1,15,当年loop了很多很多遍，一直把那张专辑的cd loop到没磁了,0,乱步川,668693
518,2016,1,14,🌻我不难过 这不算什么   只是为什么眼泪会流 我也不懂 🔱,0,oood-,74803880
519,2016,1,11,这首歌居然也可以求翻译，翻译成英语么，网易云真是国际化了[大哭],0,午睡过多的海狸,34774530
520,2016,1,8,[哀伤][哀伤][哀伤]🌧️🌧️☔️,0,Multitasker,64921653
521,2016,1,6,是啊 单方面的守候还能多久？,2,一条野狗罢了,111756609
522,2016,1,5,我不难过，这不算什么。,0,Hetina,110859909
523,2016,1,4,晚安啊,0,Ryo_takki,89151242
524,2016,1,4,真的好听，真的感动,0,MeloMeloMelo,74998763
525,2015,12,29,每次ktv唱这首都入戏很深,1,抒情摇滚苏打水,46469935
526,2015,12,28,小时候爱爬树，因为那样可以看得很远。爬得再高，就可以看到你家。爬了好几年。高中我们在一起了。从小在一起念书的我们，算半个青梅竹马吧。分开照顾好自己。我想回家爬树，可树已不在。“下一次会更勇敢”,1,甘露帅,115565121
527,2015,12,27,你这怕是进口的吧,0,108Music,10128288
528,2015,12,25,燕姿在演唱会上说，唱这首歌会耗尽她所有感情，听这首歌又何尝不是,431,美好的雀斑,113276650
529,2015,12,25,圣诞节打卡🎅🎄,0,美好的雀斑,113276650
530,2015,12,21,是我没有，陪在你身边，当你寂寞时候。,0,cris_九月,69847444
531,2015,12,21,现场听到这首歌，眼泪再也控制不住流了下来。忘不了你，真的忘不了，我不难过。,2,musiclin,16328516
532,2015,12,21,我爱你。怎么不难过。,0,musiclin,16328516
533,2015,12,18,希望明天好运。,0,Shallow7_,105971241
534,2015,12,17,这个版本不要钱。。。[流泪],2,Linququ,45953734
535,2015,12,15,这首歌是我觉得孙燕姿除雨天以外最好听的歌,0,帐号已注销,109960572
536,2015,12,8,记得那时候，总是特意从你家门口走过，希望能看到你。路过你家好几遍不好意思了的时候，我就爬上我家屋顶看着你家的方向，别人都羡慕我们青梅竹马，可我们还是分开了。是我没有在你身边当你寂寞时候，我不难过。,2,了不起的老人家,37782426
537,2015,12,6,那你这降雨量真大[大哭][大哭],0,是相遇太难-,65929939
538,2015,12,5,不知道现在你们怎么样了,0,小五m,3391740
539,2015,12,5,跟你一样,0,小五m,3391740
540,2015,12,4,这样子单方面的守候，还要多久。。,0,l_木头人,66439953
541,2015,12,1,十年大爱,0,人生如梦遗少年,106515189
542,2015,11,30,我不难过，你可知道我曾哭湿了整个被窝，怀想当年，这首不敢听的歌[流泪][流泪][流泪],0,我有好多酒,67774474
543,2015,11,26,能信任一个人确实曾是一件很幸福的事……,2,Narrehtul,8989738
544,2015,11,25,我难过,0,卷积赫敏,77600286
545,2015,11,24,难过的时候连续单曲循环了一个月，企图洗脑自己：我不难过,0,琪琪魔王,107333445
546,2015,11,20,当年上学时我心目中的神曲 没有贬义,80,青衣乱,96517859
547,2015,11,20,[流感],0,tedd_FF,44748795
548,2015,11,19,吓死我了，还以为网易有评论数达上限清除评论的功能呢……,1,本当-自分,38662325
549,2015,11,19,我难过，我不敢听,0,xialu0702,41476191
550,2015,11,19,[色],1,翔小鱼,105937326
551,2015,10,23,王纯，记得我们同桌的时候，你最喜欢唱这首歌。。。。。毕业有5年了吧,0,风吹不乱我的发型,93846364
552,2015,10,22,评论都在 《未完成》那张专辑那边,2,拉了她身影入梦,96234753
553,2015,10,12,加评论！！！,1,东东东东东东东东东咚咚咚,96626364
554,2015,10,7,10月4日宣佈幸福不會再來了,0,帐号已注销,96572368
555,2015,9,13,[强],0,叫我正姐兒,3661878
556,2015,8,23,很好听啊,2,凡人志,85949913
557,2015,8,21,老歌,0,夏天喝柠檬汽水,334018
558,2015,7,30,就让我走,1,我是徐若瑄,54375711
559,2015,7,21,可能是不在这张专辑里吧,1,ASURVIVOR,30277195
560,2015,7,15,这么好听都没有人[哀伤],2,将军肚小猪,79453880
