index,year,month,day,content,likecount,nickname,user_id
1,2019,8,19,79 daka,0,潜水大鲸鱼,476471883
2,2019,7,23,生日快乐 祝你开心 十年,2,lousa,3509805
3,2019,7,22,有种治愈力,0,阿蛮还有太阳花吗,9653629
4,2019,7,9,考公成功啦 最近这几年终于干成了一件事[奸笑],3,细菌消灭超人_,50095892
5,2019,6,16,我是看了2015年一条讨论孙燕姿摇滚乐的微博进来的，早年的她过分优秀了,1,NTUfail,71924954
6,2019,6,16,贝斯成功抢位变女二（孙燕姿嗓音稳居女一位,1,NTUfail,71924954
7,2019,5,3,打卡 希望公考面试顺利通过😊,1,细菌消灭超人_,50095892
8,2019,4,17,网上有呀 有演唱会整个视频 这是开场第一首歌 京 东估计还可以买到,0,一样夏天,290200252
9,2019,3,5,这个贝斯好性感,2,阿姆诗特朗,1500978322
10,2019,2,24,感动,1,aoao郑鹏飞,65992552
11,2019,1,28,从准备研究生考试就听这首歌，考研失败工作不顺利，生活不顺利，这次公考复习好好努力。,0,细菌消灭超人_,50095892
12,2018,10,27,我要的幸福渐渐清楚。,0,此帐号已飞往火星,623793782
13,2018,9,24,就是这首歌让我喜欢上孙燕姿,5,米洛斯拉夫-克劳峰,326250633
14,2018,9,20,直击心灵,2,跳舞的克卜勒,122786310
15,2018,9,14,[爱心],0,Swedish丶House丶Mafia,306994277
16,2018,8,2,🎧,0,_诗芊,81037679
17,2018,7,4,每晚必听  幸福，我要的幸福，在不远处,2,Steflife,356419057
18,2018,7,4,2020见啊燕姿,5,Steflife,356419057
19,2018,6,29,好想去演唱会[爱心],4,我有努力和这个世界变熟,394296679
20,2018,6,29,打卡,1,我有努力和这个世界变熟,394296679
21,2018,3,19,“怎样”的咬字好好听,0,A-KUONG,577837024
22,2018,3,19,这个版本和start演唱会的版本 都很好听,1,A-KUONG,577837024
23,2018,3,19,好清澈的嗓音,0,A-KUONG,577837024
24,2018,3,17,卡,0,赟光,454310581
25,2018,3,6,我们2020年见[亲亲],1,夜间第一人格,133203226
26,2018,3,2,打卡,1,我有努力和这个世界变熟,394296679
27,2018,2,12,打卡,0,我有努力和这个世界变熟,394296679
28,2018,1,19,哈哈哈哈,2,-澍辞-,427704425
29,2018,1,5,哈哈哈哈，得老大给我们机会,1,GrandmaLion,56455831
30,2018,1,5,哈哈哈，有机会组队哇,2,跳舞的克卜勒,122786310
31,2017,12,2,喜欢的人躺在自己旁边 听着我要的幸福,3,Augus杨羊洋,438218075
32,2017,9,20,[色][色][色],0,AnthonyChang17,93689024
33,2017,8,28,想听燕姿的演唱会,7,GrandmaLion,56455831
34,2017,8,18,梦中鲜衣怒马，二十四岁。,5,细菌消灭超人_,50095892
35,2017,8,7,燕姿姿迷,1,J-----fla,318432888
36,2017,7,8,加油，变成自己想做的人,1,细菌消灭超人_,50095892
37,2017,6,27,唯爱孙燕姿！,4,cheeseandkisses_,109894617
38,2017,6,27,不会放手,0,细菌消灭超人_,50095892
39,2017,6,12,最爱的歌，我又来啦。两次考研失败，但是永远忘不了两年前的那个夏天，午后的自习室，听着这首歌，憧憬着未来。虽然结果不理想，但是追上了四年前喜欢的那个女孩，已经在一起一年多了。希望自己好好努力，将我要的幸福握在手中。,7,细菌消灭超人_,50095892
40,2017,5,3,燕姿燕姿燕姿[爱心],1,阿Dar,94482447
41,2017,4,4,火起来,0,宾克斯的美酒ckr,403856742
42,2017,3,4,喜欢孙燕姿，喜欢陆LG，希望你能找到你的幸福。,2,VIVI布海,116593287
43,2017,3,2,@诃氻叽叽 ,0,林守乐,55243746
44,2017,3,2,21:54,0,林守乐,55243746
45,2017,2,9,希望有些歌只有一部分人听，小小的一个圈子听大大的演唱会。,2,我有努力和这个世界变熟,394296679
46,2017,2,9,我很爱孙燕姿。,1,我有努力和这个世界变熟,394296679
47,2017,2,9,也不知道为什么，每次心情不好都会听孙燕姿的歌。,4,我有努力和这个世界变熟,394296679
48,2017,1,13,突然好想去看演唱会,1,宛阳uu,265723034
49,2016,12,20,是的，特别感动！,0,Chemsun,43151968
50,2016,12,16,你,0,Truly_rain,79056510
51,2016,10,19,孙燕姿[爱心],2,你很搞笑你很奇怪你頭髮很亂,99743796
52,2016,10,6,真理往往掌握在少数人手中[开心],2,詹创源啊,313304453
53,2016,9,26,看到楼下不由得来评论....,1,为诺贝尔奖出发先算漂亮,59836222
54,2016,9,18,还是原来的配方，原来的味道😊,0,慢半拍小姐爱吃榴莲,321808673
55,2016,9,11,今天日推只有16首，不过出现了这首初中保存的歌,1,脫氧核糖核酸e,60580222
56,2016,8,27,年轻的味道,2,尼麻三三,267395906
57,2016,8,26,我是王海峰我喜欢孙燕姿,3,爱姿海,126397948
58,2016,8,26,ddd,0,言辞不善4756,300431667
59,2016,8,25,[爱心],0,帐号已注销,100855918
60,2016,8,10,好的东西总是少人发现,0,lesliehk,44580709
61,2016,8,7,二战 加油,1,细菌消灭超人_,50095892
62,2016,7,28,优酷，搜这个名字,0,Deway_Pen,89404563
63,2016,7,26,在半夜睡不着，起来听姿妈的歌，好想今晚梦见你。,0,鄒爸比,85768778
64,2016,7,24,哪里有这个视频呀😀😀求资源[拜]🏻,0,李鴆-,30140630
65,2016,7,8,陈佳你最爱的燕姿,0,朱匀匀匀匀匀匀匀誉,124970095
66,2016,6,11,以前燕姿唱这首歌唱到泪撒录音室，真的很不好唱。。。。。,4,李鴆-,30140630
67,2016,4,24,这是live，这是live，这是live啊，怎么这么好听，关键这首歌5/8，6/8变换拍很难抓啊[大哭],3,雨陨,31875806
68,2016,3,31,克卜勒南京站的最后一首歌[爱心],1,李大美V,28495447
69,2016,2,23,好听！,0,绮怀安安,69739321
70,2016,1,23,看这个视频看哭了我[流泪][流泪][流泪][流泪][流泪],2,Deway_Pen,89404563
71,2016,1,11,我还不清楚怎样的速度 符合这世界变化的脚步,0,小熊刷牙,72616461
72,2015,12,18,7,0,细菌消灭超人_,50095892
73,2015,12,16,还有9天考试，加油。,0,细菌消灭超人_,50095892
74,2015,8,6,付出，忙碌，辛苦，找路，是我现在的写照，我要的幸福，渐渐清楚。,1,细菌消灭超人_,50095892
75,2015,7,24,[星星],0,丼眠,3418384
76,2015,7,20,幸福，我要的幸福，不交房租！,5,可与人言吴二三,53521219
77,2015,7,19,我想要我想要的,1,陀思妥耶夫斯基徐,3057513
78,2015,5,7,时间会让喜欢你的人越来越多  因为经历过才能听懂一些你的歌,52,一阿一阿一,67554593
79,2015,5,2,唱的也好听,0,郭怡琛,2225306
