index,year,month,day,content,likecount,nickname,user_id
1,2019,11,21,男声像我们班长的声音哈哈哈哈惊了,0,zz九三,1555279371
2,2019,11,18,我一直以为是阿信唱的。,0,北Copy,134545858
3,2019,11,6,SNG是卫星采集新闻，实时播报的一种啊[大哭],0,气场太弱,115128568
4,2019,11,5,SNG 是苏宁队么？哈哈哈,0,晚伍,45691063
5,2019,11,3,想听阿信唱男声版🤨🤨,0,章高兴s,1450587840
6,2019,10,31,其实歌还好的，只是两个人的音色风格不是特别搭，所以听起来会怪怪的吧,0,啊嘎哇,1582993090
7,2019,10,17,不要骗人的自由！,1,互联网石原里美,435471851
8,2019,10,8,我觉得男生唱的很好啊。。。,0,人血馒头薛之谦嘻不知道别来问我,1529460927
9,2019,10,5,我才不要这么过」,0,也不是猪只打呼,355734135
10,2019,10,5,真好听嘻嘻,0,也不是猪只打呼,355734135
11,2019,9,27,有点像五月天的风格！,3,布鲁斯牛仔裤,246234044
12,2019,9,23,唱，跳，rap，,0,慕峥嵘_,344599356
13,2019,9,14,这首好high  听着好爽,1,-W妮子,395909689
14,2019,9,14,好的的👌多谢！！,0,漂浮群岛et_moi,101098936
15,2019,9,14,孙 写作姓 可以是SNG 类比 周 写作姓 可以是Chou,1,BettDng,45862800
16,2019,9,12,我的快乐我自己懂,0,鱼罐头气质,297520717
17,2019,9,8,我觉得还行,0,追风少年依旧,85096665
18,2019,9,5,哈哈哈哈好可爱,0,淡味当药,447422790
19,2019,9,2,哈哈哈我觉得好听呀,0,_不加糖有点甜,128108088
20,2019,8,30,想起了我倫提携的Gary，每次一开口就想把他从歌里除名(抠鼻),0,谢小P谢小P,36145223
21,2019,8,29,后面燕姿低音那段太可爱了吧，笑出声[色],4,霉头霉脑云散月现自在飞花slay,42294326
22,2019,8,27,不懂就问：不该是sun嘛？,0,漂浮群岛et_moi,101098936
23,2019,8,27,唱歌的俩人都姓SNG 所以是SNG生活🤣🤣,0,BettDng,45862800
24,2019,8,27,唱歌的俩人都姓SNG😆,0,BettDng,45862800
25,2019,8,25,很不错啊,0,我的猪猪儿子,1366773948
26,2019,8,22,是挺好听呢,0,吴士生非,112880785
27,2019,8,21,如果男声由阿信来唱的话感觉更对,5,自然卷都是坏蛋吧,549854503
28,2019,8,13,我觉得很好听,1,栏歌_,31004990
29,2019,8,12,主要是这个男生的唱腔有点油腻……,0,飔呐,410604285
30,2019,8,11,k歌的时候嗨到暴！朋友惊讶的说孙燕姿还有这歌！！！哈哈，虽然我唱的不怎么样！,0,翻不完DE夏天,478491823
31,2019,8,6,这首歌high啊,0,-有姿有菋-,129649056
32,2019,8,4,所以SNG是到底什么呀,1,漂浮群岛et_moi,101098936
33,2019,8,1,还蛮喜欢这个男声的,1,哦珍妮花比尔斯,137203265
34,2019,7,31,不要这么说，这也是燕姿的作品之一呀,1,衣服宁,395370960
35,2019,7,26,其实挺hi的,1,对立统一王子面,60729859
36,2019,7,21,人家开玩笑，你们好认真。。。。,5,帐号已注销,1682941277
37,2019,7,18,真的好听,0,卢娜lalala,1559123894
38,2019,7,15,01有现在的主播这种东西吗[大哭],2,标量-时间,1467060801
39,2019,7,9,前几天燕姿和阿妹一起直播了,4,是_时候,555105313
40,2019,7,2,初一军训结束的时候我和同学一起唱了这首歌，然后嗨爆全场！,4,八九不离食小姐,133898896
41,2019,6,29,我是我请立刻去世，怎么混到这张专辑里的,1,stefmissyou,451484132
42,2019,6,27,男声太弱,0,borischou,33215905
43,2019,6,22,换气声好弱,0,云云云云流,1334766690
44,2019,6,20,不要在说这首歌坏话了！毕竟这是燕姿速度最快的一首歌啊！,0,那不勒斯的遗憾,7590143
45,2019,6,18,歌本身挺好的，可惜不是燕姿独唱,0,Mu1tiverse,80664566
46,2019,6,17,我觉得挺好听的[多多捂脸][多多捂脸],1,svamei,101475353
47,2019,5,26,很好听啊,1,借我一生时光1708,557843054
48,2019,5,26,日式流行朋克,2,山野starwang,327472142
49,2019,5,26,很好听啊,0,忘川巫,1341405275
50,2019,5,21,今天天气没有很不错  下雨呐,0,_一桩南方开,92360301
51,2019,5,15,我觉得这个男声选的对,1,简抽,128094765
52,2019,5,11,一首歌毁了一张专辑。。。破坏了整张专辑的完整性。,1,陌砚,2913536
53,2019,5,10,莫名好听是什么情况[惊恐],2,食品飞龙,488140425
54,2019,4,25,我觉得挺好听的诶🌚为什么这么多人吐槽,2,人血馒头薛之谦嘻不知道别来问我,1529460927
55,2019,4,25,👀是吗？我现在就在单曲循环中,0,人血馒头薛之谦嘻不知道别来问我,1529460927
56,2019,4,23,我寻思这不是《我想和你唱》吗？,1,痛快的哎哟,247746461
57,2019,4,20,我觉得这首歌还可以啊,0,L_YQ,86729765
58,2019,4,18,是你理解力不行吧，我是主播的意思是由我来做主。并不是现在的主播,2,愁容的骑士,381814572
59,2019,4,18,男生有点像阿信啊，个人观点,0,念舊的峰,49351360
60,2019,4,17,男声习惯就好[撇嘴],1,Davie504,57455489
61,2019,4,17,晃眼一看以为是孙楠,1,k19烧香,442199512
62,2019,4,11,这个男声真的是一般般,0,呆猫little,297903892
63,2019,3,19,老骂男生有点儿过分了吧，这首歌明显为了配合女声调儿定低了。。。我是yanzi将近20年的粉丝了，男生是位创作型歌手，没必要这么墙倒众人推,32,昧见姬,252483770
64,2019,3,18,因为只能说还行。。。听起来确实有点刺耳。。[惶恐],3,别跑我还要听你讲故事,393797388
65,2019,3,14,嗯,0,人血馒头薛之谦嘻不知道别来问我,1529460927
66,2019,3,2,不看评论还以为男生是孙燕姿弟弟，相比起来确实很一般啊,1,10点30的飞机声,121572950
67,2019,2,26,还好,0,Caklo3,284569009
68,2019,2,25,找到同类了[大哭],0,isNn丶,362158056
69,2019,2,25,有，哈哈,0,BaoZi君,110029755
70,2019,2,24,这首是这张专辑里唯一不好听的,0,DerryLiu,339089032
71,2019,2,23,嗨起来[多多耍酷],0,carrie-wimper,361289116
72,2019,2,14,男生挺好的啊，应该听得出来为了合唱这首歌更适合燕姿的KEY，男声定的其实很低了，不好发挥,3,Nembutal,285968582
73,2019,2,13,苏宁主播？[大哭],0,丶迷路的鸽子丶,1318337772
74,2019,2,10,男声还好啊，没那么差。,0,s1ck1000,1471605268
75,2019,1,28,初中的时候，计划和几个同学一起表演上唱这首歌，请同学放学到家里来唱K，四五个人一起吼这首，超级大声，现在想想也是脸红。晚自习前，教室里还没多少人的时候，我们就把音响开起唱，再找个同学帮我们把风，怕班主任搞突然袭击。这首歌在青春里还是留下了点热血的印记。其实还是可以的，别再喷啦。,3,8B8BHOME,288500186
76,2019,1,26,这个男声虽然不怎么样，但是听了这么多年也听习惯了😂至少比《简爱》里的rap男和谐多了😒,7,转身是空,111727561
77,2019,1,18,很喜欢这首歌,0,大吉大利宝宝,545189629
78,2019,1,18,别吐槽那个男声了。看mv才知道，这首歌作词作曲都是他[大哭],4,一个奇怪的人类,248362569
79,2019,1,10,初中时一好友喜欢孙燕姿，放学唱我是祖国的花朵，问他借了这盒磁带[大哭],0,忘了爱2019,379331803
80,2019,1,7,真的很俏皮，活泼，符合她本性直来直往,0,Joyce的橙子,1665584207
81,2019,1,7,我觉得还可以啊，也没那么烂啦男声[呲牙]就是有一点点想打他的小冲动而已[鬼脸],4,Joyce的橙子,1665584207
82,2018,12,29,这种快乐洒脱的主题一直感觉是我姿最信手拈来也是最享受的。可爱。想......听演唱会[呆],4,假正经726,580811760
83,2018,12,20,这首歌的现场姿姿真的美到俏皮，心动了！,2,郑旭1983,623072266
84,2018,12,15,孙燕姿我真的喜欢一辈子,6,糖糖的小可爱啊喵了个咪,497832566
85,2018,11,23,很可以。开车时吼吼[亲],0,YIOU_MUSIC,583829231
86,2018,11,19,男声再好听点就完美了，呜呜呜,0,EMO诗人,1379084002
87,2018,11,16,挺可爱的,1,御风咖啡馆,408753250
88,2018,10,27,时隔多年听见这首歌，才想起年轻的时候无意看到这首歌的mv，我当时特别喜欢这个乐队的主唱，那个单眼皮男生！！年轻时候的喜欢都不记得啦,3,祁尕麦,310131581
89,2018,10,21,其实，也没那么差了，虽然之前遇到就切歌,2,going_up_stef,372536854
90,2018,10,7,听到这首歌的时候 还没那么迷信星座呢,0,礼拜三去马孔多看雨,70156357
91,2018,10,5,这曾经是我最喜欢的一首歌，时隔四年再听还是喜欢的要死,1,番茄的祈祷,60414028
92,2018,9,25,03年，从高二开始接触燕姿的歌，拿生活费买了朋友的Sony随身听，把这张专辑听了无数遍，清楚的记得每一首歌词，时隔多年，再次听到这首歌，想起了自己逝去的青春，这首歌也变成老歌了，好想回到学生时代，把当年的路认真走一遍。,3,罗宏镇镇长,398974365
93,2018,9,21,哈哈[呲牙][呲牙],0,Kazehaya914,416205581
94,2018,9,21,一个善良的“傻女儿”,0,Ivan_阿文,1335432378
95,2018,9,17,我也是...,1,km15,346255482
96,2018,8,30,为啥不独唱这首啊这么帅的,2,一觉回到小时候丶,254705644
97,2018,8,24,燕姿是个大骗子！说好了她是主播，然后我等她的直播等了10年！！！,38,小黄鸭W,86170135
98,2018,8,22,我在家曾数次“吼”过这首歌，我妈觉着她养了个傻女儿哈哈[呲牙],7,Kazehaya914,416205581
99,2018,8,16,天啊如果我说他刚开始唱的时候我以为是阿信你们会不会想打我😂😂,5,笑笑不乖-,405913089
100,2018,8,15,2002年夏天，依旧青涩的少年模样，这首卡带B面最后的一首歌曲。我是多么多么的怀念我的青春，啊，岁月蹉跎。。。。,7,引力-1,393876093
101,2018,8,13,歌词很有共鸣,1,么么飞机,311114157
102,2018,8,5,以前跟我姐去K歌，这首歌必点！哈哈哈哈！,1,Mathaphaka__,424704804
103,2018,8,4,我就是我哈哈 不一样的烟火🎆,1,林34,400839327
104,2018,8,2,🎧,0,_诗芊,81037679
105,2018,7,27,这首在真正姿迷歌单里，并不冷门，一样循环往复，从小听到老,8,李三咪,744011
106,2018,7,25,绝对是燕姿知名度最低的歌，可能连姿迷没事都不会想起来听 哈哈哈哈哈,4,Pen91128,255930499
107,2018,7,25,初中听这首歌还觉得high到不行[大哭],2,Pen91128,255930499
108,2018,7,21,孙靖当时才16岁而已,3,熊熊烈菠萝,52434555
109,2018,7,11,不听算命的结果，不要烦人的工作，不要爱情的诱惑，我要我的自由，掌控自己生活,1,帐号已注销,31832280
110,2018,7,1,和维纳斯一个调调。,0,阿拉阿宗,71637086
111,2018,6,28,这首歌燕姿出个单独版，应该又是一首隐藏的小神曲。,4,跳舞的克卜勒,122786310
112,2018,6,27,Zip 发射乐团，当时是华纳签的一个新团体，主场孙靖16岁，也就是这首歌男声，曲子也是他编的，当时专辑新歌发布会也带上了他们。后来他们出了一张专辑就销声匿迹了，但里面有一首歌曾经红过，叫做「爱的黑暗面」是吴奇隆版本「萧十一郎」的插曲，很多人不知道是这个乐队写的曲子和唱的。,2,绯心非新,331448018
113,2018,6,8,男声还行吧，怎么那么多吐槽的,41,村头烫头王师傅,67990746
114,2018,5,27,有个燕姿采访的视频，燕姿说希望孙靖可以走的更远，现在看来~~~~~,1,33轉的LP,630862795
115,2018,5,19,你们玩过那种类似劲乐团的，三个音符往下掉的，游戏厅的那种拍拍拍的电玩吗？里面就有这首歌。第一次听到是在那个里面。应该是读小学的时候[大哭],1,isNn丶,362158056
116,2018,5,10,看来我们不是一辈,0,侠女阿戴,415232582
117,2018,5,10,我一般说 年轻的时候，那时候没有MP3，只有盗版卡带的时候[大笑],1,adlake,1436190415
118,2018,5,4,这个男的糟蹋了这首歌，去掉男生我可以无限循环,1,名叫三毛,449344295
119,2018,4,23,这个男声真的让人不太舒服,0,10点30的飞机声,121572950
120,2018,4,21,各大平台主播了解一下[奸笑],0,黄色潜水艇的情歌,88765608
121,2018,4,20,[爱心],0,徐丨若木,246749232
122,2018,4,17,其实还是能听的…,1,辣鸡米花,68030685
123,2018,4,13,小时候我没有MP3没有电脑没有手机，家里只有几张燕姿的老卡带，我的复读机从来不放英语听力,2,侠女阿戴,415232582
124,2018,4,9,[鬼脸],0,子之选天,1391150898
125,2018,4,5,哇这首超好听啊 没有999+居然,2,王俊凯说他想我了,325834340
126,2018,3,19,额，太恐怖了，作为姿迷第一次听~~,0,kyswdzz,51691215
127,2018,3,18,没次听都觉得我还是17岁,1,比一点多很多点,344085429
128,2018,3,10,我就是我,1,33轉的LP,630862795
129,2018,3,9,难度她英文名不是 stefanie吗,1,Lyndon_Z,405657720
130,2018,3,8,燕姿这声音，就值得我评论！没有原因，十七年,3,豫西小天王,594110291
131,2018,2,18,这首歌可以的，不切了[大哭][大哭],1,stef流年,1367583538
132,2018,2,1,燕姿声音真是太有特色了,0,王金1711,632842409
133,2018,1,25,今天天气很不错 我有我的SNG生活,3,姿迷Kepler,62776498
134,2018,1,22,我是我 我是我 我是我 我有我的SNG生活,4,姿迷Kepler,62776498
135,2018,1,8,男声挺好的,5,CaptainUndead,112076018
136,2018,1,1,2018年的第一天。,3,dis-play,132802796
137,2017,12,25,妈呀 都快忘了这首了,1,Mia要做小厨娘,66138903
138,2017,12,23,这样啊，哇 羞愧 这么多年我都不知道她英文名[流泪],0,zoey_cherry,114116850
139,2017,12,23,不不 刚才去查了下 又有人说sng是指她的英文名（Sng EeTze），可能是我记错了。。,1,燃烧吧胸毛毛,61134143
140,2017,12,23,哦哦！这样啊,0,zoey_cherry,114116850
141,2017,12,23,好像这首歌是给一个叫SNG的电台唱的。。,0,燃烧吧胸毛毛,61134143
142,2017,12,21,圣女果,0,孙晓瑞,63843336
143,2017,12,19,这个男声真的让我对这首歌好踏马纠结哦[痛苦],2,yqy9517,45397248
144,2017,12,15,💭,0,三千乱,87441430
145,2017,12,14,哦哦，谢谢你！,0,zoey_cherry,114116850
146,2017,12,14,你可以度娘一下 SNG连线 和后面一句歌词当主播也有关系啊,0,TAN小談,465946
147,2017,12,14,啊？用直播生活？,0,zoey_cherry,114116850
148,2017,12,14,不懂不要装懂,0,TAN小談,465946
149,2017,12,14,是指卫星连线直播...,0,TAN小談,465946
150,2017,12,8,这男的气短么。。,0,阿木是只猪,433243531
151,2017,12,3,说男声难听的，哈哈，这么多年了，我才发现根本选择屏蔽了，完全不记得有个男声[大哭],4,Staceyisyy,629476413
152,2017,12,2,谢谢！,0,zoey_cherry,114116850
153,2017,12,2,Single 单身,1,假装在碎觉,135385126
154,2017,12,1,sng是啥。。,0,zoey_cherry,114116850
155,2017,11,28,来观光一下 燕姿唯一的粪曲~  哈哈  其实调调和歌词还是可爱的  男声还没我们公司的墩墩唱得好,0,deliciousdisaster,66836233
156,2017,11,18, 还是很好听啊,0,孙燕姿的小迷妹啊,327977684
157,2017,11,17,为什么我觉得很好听…………,2,再也不喝醉了,98914416
158,2017,11,14,我看名字第一眼看成了孙楠……,0,Adrian_C_MA,74898675
159,2017,11,14,男声还可以啊 比现在这些小鲜肉唱的好多了,1,早睡Neil,3229202
160,2017,11,12,我就是我，不一样的我，独一无二的我。,0,茉莉语嫣,335054817
161,2017,11,11,哈哈哈好好好你是主播,0,活着只求好玩,266447964
162,2017,10,27,你还是承认了吧 。。。。,3,湖人死忠,7776579
163,2017,10,27,无奈啊,0,湖人死忠,7776579
164,2017,10,26,如果是阿信合唱就好了…,4,夏夜de猫头鹰,96847489
165,2017,10,24,男声真的太毁了。,0,ssupo哒,37071692
166,2017,10,23,舅服你[大哭],0,山有木兮_心悦君兮,335231459
167,2017,10,23,是什么[大哭],0,山有木兮_心悦君兮,335231459
168,2017,10,23,也不能这么说[流泪]，我坚决不承认燕姿的歌曲里面有粪曲[流泪]，毕竟燕姿的PART是很好的,0,fluent战士求收敛,61644046
169,2017,10,22,挺喜欢的,0,端端和蔚蔚,294293338
170,2017,10,16,这个男声。/,0,我会带你去看湖北的江,344685042
171,2017,10,9,我是我~~耶~姿妈么么哒[憨笑],1,超人类啊Beeee,470571219
172,2017,10,4,第一遍 “再见亲爱的朋友” 奶声十足。。,6,假装在碎觉,135385126
173,2017,9,30,姿迷路过,1,春水煎茶zzz,298330273
174,2017,9,22,真是坑爹,0,湖人死忠,7776579
175,2017,9,20,粪曲？不存在的，已经中毒[憨笑],3,漫步的渴,11985761
176,2017,9,17,999里有一个我,0,999里有一个我,120605470
177,2017,9,15,你姿唯一粪曲[大哭],2,Kepler0723,247883470
178,2017,9,11,时隔十三年后，又听到了这首歌，都快忘记燕姿还有这首歌了[大笑],3,whu_tantao,102433704
179,2017,9,8,嘿嘿嘿,1,雪花气息,408899309
180,2017,9,8,原来燕姿是主播介鼻祖啊😊,2,雪花气息,408899309
181,2017,8,31,超喜欢这首歌里面燕姿嘹亮的这种唱法,6,假装在碎觉,135385126
182,2017,8,31,Su Ning Game,2,IATBAN,51071189
183,2017,8,27,快要到七夕了，我喜欢的女生我却不能给你什么，你对我的好我都记得，你说孙燕姿是你喜欢十年之久的偶像，我要在她的每首歌下留下足迹，我想告诉你垦晴008我好喜欢你…你是我的可遇而不可求,1,圈圈圈不住你,547941773
184,2017,8,23,好听，把男声去掉的话,2,不聋菲尔德,65418353
185,2017,8,23,第一次听,1,贺善柯-Jack,336305233
186,2017,8,22,为什么这么好听的歌，没有上万评论？？？,2,1243708016,455184457
187,2017,8,20,隔了好久，连这首也能感觉还挺好听的了，爱姿重度患者。,7,lele-yanzi,117927432
188,2017,8,17,事实证明了不是人人都适合唱歌,3,EmilieAdams,77662760
189,2017,8,17,＋1,2,EmilieAdams,77662760
190,2017,8,15,[大哭]一直可喜欢这个歌了,0,油库十字军,104473705
191,2017,8,12,sng到底是什么？,0,Kepler-_-,300077987
192,2017,8,11,这男声可不可以消掉呢,3,你们爱的大飞,259678257
193,2017,8,10,我是我～我是我～～,2,荡荡一隅清,337498403
194,2017,8,9,我姿666666666666666666666[色][色][色][色],1,韶华哪为少年留,111172200
195,2017,8,5,听合唱就只听得到燕姿的声音,0,你不知我为你而至,297715630
196,2017,7,29,比较小众的一首，估计很多人都没听过。[鬼脸],2,别多想喝一杯吧,101108952
197,2017,7,27,再见无聊的地球，再见浪漫的月球,1,xiaolin050000,434588632
198,2017,7,27,燕姿真性情的声音,1,霍真普洛兹的咖,380498981
199,2017,7,24,一直觉得很好听呢,1,xiaolin050000,434588632
200,2017,7,22,这首歌挺好听的啊，sng=single，单身狗生活[呲牙],0,灰大猫猫咪,105696058
201,2017,7,21,对呀，所以我并不是每盘燕姿的磁带都听,0,杨南国,64507476
202,2017,7,20,你要是每盘燕姿的磁带都听过，不会不知道这首…,0,桜庭涼玥,66985311
203,2017,7,18,"Sng,孫啊[大哭]",2,荡荡一隅清,337498403
204,2017,7,18,其实我觉得这首歌很好听啊😂,1,心中的三叶,540954017
205,2017,7,9,喜欢燕姿的朋友，让我看到你们的双手[拜],1,罗宏镇镇长,398974365
206,2017,7,8,听过逃跑计划的《再飞行》吗，有借鉴之嫌,0,Xiny辛夷,79837082
207,2017,7,5,爱姿,0,姿意燕为,263726012
208,2017,7,2,太神奇了！以前这么多年从来没有听过这首歌，燕姿居然还和这个人合唱过,0,杨南国,64507476
209,2017,6,30,！竟然是这个。。,0,Ground-blue,250254616
210,2017,6,30,少年宫,0,三年二班彭同学,103533446
211,2017,6,26,爱姿,1,姿意燕为,263726012
212,2017,6,25,小学的时候第一次在mv上看到孙燕姿，就是这首歌，彻底把我迷住了！[色][色]一晃多少年过去了,0,李天龙0712,251862500
213,2017,6,10,我是主播 我是我,0,云端的左耳,97418964
214,2017,6,3,好萌啊那两句  世界又在想什么,2,Stef__cat,119751820
215,2017,6,3,放开让我去唱,0,Stef__cat,119751820
216,2017,5,30,所以SNG生活是什么[呆],3,Ground-blue,250254616
217,2017,5,29,日常打卡,0,跳舞的克卜勒,122786310
218,2017,5,29,手动踩爪印，端午燕姿专辑一日游[奸笑],0,凌晨三点不睡觉的雨果,120801740
219,2017,5,25,日常打卡，有燕姿的地方就有我,1,跳舞的克卜勒,122786310
220,2017,5,25,我觉得这首歌没毛病啊，燕姿这样神经质的歌还少吗😂,1,Union_Tzuyu,33792475
221,2017,5,16,我觉得挺好听的 就是副歌部分有点牵强,0,阿炳777,326097077
222,2017,5,14,我姿唱得很好听，怪这首歌。。😂,0,__南墙,396354202
223,2017,5,14,爱姿,0,姿意燕为,263726012
224,2017,5,13,我心中燕姿最不好听的一首歌，不怪燕姿。,1,年少许我爱,71271617
225,2017,5,9,是这歌有无男声版本还是我一直自动屏蔽男声？？？ 记忆里一直都没有男声www,1,泥淖超人,41503262
226,2017,5,8,这男的真是扶不上墙的烂泥 贴也贴不出出息 生气,0,Mamihlapinatapaiiiii,54817958
227,2017,5,7,啊哈哈，都还好！,0,G318狗一丁,435289202
228,2017,5,3,你喜欢就好[奸笑],0,气氛来了就要醉,308485041
229,2017,5,3,头像好评,0,十年生死两茫茫五年高考三年模拟,263145459
230,2017,5,3,我一直以为是五月天和燕姿一起唱的[大哭][大哭][大哭],3,十年生死两茫茫五年高考三年模拟,263145459
231,2017,5,2,讲真燕姿那几句还是好听到怀孕的[大哭],0,气氛来了就要醉,308485041
232,2017,5,2,有燕姿的地方就有我[大哭],1,气氛来了就要醉,308485041
233,2017,5,1,哈哈很好听啊,0,2016猫猫呀,434837481
234,2017,4,29,SNG不是那个战队吗？,0,尻面筋专业毕业,331908379
235,2017,4,27,"这歌不是一般的傻B

",1,出走的切糕1992,351700209
236,2017,4,26,和偶像合唱的粉丝很用力了啊👹,1,t豆娘,115917109
237,2017,4,19,本首歌最好听的就是燕姿唱的那句，再见无聊的地球,4,CMQ1111,252952234
238,2017,4,19,依稀记得当年那张MV里的男生眼睛贼小…,0,人见人爱窦大仙,118768642
239,2017,4,7,感觉孙靖从头到尾只唱过这一首歌…,3,吉他和背带裤,38651484
240,2017,4,6,很好听[大笑],0,rock默然,39572304
241,2017,3,29,闭嘴 你,1,你的咸茶,134657520
242,2017,3,28,唯一一首让我觉得我的声音跟燕姿更配[大哭],2,eviory5,124962332
243,2017,3,23,我一直觉得这歌挺好听啊~,2,yr4517966,40960699
244,2017,3,14,为啥我听不出来男生的好坏啊，你们怎么听好坏的，只是觉得男声没有辨识度,0,阿楚姑娘的恰恰,315849997
245,2017,3,11,来听听所谓姿迷眼中唯一的粪曲哈哈,1,30km_s,44683705
246,2017,3,2,22:44,0,林守乐,55243746
247,2017,2,27,SNG是卫星转播的缩写，以前在现场直播都会有辆转播车现场联系，这里指的就是直播生活(好像有点领先时代[可爱]),2,由学入道,1645581
248,2017,2,19,男声无语,0,_告辞_,96806732
249,2017,2,8,在云音乐查了一下，叫发射乐团。,0,十三孤社,99670239
250,2017,2,6,这是个意外嘛 朋友们 啊啊啊[大哭][大哭],0,Lemon-Y-,287848998
251,2017,2,5,燕姿的声音是怪兽级别的,0,诺坎普拉玛西亚,83009512
252,2017,2,5,几乎是粗制滥造,1,诺坎普拉玛西亚,83009512
253,2017,1,29,我一直都挺喜欢这首啊。也经常唱啊。虽然没几个人懂我。。。,2,祺毅宝爸,307490794
254,2017,1,29,等老大的新专辑有的等,1,祺毅宝爸,307490794
255,2017,1,26,我觉得男声还好啊。。。,4,帆影澈,56209642
256,2017,1,25,这男声好尴尬,0,叁竖子,367873600
257,2017,1,3,爱姿,0,姿意燕为,263726012
258,2017,1,1,男有周杰伦，女有孙燕姿！,1,芯雨丶,125185012
259,2016,12,23,歌词可以弥补男声的缺陷[呆],0,森林的小蘑菇,348135577
260,2016,12,23,发现没 杨丞琳的 太烦恼和这个调调很像很像很像 就是,0,夏目之304,122415145
261,2016,12,17,男的听起来有种破罐子破摔的感觉。。。,3,yutotal,86589069
262,2016,12,15,我心里燕姿唯一的粪曲,1,Kepler0723,247883470
263,2016,12,1,好听,0,打包盒Ruby,141926
264,2016,11,30,SNG生活到底是什么啊QAQ[呆],2,越简单丶越好,95809511
265,2016,11,29,哈哈,0,帐号已注销,124859943
266,2016,11,25,多么青春潇洒的歌啊！然而从小就想问，SNG生活到底是什么啊[大哭],3,姬小光,45267390
267,2016,11,24,ktv很爱和朋友唱,0,九条-,80934441
268,2016,11,22,这节奏，这旋律，总感觉在玩小霸王忍者神龟~,1,河马的屁股,69260171
269,2016,11,20,我以前，也以为是阿信……,1,YZ芣苢,330392808
270,2016,11,20,燕姿早安,0,YZ芣苢,330392808
271,2016,11,18,我是主播 我是我后面那声 嘿～真是可爱☺️,0,玉米土豆张,7558003
272,2016,11,17,2001年就有主播了！,1,拉文克劳斯莱斯特林,38699536
273,2016,11,17,就是喜欢燕姿这么洒脱特立独行~~我才不要这么过~~,1,游船白梦,266729671
274,2016,11,12,怪不得这么一般。。。,1,分号下的小小,101074079
275,2016,11,12,嘿嘿嘿嘿,1,雾越温,105684187
276,2016,11,6,我觉得这首歌写的很不错，立意也很好，旋律也很洒脱。。如果能重新演绎一下就会PERFECT了,3,Rosepound,34371730
277,2016,11,2,燕姿,0,字迹微寒,100562566
278,2016,10,31,男声像一只鸭在叫,0,忘不掉的明天r,101795664
279,2016,10,24,这个挺好听啊 [奸笑],0,吴士生非,112880785
280,2016,10,14,男生是没有唱出来吗？感觉声音好压着,0,用户338825543,338825543
281,2016,10,13,到现在我都不知道那男的哪位！,0,花椒吖好麻,9592890
282,2016,10,10,还不错啊，就是燕姿一个人唱就行了,0,monopolyill,112275843
283,2016,10,6,这男的唱的真烂,0,鱼雨子酱,50983533
284,2016,9,25,为什么欢快的歌听的人就少这么多,0,午睡了吧,282213938
285,2016,9,25,那个男的声音，真是拉低水平,0,山归然不动,103682431
286,2016,9,20,这首里燕姿的声音挺灵的,5,肯尼尼,118293774
287,2016,9,19,哈哈哈,1,xixixixixixixixixixixixi,248545858
288,2016,9,18,燕,0,方圆已被注册,63103560
289,2016,9,18,挺好听的啊,1,二妞哈拉,52685051
290,2016,9,18,以前以为是五月天呢,1,嘿嘿不计后果,329653470
291,2016,9,8,这个副歌部分感觉不怎么好，应该可以在升级下,0,阿炳777,326097077
292,2016,8,25,好听！！！,1,么凹毛,305482164
293,2016,8,20,凭什么黑男声？虽然这首歌不好听,1,麻烦输入昵称,246166930
294,2016,8,12,想听你姿的单人版。,3,dis-play,132802796
295,2016,8,11,[吐舌],0,帐号已注销,3616642
296,2016,8,3,我觉得。。。听疯的歌好听,0,aki007,285586402
297,2016,8,3,哈哈哈，网易就是强大。。。SNG..,1,aki007,285586402
298,2016,7,24,评论只是想说我喜欢孙燕姿[可爱],1,虚左吧啦吧啦,296825759
299,2016,7,23,我的青春！燕姿生日快乐[蛋糕][蛋糕][蛋糕],1,-有姿有菋-,129649056
300,2016,7,14,感谢感谢！！！当年听磁带，没人解惑[大笑],2,-有姿有菋-,129649056
301,2016,7,13,我是王海峰我喜欢孙燕姿,0,爱姿海,126397948
302,2016,7,13,当然啦，她的全名就是Sng EeTze，歌词也确实是这个意思。虽听男声唱这一句，有些奇怪哈[开心],4,Cagurls,57342479
303,2016,7,13,真滴吗？萦绕了好几十年的疑问[可爱],2,-有姿有菋-,129649056
304,2016,7,13,Sng就是燕姿的名字,1,Cagurls,57342479
305,2016,7,13,其实很早很早我就想问了 SNG生活到底是什么,0,-有姿有菋-,129649056
306,2016,7,13,这个男声这么多年好像也能入耳了~~~,2,-有姿有菋-,129649056
307,2016,7,12,我一直都觉得挺好听的啊……[大哭]怎么回事,2,FBZ_,63023594
308,2016,7,11,燕姿难得的粪曲,0,忘不掉的明天r,101795664
309,2016,7,9,我，我是我,0,老师能赢吗,119649105
310,2016,7,6,男声哟 ...[大哭][大哭],0,向往北方的日子和乐子,75903833
311,2016,7,6,谁知道呢[大哭][大哭],0,向往北方的日子和乐子,75903833
312,2016,6,27,就喜欢这种歪歪扭扭的摇滚！,0,donkey卢,259808068
313,2016,6,24,我听着特别好听啊,4,Leonatoo,7107379
314,2016,6,22,到了一定的时间，你就懂了燕姿的歌，它不是难听，是耐听[大笑],1,Song我的憧憬,51600636
315,2016,6,18,华纳当时怎么想的？,1,看我可爱咩,65911192
316,2016,6,9,这是燕姿收录的歌曲里唯一一个和男生合唱的歌曲，还是有一点独特性的,3,黄鹂和白露,250222772
317,2016,6,6,孙燕姿的声音衬得男生好弱,0,姑苏客st,79800447
318,2016,6,5,主要这男的长得不怎么样。。[大哭]在这个看脸的社会，长得不好看是一种原罪。,0,熊熊烈菠萝,52434555
319,2016,5,27,想当年华纳是要借孙燕姿给孙婧打开市场，事实证明这货根本就是扶不起的阿斗，至今知名度几乎为0，唱腔真的不好听[口罩],0,楠楠邶邶,88627127
320,2016,5,22,20:46,0,林守乐,55243746
321,2016,5,18,超爱这首歌，听这首歌的时候是我小学的时候，觉得跟她搭唱的小哥超级帅啊,1,茶香清韵520,246844108
322,2016,5,12,[奸笑],0,65418,519706
323,2016,5,11,fuck you!,1,湖人死忠,7776579
324,2016,5,9,听燕姿15年，并不会听完她的每一首歌，这样她不出新专辑的时候，我也有新歌听,1,睡_着,124970383
325,2016,5,9,听多了也就习惯这男声了……[哀伤],2,宇宙超级无敌不是我,15865070
326,2016,5,8,这个男声这么多年好像也能入耳了~~~,0,yanzironan,18615440
327,2016,5,8,男声是谁？,0,夏目和妖怪们,116098973
328,2016,5,6,我就想问这首歌评论这么少是因为这个男的吗？,2,FFlys,95843403
329,2016,5,2,我听这歌能自动忽略掉男声[呲牙],1,一叶扁舟_____,98760641
330,2016,5,2,妈的，我喜欢的都没人喜欢……,1,CaptainUndead,112076018
331,2016,4,29,第一次听哎[口罩],1,Yen大闲人,269530132
332,2016,4,25,现在连99+都没有真的不能忍,1,雨陨,31875806
333,2016,4,22,这首好像第一次听😳,0,Nnnnnnononn,115189651
334,2016,4,21,多年没听，总能有惊喜,0,tmacbo,6855948
335,2016,4,20,挺好的啊，也许是听多了习惯了,0,上青林,36035497
336,2016,4,10,燕姿那时候声音好干净。,3,zhengke_,129442832
337,2016,4,4,这位同学想太多好吗[大哭],0,misstefary,55157484
338,2016,4,4,是不是single的缩写,1,朝言夕卜,79162369
339,2016,4,4,我觉得还好啊，不过男声够了😓,0,朝言夕卜,79162369
340,2016,4,2,燕姿歌里面最难听的之一了吧,0,柒星雪,85911992
341,2016,3,29,SNG是直播的意思呀,0,misstefary,55157484
342,2016,3,26,我是我,0,雨陨,31875806
343,2016,3,24,可能这是一部电视剧的主题曲吧,0,Rancho-Ding,35665314
344,2016,3,23,其实很早很早我就想问了 SNG生活到底是什么,2,ichichich-,86310369
345,2016,3,18,那段串烧最最喜欢的是一路上有你,1,马里奥网易,112327104
346,2016,3,18,不让谁来打扰我  我的快乐自己懂,0,雾越温,105684187
347,2016,3,17,姿妈赛高~,0,账号还是注销吧,17481219
348,2016,3,8,"这男声好吃力的感觉。。。。
",0,我是丑王,127718208
349,2016,3,7,Ktv 经常唱，再说个你们不知道的。词曲都是孙靖,8,马里奥网易,112327104
350,2016,3,3,我他妈一个恍神看成了孙楠,1,帐号已注销,47185382
351,2016,2,27,跑步的时候我放了一个姿妈的歌单 放到我是我这首的时候我开始不自主左手右手一个慢动作 等我意识到我抽风一般在跑步机上手舞足蹈的时候 懂事这首已经快唱完了,0,Morn_Tian,112947505
352,2016,2,27,跑步的时候放了一个姿妈的歌单 放到我是我这首的时候我开始不自主左手右手一个慢动作 等我意识到我抽风一般在跑步机上手舞足蹈的时候 懂事这首已经快唱完了,0,Morn_Tian,112947505
353,2016,2,27,跑步的时候放了一个姿妈的歌单 听到我是我这首整个人开始不自主的左手右手一个慢动作 等我意识到我在跑步机上抽风一样手舞足蹈的时候 已经放完懂事这首了[奸笑],0,Morn_Tian,112947505
354,2016,2,25,为什么评论这么少诶…,0,回嗯哒会萌萌哒,61943364
355,2016,2,20,只有我一个人觉得歌词很洒脱  不过还是听不惯男音,0,Begin丶again,100242187
356,2016,2,19,男声好像没啥精神的感觉= =,0,懒凉,102104104
357,2016,2,19,谁能把这个男声去掉 卧槽,6,湖人死忠,7776579
358,2016,2,17,这是要上天啦,0,Magic1lin,86285214
359,2016,2,15,这歌这么好听，那个男的真败笔,1,咩哥无敌帅,108654308
360,2016,2,15,这个男声其实还行吧 可是和燕姿完全不搭,0,愛做白日夢的球球,89156020
361,2016,2,3,[呲牙][呲牙][呲牙][呲牙],0,消失的盛夏,54553630
362,2016,2,2,tm这男的哪来的勇气出来唱歌？,1,湖人死忠,7776579
363,2016,2,1,估计是single,0,朝言夕卜,79162369
364,2016,1,23,少有的伴唱啊,0,CC十七,103394661
365,2016,1,20,燕姿金曲颁奖典礼和医生的男女串烧叼炸天！,4,弹射起步Q,114404923
366,2016,1,18,男声毁歌[大哭],0,丑Gu,80397136
367,2016,1,17,你们别骂这个男声了，至少他把姿妈的声音衬托到天上去了[大哭][大哭][大哭],250,yanzicst,79056105
368,2016,1,16,男声唱的伴唱，没跑调，但是音色和燕姿不是很搭,0,antigravity,43110608
369,2016,1,14,这男的跑调了吧.....,1,Red964,85700925
370,2016,1,14,就是因为里面的男声，所以很少听这首歌,0,海外小仙人,65586509
371,2016,1,12,再不能多说，尴尬[生病],0,其实你不知道fly,77380084
372,2016,1,7,当时听见这歌就在想这男的是谁 后台多硬,0,家养型浣熊,69839733
373,2016,1,7,这男的这声[生病],0,白色曲线,118108837
374,2016,1,6,本专辑唯一败笔[撇嘴],1,那天与你邂逅的薇薇,7004245
375,2016,1,6,请你拿开拿开你的手！,0,朕知道了呵呵,3356923
376,2016,1,6,男的作死——,1,那天与你邂逅的薇薇,7004245
377,2016,1,4,卧槽 受不了,0,湖人死忠,7776579
378,2016,1,2,男声好烦,0,黑暗骑士-TDKR,37793064
379,2015,12,30,听的我尴尬证都要犯了,1,下沉式绿地,98637395
380,2015,12,26,原来评论这么少 原来大家都喜新厌旧 好吧 独享,0,花椒吖好麻,9592890
381,2015,12,26,就是喜欢，憋说话,1,帐号已注销,101680162
382,2015,12,22,我姿再再再再次任性。,1,chris153709,108684847
383,2015,12,17,竟然能和燕姿完全不能和 也是屌,8,尕嘎包子,68459924
384,2015,12,12,男声那么烂  难怪没消息了,90,欧阳小小小小小小小小小小小小小,18879459
385,2015,12,6,前几年偶尔发现这首 有段时间天天听 很喜欢这种做自己的感觉 ,1,Gina小公举,103764956
386,2015,11,21,十多年前非常中二地给自己在“燕窝”和“燕姿中文网”起的昵称就是我是我★琦[吐舌]暴露年龄了,1,Cheeseham,33482609
387,2015,11,16,～～！,0,举个西木,60673274
388,2015,11,7,我是我[大笑],0,连风都知道r,101363175
389,2015,10,22,超爱歌词诠释的这种心态！,1,小春久住,55425292
390,2015,9,19,这男的。。。。。,0,湖人死忠,7776579
391,2015,9,11,这歌前面和水母的我爱烦恼好像,1,右右卫门,64299497
392,2015,9,9,和蔡健雅的原点还是很好听的[憨笑][憨笑]，男女对唱的确没好的,1,尹俊硕,70110226
393,2015,9,9,特喜欢这首,1,Daaaa_J,40855441
394,2015,8,28,可能吧,0,卖萌萌的小火柴,12355519
395,2015,8,19,[爱心]今天天气很不错,2,zsydmey,12500269
396,2015,8,6,yanziyanzi.,1,帐号已注销,44991129
397,2015,8,6,再见无聊的地球[星星],0,yixi325,55306992
398,2015,7,2,不是 第一天是和五月天FIR,0,帐号已注销,7934215
399,2015,6,14,到底sng是什么意思,1,梵蒂冈的呐喊,19562584
400,2015,6,13,男声搞毛啊啊啊啊啊。。。,1,Swa-llow,39796309
401,2015,6,8,这首歌不是五月天一起吗。。,0,Tim_Huang0216,42792776
402,2015,5,29,找不到那种能诠释燕姿歌曲的对唱者吧[亲],1,露桥闻笛,46936380
403,2015,3,5,好听,0,tingershe,51993578
404,2015,3,4,这男的声音[惊恐],0,湖人死忠,7776579
405,2015,3,2,现场唱的。还是唱的别人的歌。没有自己的正式的啊。。。。。╮(╯▽╰)╭,0,卖萌萌的小火柴,12355519
406,2015,3,2,有一点动心？,0,东郡,3698520
407,2015,3,2,其他两首是两个人。。姿妈一直没有一首男女对唱小情歌，是我心头的一个遗憾。,0,卖萌萌的小火柴,12355519
408,2015,3,1,那也是男女大合唱,0,东郡,3698520
409,2015,3,1,第一天那不就是大合唱吗～,0,卖萌萌的小火柴,12355519
410,2015,3,1,那第一天呢？,0,东郡,3698520
411,2015,2,17,你们就不要骂了吧，这是你们姿妈除了王子面以外唯一一首男女合唱了。[奸笑][奸笑],1,卖萌萌的小火柴,12355519
412,2015,2,17,好听～,0,卖萌萌的小火柴,12355519
413,2015,1,24,华纳以前签过一个叫‘ZIP’的乐团，这个乐团的主唱叫孙靖，也就是和她合唱的孙靖。而《我是我》就是华纳安排燕姿提携ZIP所合唱的歌。这个乐团在发了一张唱片之后，已经很久没有消息了。,130,Hk_chen,45175827
414,2014,12,18,男声真的毁了歌[哀伤],1,Insignificance__,42199060
415,2014,11,27,男声把歌毁了。。。,1,踩着高跷去北极,258365
416,2014,9,30,难听[怒],1,夜越黑梦违背,36943231
