index,year,month,day,content,likecount,nickname,user_id
1,2019,11,23,好听,0,小懒男121,607826579
2,2019,11,3,在餐厅打破玻璃杯 也别慌张～碎碎平安 保全仪态～准备付账～,3,苑子潯的小号,1548957065
3,2019,10,28,这首歌越听越好听,0,小宇宙ingyy,64368890
4,2019,10,19,居然不999➕,0,冬天呀青瓜,390277012
5,2019,10,18,我爱前奏,0,leo林空,400486818
6,2019,10,16,带感,0,苑子潯的小号,1548957065
7,2019,10,14,这个好听,0,卡美洛之王,1570318234
8,2019,10,14,孙燕姿 也超[爱心],0,嗨_小孩,281037512
9,2019,10,13,言叶之庭 超❤,0,Thatis-to-forgeteverything,315573047
10,2019,10,13,原来如此,0,雪化成宇飘落,332281415
11,2019,10,5,怀念14年克卜勒演唱会的时候,0,sakura绘梨衣丶Zzz,246112871
12,2019,10,2,这么好听的歌怎么这么不红啊,0,neversaygoodbye2017,100608769
13,2019,9,29,我没看是谁唱的时候以为是外国和中国人合唱。。开头那几句好像外语啊[大哭],0,我对不起我上一个名字,344517245
14,2019,9,28,这首歌律动超酷啊[强][强][强],1,佩奇我儿子,1486876035
15,2019,9,26,我是个不合格的姿迷，我才听到这首歌。,0,告诉你你爱的人你多真多深刻,253029649
16,2019,9,26,喜欢最后燕姿的稍微改变字眼踩的节奏，《无限大》也是，“每个路人”也有拉长，填充,0,谢小P谢小P,36145223
17,2019,9,13,上头了,0,Kepler小姿,342372326
18,2019,9,5,伤心的人别听慢歌,1,jenny_garden,376139170
19,2019,9,4,这首歌，这么棒，热度真的不太符合啊,0,7things_,1318437548
20,2019,9,4,好听,0,邵小孩同学,112518631
21,2019,9,2,这首歌的live好可爱啊！！！！听起来也好可爱啊！！！！,0,漂浮群岛et_moi,101098936
22,2019,9,2,打个卡,0,才不是你的小兔叽,535487147
23,2019,9,1,一直很喜欢，我的燕姿啊[亲亲],0,_Original_Sin,58331209
24,2019,8,31,"五月天 爱情的模样
孙燕姿 爱情的花样",2,墨尔本-霁,425092071
25,2019,8,28,原来如此,0,栏歌_,31004990
26,2019,8,26,我只想晃动脑袋,1,Waiting-Ht,446496543
27,2019,8,25,我疯狂抖腿[跳舞],1,也不是猪只打呼,355734135
28,2019,8,25,太上头辽！！！呜呜呜真好听[流泪],1,也不是猪只打呼,355734135
29,2019,8,25,每次听都觉得开头那段有点像德语（然而我不会德语,2,Kairoscler,88344274
30,2019,8,19,又是冷门金曲??,1,sweettteee,416746687
31,2019,8,14,坐空交车疯狂抖腿,0,苑子潯的小号,1548957065
32,2019,8,14,啊啊啊啊欢快的节奏，活泼的声音。爱死,0,暖心甜y,540336727
33,2019,8,14,还是一样的喜欢,0,暖心甜y,540336727
34,2019,8,14,最近推荐我没听过的燕姿的歌,0,暖心甜y,540336727
35,2019,8,8,秀啊！！！,0,漂浮群岛et_moi,101098936
36,2019,8,5,"心跳跟着节奏 也正在隔空中对唱
受伤就记在账单 累积负债的失望",1,识刀客,623315109
37,2019,8,5,"拍拖让人勇敢 凡事都我们俩
爱得轰轰烈烈谁都不管
不断加码梦想 抓麦克风狂唱",1,识刀客,623315109
38,2019,8,5,"排除大家的眼光 触电把对方照亮
喜欢到没话可讲 一加一是标准答案",3,识刀客,623315109
39,2019,8,5,《爱情的花样》是由廖莹如填词，李伟菘谱曲，收录于孙燕姿2007年3月22日发行的第十张个人专辑《逆光》中。这首歌的前奏是编曲老师用软件把直来直往的一句话音轨反转的效果。,1,识刀客,623315109
40,2019,8,5,上头了,0,我是谁啊啊啊啊啊啊你也不知道,56391181
41,2019,8,4,旋律很棒啊！为什么不是999+？,0,fei是我,323881013
42,2019,8,2,像日语,0,Loseonwong,312070008
43,2019,8,2,嗨～我来增加评论了,0,羊小懒,45237899
44,2019,8,2,爱燕姿,0,借我半盏灯,107982595
45,2019,8,1,我觉得飘着也很好听,0,YZ的烟火,1581405283
46,2019,7,31,这张专辑全是金曲 为什么以前不知道,0,忧郁的巴乔zsl,397899348
47,2019,7,31,这首好好听,0,忧郁的巴乔zsl,397899348
48,2019,7,29,喜欢这首歌,0,伶伶伶呀,532777766
49,2019,7,29,姿迷打卡[亲亲],0,Erika_Linder,305117600
50,2019,7,29,打破六百,0,yesnamekris,353874001
51,2019,7,28,没有啊，觉得很好啊，这张专辑一出，每次k歌必点咕叽咕叽[呲牙][呲牙][呲牙],0,Wendy宵,283574943
52,2019,7,28,课代表,0,Wendy宵,283574943
53,2019,7,28,可爱的一首情歌，喜欢燕姿，就连分手的歌都没有歇斯底里的[亲亲],0,Wendy宵,283574943
54,2019,7,28,不懂姿的美,1,凝固迷,450601458
55,2019,7,28,好听,0,凝固迷,450601458
56,2019,7,22,[多多捂脸]我就知道，在b站听歌曲倒放就是这种感觉,0,maurice-ravel,1571737504
57,2019,7,18,怎么评论这么少 这歌超好听啊,0,neversaygoodbye2017,100608769
58,2019,7,18,举铁听这首差点扭起来🌚,1,T口十口十T,70211862
59,2019,7,14,592 加班听着很嗨，止不住跟着晃脑袋。。,0,Juicyo,112511048
60,2019,7,12,这张专辑的时候，还买的是磁带。12年后，磁带完全消失了。像极了出现后又消失没的人。,0,王大然,39587539
61,2019,7,12,厉害了,1,霉头霉脑云散月现自在飞花slay,42294326
62,2019,7,12,好好听,0,霉头霉脑云散月现自在飞花slay,42294326
63,2019,7,11,好喜欢这样风格的燕姿呀[可爱],0,听歌使我快乐喔,399543214
64,2019,7,10,很萌很好听,0,姿家人,263952201
65,2019,7,7,超级好听啊,3,neversaygoodbye2017,100608769
66,2019,7,4,这首要是别人来唱会显得很傻(就像我倫很多歌一样😂😂),3,谢小P谢小P,36145223
67,2019,7,1,我记得刚出的时候超级喜欢，编曲极度好评。,2,老Mingo丶,33274832
68,2019,6,23,好歌,0,motorcycles,283973423
69,2019,6,21,燕姿什么风格都驾驭的了,1,没有灵性的阿周,119517518
70,2019,6,10,真的6了,1,老师您谈过恋爱吗,94871945
71,2019,6,7,这首很好听啊,0,郭过过,45264448
72,2019,6,7,真的，歌词再感人点，这首歌可以的[亲],0,来自木星的肉包子,411436433
73,2019,6,6,数到一 数到二（饿） 开始有分量,0,Stefanie71,410964408
74,2019,6,1,这张专辑也不错！,0,Zoublazou-,412748376
75,2019,5,16,这歌词...😹,1,小茜老师,1628924173
76,2019,5,13,等一个20周年,2,Davie504,57455489
77,2019,5,12,冲呀,0,不许碰我的橡皮泥,401535287
78,2019,5,8,燕姿 结婚八周年 打卡,1,图片控-yanzi,281347420
79,2019,5,5,以前不觉得，这首歌这么有趣呢，还洋气。,2,燕姿钻石,325132325
80,2019,5,5,这首在KTV唱很嗨皮哈哈哈哈哈,0,为什么是猪捏,443671359
81,2019,5,5,逆光这张专辑里的歌全是金曲啊,2,三尺非神明,136980193
82,2019,4,29,"好爱这首
",0,linyuh,333944705
83,2019,4,20,就是评论怎么这么少哎,1,小米糕啊,1436371488
84,2019,4,20,很有意思的 是吧😁,0,小米糕啊,1436371488
85,2019,4,19,开头曲是，“揍他一拳捏他一把问他懂不懂的欣赏，在餐厅打破玻璃杯。”[大笑][大笑][大笑],5,嗯呢哦漏,1648541949
86,2019,4,14,跑步必备,0,追风少年依旧,85096665
87,2019,4,10,评论居然这么少,0,Flykiss不知道起啥名,363445090
88,2019,4,4,没事刷燕姿的歌,1,嗨_小孩,281037512
89,2019,3,29,好听,0,O_oHULLO,343829645
90,2019,3,26,这首也很好听，评论太少了8⃣️,0,福来1998,635957727
91,2019,3,23,哈哈哈哈,0,林守乐,55243746
92,2019,3,22,添砖加瓦,1,lilldan,1336492706
93,2019,3,19,加一加一,0,MJS哎呦漩涡,278808739
94,2019,3,15,跟好听呢[呆],0,Just节奏一下,281202198
95,2019,3,14,"作曲：李伟菘
作词：廖莹如
编曲：Kenn C

已经添加修改，请小伙伴们重新刷新歌词",4,作词_作曲_编曲_MV导演天下第一,546057330
96,2019,3,12,竟然评论这么少,0,倔强的刺猬君,8658304
97,2019,3,10,孙燕姿的歌还是孙燕姿唱出这个味儿！[亲亲],3,光絵,94243137
98,2019,3,8,梦想没办法退还,0,TiffanyH1221,7607275
99,2019,3,7,好听,0,kkkkkellyq,477267055
100,2019,3,4,活泼姿[幽灵],0,静静听-首歌,619430089
101,2019,2,26,我来增加评论，永远爱孙燕姿[爱心],0,你的天文特征是几时几分,14380985
102,2019,2,20,感觉歌词挺好的,0,空生妙有lake,404134703
103,2019,2,17,这首歌可能亏在了歌词上吧。。本来应该成绩会更好,3,Nembutal,285968582
104,2019,2,13,为燕姿增加评论☺,1,-Stefanie--,435506899
105,2019,2,10,孙燕姿的反情歌都唱的这么嗨[奸笑],0,傻瓜仙贝_,384306692
106,2019,1,26,感觉很有意思啊,0,小米糕啊,1436371488
107,2019,1,26,最喜欢的女歌手,1,我只会乱乱唱,272309134
108,2019,1,24,竟然只有五百多评论[惶恐],0,Ermate,294259848
109,2019,1,18,数到一，数到额！！,2,大吉大利宝宝,545189629
110,2019,1,16,喜欢[爱心],0,橙子wwww,256439941
111,2019,1,9,这首咋评论这么少啊 不服,1,克卜勒乐精灵,36984278
112,2019,1,5,燕姿快开演唱会啊！,0,远辰落身旁k,275999898
113,2019,1,5,好听好听,0,re塌塌,297684582
114,2019,1,4,👏👏👏,0,树树树树强,566550772
115,2018,12,31,kkk,0,百年不禾,278251661
116,2018,12,29,好可爱,1,你姿我姿,466537747
117,2018,12,28,好喜欢这首歌。最近突然迷孙燕姿，不分昼夜的听。,0,阳光彩虹小白马-滴滴答,128689433
118,2018,12,27,喜欢喜欢喜欢喜欢你,1,ysjxsyQ,1696993391
119,2018,12,21,辛苦了你[吐舌],0,想当教练员,1509947439
120,2018,12,20,每张都有一首可爱且帅气的快歌，关键好听也是没谁了，除了老大,0,silicon泥,267369216
121,2018,12,19,这首歌唱法腔调太可爱了吧！！！！,1,Stef__cat,119751820
122,2018,12,18,999+冲呀,0,BVLI,52862475
123,2018,12,18,我超喜欢这首歌的呀,0,BVLI,52862475
124,2018,12,10,开头那段奇怪的音频的倒放是“在餐厅打破玻璃杯 揍他几拳捏他一把 问他懂不懂欣赏”[呲牙],4,给丫一个特写,1399050760
125,2018,11,29,好笑的是逆光没拿金曲，这种专辑放现在的华语乐坛打10个没问题吧,6,currencybao,258261214
126,2018,11,28,《逆光》这张专辑，每一首都是精品,1,伶伶伶呀,532777766
127,2018,11,27,我听错歌词多少年…,1,onearthome,1322819440
128,2018,11,27,上班去啦，,0,最喜欢吃肉啦,371150408
129,2018,11,24,啊  刚好加班,0,孙燕姿的小迷妹啊,327977684
130,2018,11,24, 加油鸭 破999鸭~  ,0,孙燕姿的小迷妹啊,327977684
131,2018,11,17,有点在摇晃[奸笑][奸笑][奸笑],0,adlake,1436190415
132,2018,11,7,这首歌没有999吗？,0,LG林叶,564692276
133,2018,10,22,好嗨的节奏，尤其喜欢二的发音，太有意思了！,5,米斯特灬MJ,74297960
134,2018,10,21,我喜欢她以前的样子喜欢现在的曲风,0,坚强独立王靖雯,502079081
135,2018,10,21,还是最喜欢04年的同名专辑😬😬😬,0,猴子先生很有范,352007799
136,2018,10,20,主要是刚好这张专辑是过度新公司的第一张专辑，宣传上不给力，所以销量没有以前的辉煌，明显当时EMI把更好的资源和宣传给了老蔡,0,猴子先生很有范,352007799
137,2018,10,15,那么我就是537，我生气。。。[生气],0,臭秋刀鱼,1354325477
138,2018,10,14,dududu,0,百年不禾,278251661
139,2018,10,12,这么好听还没有999+,1,彼得潘与狼,261245021
140,2018,10,7,真甜的东西是不会腻的,0,王居住的街道,392707443
141,2018,10,7,可爱,0,梵谷不跳舞,132774418
142,2018,10,6,为什么开头有点像b站淋王星演唱会倒放的感觉,1,凪Rainie,329373825
143,2018,10,6,假1是标准答案,1,岭南佳人周阴婷,102992796
144,2018,10,4,一首我怀念的盖过了不知道这张专辑多少好歌,1,坚强独立王靖雯,502079081
145,2018,9,27,超喜欢的,0,伶伶伶呀,532777766
146,2018,9,23,带感！,0,放晴_-_,324271641
147,2018,9,19,"揍他几圈捏他一把问他懂不懂欣赏
在餐厅打破玻璃杯",0,气氛来了就要醉,308485041
148,2018,9,15,[亲亲][亲亲],0,毛毛虫0912,323067104
149,2018,9,10,du du du ,0,CH_PearL,265085322
150,2018,9,9,超喜欢这首，燕姿唱快歌有一种拽拽的感觉,2,彼得潘与狼,261245021
151,2018,8,29,嘻嘻526,0,妥当保管,301394549
152,2018,8,29,如果男朋友 偷瞄辣妹流口水，揍他几拳捏他一把 问他懂不懂欣赏,1,LoveBirdy,100653667
153,2018,8,29,"524,,,我爱死你了哈哈哈[开心][开心]",0,他的枪声里,353648049
154,2018,8,17,那我是523,0,乔和Joi,246440006
155,2018,8,17,哈哈 522也不错,0,酸甜大橘子,18322087
156,2018,8,9,作为第521条评论，我很开心！爱情的花样521，哈哈哈,6,LBXE,326985486
157,2018,8,8,《直来直往》Rap“揍他几拳捏他一把问他懂不懂欣赏”音轨倒放,2,逸星_,416539629
158,2018,8,4,数到一 数到二,0,_诗芊,81037679
159,2018,8,3,开头是韩语吗,0,跳舞的梵谷yanzi,318974517
160,2018,7,31,好歌怕被人知道系列,0,星球的悲哀,261694792
161,2018,7,31,姿迷无处不在，燕姿无可取代,1,温紫鸢,541046769
162,2018,7,23,生日快乐,0,孙鳌头呀,502416807
163,2018,7,22,好有feel,0,倾乐声,120197077
164,2018,7,20,好听，二说的好萌,0,黑暗骑士-TDKR,37793064
165,2018,7,20,很好听的歌,0,blue缘,15148219
166,2018,7,16,数到一，数到儿～[奸笑],0,叫我李天王,263284637
167,2018,7,14,感觉调子好熟悉,0,月色还早,339330344
168,2018,7,12,我姿太高音 男粉能唱的实在不多 这首是其中之一了233,0,佧斯特梅的雨季,436775624
169,2018,7,11,突然发现这首很好听啊,0,时间限定,62119462
170,2018,7,11,好喜欢这首歌,0,孙鳌头呀,502416807
171,2018,7,11,可能更喜欢它的flow？刚谈恋爱的时候总在听，现在单曲循环，半句再见…,0,素年锦时流丰,54719664
172,2018,7,7,怎么会有这么会唱歌的人 @孙燕姿,0,忘了第一个名字,95624619
173,2018,6,28,我才知道2333原来这么好玩的吗,0,starrynail,93188540
174,2018,6,15,有点小惊喜 哈哈哈哈,0,Juicyo,112511048
175,2018,6,13,哈哈我姿演唱会保留曲目,0,十二号拉开,113156971
176,2018,6,11,好有趣,0,Chemsun,43151968
177,2018,5,22,每一首都会,0,辉仔Huiman,92679814
178,2018,5,20,今天520。。。有人刷这首歌吗？？？,0,敐黙,512703714
179,2018,5,18,大家好！我是500,0,酱子丶迪,403080399
180,2018,5,18,不要一万 也不要一千 只有499！,1,-DESPERADO585,44608460
181,2018,5,10,我姿,1,motorcycles,283973423
182,2018,5,8,这张专辑真的每一首都好听 当年循环了好多遍,0,perisheroy,109893980
183,2018,5,8,我这种资深大老都不敢说全部听过去。。。,1,小棚屋,440061530
184,2018,4,30,别骗我,0,跳舞的克卜勒,122786310
185,2018,4,23,[色][色][色],0,聪明的zjy,379413574
186,2018,4,21,:-D,1,阿巴达来,66593733
187,2018,4,20,自以为燕姿的歌全部都会听全部都会唱了   居然还漏掉了这首！！！,4,Daisy_Woo,75020439
188,2018,4,20,超爱孙燕姿,0,Nickol-Ren,455208320
189,2018,4,18,每次和姐姐去ktv必嗨的歌，十八年姿迷[憨笑],1,cchenchenchen,384008829
190,2018,4,13,咬字发音很特别,0,王金1711,632842409
191,2018,3,31,我也是今天在超市听到的,0,KitKat__,41723861
192,2018,3,31,超可爱的歌，感觉到燕姿的活力～,0,callmeWing,1359811674
193,2018,3,28,开始我还以为她要Rap了,0,空港里的露絲瑪莉,249970032
194,2018,3,23,啊肥,0,害淡,45874458
195,2018,3,22,数到3,0,stef流年,1367583538
196,2018,3,15,超市里放的都是孙燕姿的歌[亲亲],3,lieutenantL,346681279
197,2018,3,14,很合拍的节奏感,0,粘土人你若,77544450
198,2018,3,11,喜欢燕姿,0,33轉的LP,630862795
199,2018,3,9,可爱(๑• . •๑),0,LALA197,398705118
200,2018,3,8,失望夸张绝望,0,战争___,80373470
201,2018,3,3,不算太绝望了,0,stef流年,1367583538
202,2018,3,2,现在很绝望,0,stef流年,1367583538
203,2018,2,28,爱的轰轰烈烈谁都不管,0,傻瓜仙贝_,384306692
204,2018,2,26,有意思,0,未完成19991230,503310441
205,2018,2,19,人好少哦,1,GEM小迷弟,451148464
206,2018,2,15,突然感觉特别好听～,0,Nickle丶丶,537398257
207,2018,2,12,怎么听出来的,1,Bluebird1234,415517666
208,2018,2,2,怎么这么好听,0,王金1711,632842409
209,2018,1,31,愿时光倒流十年。同一个模样,0,十三哥z,290982236
210,2018,1,31,dududududududu。这个声音不知不觉听了好多年。归属感,0,十三哥z,290982236
211,2018,1,31,逆光庆功那个蓝色上衣银色发光短裙的孙燕姿。精灵,2,十三哥z,290982236
212,2018,1,29,声音太好听了,0,王金1711,632842409
213,2018,1,29,好听,0,王金1711,632842409
214,2018,1,24,其实挺嗨的,0,果汁爱学习,1350631564
215,2018,1,16,你听得到,0,地球不会绕,333727626
216,2018,1,15,爱情的模样   直来直往,0,Scorpion394,309535112
217,2018,1,14,爱的就是那个并不完美，但很有个性的姿妈。[亲亲],4,等不到的晚安与我无关,375186998
218,2018,1,13,我姿,0,我有努力和这个世界变熟,394296679
219,2018,1,8,萌好听！,0,海洋过森林,325742808
220,2018,1,8,好听！,0,海洋过森林,325742808
221,2018,1,4,我在这  噜噜噜,1,有爱姿病的程序圆,290885829
222,2018,1,3,23:50,0,林守乐,55243746
223,2018,1,2,燕姿女神超超超可爱呀ｸﾞｯ!(๑•̀ㅂ•́)و✧,0,土豆加个泥,79598468
224,2017,12,26,好嗨啊[惊恐],0,大龙龙爱吃鱼,110501208
225,2017,12,24,嗷嗷嗷,0,L悦星,480183134
226,2017,12,12,好喜欢燕姿的歌啊 很可爱的那种喜欢,1,-不不-,297991082
227,2017,12,12,爱情的花样太多太多。我只想有好运 刚好是我要的模样,1,大脸笨笨熊,8061428
228,2017,12,12,我抖我抖~~,0,黒黒黒黒黒酱丶,58708774
229,2017,12,8,这个专辑很棒的。,0,我有努力和这个世界变熟,394296679
230,2017,12,4,听到80岁,1,YIOU_MUSIC,583829231
231,2017,12,3,还来得及，[可爱] 她会唱到80岁的。。。。。,0,jos_101,408170738
232,2017,12,3,倒放好有韵味啊！！！,0,Siriusly17,277593220
233,2017,11,21,大家快来哇⊙∀⊙！,0,种花家的小侠,276337226
234,2017,11,19,天啦天啦  好听呀  好活泼,1,AaronRobert-,503431316
235,2017,11,18,每次听充氧期都会想起这首歌……,6,Pr0phet,56040918
236,2017,11,16,这首歌真棒,0,余生烂人丶,324256733
237,2017,11,15,感觉燕姿和杰伦一样，隔一段时间翻出来旧歌听一会，我去，这歌我以前怎么没注意，这么好听[可爱],5,Dandelion-Promises,50198861
238,2017,11,9,这首多好听！竟然没有人听,0,锕李仨,55494542
239,2017,11,8,爱上燕姿的一个00后。开始聆听每一首燕姿的歌。,3,YIOU_MUSIC,583829231
240,2017,11,8,逆光确实好经典,2,我的爱1011,623429998
241,2017,11,5,"这张专辑里的歌真的都好好听！！
",0,珏对过,109083867
242,2017,11,3,姿迷在啊，不一定要评论呀。而且评论需要集中火力[可爱],0,ii青青,358436129
243,2017,11,1,这么可爱的歌，评论这么少嘛[呆],0,无敌的骆驼祥子,514168897
244,2017,10,27,爱姿,0,姿意燕为,263726012
245,2017,10,23,助攻999,0,鼠可可black,278996790
246,2017,10,22,说实话，这首歌的现场效果很棒的，听过演唱会感觉很high！,1,爱唱情歌的孩子才是好ZH,94628082
247,2017,10,19,为什么要有这样一首破坏专辑整体性的歌[汗][汗][汗],0,medsir,70093854
248,2017,10,18,[亲亲][亲亲][亲亲],0,swaqyzz,394011292
249,2017,10,17,你姿的咬字就已经可爱炸了！！！,2,八宝蔡菜菜,376055697
250,2017,10,15,好可爱的歌,0,人生如梦丶雯瞳,421223546
251,2017,10,14,爱姿,0,姿意燕为,263726012
252,2017,10,11,❤️,0,八月长安x,263542124
253,2017,10,2,[亲亲],0,不关我的事啊_,278554860
254,2017,9,29,喜欢到没话可讲,0,你才是呆逼桑-,43172453
255,2017,9,22,[憨笑][憨笑]好听,0,被窝青春的墓,30744406
256,2017,9,22,能快能慢，我姿真的厉害,0,NumbLater,115418975
257,2017,9,20,寻找燕姿的冷门歌不可自拔[惊恐],3,下回再改,508810715
258,2017,9,17,你不是倒数第一,0,帐号已注销,366934858
259,2017,9,14,嘟嘟嘟,0,那天与你邂逅的薇薇,7004245
260,2017,9,13,[亲亲][亲亲]好久没听这首了,0,SET天月山,247550745
261,2017,9,12,[爱心],0,Ro1030,90652954
262,2017,9,12,醉酒后的爱情,0,Ro1030,90652954
263,2017,9,10,可爱,0,保罗韦斯利,124304842
264,2017,9,10,二儿,0,Anruo素,132736248
265,2017,9,10,[憨笑][憨笑][憨笑]真好听,0,keplerssss,344493422
266,2017,9,8,二[亲亲]想你啦,0,雪花气息,408899309
267,2017,9,5,逆光中居然还有这样的歌，好可爱[憨笑],0,你不知我为你而至,297715630
268,2017,9,3,写英语的时候听到这首燕姿2的发音好萌啊[大笑][大笑],0,Christine-ou,337799242
269,2017,8,27,有点儿意思～[亲亲],0,banana4231,45248667
270,2017,8,25,这歌评论怎么还这么少[呆]极度不科学,2,CGNH,65593562
271,2017,8,25,这首歌的咬字感觉好奇怪～好听！,0,此人被禁言,561745532
272,2017,8,22,有魔性这歌,0,跳舞的yanzi,287088787
273,2017,8,13,数到一，数到二！变成我们俩！,3,KeplerChau,89939059
274,2017,8,12,这个二的发音让我想起我姥姥,0,帐号已注销,281032288
275,2017,8,11,数到二好不好?你喊三啥意思,0,张瑜Heather,333819836
276,2017,8,8,可爱可爱,1,-我想走了,85104559
277,2017,8,6,我想二,0,-黑猪-,294890209
278,2017,8,5,爱情的花样 爱我燕姿,0,沙利啊莎莉,406026095
279,2017,8,2,打卡,1,春水煎茶zzz,298330273
280,2017,7,30,haha,0,YZ芣苢,330392808
281,2017,7,25,朋友不要想不开,1,人要学会丶停止流浪,274537840
282,2017,7,23,爱姿 生日快乐[爱心],2,sharanc,378595988
283,2017,7,23,燕姿生日快乐,2,星星和烟火谁会先熄灭,351216208
284,2017,7,21,gogogo,0,当冬夜渐暖and隐形人,504526376
285,2017,7,21,燕姿卖萌太犯规哈哈哈,1,KateStarZi,533717087
286,2017,7,19,大家顶上去,1,超人必有我师焉,344026692
287,2017,7,19,萌萌萌，999➕ 要有的。嗨,0,Eeager,30856405
288,2017,7,16,顶顶,0,半座城池丶,500055772
289,2017,7,16,[色],0,斗牛旅客,106922873
290,2017,7,15,我姿少有的卖萌曲,3,孙燕姿田馥甄王菲新垣結衣的老公,302980651
291,2017,7,12,原来这花样燕姿早就教给我听了，当年怎么没听懂呢,2,加蓓加倍努力,248597157
292,2017,7,8,我觉得超好听，演唱会上老High了,5,FUGACITY,14224823
293,2017,7,7,听着这首歌时，能想象到她唱歌时的可爱模样,3,张傻傻ii,399024783
294,2017,7,7,想起反过来走走,0,卤肉饭心情,33494507
295,2017,7,7,好可爱呀～,0,理应-,389022355
296,2017,7,7,我来组成头部,0,看看看看能不能看见你,32446255
297,2017,7,5,循环，却同一个模样。,1,s_elover,14266912
298,2017,7,2,拍拖原为珠江口一带航运俗语。珠江口航运发达，通常大船载货并拖小船 一艘，主航道大拖小；近岸时，大船吃水深，难以靠岸，此时小船便卸货上岸，来回相依。后以此形象比喻男女恋爱时的互相关心和难舍难分，约定俗成，称为拍拖。,0,哀殿是天,358084871
299,2017,6,28,不谢啊，云村里都是一家人。你早点好起来才是最重要的事情。,0,只是路人甲_,133772546
300,2017,6,28,拥抱.png 好好养伤，这才是最重要的。医生没说不能康复的啊，我那时候医生说“不住院的话会很有影响，有可能骨头痊愈时候偏移位置，那就很严重了”巴拉巴拉的，我还是直接说了我要去上课，现在过去两年了，除了寒夜，在熬夜时候会有点受风寒疼，其他没事的啊。,0,只是路人甲_,133772546
301,2017,6,27,希望能好好平复内心下，继续走下去，加油,0,只是路人甲_,133772546
302,2017,6,27,回想我高考前段时间，骑自行车去学校手也被撞骨折了，那段时间，整个人真的灰暗，回想起来，好不值，做了好多好傻的事情。,0,只是路人甲_,133772546
303,2017,6,27,自以为燕姿的歌总是给人能量的，你该慢慢听啊，摆正态度，积极喜乐，生活会好起来,0,只是路人甲_,133772546
304,2017,6,26,爱的轰轰烈烈 谁都不管[奸笑],0,傻瓜仙贝_,384306692
305,2017,6,26,别轻易对生活放弃！！虽然不知道你经历了什么，但是也希望你不要放弃生命。*٩(๑´∀`๑)ง* 加油！,0,维他百香果,32021615
306,2017,6,26,爱情的花样，循环，却同一个模样。,0,dis-play,132802796
307,2017,6,26,为什么要这样讲呢？,0,维他百香果,32021615
308,2017,6,22,空口言萌出血,0,冰块儿与阔落,82103248
309,2017,6,22,爱姿,0,姿意燕为,263726012
310,2017,6,19,支持，动听,0,十八溪,424156191
311,2017,6,15,什么曲风都ok,0,西瓜树W,406352074
312,2017,6,13,重新听逆光这一本，几乎把每一首都加了[爱心]。[憨笑][憨笑],1,如墨清晨,7625720
313,2017,6,12,我很喜欢这首歌的，知道吗？,0,赱真,288331124
314,2017,6,11,好可爱的旋律，喜欢,0,花花在人间凑数的日子,436311820
315,2017,6,10,演唱會過來的[可爱],0,夜路生花__,278101022
316,2017,6,5,。。[大哭]这么令人意外嘛,0,石楠的荒原,92607144
317,2017,6,2,有一段时间一直听这首和《180度》，燕姿的声音真的很萌。,1,将渡未渡,92940839
318,2017,6,2,我就问你什么时候开演唱会 ,0,裸奔洋,261100187
319,2017,5,31,！,0,孤单---个人的狂欢,263901035
320,2017,5,31,嗯咯,0,孤单---个人的狂欢,263901035
321,2017,5,28,表白孙燕姿,0,账号还是注销吧,17481219
322,2017,5,25,爱情的花样千变万化，可总有一方一厢情愿,1,无糖菠萝,125737568
323,2017,5,23,孙燕姿孙燕姿,1,QW1K,96765923
324,2017,5,21,因为高中时燕姿的一首浓眉毛开始接受快歌，燕姿的快歌慢歌都好好听[强],1,纯粹lala,256614236
325,2017,5,14,真的真的，是真的。简直不能太同意,1,可以更自然,387144811
326,2017,5,14,可萌可美腻可感性可洒脱的是我的燕姿啊[爱心],2,固执麻雀,247540469
327,2017,5,13,小姿迷在这里 喜欢燕姿五年了 [可爱],1,Bubble的开始,376172468
328,2017,5,12,爱姿,1,姿意燕为,263726012
329,2017,5,9,[亲亲][亲亲],0,侧耳倾听119,34369865
330,2017,5,8,循环，这同一个模样！听了十年还是这样喜欢,3,阿瓜的存田,105935296
331,2017,5,4,好听,0,在噩梦惊醒之后,318384205
332,2017,5,1,喜欢,0,2016猫猫呀,434837481
333,2017,4,26,评论居然这么少！？,0,uncanny1993,7607400
334,2017,4,25,评论这么少,0,hewittchoi,8881718
335,2017,4,22,第329,0,LapIace,355418011
336,2017,4,21,第328,0,999里有一个我,120605470
337,2017,4,20,这性感的咬字,3,Jonesking,263905915
338,2017,4,15,爱姿,2,姿意燕为,263726012
339,2017,4,14,没有评论？？？？！！！,0,Cold丶Fish,87113824
340,2017,4,8,爱情系列,0,苏三伞,111844957
341,2017,4,8,喜欢这首,0,寒拾泉,334582186
342,2017,4,7,没用,0,用户278153090,278153090
343,2017,4,5,今天难过[哀伤],0,好想睡觉啊啊啊啊,418575134
344,2017,4,4,我姿,0,我有努力和这个世界变熟,394296679
345,2017,4,4,这首怎么会是冷门？！燕姿的歌曲对于我来说没有冷门！！首首都是满满的青春回忆！,0,Jackliutian,101517078
346,2017,3,30,爱姿,0,姿意燕为,263726012
347,2017,3,28,我们竟然撞头像了[大哭],0,eviory5,124962332
348,2017,3,27,孙燕姿的歌就是听起来简单，唱起来超难，不要问我怎么知道的，嗓子哑了,2,谷雨young,31971961
349,2017,3,26,伤心的人别听慢歌[大哭],0,少越少越,104295388
350,2017,3,26,❤️,0,CECINING,48442071
351,2017,3,24,健美操课上听着音乐老是想到这首歌🎵,0,普通變態,10030789
352,2017,3,22,拍拖还是趴拖[色],1,林守乐,55243746
353,2017,3,18,十多年的的彩蛋现在明白了[呆],0,cyplayboy,303787610
354,2017,3,17,啊，咋这么好听。[亲亲],0,刘喜翔,70613960
355,2017,3,15,我天 我才知道,0,姜yan_,333108517
356,2017,3,15,20:04,0,林守乐,55243746
357,2017,3,12,我以为我没听过这首歌，听了一会，奥听过。,1,Twinkle_yw,395841363
358,2017,3,9,以前超级喜欢[呲牙],0,一只小爷爷,332937582
359,2017,3,6,有燕姿的地方就有我,0,气氛来了就要醉,308485041
360,2017,3,5,23:49,0,林守乐,55243746
361,2017,3,2,小把戏,0,梵谷不跳舞,132774418
362,2017,2,24,前面那段是什么鬼…,0,把酒言话,116902125
363,2017,2,21,23:37,0,林守乐,55243746
364,2017,2,20,爱姿,0,姿意燕为,263726012
365,2017,2,20,[呆],0,望山人,35448875
366,2017,2,12,又是一首冷门神曲！[憨笑][憨笑]  姿姿[爱心],1,O_oHULLO,343829645
367,2017,2,11,好听,1,风中拾遗,283224068
368,2017,2,7,铁粉,1,忘不掉的明天r,101795664
369,2017,2,6,嘟嘟嘟嘟嘟嘟哈哈萌萌哒,0,mmivan,103380352
370,2017,2,3,llalala,0,going_up_stef,372536854
371,2017,1,25,现在才发现，有些很熟悉的旋律都是姿妈制造[钟情],3,李大大和李果果,303458585
372,2017,1,22,好听,0,网易大虾米,54468497
373,2017,1,21,厉害，我一直以为是哪国语言呢,1,夏花也好秋叶也罢,132873807
374,2017,1,20,或者把它们删除了吧，我看着听歌都不舒服了,0,DanCingVanGogh,263043497
375,2017,1,20,对评论区里的一些很失望，能不能让这里安静下来,0,DanCingVanGogh,263043497
376,2017,1,20,刚开始听着像摩西摩西[大笑],0,DanCingVanGogh,263043497
377,2017,1,17,约会输给加班,0,自然卷卷卷的f,65004467
378,2017,1,13,快歌实在好听[色],0,独享日光,335334051
379,2017,1,11,爱姿,2,姿意燕为,263726012
380,2017,1,10,不管，我要跟着节奏摇起来,1,帐号已注销,124859943
381,2017,1,6,超好,0,苏菲de允,86784321
382,2017,1,3,爱姿,1,姿意燕为,263726012
383,2016,12,30,[亲亲],0,海角七号罐头,124536116
384,2016,12,25,好久没听燕姿，然后今天打开燕姿的歌单，这首要收藏，这一首也要收藏。。。收藏到手累了，心想差不多了吧，往下一翻，还有惊喜，还得继续收藏，不说了，我继续去翻了，我要翻到底！,7,DuangFo,119542573
385,2016,12,24,爱姿,1,姿意燕为,263726012
386,2016,12,20,爱姿,1,姿意燕为,263726012
387,2016,12,18,姿迷来也,0,ciree米修,302895683
388,2016,12,13,姿少女！什么阿姨！,4,JeanZer0,115069125
389,2016,12,12,爱姿,1,姿意燕为,263726012
390,2016,12,11,年轻的时候听你太少了。。[呆],0,Just节奏一下,281202198
391,2016,12,6,每次都听成:喜欢到梅花客栈🙄,2,mmivan,103380352
392,2016,12,4,❤️❤️❤️,0,辉机起飞了,16878905
393,2016,12,4,[大哭][大哭][大哭]爱死了,0,辉机起飞了,16878905
394,2016,12,3,演唱会听到的，完全懵逼竟然是这首。。,1,松间月影,50010873
395,2016,12,3,別再說這首冷門那首冷門了 我家阿姨我要獨自抱走！[憨笑],0,directorrowe,1923073
396,2016,12,2,好可爱的发音啊！醉到不行,2,_UnaVida_,80518272
397,2016,11,22,这首歌我很喜欢,0,聆听歌手的内心深处,280741579
398,2016,11,21,哈哈哈厉害了,1,Nnnnnnononn,115189651
399,2016,11,21,你是不是在知乎上抄了我的答案！！！,0,Xavier719,110741233
400,2016,11,20,燕姿出品，必属神曲,3,鸡肋不是,81816871
401,2016,11,13,为啥会冷门,0,hewittchoi,8881718
402,2016,11,10,很好听呀,0,智智障儿童欢乐多,128616992
403,2016,11,7,爱姿,1,姿意燕为,263726012
404,2016,11,7,喜欢这首歌！,0,Kiddy-seiigi,56840191
405,2016,11,6,爱姿,1,姿意燕为,263726012
406,2016,11,5,快歌慢歌掌控自如,0,小聂要做种花家的好兔子,248265269
407,2016,10,20,爱姿,1,姿意燕为,263726012
408,2016,10,13,du du du du du,0,海绵1874,298588296
409,2016,10,12,燕姿是为数不多的快歌慢歌都擅长的歌手~,8,花椒吖好麻,9592890
410,2016,10,11,除了这首冷门，还喜欢懒得去管,0,林兰夕,20169129
411,2016,10,9,超想听这首歌的现场，超想！,3,叶勇敢,132263747
412,2016,10,4,这你都发现啦？？！[惊恐],0,DanCingVanGogh,263043497
413,2016,10,4,专辑封面好美,1,DanCingVanGogh,263043497
414,2016,10,2,爱姿,2,姿意燕为,263726012
415,2016,9,30,可爱活泼,0,此号已维护,337669855
416,2016,9,18,循环dudududududu真的循环起来了,2,方圆已被注册,63103560
417,2016,9,18,好了，KTV第一曲已就点她了,1,方圆已被注册,63103560
418,2016,9,17,这歌评论都不多 汗,1,訾央伪装小漠漠,247480354
419,2016,9,11,哈哈哈，,2,YZ芣苢,330392808
420,2016,9,9,爱姿,3,姿意燕为,263726012
421,2016,9,9,嘻嘻嘻嘻嘻嘻,0,軻卜樂,109010820
422,2016,9,7,其实2007年听这首歌的时候很喜欢，并不比咕叽咕叽差,3,柒星雪,85911992
423,2016,9,3,这张专辑是我最喜欢的一张，所有歌都很有感觉,2,高冷的周大王,90863782
424,2016,8,24,上次听这首歌是这张专出的时候~现在听到副歌竟然还会唱点…,2,Alexsandre_Mao,72273652
425,2016,8,14,[嘴唇][嘴唇][嘴唇],0,小特xxx,97645034
426,2016,8,13,约会输给加班,3,过往云烟视而不见,305289320
427,2016,8,10,23333,0,逆光FACE,88730935
428,2016,8,10,[爱心],0,东山月缺,31705144
429,2016,8,9,gogogo后面那一声是我姿自己吗[大哭][大哭]能跟陈浩民宠物小精灵里面那一声皮卡丘媲美了[大哭][大哭],3,阿图尔的法哲学,34568481
430,2016,8,6,[爱心],0,了不起的老人家,37782426
431,2016,8,6,好可爱的吐字[色][爱心][爱心][爱心],5,芬兰的孤岛鲸,115963271
432,2016,8,6,好可爱*^o^*，朋友讲得比他还棒~,2,将渡未渡,92940839
433,2016,8,4,226,0,求一切顺利的王多多,272099714
434,2016,8,2,好了好了  我们还是和好吧 算是不打不相识 都是姿迷  本来不是啥大事  都有自己的观点  可能我表达不是很对  但我其实开始是想表达自己的善意  如果有什么说话不对的 你原谅[拜]还是喜欢和和气气的,1,爱姿到永远,124023674
435,2016,8,1,最后一条  别回复我了   你的评论很影响心情  你是我认识的姿迷中最影响心情的一个[晕],1,爱姿到永远,124023674
436,2016,8,1,忘了跟你说我去看了贵阳成都，一场A区一场看台 ，别以为看了a区不得了就不一样 。我认识很多姿迷每场都去都是a区。我不想跟你对骂本来都是姿迷，都个人看法都不一样  我是觉得燕姿什么都好，但我从来没想过要改变别人的想法看法，最后说一句  别人身攻击，带没带脑子你没资格评论。,1,爱姿到永远,124023674
437,2016,8,1,一个人听的是跟我们的感觉不一样,1,爱姿到永远,124023674
438,2016,8,1,原本只是想表达一个善意觉得大家一起听燕姿的歌是个很幸福的事  你在发表观点我也在没必要呛吧,1,爱姿到永远,124023674
439,2016,8,1,听下来的不多？你能看得出来？,1,爱姿到永远,124023674
440,2016,8,1,一个人看是跟朋友或者亲人一起看是不一样[奸笑],1,爱姿到永远,124023674
441,2016,7,31,❤️,0,CECINING,48442071
442,2016,7,31,du du du du du du,0,举个西木,60673274
443,2016,7,30,我也在,2,starrylee,29431936
444,2016,7,30,听这种冷门歌的你是有多爱孙燕姿,2,starrylee,29431936
445,2016,7,30,评论也太低了吧,2,starrylee,29431936
446,2016,7,29,重点是都好听！,0,爱姿到永远,124023674
447,2016,7,27,我是王海峰我喜欢孙燕姿,0,爱姿海,126397948
448,2016,7,27,感觉很好听啊，为何评论如此的少,1,坐饮红楼,30405508
449,2016,7,27,演唱会本来气氛就不一样  特别是这种曲风   而且在现场心情也不一样啊,0,爱姿到永远,124023674
450,2016,7,27,多的很  不好整理哦   加油↖(^ω^)↗,0,爱姿到永远,124023674
451,2016,7,27,哈哈哈哈陪你们玩,0,阿肥89757,17780385
452,2016,7,27,不要怕  与你同行,0,爱姿到永远,124023674
453,2016,7,27,你的品味是有多低  不好听  我呵呵,0,爱姿到永远,124023674
454,2016,7,27,贵阳站也是呀,0,爱姿到永远,124023674
455,2016,7,25,副歌亮了…………[色],0,未来是星辰大海,134343616
456,2016,7,23,我的青春！！！燕姿生日快乐[蛋糕][蛋糕][蛋糕],1,-有姿有菋-,129649056
457,2016,7,23,我的青春！燕姿生日快乐[蛋糕][蛋糕][蛋糕],1,-有姿有菋-,129649056
458,2016,7,22,这也能叫粪曲？不是只有主打歌大情歌才叫好听啊？燕姿每张专辑都需要抖腿歌呀！！！这个不叫好听 那你告我什么叫好听？,0,没脑兔,284685033
459,2016,7,18,我燕姿,0,motorcycles,283973423
460,2016,7,11,稍微弱的歌曲……,0,忘不掉的明天r,101795664
461,2016,6,29,当年这首歌被许多姿迷评为燕姿的“粪曲”。,2,NamuI-,40132937
462,2016,6,29,爱姿,0,姿意燕为,263726012
463,2016,6,25,我是王海峰我喜欢孙燕姿,4,爱姿海,126397948
464,2016,6,24,嗨,0,LILI哆啦咪,264616105
465,2016,6,19,帕拖？？？,0,林守乐,55243746
466,2016,6,6,[憨笑],0,傻子-笨蛋,1331490
467,2016,6,5,好听啊,0,notdanny,268136696
468,2016,6,4,是不是克卜勒放唱了这歌的。忘了。。,0,我想养只古乐兽,51814719
469,2016,5,31,你第一 我第二[亲],0,Lution_,79140672
470,2016,5,30,凡属燕姿，必为精品。没有最好，只有更好[爱心],0,帐号已注销,107770235
471,2016,5,30,网上有人说这是fen曲，原因是歌词太烂，比如“数到一说到二，变成我们俩”什么鬼意思？然后我笑了，歌词明明是说数到一数到变成我们俩，走到一走到二开始有一段，表现的是关系递进的关系，断句都不会，文化低就不要出来混了,2,帐号已注销,107770235
472,2016,5,29,打卡打卡，撒花撒花[亲亲],0,了不起的老人家,37782426
473,2016,5,29,[亲亲],0,了不起的老人家,37782426
474,2016,5,27,121,0,北瓜头Fizz,45119770
475,2016,5,25,今天在超市听到，默默记下了，很好听啊,0,芸芸小咖啡,61183662
476,2016,5,23,姿迷来了[憨笑],0,北极之狐,18473968
477,2016,5,18,别轻易给人贴标签，一定要贴我也是理智粉，每张都买正版，演唱会也自掏腰包看过，这还黑？,0,阿肥89757,17780385
478,2016,5,17,孙燕姿是你妈呀还是女儿啊说不得了？你也大可不必回复我找存在感，另外说一句我有男朋友了，不需要你惦记，谢谢,0,阿肥89757,17780385
479,2016,5,17,对就是不能怎么着，觉得烂就别听孙燕姿的歌呗，孙燕姿不会只唱你喜欢听的雨天，克卜勒，无限大这类歌，接受不了还要来踩一下，有本事别听孙燕姿其他歌，免费的享受着别人一部分劳动资源，然后还恣意踩低自己不喜欢别人的那一部分，阿肥同志，有空就抓紧时间去找男朋友，不用来燕姿这里找存在感，靴靴,1,别再奋力逞强,122065677
480,2016,5,16,听了才能知道难不难听，难道只许好听才能说，不好听就不能说了么呵呵,0,阿肥89757,17780385
481,2016,5,13,因为可以看评论喜欢上用网易云音乐，然后把燕姿的每一首歌的评论都看一遍，燕姿的这首冷门带感神曲当然不能错过啦，在这感觉找到组织了，哈哈,0,ellvan,266500323
482,2016,5,11,[憨笑][憨笑][憨笑],1,哪吒不哭,252648391
483,2016,5,10,每一张专辑其实都不缺乏这样风格的歌，就像你就知道你姿一直在那把青春交给你们一样,1,sojeiand-,107726242
484,2016,5,8,爱燕姿到疯癫[流泪],1,世纪浩劫浪漫纳税是杀死爱神的箭,99106723
485,2016,5,5,[亲亲][亲亲][亲亲][亲亲][亲亲],0,那都不是事丫,267903331
486,2016,5,5,觉得难就别听呗，有病啊，不喜欢还有特地来说一声，多想找存在感？,0,别再奋力逞强,122065677
487,2016,5,2,[憨笑]永远爱你姿姿,0,不褪色1,129160621
488,2016,5,1,哈哈哈哈哈,0,Cypress_Nectar,52419940
489,2016,4,29,这首歌现场真的超嗨(˶‾᷄ ⁻̫ ‾᷅˵)燕姿的歌就是耐听,0,刘大萌咩咩,56744554
490,2016,4,28,不算太火的一首，但是每次听都很嗨，燕姿“二”的发音特别萌。,1,lemonyujia,74878800
491,2016,4,28,听起来超二超青春活力的一首歌 [大笑][呲牙],1,追寻一声,61193496
492,2016,4,24,这首歌很嗨的，听过现场演唱会，下面人都沸腾了。,2,辛鹿麋,99000763
493,2016,4,23,打卡,0,哪吒不哭,252648391
494,2016,4,22,好可爱>_< 理想型>_<,1,该用户已跑路,88265457
495,2016,4,17,[爱心],1,孙燕姿的锁骨,17714009
496,2016,4,17,纯好听，港姐风,0,舟看will,78673267
497,2016,4,15,喜欢这首,0,iamyoungURnot,136070617
498,2016,4,14,"就喜欢这种调调
",0,Tesla9527,47467530
499,2016,4,12,头一次听到这样的风格啊~[亲亲],0,野味浪鲜,105893622
500,2016,4,8,不懂为什么听着歌就会想到棒棒糖[大笑],0,克也桑,32754583
501,2016,4,7,姿迷打卡[可爱],0,了不起的老人家,37782426
502,2016,4,7,燕姿能够驾驭各种风格[憨笑],1,了不起的老人家,37782426
503,2016,4,4,[色][色][色][色][色][色],0,MsEetze,262279217
504,2016,4,4,两年前天津站被这首圈[开心],0,Alexadro,40969003
505,2016,3,28,好好听，这歌,0,uncanny1993,7607400
506,2016,3,26,如果可以的话，请姿亲们支持我整理出的歌单  “燕姿那些评论过千的歌”，姿迷无处不在，燕姿无可取代[憨笑],2,朝言夕卜,79162369
507,2016,3,22,九周末,0,stupiding,103513641
508,2016,3,22,九年[爱心],0,孙燕姿的锁骨,17714009
509,2016,3,21,燕姿在演唱会也唱过！,0,Divinyyyy-,130486718
510,2016,3,21,廖莹如也写过天黑黑给燕姿，这首歌风格就超俗哈哈哈,0,Divinyyyy-,130486718
511,2016,3,21,二的发音好萌,0,黑暗骑士-TDKR,37793064
512,2016,3,16,这首歌也是我姿的冷门神曲噜,0,一只馒头就是我,122635037
513,2016,3,15,唱得好开心[开心],0,Steftian,96247194
514,2016,3,11,多年后又开始单曲循环,1,Jasmine与其,3360235
515,2016,3,9,克卜勒大连站现场比这都好听,0,E-V-Z,86643853
516,2016,3,8,呵呵 这就是你的素质,0,阿肥89757,17780385
517,2016,3,8,所以请抱着你的熊滚吧？,0,ssssteff,102967184
518,2016,3,6,再来[亲亲],0,了不起的老人家,37782426
519,2016,3,5,评论刷起～[亲亲],0,xf帆,91895203
520,2016,3,5,烂死了这首歌,1,阿肥89757,17780385
521,2016,3,5,数到一 数到二 [开心],0,千里念行客,6801263
522,2016,3,4,二~,0,孙燕姿的锁骨,17714009
523,2016,2,25,演唱会上唱的开心的不行,0,铜须是基佬,82575068
524,2016,2,24,[大笑][大笑][大笑],0,苏三伞,111844957
525,2016,2,20,这首歌这么好听！,1,哈哈绿蘑菇,69926727
526,2016,2,20,羡慕各位阔以看演唱会的[哀伤],1,Begin丶again,100242187
527,2016,2,19,没人呢？杰伦的所有歌都999+了…,1,袋添葱deserts,67521596
528,2016,2,18,哈喽 我在听,0,香瓜与冬瓜,59584865
529,2016,2,14,姿迷打卡[可爱],1,了不起的老人家,37782426
530,2016,2,13,《爱情的花样》开始的火星语是《直来直往》的rap音轨反过来播放的。,300,克卜勒世界巡回演唱会,83076889
531,2016,2,13,直来直往😱,1,举个西木,60673274
532,2016,2,13,孙燕姿发音好可爱,0,姑苏客st,79800447
533,2016,2,10,[兔子],0,五花是只猫,16907490
534,2016,2,7,数到一 数到二 青岛那场演唱会够嗨 深深爱上这首,2,由唱到听,117439976
535,2016,2,4,姿妈萌萌的感觉，怎能不支持！,2,JZT菠萝滴海,129907975
536,2016,2,4,这首歌 演唱会live简直赞爆啊！！！演唱会结束后我在家里天天放，害得我麻麻都会唱：数到一数到二了🤓🤓[大哭][大哭],2,Erhoujiuhe,42755208
537,2016,2,3,上海演唱会唱了这首[哀伤],1,抹茶红豆冬,65598494
538,2016,2,2,100,0,小号_,116219774
539,2016,2,2,99～,0,雪原少年,64736597
540,2016,2,2,98,0,雪原少年,64736597
541,2016,1,29,开头直来直往说唱的反转[大哭],1,甜一分苦九分ya,50669579
542,2016,1,28,[呲牙]超喜欢唱这首的副歌,0,冰镇番茄,84753531
543,2016,1,27,姿迷在这里[憨笑],1,跳舞的小谷_,98206866
544,2016,1,25,你说一我想爱,0,gdbskxb,7468066
545,2016,1,24,这么萌的歌竟然没人听！,0,润琦在睡觉,40744820
546,2016,1,23,人呢,0,向往北方的日子和乐子,75903833
547,2016,1,22,直来直往里，打破玻璃杯那几句,1,朝言夕卜,79162369
548,2016,1,20,2姐好卖力。。。,0,江湖迷走,3290210
549,2016,1,19,约会输给加班[大哭],2,两个视界,81165474
550,2016,1,17,你能感受到如此欢快的旋律吗？,1,Iforgetmyself,267115
551,2016,1,17,爱燕姿[嘴唇],0,了不起的老人家,37782426
552,2016,1,17,外面呼呼的风，听燕姿的歌暖一暖[爱心],0,了不起的老人家,37782426
553,2016,1,17,[亲亲],0,了不起的老人家,37782426
554,2016,1,17,[钻石]钻石般闪亮,0,了不起的老人家,37782426
555,2016,1,17,[爱心],0,了不起的老人家,37782426
556,2016,1,17,姿迷报道[跳舞],0,了不起的老人家,37782426
557,2016,1,17,天呐，好听到受不了了[惊恐],0,了不起的老人家,37782426
558,2016,1,17,就是喜欢到没话可讲！,1,你姿十三,71279167
559,2016,1,12,好想知道开头到底说了什么[大哭][大哭][大哭],1,陈诺Noe,74165390
560,2016,1,12,当时听也有这个疑问，找到了这个答案，还专门下载了软件，把这段再倒回去，果然是直来直往,2,海外小仙人,65586509
561,2016,1,8,好听，想到燕姿录歌时一定萌萌哒(,2,朝言夕卜,79162369
562,2016,1,8,才几十条评论你们能忍？我不能！！[怒],1,熊小young,63286584
563,2016,1,7,抖起来[大哭],0,澜本姿语,76707783
564,2016,1,3,[吐舌],0,黑暗骑士-TDKR,37793064
565,2015,12,31,[亲亲]坐在回家的火车上又来循环姿妈的歌了，听着这首欢快极了,0,CGNH,65593562
566,2015,12,28,怎么听起来这么像日语？,0,钦宇星,31431346
567,2015,12,26,怎么这么可爱[亲亲],0,Flipped__x,49745777
568,2015,12,25,这首歌是逆光专辑里最喜欢的一首 古灵精怪的小怪咖 有木有 爱姿病无药可救,1,再无爱,53039726
569,2015,12,20,2,0,是相遇太难-,65929939
570,2015,12,20,打卡,0,索南real,38683458
571,2015,12,3,[兔子][小鸡][公鸡][狗][猫][猪][牵手][钟情][星星][钻石][礼物],0,凹饺,80862805
572,2015,11,30,青岛站我也去的 很嗨,0,汪gzcs0,32424014
573,2015,11,30,[憨笑],0,新昵称还没想好,67339684
574,2015,11,30,大爱燕姿[色],0,叫人家小甜甜,73806038
575,2015,11,29,dududu,0,_苏白_,53911321
576,2015,11,24,想起演唱会上燕姿跟着节奏一起跳舞的场景，萌cry,0,_Estela,7557442
577,2015,11,21,评论好少,1,Juiii_,78092228
578,2015,11,20,萌哭了！！！！,1,你的视线是谅解,48728206
579,2015,11,20,歌曲刚开始时一段不知所云的如同念经一般的独白，其实是歌曲直来直往的一段倒放的效果。 ,445,徐徐昊昊1117,97498817
580,2015,11,16,姐姐的歌都很爱啊,0,陈二千老师,52609464
581,2015,11,16,燕姿最美,0,好汉饶命23333,49532798
582,2015,11,16,这么可爱动感活泼洒脱超俗卖萌的歌 居然这么冷 姿迷呢 失望[皱眉],179,cleannow,77868482
583,2015,11,15,太不科学,0,举个西木,60673274
584,2015,11,14,11.14 复习～,0,完成已注销,35832605
585,2015,11,13,51,0,帐号已注销,86912454
586,2015,10,26,yanziyanzi.,1,帐号已注销,44991129
587,2015,10,19,[呆],0,新昵称还没想好,67339684
588,2015,10,18,哦，朋友讲的比他还棒~[大哭]听苏了,1,失眠的苏菲,48369143
589,2015,10,18,阿姿你唱得太俏皮好少女哟~~~[亲亲][亲亲],1,菲儿灰灰,62222598
590,2015,9,30,太萌了，好俏皮[亲亲][亲亲],0,CGNH,65593562
591,2015,9,18,不科学,0,举个西木,60673274
592,2015,9,18,你说一 我想二,0,青城山下陈绮贞,11684436
593,2015,9,2,这首歌在演唱会之前是没那么有feel的 现场之后中毒 好动感[大哭],0,闪泥啦啦啦,88079495
594,2015,8,22,当时在演唱会现场还以为是五月天的歌[大笑],0,here小新,32433263
595,2015,8,22,[呲牙][憨笑][可爱][大笑],0,study中whoops,48435532
596,2015,8,22,早安[可爱]周末愉快[呲牙][呲牙],2,Anti_Escape,46907664
597,2015,8,21,歌词是什么意思，看不懂,0,滨崎凌宝贝,53101621
598,2015,8,14,好欢快,0,七月微风正好,54600044
599,2015,8,11,你第一，我第二。,0,李剑7,12795261
600,2015,8,6,😘😘,0,举个西木,60673274
601,2015,8,6,好可爱啊~,0,ljjm,9169307
602,2015,8,4,很好听啊[可爱],0,我题序等你回,56305764
603,2015,7,23,很努力在唱“二”的样子好可爱[开心],0,我就叫hellohy咋了,40176808
604,2015,7,22,节奏感,0,举个西木,60673274
605,2015,7,20,一分三十二秒的二,2,mAsSaPpEaL,65555890
606,2015,7,6,演唱会版简直[亲亲][亲亲][亲亲][色][色][色],1,张村长如我,56544622
607,2015,6,30,很不错,0,TheBlackParade_,41597839
608,2015,6,29,这首歌听着让人很想high,0,路人彦小二,76285353
609,2015,6,29,好听到没道理,0,举个西木,60673274
610,2015,6,26,喜欢喜欢！,0,被发丝缠绕的姑娘,7628741
611,2015,6,24,爱姿病打卡[开心],1,乔豆玛袋,35806306
612,2015,6,20,歌词一般。。。。,0,王小三金,52811574
613,2015,6,19,很好听诶,0,举个西木,60673274
614,2015,6,16,我也是看了青岛演唱会才知道她唱过这歌,1,被发丝缠绕的姑娘,7628741
615,2015,6,14,青岛站的这首特嗨~,75,一只不完美的海星,3241795
616,2015,6,14,[亲亲],0,湖人死忠,7776579
617,2015,6,12,[大笑],0,用尽所有思念,33731939
618,2015,6,7,棒！,0,梵蒂冈的呐喊,19562584
619,2015,6,5,循环 却同一个模样,0,姿迷雨还是不停的落下,72260161
620,2015,6,4,“喜欢到没话可讲”是怎么个说法？[呆],0,yty21,36041026
621,2015,6,2,嘟嘟嘟嘟～～,0,远行的节拍,12611935
622,2015,2,7,二的发音 ，好萌mmm,127,帐号已注销,32050437
623,2015,1,28,数到一数到二，变成我们俩,0,啊彩虹金刚,36813307
624,2015,1,25,这首歌旋律很有感觉。。,49,Hk_chen,45175827
625,2014,12,29,受伤就记在账单，累计负债的失望,0,cosice,964271
626,2014,12,14,从买这张CD开始就觉得这首很不错,1,PSY-Edgar,33747790
627,2014,12,7,前面这句话是什么意思,1,MonkeymitDL,39969219
628,2014,10,29,演唱会上第一次听这首歌，旋律很有意思,54,阿鸦,2430821
629,2014,10,25,[可爱][可爱][可爱][可爱],0,Ariana_Grande____,35032031
630,2014,10,25,好好听,0,Ariana_Grande____,35032031
631,2014,10,24,数到一数到2,0,不穿袜子的人,32539043
632,2014,10,14,燕姿[亲亲],0,愿与你再次相见,34747785
633,2014,6,21,#goodnight melody# 我的愛，see you tonight,0,林夕悟,5933464
