index,year,month,day,content,likecount,nickname,user_id
1,2019,11,21,怎么没有了你    都不对    ？。？？？！！，！！！！！！！！！@-----Stefanie,0,-----Pyrojewel,285218856
2,2019,11,16,每次听这首歌 都想起那段岁月 想起她,0,茜空cloud,113592451
3,2019,10,14,到这来的都是铁粉，有哪场live唱过一样的夏天吗？,0,LapIace,355418011
4,2019,10,14,万人KTV😂😂😂😂,1,LapIace,355418011
5,2019,9,27,万人KTV,2,XQ0823,489797899
6,2019,8,24,开头这是炸的了？哈哈哈,0,听丞琳吴克q燕姿阿妹,382060420
7,2019,8,16,陪我唱歌好不好,2,克卜勒_wu,97556018
8,2019,8,12,我姿爱我[狗][狗],0,Joyce的橙子,1665584207
9,2019,7,2,尾音超好听，两个世界～,1,ZeroTsu-,612338284
10,2019,7,2,我也爱孙燕姿,1,Erika_Linder,305117600
11,2019,3,30,嘻嘻,0,座瓶水是我惜可,253248732
12,2019,3,4,今晨醒来 脑子里响起这首歌,1,嬉戲唱遊到下世紀,256965292
13,2019,2,27,孫燕姿情歌裡面我最愛的一首。2001年，躺在陽台，陽光射在身上，用音質很差的耳機聽磁帶，有種久違的感動，當年聽不懂歌詞，卻能跟著一路哼。這一哼就是十幾年。後來的演唱會也有幸聽到LIVE，慶幸有這種圓滿,5,鈴木FREE,50647588
14,2019,1,24,人🌶么少？我佛了,0,Stef_小黃瓜,509976485
15,2019,1,10,开头那一声，我的心❤❤，爱燕姿,4,cheeseandkisses_,109894617
16,2018,12,11,哈哈哈哈,0,YDNKS-彻底的-sagoo-Maxist,265426022
17,2018,11,22,听完赶紧去回看了这场,0,Stef_小黃瓜,509976485
18,2018,11,21,衣服[呲牙],0,Stef_小黃瓜,509976485
19,2018,11,17,燕姿❤️❤️❤️,0,Stef_小黃瓜,509976485
20,2018,11,17,要是我早生个7 8年该多好,1,Stef_小黃瓜,509976485
21,2018,10,30,坏人KTV[大哭][大哭][大哭][大哭],1,-----Stefanie,454876432
22,2018,10,17,好听,0,虎虎fly,343593481
23,2018,10,14,直来直往，率率的！,1,帐号已注销,1488988645
24,2018,8,31,“这个很紧的”[大哭],1,SUGAR-HIGH,32357998
25,2018,8,3,🎧,1,_诗芊,81037679
26,2018,8,2,听的燕姿的第一批歌里的，满满都是童年,1,prince-Joshua,117961245
27,2018,5,14,等你，2020[爱心][爱心],2,我有努力和这个世界变熟,394296679
28,2018,5,2,还一身率性[大哭],2,33轉的LP,630862795
29,2018,4,30,燕姿超可爱的！,0,Erika_Linder,305117600
30,2018,4,25,就不回复,0,阿拉丁的短笛,250570702
31,2018,2,24,直接可以哼出来的回复[奸笑],1,十三哥z,290982236
32,2018,2,24,感动不一定流泪，感情还一样率真[奸笑],0,Islandofcyril,48634536
33,2018,2,23,期待2020年的万人ktv！,8,啊彩虹金刚,36813307
34,2018,2,13,最棒的一场演唱会,1,我有努力和这个世界变熟,394296679
35,2018,2,8,记得三四年前还发过一条说说，不管泪水多咸，有一天我会告别从前。如今真的告别了从前，偶尔也会在歌词的字里行间，在你姿的歌声中追忆过去的生活，难能可贵,2,风花月剑,513161020
36,2018,1,31,当年嫩出水的start巡回，一如既往率真的燕姿,5,十三哥z,290982236
37,2018,1,31,万人KTV好不好！哈哈哈哈,3,十三哥z,290982236
38,2018,1,31,这个声音听了好多年。归属感呐,1,十三哥z,290982236
39,2018,1,29,点开看这不是我女朋友么,1,跳舞的克卜勒,122786310
40,2018,1,28,2020年等你,2,极美欢庆,351351231
41,2018,1,28,点开是不是被美到了,1,苏苏苏苏苏苏苏禾呀,331479824
42,2018,1,28,看小图我以为是梁静茹,0,跳舞的克卜勒,122786310
43,2018,1,22,好 ,0,苏苏苏苏苏苏苏禾呀,331479824
44,2018,1,13,那条线,1,恨美,366726752
45,2017,12,27,一定要去看一场我姿的演唱会。,2,我有努力和这个世界变熟,394296679
46,2017,12,3,万人KTV，好啊^o^~,3,燕姿一辈子,626718330
47,2017,11,8,我们越走越远，两个世界。新的感觉也许偶尔会出现，怎么没有了你，都不对,0,燕姿我好想你,403139403
48,2017,10,28,我喜欢孙燕姿，你喜欢我好不好？,1,ConieK,124126358
49,2017,9,20,我感觉这唱功和音色和cd没什么差别,2,一个执着的boy,312054405
50,2017,9,14,好啊好啊，万人KTV[憨笑],3,竟然有人抢了我的昵称,74685696
51,2017,8,30,[爱心],1,永远有多远灬,346081467
52,2017,8,18,前奏不要太好听。,1,我有努力和这个世界变熟,394296679
53,2017,8,10,好~,0,罗曼蒂克主义者,362068192
54,2017,7,6,陪我唱歌好不好～萬人ktv～～～,3,鄒爸比,85768778
55,2017,7,6,燕姿好可爱🤔,0,不给糖就捣蛋kql,418695350
56,2017,5,13,[色][亲亲],0,气氛来了就要醉,308485041
57,2017,5,10,还喜欢她逆光的演唱会，新专出来开个鸟巢的ktv哈,3,Le_mot-phoebus,302515560
58,2017,5,9,再来北京演唱会好不好,2,我不卿卿谁复卿卿,307978899
59,2017,5,9,好,0,永远有多远灬,346081467
60,2017,5,7,这个版本很难忘,1,瓶中信2016,124268997
61,2017,5,5,总把爱情字典和爱情证书弄混淆的我，[大哭][大哭][大哭],5,明天晴天--,37329385
62,2017,5,4,哇，我的云音乐终于不是单机版了[大笑],0,神通广大的chris,103693776
63,2017,5,4,哈哈哈,0,阿Dar,94482447
64,2017,4,12,这是台北场,0,大龙1203,263664201
65,2017,3,31,万人ktv好不好,3,Kepler_VoanGogh,253205365
66,2017,3,27,陪我唱歌好不好,2,我有努力和这个世界变熟,394296679
67,2017,3,7,这是在北京的那场,1,本尊神,387151844
68,2017,3,7,这是北京的,1,本尊神,387151844
69,2017,2,7,我已經學會愛情的語言,0,很小資,295780589
70,2017,1,13,爱情字典[亲亲],0,气质不倒开心就好,284553619
71,2016,12,3,陪我唱歌好不好,3,帐号已注销,124859943
72,2016,12,1,永远的12.18,0,asdadadadadadad09,69407579
73,2016,10,28,一个字，超级赞啊，真想去现场,1,北城以北的念,100256294
74,2016,10,16,好！,1,帐号已注销,124859943
75,2016,10,8,下次你的现场一定一定去[憨笑],1,Echo_i_i_,52627843
76,2016,10,8,不要太可爱[亲],2,Echo_i_i_,52627843
77,2016,8,30,[亲亲][亲亲][亲亲][亲亲],0,开点药给你吃好吗,36843947
78,2016,8,17,欠你的一首歌，我没机会唱了,2,建华很忙很忙,265175211
79,2016,6,30,和前男友终究也过不了那条线👬[哀伤],1,NovakDamon,65603302
80,2016,6,16,[呲牙],0,相知相依相守,110853684
81,2016,6,14,[生病][生病][生病],0,爱姿海,126397948
82,2016,6,14,我是王海峰我喜欢孙燕姿,2,爱姿海,126397948
83,2016,5,20,陪我唱歌好不好,0,zjs千,120336488
84,2016,5,5,sie sie～在爱情字典里找得到永远和孙燕姿😳,0,孙燕姿的手,100429699
85,2016,4,29,好紧啊。,0,芜湖李志,70441254
86,2016,4,27,爱情字典~~~燕姿好活泼,0,帐号已注销,75770019
87,2016,4,17,这么多年了，还是最爱燕子,0,用户126356122,126356122
88,2016,3,3,好！,0,Rainieowo,83366096
89,2016,2,12,真的好好听啊。太抒情了,0,不要太冷了,56127606
90,2015,12,11,我们越走越远 两个世界,0,panda20110625,64098142
91,2015,11,21,她永远都是那么特别,3,简森人士,105522167
92,2015,10,4,听见燕姿的声音就好开心,1,starrylee,29431936
93,2015,10,4,万人ktv,0,starrylee,29431936
94,2015,6,16,好话唠[大哭],1,Roark-H,67428668
95,2015,5,26,哈哈 晚安,1,大眼睛的刘胖子,55734389
96,2015,5,26,我也爱孙燕姿[憨笑],1,不要太冷了,56127606
97,2015,5,15,还是很好听,0,深蓝色先森,51482084
98,2015,4,21,[惊恐]真的过去十年了？！,0,樂了个偏头痛,31228250
99,2015,4,10,我爱孙燕姿,40,大眼睛的刘胖子,55734389
100,2015,4,10,占楼,0,大眼睛的刘胖子,55734389
101,2015,4,10,这么少评论,1,大眼睛的刘胖子,55734389
102,2015,3,7,那一声”啊”跟“这里很紧”让我邪恶了，[撇嘴],1,你的天文特征是几时几分,14380985
