index,year,month,day,content,likecount,nickname,user_id
1,2019,11,2,我爱,0,-昵称正在编辑中-,1510322198
2,2019,10,14,这个钢琴声，恰如心中呢喃,0,各饮共欢,91662150
3,2019,10,4,没法听了？请问您是CD坏了、耳机坏了、播放器坏了还是耳朵坏了呢？,6,别再奋力逞强,122065677
4,2019,10,4,那请您别听,6,一kepler,1409592056
5,2019,10,2,那我也来！,1,苑子潯的小号,1548957065
6,2019,8,29,我好爱,0,霉头霉脑云散月现自在飞花slay,42294326
7,2019,8,25,这一年都没人评论？我来！,1,hydrogenhi,1597587086
8,2019,4,24,？[西西惊吓],4,yueyue段-,135054373
9,2019,4,3,我还没出生,0,极美欢庆,351351231
10,2018,12,31,克卜勒之后就没法听了。。。,1,Gondolin,10943876
11,2018,10,11,我喜欢一个女生，可是我们没有开始过。她也不会再喜欢我了，要学习，要恋爱，要结婚，我不知道你快不快乐，但是我不快乐。每天除了早安晚安我不知道怎么去打扰你。有时候会想为什么执着于你，想破脑袋都没有所以然，和其他人总是差那么一点感觉。好了，祝你幸福。,1,阿客1,376397812
12,2018,9,25,03年，从高二开始接触燕姿的歌，拿生活费买了朋友的Sony随身听，把这张专辑听了无数遍，清楚的记得每一首歌词，时隔多年，再次听到这首歌，想起学生时代的自己连个女友都没有，天天为爱郁郁寡欢，哪懂什么爱情啊[大哭],2,罗宏镇镇长,398974365
13,2018,8,2,🎧,1,_诗芊,81037679
14,2018,8,1,希望这首歌能被大家听到，好听的歌不应该被埋没❤❤❤❤❤❤❤❤❤……,2,小酋的环球日记,1495774593
15,2018,7,23,这张专辑出的时候我10岁,1,骑士1989,75521112
16,2018,7,4,高中有一段时间骑着单车就哼着这首歌上学放学。,3,跳舞的yanzi,287088787
17,2018,6,21,作为零零后的我不知道先听版是撒意思,5,跳舞的梵谷yanzi,318974517
18,2018,5,7,ljc 你也要好好的 没有我的时候 你要好好照顾自己,0,边困,125949411
19,2018,5,7,ZL 你要好好的哦,0,叽不叽,58956698
20,2018,5,5,年轻真好,0,Claudio天蝎座,2810457
21,2018,5,3,[爱心]燕姿唱的都好听[爱心],2,-----Stefanie,454876432
22,2018,4,24,没关系，现在认识了,0,Claudio天蝎座,2810457
23,2018,4,24,我5岁,0,哪托WWW,256553464
24,2018,4,23,那时我才4岁🌝可我小时候不认识她,0,跳舞的yanzi,287088787
25,2018,4,23,2002年,0,Claudio天蝎座,2810457
26,2018,4,23,哪年,0,跳舞的yanzi,287088787
27,2018,4,23,没有了你，都不对,0,跳舞的yanzi,287088787
28,2018,4,22,最好的燕姿,0,Erika_Linder,305117600
29,2018,4,15,这首是我听的燕姿的第一批歌。小学的时候喜欢用单放机边听燕姿边做作业。还没首歌都学会[大哭][大哭][大哭]听着歌眼前出现的画面就是老家的光景，那时候多快乐简单。,2,prince-Joshua,117961245
30,2018,4,13,声音让人着迷,0,王金1711,632842409
31,2018,4,13,爱情系列的歌，燕姿都唱得太好了,0,王金1711,632842409
32,2018,4,13,太好听了吧,1,王金1711,632842409
33,2018,4,9,燕子最爱的歌之一,1,小宇宙97,347298613
34,2018,4,8,每次都有惊喜。,0,眸里星河i,478911487
35,2018,4,4,评论不能代表什么，我们都过不了那跳线到另一边,0,后知后觉的六,63010657
36,2018,4,2,999盖楼,0,毕竟Naive,33677655
37,2018,3,24,这么经典！这么少评论...,0,哈德馒头,57132361
38,2018,3,21,空叹息,0,tameiki0206,352353222
39,2018,3,16,孙燕姿是那个女人心里的女孩,0,纯二的时光,455604711
40,2018,3,16,遗珠,1,玮姿,1381331614
41,2018,3,11,最早听的姿妈歌之一～～[可爱],0,十头牛也拉不回的傻包子,396134707
42,2018,3,8,这样的歌现在根本找不出来，就是太冷门了,3,33轉的LP,630862795
43,2018,3,6,这么好听的歌。必须来刷评论啊[亲亲][亲亲],0,小小愿望就快实现了他在笑,124506618
44,2018,3,5,经常听,0,33轉的LP,630862795
45,2018,2,25,往昔半日虹，朱颜辞镜花。,1,泥瓦上的盒子,473000399
46,2018,2,24,冷门金曲,1,33轉的LP,630862795
47,2018,2,23,这首歌这么好听，评论却少的可怜[汗],1,Stefanie_kf,260396530
48,2018,2,21,当年红到不行,0,Claudio天蝎座,2810457
49,2018,2,6,啦啦5啊,1,半座城池丶,500055772
50,2018,1,31,怎么没有了你 都不对,1,hzyJiHoo,277715807
51,2018,1,17,在爱情的字典里找不到永远,0,微溦微凉,66314208
52,2018,1,12,居然是我5岁时发的歌，5岁已经离我很遥远很遥远了。,1,朱一金,626735320
53,2018,1,6,越走越远 两个世界,0,后知后觉的六,63010657
54,2018,1,6,这是少女版的，现在都成姿妈了，唱的感觉肯定不一样了[奸笑],2,lavidania,607331113
55,2018,1,3,没人听吗？,0,IWxYzI,247558657
56,2017,12,28,听着很舒服，这样感觉的歌是燕姿特有的[色],1,问题忽然找到答案,126269559
57,2017,12,20,买的第一盘卡带就是风筝,0,个模拟淡淡,311484179
58,2017,12,19,为什么专辑里有两首！！！,1,只有音乐才是胡桃夹子的解药,277648200
59,2017,12,11,居然是我两岁时发的歌,1,Stefanie的小熊,389165231
60,2017,12,11,晚安,0,Stefanie的小熊,389165231
61,2017,12,8,遗珠,0,挂在天上放光明,57953221
62,2017,11,28,"我们都过不了 那条线
",0,如此好求,92512586
63,2017,11,28,–  错的人迟早走散 而相爱的终将再相逢 ​ ​​​​,0,爱睡觉的皮特,626411721
64,2017,11,24,喜欢,0,多特蒙德的秋刀鱼,373277789
65,2017,11,11,最近的天空，多半是晴天,0,活着只求好玩,266447964
66,2017,11,9,比新专辑好听,0,我走在少了你的风景啊,59127452
67,2017,11,6,初中时的恋爱课程,0,JASON_JT,110691559
68,2017,10,24,听了十五年燕姿的歌了，好想听一次演唱会！,0,Estelle6633,87143500
69,2017,10,16,[惊恐][惊恐][流泪][流泪][流泪][流泪],1,微微V虹,276092129
70,2017,10,16,因为听这首歌的人年纪太大了不用网易云,2,超级SG,48435882
71,2017,10,13,我是第200整的评论，希望我这个秃子能借到燕姿这个月亮的光，攒到200个赞,3,卡刚涂鸦,86612894
72,2017,10,11,此时的我 高三 进修4个多月了，也这么长时间没有见你了 可我还是想着你 高一最好的朋友到现在陌生的我们 从来一次 我会不会给你表白...真的很喜欢你.毕业后 如果有机会我一定会再选择追你的..一定一定...,0,李明Try,351450450
73,2017,10,8,最近的天气，多半是雨天,1,被窝青春的墓,30744406
74,2017,9,22,好听,0,被窝青春的墓,30744406
75,2017,9,22,[大笑],0,被窝青春的墓,30744406
76,2017,9,18,爱情证书，爱情字典。领完证还是要好好学习哦[呲牙],1,控场,40913104
77,2017,9,11,前奏好好好好好好聽,0,野生扑街,76063735
78,2017,9,7,阿姿阿姿！快来我梦里🌙,0,小小鲸_,343788473
79,2017,9,6,我和我爸还有小姨夫都是燕姿粉丝[吐舌],1,Min-sl,350485522
80,2017,9,5,我爱你刘璐,0,森林的信使,52297698
81,2017,8,28,被埋没的一首歌,0,小可1236540,552008133
82,2017,8,27,99年的，喜欢孙燕姿[憨笑][可爱],0,锦-Yuan,249012260
83,2017,8,27,快要到七夕了，我喜欢的女生我却不能给你什么，你对我的好我都记得，你说孙燕姿是你喜欢十年之久的偶像，我要在她的每首歌下留下足迹，我想告诉你垦晴008我好喜欢你…你是我的可遇而不可求,1,圈圈圈不住你,547941773
84,2017,8,20,初中时买了燕姿的磁带每天晚上做完作业睡觉前听，旋律老早就烙印在脑海里，想忘却忘不了，就像曾经的那个她，谈了这多段恋爱，唯一一个背着我跟别人好上的姑娘，没钱的时候申请了信用卡，就为了跨过城市去见她，带她去吃好吃的，她要什么给什么，明知道她很不好，却又放不下，总会在脑海里不时的出现。,0,Carson-程先生,483836409
85,2017,8,11,藏在众多孤星之中，还是找的到你。这就是燕姿的歌,1,跳舞的克卜勒,122786310
86,2017,8,10,这首歌才183?[惊恐][惊恐][惊恐],0,用户62035076,62035076
87,2017,8,7,为什么这首歌没有999++大家要顶我，支持燕姿每首歌,0,微微V虹,276092129
88,2017,7,29,喜欢燕姿的都是善良的人,1,你看见我家小熊没,330816690
89,2017,7,21,好歌太多  现在的小朋友 没听过,1,7leave,41611268
90,2017,7,17,真好听,0,阿狸的小狐狸,491524599
91,2017,7,3,！！！,0,凉芈芈,115476334
92,2017,7,2,新的感觉也许偶尔会出现，怎么没有了你，都不对。,1,qiwenyinyawen,88443648
93,2017,6,29,我们越走越远，两个世界……,0,五月萌叔,40997264
94,2017,6,28,🐾,0,-当思念变成一种奢望-,340154437
95,2017,6,24,什么鬼 燕姿这么经典的歌，居然只有一百多评论,3,我是mars,18168080
96,2017,6,19,这应该孙燕姿所有歌里我最喜欢的一首，其他传唱比较高的都没什么感觉。“在爱情字典里找不到永远”,1,花叁拾楼主人,562404
97,2017,6,19,又是遗珠  我的姿,0,7leave,41611268
98,2017,6,9,因为好歌太多～评论分散在不同的歌之下～,0,小稻穗kepler,199023
99,2017,5,29,手动踩爪印，端午燕姿专辑一日游[奸笑],0,凌晨三点不睡觉的雨果,120801740
100,2017,5,24,真的唱到心坎里的歌,0,英格拉姆s,344450592
101,2017,5,18,孙小姿,0,AK_杨,46823907
102,2017,5,16,没有段子发，没有故事，好想在燕姿的歌里上热评[呲牙],3,跳舞的克卜勒,122786310
103,2017,5,16,哈哈哈，跟我一样,1,跳舞的克卜勒,122786310
104,2017,5,9,燕姿。祝你结婚6周年快乐！也祝我和他能早日和好[可爱],0,求一切顺利的王多多,272099714
105,2017,5,5,好久没听燕姿了，这几天突然重新回来听。发现竟然有那么多的歌都那么好听。播放列表里加了100多首 循环！！！！！！！！！！！,2,小鸡吃米在公司,454861064
106,2017,5,4,💛,0,假正经的马先生,356004770
107,2017,5,4,初中超爱这首！,1,XXXHEOCHEOL,15974436
108,2017,5,2,人太少了。,0,Mel123456,129635454
109,2017,4,24,永远？,0,oyster_zzz,18379470
110,2017,4,23,爱情证书，爱情字典,2,另-张脸,56020714
111,2017,4,18,好听！！！,0,小雨写立可白-2,369655294
112,2017,4,16,不知不觉孙燕姿也成了姿妈级别的了,0,单挑世界,97941616
113,2017,4,14,三个阶段，爱情字典，爱情证书，爱情买卖,2,未完成s,52426699
114,2017,4,11,那一年我十六岁。,1,Zoublazou-,412748376
115,2017,4,6,精选集里也有，网易云就有三四个版本了，评论分散了，虽然加起来也不高就是了，不过这不影响这首歌很好听,0,另-张脸,56020714
116,2017,4,4,这首歌评价这么少？upupup,0,港逸软床,36807323
117,2017,4,4,我们都过不了，那条线，，，，泪水再咸,0,解忧杂货店的白纸,324876683
118,2017,3,25,用户不存在...[大笑],0,unicornt,132280831
119,2017,3,2,22:49,0,林守乐,55243746
120,2017,3,1,声音真的棒啊(｡･ω･｡),1,狮子大象长颈鹿,426435413
121,2017,2,16,《爱情字典》，《爱情证书》，都好听[爱心],3,春天之恋,258758924
122,2017,1,13,爱情字典,0,气质不倒开心就好,284553619
123,2017,1,6,新的感觉也许偶尔会出现，只是没有了你都不对,2,玛丽莲鱼丸,279358719
124,2016,12,31,胡思乱想是种特长 ,4,田田田我去,269165810
125,2016,12,27,现在也很好啊，毕竟时光无情。,3,光明Luke,63504826
126,2016,12,26,💙,1,贰顆菠蘿油,312796344
127,2016,12,22,同学们喜欢爱情证书的时候，我喜欢爱情的字典,2,雨夜人独立,37510288
128,2016,12,22,我去!！才这点评论！,0,爱喝伊利,44669133
129,2016,12,21,怎么没有了你  都不对,1,很多时候都是我问太多了,131668969
130,2016,12,18,冷门?＝好听,0,雨天遇见隐形人,53055789
131,2016,11,29,在爱情字典里找不到永远,0,帐号已注销,124859943
132,2016,11,26,封面好赞,1,嘿嘿不计后果,329653470
133,2016,11,24,我觉得孙燕姿是这么多年唱风唯一不变得呢,0,消失的信念,56635462
134,2016,11,23,这样啊,0,young_洪,48303600
135,2016,11,23,可能版权刚过来。,0,冷色初晨,32885079
136,2016,11,22,被惊艳了,1,求一切顺利的王多多,272099714
137,2016,11,20,怎么会真的少的留言…,1,young_洪,48303600
138,2016,11,20,非常喜欢的一首,0,砰砰盒,51951319
139,2016,11,16,没有999+！！！！居然,1,皋闰歆,90390660
140,2016,11,13,不管泪水多咸，有一天我会告别从前。,3,s_elover,14266912
141,2016,11,2,居然不是999+！？,0,一个一本正经的昵称,352125943
142,2016,10,25,我姿这歌很棒啊为啥评论这么少[大哭],0,Kepler913d,47505899
143,2016,10,22,天啊。。。。我女神这么好听的歌才这么点评论，不科学呀。,0,堂堂曹家大少爷,37228595
144,2016,10,14,评论才100多？,0,寳的蟹小贝,3587970
145,2016,10,10,怎么没有了你都不对,0,海绵1874,298588296
146,2016,9,27,…,0,LDiner,317075613
147,2016,9,26,嘿，青年东路，执念。你也在听吗？,0,之乎者也斗鹰丶丶,275079155
148,2016,9,18,每首都留言，都留言，留言，燕[亲]每天做一件对的事你会很快乐,1,方圆已被注册,63103560
149,2016,9,10,回忆是不说谎的镜子,1,帐号已注销,96032522
150,2016,9,3,嗯呢，你爱你的，我爱我的~,1,好想吃西瓜,32400929
151,2016,9,3,我知道有差异，我也更爱现在这样的燕姿[亲亲],1,AbysmGaze,59862583
152,2016,9,3,用心去聆听才会发现差异~,1,好想吃西瓜,32400929
153,2016,9,3,作为从是时候开始粉，克卜勒变死忠的新粉表示现在的燕姿才是最好的,2,AbysmGaze,59862583
154,2016,9,2,当年的青涩始终未变,1,方圆已被注册,63103560
155,2016,9,1,评论这么少🙃🙃,1,太阳底下0723,16072610
156,2016,8,21,这歌的管弦部分是又多美,2,查理小姐,118223347
157,2016,8,19,对我来说燕姿的歌没有冷门，全都很好听！,4,瓜豆菌,105480190
158,2016,8,7,时间啊时间,1,万有弓1力,119945159
159,2016,7,23,嗯，你很厉害，连我说什么都没看懂~,1,好想吃西瓜,32400929
160,2016,7,23,有点想法行不？？克卜勒里面的燕姿之所以那样化妆是为了更好的体现一闪一闪亮晶晶，藏在纵多孤星之中还是找得到你。还有和克卜勒这场天文盛会容为一体才这样的好不好？[大笑],2,Song我的憧憬,51600636
161,2016,7,23,小清新,1,当代歌坛,126763195
162,2016,7,15,很高兴认识你…我他妈算认识你了,1,糖吃掉了牙,112205223
163,2016,7,14,"我一个资深姿迷，10年了，这一首唯独不熟悉。
太伤情、太伤人、太伤心。
不敢多听。[心碎]",1,明天晴天--,37329385
164,2016,7,7,101,1,爱呵-,98226187
165,2016,7,2,破百我来完成~！100,2,承认吧-,70448479
166,2016,7,2,99,1,承认吧-,70448479
167,2016,7,2,98,1,承认吧-,70448479
168,2016,7,1,分开的两个人 怎么都不能回到起点 ,1,来自玫瑰星,49503542
169,2016,6,28,在爱情字典里找不到永远,1,WOOOOMwang,275225493
170,2016,6,24,[爱心][爱心][爱心],1,三分钟小姐_,74181557
171,2016,6,22,高中上着晚自习听这首歌，很忙很年轻很想重回,1,且醉冰,109553839
172,2016,6,20,我们都过不了那条线[哀伤] 有些歌词过去了才知道,1,bobomiho,3694186
173,2016,6,18,评论不到100！！！！,1,叶知禾火,252849436
174,2016,6,17,分开的两个人 怎么都回不到起点 ,2,固执的7-11_,261062772
175,2016,6,11,签到,0,求一切顺利的王多多,272099714
176,2016,6,10,燕姿的歌不好拿捏，一般比赛都不会选她歌,0,nisho,74942350
177,2016,6,9,最喜欢她这深情的唱歌,0,nisho,74942350
178,2016,6,9,这首歌一直都是歌单中无法舍弃的，虽然小众，但是确实很有感情的歌曲,2,nisho,74942350
179,2016,6,5,居然评论不到100[生病],0,熊熊烈菠萝,52434555
180,2016,6,4,好好听的前奏,0,cyuan0629,271004578
181,2016,5,29,[哀伤][哀伤][哀伤]在爱情字典里找不到永远,0,柒星雪,85911992
182,2016,5,28,其实你挺可爱的，喜欢燕姿的前桌[撇嘴],0,星河FM,256952208
183,2016,5,23,第82,0,犀童,112295682
184,2016,5,20,趁着人少，留个名，感情燕姿还能有这种评论不上百的歌，第81条~~~~,0,顺其自然做胖子,17803485
185,2016,5,19,在爱情字典里没有永远！,0,平凡世界-,121072454
186,2016,5,16,"我的字典—>我的证书—>我怀念的—>我的爱—>Honey Honey
嗨~这就是我走过的爱情。",0,麦子的颜色,461257
187,2016,5,15,隱藏神曲系列,0,钢铁之翼,57465690
188,2016,5,10,这么好听的歌评论好少,0,plianba,272285310
189,2016,5,4,为何有爱情证书，又有爱情字典,1,王彬-,122424189
190,2016,4,29,评论这么少不科学！！！！！！,0,迅雷不及掩耳盗铃儿响叮铛仁不让,42323048
191,2016,4,29,爱情输给时间,0,迅雷不及掩耳盗铃儿响叮铛仁不让,42323048
192,2016,4,12,这首歌评论好少,1,野味浪鲜,105893622
193,2016,4,11,前奏太好听,2,肉一坨,61452001
194,2016,4,7,自从听了孙燕姿，我一男的找到的各种感情寄托，好怕。,3,Sao爷骑马客京华,119645725
195,2016,4,3,喜欢喜欢啊~,1,1988216,126033560
196,2016,3,24,在爱情字典里找不到永远,1,成小姿S,84991554
197,2016,3,19,当初超级爱的歌,0,我只是一个无辜的麦口,250101143
198,2016,3,13, 希望听到有人在我是歌手唱这首歌[大笑],0,SoSahymn,247225988
199,2016,3,13,前奏太美,0,SoSahymn,247225988
200,2016,3,9,前奏太美,0,周休七,41139425
201,2016,3,8,最好听的一行，“我们越走越远，两个世界”[哀伤],0,无限大94,72774904
202,2016,2,25,算老歌了。。可是评论少到尴尬得好不自然。。,0,丿亅丶丿丨丨,78803848
203,2016,2,21,陪我成长,0,Oxygensssss,125163292
204,2016,2,20,评论太少了吧不科学啊,0,不吃咸鱼的熊,40182587
205,2016,2,18,好听,0,郑煜楷,3270662
206,2016,2,2,原来一听到她的声音就会控制不住,0,彩虹色dreams,96153544
207,2016,1,30,"没弄错，这张专辑正式版曲目是1—10,11—16是预购CD里的低音质预览版。所以收录两次。",0,海东青_vach,55879681
208,2016,1,29,爱情输给时间[哀伤],0,stef陆师一,102265478
209,2016,1,27,大概只有资深姿迷才会来听这首歌而且留下评论吧...,3,御手冼红豆,34947475
210,2016,1,18,[幽灵],0,我们走在大路上,18266617
211,2016,1,9,晚安,0,MyBackisTurnedOnYou,60278770
212,2016,1,8,这么好的歌，评论这么少。大爱啊。多少个夜晚，多少个单曲循环。多少个陪伴！,2,丶丨Honey,80810418
213,2016,1,6,网易又重复[汗],0,那天与你邂逅的薇薇,7004245
214,2015,12,27,8和19都是爱情字典,0,普鲁斯特蓝,45158876
215,2015,12,26,不是一个爱情字典一个爱情证书吗,0,龟淋膏,104072617
216,2015,12,20,最爱的歌手没有之一[大笑],0,是螺纹呀,59982102
217,2015,12,17,前奏一响就仿佛回到了十几年前的夏夜,2,植物学家,15498844
218,2015,11,24,评论少的不敢相信,1,阳宝夜会新房客,12326758
219,2015,11,20,现在回头看看，十几年如梦一场,0,Durrat,61051105
220,2015,11,17,这首歌真是经典 十几年了 简直听到前奏就能泪奔[流泪],2,圆小喵喵,17481387
221,2015,11,15,@云音乐曲库 @曲库小护士 是不是弄错了呀，怎么这张专辑里有两首一样的,0,普鲁斯特蓝,45158876
222,2015,11,11,有味道,0,小林东,44178029
223,2015,11,7,这首是真的棒！评论那么少也是可惜！,0,土山山,2941129
224,2015,11,1,因为燕姿在成长，看问题的方式不一样了，选歌也不一样了,2,yaoyaoyinzhu,53691319
225,2015,11,1,这是我最喜欢她的一首歌,0,Tsuris,32761214
226,2015,10,18,10.18签到,1,打卡环游网易云,29965618
227,2015,10,15,这歌已经过了那么多年了，我也长大了，都老了,5,水墨帅哥,35202895
228,2015,10,9,这么点评论不科学！,0,7leave,41611268
229,2015,9,26,我有 爱姿病。,2,北瓜头Fizz,45119770
230,2015,9,18,我也觉得,1,1碗螺蛳粉,16736467
231,2015,9,7,评论一定是被吃掉了,2,闪泥啦啦啦,88079495
232,2015,9,2,燕姿     燕姿！[爱心],2,用户41965267,41965267
233,2015,8,6,这首歌难道不是最好听的孙燕姿么 －－,1,娘酷叁叁,866407
234,2015,7,29,姿姿,0,举个西木,60673274
235,2015,7,23,生日快乐[爱心],2,第几个月亮,12205716
236,2015,7,18,这首歌是这张专辑我最喜欢的，居然评论这么少！！,1,蓝花楹,1759408
237,2015,7,12,是挺不像的！,0,好想吃西瓜,32400929
238,2015,7,12,对，我也感觉克卜勒一点都不像燕姿！还是以前的才是孙燕姿！,0,好想吃西瓜,32400929
239,2015,6,24,为啥评论这么少,0,大脸笨笨熊,8061428
240,2015,6,17,[可爱][可爱][可爱],1,鹿园琪琪,67094042
241,2015,6,14,最爱燕姿,0,Mr文良,72877819
242,2015,6,8,她一直都这样唱着,0,Tim_Huang0216,42792776
243,2015,6,8,这不算 老歌！,0,活的健忘笑的狂,57181561
244,2015,6,4,有时候会出现超级喜欢连续听几天几夜的歌，可是燕姿，咳咳，怎么没有了你，都不对,0,我还是去看书好了,66126624
245,2015,5,30,我去 这首歌没有99+？搞毛,6,926454274-,55659958
246,2015,5,21,真好听。。。,0,西瓜宝,566708
247,2015,4,15,不知道自己为什么喜欢上了燕姿 可能因为她 或者可能就是单纯的喜欢吧 没有三分钟热度 也许是一辈子！,9,七宝咕,52732155
248,2015,4,9,再也不愿见你独自在深夜卖醉。～,0,兔子小姐_07,62567984
249,2015,1,24,[憨笑],0,查某人的梦,19119162
250,2015,1,9,初中的时候第一次听燕姿的作战就爱上他了..十几年过去了最爱的歌手还是燕姿.....,1,香蕉哥哥,18004823
251,2015,1,3,"在爱情字典里找不到永远
我们越走越远两个世界
新的感觉也许偶而会出现
怎么没有了你都不对",3,啊彩虹金刚,36813307
252,2014,11,29,最爱燕姿,0,行者孙smile,17401511
253,2014,6,1,此刻的心情[哀伤],0,yanguo,7564329
254,2014,4,15,最爱的华语女歌手没有之一,101,王嘉远,2273187
255,2014,4,7,今天的心情是孙燕姿[亲亲],2,Na时的情歌,12431692
256,2014,4,4,百听不厌的老歌啊，现在的燕姿感觉不如以前了呢，真失望,2,阳宝夜会新房客,12326758
257,2014,3,14,…快把这样唱歌的孙燕姿还给我！@孙燕姿,53,飞行男-,8959274
258,2014,3,5,将你我带往两边。,0,haiiii,9315361
259,2014,3,4,[口罩],0,兔子小姐爱森活,3845328
260,2013,9,20,XXX已经告别过去，获得新生，我想我也该走出去，去看看外面的世界。,1,zengqunxiong,2816029
