index,year,month,day,content,likecount,nickname,user_id
1,2019,11,12,我常常觉得，中学时期听的歌会参与一个人塑造三观的过程。比如这首歌，呼唤多元观点，少一点经典的意见！[大笑] ,2,恺慎,1795036965
2,2019,10,26,这歌我居然没印象。,0,feiffffelixxxxxlin,336271654
3,2019,10,24,今天就不断循环燕姿的歌吧,2,珈曳,637769065
4,2019,10,23,好听,0,Ethan190831,295864645
5,2019,10,21,好听～❤️,0,Ze_Zzzzzzzzzz,257903632
6,2019,10,17,最爱燕姿各种冷门歌曲！都是我的宝藏！,0,互联网石原里美,435471851
7,2019,10,15,我寻思我初中的诺基亚N86里怎么只有这一首歌，现在单曲循环快一天了我发现好像当年忘了的事情全都记起来了。,1,idol霓虹Q,247330765
8,2019,10,15,是的！不知不觉间听了好多，佛系挖宝[大哭],0,许你一汪时间的空灵,130936872
9,2019,10,14,"哈哈,慢慢听吧,卧姿的歌就像宝藏,越挖越多",0,放开那个边裁,20321713
10,2019,10,12,好久没听这首歌，现在听还是那么耐听。,0,木匠邓,637691119
11,2019,10,5,超级元气！！,0,野生奈美惠,249196409
12,2019,10,4,而我们相同而我们不同却完整,1,不遑多让o_O,1944277967
13,2019,10,1,天呐我突然觉得这个歌手我能听一辈子。第四年了，每年都会听到她不同的歌，热门的冷门的。没有刻意去扒她的歌听，但就是每年会发现她不同的好歌，然后反复听。好神奇的感觉……,1,许你一汪时间的空灵,130936872
14,2019,9,18,唉呀 大中午的加班 听到这个歌 我要摇摆了,0,bulankaa,73550678
15,2019,9,18,欧文，学习下牛顿第一定律,0,MOB0901,14057585
16,2019,9,17,以后有钱了开一家店，天天放孙燕姿的歌,2,518124,393138893
17,2019,9,12,满满回忆,0,静菜菜,298070903
18,2019,9,3,当年陪了我整个暑假的专辑～凉席，夏天，西瓜，随身听，和燕姿的歌循环播放,0,叮叮周sama,358435265
19,2019,8,27,[憨笑]俺又发现宝藏了！！！奥力给！,1,也不是猪只打呼,355734135
20,2019,8,19,"多一天多一天 不同的体验
每次多听一遍都有不同的体验",2,Christine-ou,337799242
21,2019,8,19,好听,0,Christine-ou,337799242
22,2019,8,14,好听！好棒！！！,0,帐号已注销,1682941277
23,2019,8,11,等演唱会 ！ 看姿妈要买前排！,2,allrebecca,319240188
24,2019,8,8,前奏好舒服,1,z柠檬菠萝冻,413337547
25,2019,8,6,超级喜欢孙燕姿这类型的歌，种、慢慢来、反方向走走  真的很有范，这首也超级棒。人生就是这样潇洒，我就是这街最靓的妞！,2,爱买萌的小姑娘,317525419
26,2019,8,1,重新认识leave这张专辑，燕姿好美,2,愿君依旧笑,559237310
27,2019,8,1,好听好听[憨笑]，轻松愉快的赶脚,0,Cheri祖远,281090136
28,2019,7,23,五年级，每天中午上学前必听这张专辑的歌~~~~,2,写日记的贵树,340481635
29,2019,7,23,燕姿  生日快乐❤,2,Stef-y,368904262
30,2019,7,22,是目前的心境,0,计时人生,258834281
31,2019,7,22,喜欢,0,识刀客,623315109
32,2019,7,13,[多多大笑],0,该昵称无法显示刷新也没用,30617500
33,2019,7,13,好心情🍑,0,树wm,123279055
34,2019,7,11,好有青春味的歌,0,迷幻shinee,400625173
35,2019,7,11,和直来直往相同的调调，喜欢,0,Chertime,83946830
36,2019,7,6,明明很好听！,0,autuman521,37484249
37,2019,7,4,这几天老是想起来这首歌,0,逆光FACE,88730935
38,2019,7,4,好像很久以前在麦当劳听过，所以一听就想到麦当劳的氛围。,0,阿边在海参崴,70589101
39,2019,7,2,听过,0,八九不离食小姐,133898896
40,2019,7,2,[多多无语],0,唐某不沾刘女,347702944
41,2019,7,1,又一首宝藏歌曲呀,0,fishlyyy,627045111
42,2019,7,1,第四首。。。,0,kendy的风筝,362892899
43,2019,6,27,对女生来说也很难,0,訾央伪装小漠漠,247480354
44,2019,6,26,燕姿的歌对男生就没好唱的，ktv只能唱男歌手翻唱的现场版[流泪],1,Z___Robin,1653972546
45,2019,6,25,一如既往的喜欢这首,0,s1ck1000,1471605268
46,2019,6,23,我觉得这首爆炸好听！,0,兮夕溪茜西瓜,330998114
47,2019,6,17,听燕姿的老歌,0,珈曳,637769065
48,2019,6,11,这首是我的宝藏 是燕姿歌里最容易唱的,1,訾央伪装小漠漠,247480354
49,2019,6,9,蹲在路边哼着歌，唱着我的心事，快乐悲伤在街上不需要掩饰,2,鱼彡和熊猫不可兼得,1299516411
50,2019,5,30,谢谢~,0,凉席爱上花露水,299144660
51,2019,5,23,2020年有演唱会,0,難得一堅,645761304
52,2019,5,14,之前听的时候还一直没有注意有一个极低频的配乐在伴奏里，现在仔细听发现听起来很带劲啊。,3,梅西疏影,247369807
53,2019,5,14,初三的歌,1,我才是夏小曼,66716805
54,2019,5,9,这么多年，才发现，这才是做自己的真谛呀！,2,心是透明的茉莉酱,319757740
55,2019,5,9,现场比唱片还好听，建议你有机会一定要去,1,菠萝油王子polo,296086355
56,2019,5,6,leave神专,3,叠加态,133026520
57,2019,5,2,超燃的歌！,2,飞翔的企鹅2054,1526370431
58,2019,4,29,aha这位好神啊，每首都喜欢[色],2,云云云云流,1334766690
59,2019,4,26,这首歌有没有演唱会版的啊[晕],1,Z___Robin,1653972546
60,2019,4,26,喜欢燕姿那么多年，却从未听过她的现场，不知道还有没有这样机会,2,凉席爱上花露水,299144660
61,2019,4,24,神清气爽！,3,你不爱听情话,502593353
62,2019,4,12,还是很喜欢,1,tmero,52289735
63,2019,4,10,很喜欢mv里面那个染一头红发大笑的女生,2,迷幻shinee,400625173
64,2019,4,8,最爱的燕姿,1,珈曳,637769065
65,2019,3,26,"还不晚，毕竟那么有感染力。
00后喜欢燕姿第七年。",1,成全是种孤独,511193776
66,2019,3,25,孙燕姿的歌翻出来听了个遍回忆一下,1,听上一曲儿,480888496
67,2019,3,23,听的我想去街上跳舞[跳舞][跳舞][跳舞][跳舞],7,Marrrrs,117891569
68,2019,3,17,超好听。还有我想，leave，一起走到，眼神。leave专辑大爱啊,3,s1ck1000,1471605268
69,2019,3,16,写论文的深夜一直有燕姿声音的陪伴,2,沥沥爱榴莲,443729323
70,2019,3,13,评到999+,0,阿斯巴甜丢,628057444
71,2019,3,9,我记得在孙的msn演唱会上，她唱这首时在前奏部分一边喝水一边抖脚尖……,0,仍有余力,345391206
72,2019,3,6,那些年穿着背心的孙燕姿,0,橘咲_,52079797
73,2019,3,3,克制住抖腿的冲动～～😆,1,水蓝的理想,16108938
74,2019,2,26,多一点 么么哒,0,大头愁不愁,47018306
75,2019,2,18,这个作曲是那个mono inc的主唱嘛？,0,Tommy在乌鸦广场,18101993
76,2019,2,15,00后已经算是错过燕姿的年代了吧，替你们遗憾,0,Nembutal,285968582
77,2019,2,12,00后非常爱燕姿,4,FengQiWei,1381956411
78,2019,2,12,前奏非常非常喜欢,2,来日方长九,505220286
79,2019,2,12,hhh感恩,0,眼皮有三万层,276315968
80,2019,2,11,你发的这些刚好耳熟能详,2,跳舞的克卜勒,122786310
81,2019,2,11,给521点第一个赞,0,月亮和大太阳,386926440
82,2019,2,10,第521个评论✌🏻,3,眼皮有三万层,276315968
83,2019,2,10,那些年,0,小狮子了,1315407427
84,2019,1,31,而我们相同 而我们不同,0,Y淘淘,283975376
85,2019,1,28,超棒,0,让ert,258267094
86,2019,1,26,这首是我个人的top3,1,舒十六,3887111
87,2019,1,21,唱的我喜欢～～～,1,帅是一个杀手,505459569
88,2019,1,20,好欢乐,1,大吉大利宝宝,545189629
89,2019,1,15,好好听啊,2,今天你便秘了,498964376
90,2019,1,9,powerfully💃🏻,1,yeeoup,294795492
91,2019,1,7,纯粹的很快乐的感觉啊,1,_C栗子,95419591
92,2019,1,4,天啦噜 姐妹真是无处不在惹,0,瑾言C15,560195010
93,2018,12,25,蹲在路边哼着歌,0,_C栗子,95419591
94,2018,12,10,哈哈哈，姐妹秀啊,1,东磕,391477977
95,2018,12,7,椅子买里头系亏～,0,冬麦dontmind,40723158
96,2018,11,30,这张专辑真的是赞得不得了 重温,0,isCaiyy,56536375
97,2018,11,22,歌词还好,0,Bluebird1234,415517666
98,2018,11,22, 文字朴素的好歌,1,macrod,373512064
99,2018,11,22,存于记忆的歌曲，当年未觉好听也未听懂，终有一天是懂了，和不搭调的人可以有不同的心事，不需要再完美的呈现，纵然悲伤，move on,0,macrod,373512064
100,2018,11,22, 低调,0,macrod,373512064
101,2018,11,22,开始吧狂奔的起跑线,0,macrod,373512064
102,2018,11,18,咕叽咕叽 其实是热门的我觉得,1,macrod,373512064
103,2018,11,18,另一张脸 我觉得作曲超级牛,0,macrod,373512064
104,2018,11,18,相当流畅，高级的编曲,1,macrod,373512064
105,2018,11,7,好听到爆,1,PepGuardiola,41411648
106,2018,11,6,这张专辑好多好歌！,0,AnnaLeung33,469526962
107,2018,11,2,[爱心],0,纞夜,278333297
108,2018,10,31,居然有人说这首歌冷门！？怎么想的？？燕姿每一首都是经典！我庆幸自己经历了华语乐坛最美好的年代，无憾！,1,地狱一清风,449141257
109,2018,10,29,不同的话，就继续做自己吧！,0,道南s,444838441
110,2018,10,25,和不大叼的人可以有不同的心事,1,妄想丶又怎样,91731243
111,2018,10,23,太喜欢了,0,彼得潘与狼,261245021
112,2018,10,19,这歌不冷门！！！,0,昵称聆听幽静,421261835
113,2018,10,16,[憨笑],0,yz233丶,250180874
114,2018,10,13,依然爱你,0,听喵酱在唱歌,89895489
115,2018,10,13,leave，start ，未完成里面有很多不同风格的好歌，重听一遍，就像发现沧海遗珠的兴奋感觉，18年的忠粉，第一次留言，不要说我老[呲牙],1,臭秋刀鱼,1354325477
116,2018,10,7,很多个夏天 复读机不断复读的歌,1,礼拜三去马孔多看雨,70156357
117,2018,10,5,竟然没听过 我还以为是新歌呢,0,asqw2684,420417356
118,2018,10,5,生二胎[呲牙],0,控场,40913104
119,2018,9,30,带孩子~,0,CHENYUDAN--,279712105
120,2018,9,28,好听啊,1,珈曳,637769065
121,2018,9,20,超好听的歌,1,彼得潘与狼,261245021
122,2018,9,11,兴趣相符，+好友,0,niming2168,598738388
123,2018,9,11,打 call 2001年 卡带 vcd cd,1,sszyyxh,103796462
124,2018,9,8,这么好听的歌，岂有不点红心♥️之理？,1,Hey-Shangrila,92916753
125,2018,9,5,2002年，西单图书大厦，磁带📼专辑,1,niming2168,598738388
126,2018,9,5,好听,0,Kyrill-,531620302
127,2018,9,1,对我来讲，并不冷门。。。美姿姿,2,Kazehaya914,416205581
128,2018,8,30,这首超喜欢[大笑],0,彼得潘与狼,261245021
129,2018,8,27,音乐一出来，感觉回到了小学听卡带的时光,0,Rachel-瑞佳,42647177
130,2018,8,22,燕姿最近在干嘛,1,小小的吉他,47279663
131,2018,8,22,这句最好听,0,小小的吉他,47279663
132,2018,8,17,it's my little secret,1,小渣别跑,283212044
133,2018,8,17,听了7年的歌，今天重温,1,两只荆棘鸟,359212051
134,2018,8,14,我这首竟然没听过，不科学……,1,CHENYUDAN--,279712105
135,2018,8,11,👣,0,H小流氓,297607033
136,2018,8,6,超爱这首,0,ykepler,301744533
137,2018,8,3,✌🏻,1,_诗芊,81037679
138,2018,7,26,这歌这么好听！我靠！人呢,1,VanBose音乐,46130668
139,2018,7,24,喜欢💕,0,啊是月亮呀,248979333
140,2018,7,12,喜欢了好多年 还是很喜欢 怎么办哦 嘿嘿,0,dorianamot,362553349
141,2018,7,8,我觉得这首歌是因为歌名很一般，有点拖后题。,0,Bluebird1234,415517666
142,2018,7,7,并没觉得是冷门[呆]只是那时候没有网易云音乐,2,爱姿病晚期,107732911
143,2018,7,4,一秒猜出你是女的,0,1YZYOUNG,1386944755
144,2018,7,2,离开了范伟，大忽悠心塞了,1,李剑7,12795261
145,2018,6,25,好歌,1,你耳机里听的什么歌,274612185
146,2018,6,25,总结的好,0,你耳机里听的什么歌,274612185
147,2018,6,20,[亲亲],0,天黑黑-Kepler,280227837
148,2018,6,20,[呆],0,天黑黑-Kepler,280227837
149,2018,6,19,[憨笑][憨笑],1,尺子想吃肉,400122603
150,2018,6,19,半夜边写作业边听燕姿[憨笑],2,我想我只需要一把吉他,131864962
151,2018,6,9,出道18年,0,starnoo,39399561
152,2018,6,9,我姿绝对的好歌！,0,starnoo,39399561
153,2018,6,4,不错,0,guangyang6969,256082437
154,2018,6,2,[可爱],0,yore-moon,325174224
155,2018,5,30,445条，444实在是不好听,2,起名字好烦人呐,79616554
156,2018,5,30,最近重新听燕姿以前的歌  都太好听了,1,我就是蝴蝶啊,79922502
157,2018,5,29,燕姿冷门金曲太多了，数不过来,1,七三三二零一六,392316581
158,2018,5,29,第四百四十二条评论,0,余生还有理想,589663680
159,2018,5,27,这才是真正的燕姿,0,Lordtan,339144728
160,2018,5,26,哈哈日推哈哈哈哈,0,Erika_Linder,305117600
161,2018,5,26,听mp3的时候发现了这首好歌！！,0,Erika_Linder,305117600
162,2018,5,23,地心引力的作用～,0,静夜撕李白,93804565
163,2018,5,21,那年我四年级[憨笑]开始瞎听姿妈 一眨眼八年就过去了 现在我高三[憨笑],1,Esther青青,277949691
164,2018,5,19,好好听的声音,0,半句再见u,402185148
165,2018,5,16,"那年我高二  一眨眼五年过去了
一直喜欢燕姿[可爱]",2,七块腹肌的鲁迅,338192852
166,2018,5,15,那年我高三。一晃眼15年！好可怕,3,蠟筆木,51735128
167,2018,5,14,燕姿，你在二十四五的时候，会想些什么呢？这个时候，会感觉到处都是方向，但是又都找不到方向,2,豆花DOUHUA,69401322
168,2018,5,13,你还记得吗？,1,A楊佬叁Y爱,309064463
169,2018,5,9,冷门好歌系列,0,gerry_xg,79016046
170,2018,5,7,这编曲大爱啊！！,0,坏兔子_,451109516
171,2018,5,7,姿迷无处不在，燕姿无可取代～～～,1,四月的的的,1329526521
172,2018,5,3,好像是高二暑假……,0,Heyemily,131383641
173,2018,5,3,好听[可爱],0,re塌塌,297684582
174,2018,5,3,开头赞,0,gerry_xg,79016046
175,2018,4,19,老大叔真的受不了这么青春的调调[痛苦],3,气氛来了就要醉,308485041
176,2018,4,18,不需要改变，你就是你，最爱的燕姿。,0,紫絮一乙,326374627
177,2018,4,15,好可爱啊～,1,王俊凯说他想我了,325834340
178,2018,4,14,噢噢,0,L悦星,480183134
179,2018,4,9,好想去看燕姿的演唱会,1,忘不掉的明天r,101795664
180,2018,4,9,是真的很好听,0,忘不掉的明天r,101795664
181,2018,4,5,再加一个评论 日常表白我姿,0,信仰是小兰,321133050
182,2018,4,5,还有《种》,0,忘川巫,1341405275
183,2018,4,1,好听了,0,hewittchoi,8881718
184,2018,3,30,打个卡咯，毕竟我们不同[爱心],1,有橘生淮南,432411313
185,2018,3,28,有趣,0,stef流年,1367583538
186,2018,3,25,好听,0,八月长安x,263542124
187,2018,3,20,来抖个腿,0,stef流年,1367583538
188,2018,3,18,蹲在街上哼着歌 太有感觉了,0,33轉的LP,630862795
189,2018,3,16,街上的人，跟我那么的相同，却又那么的不同,1,雷小超Stefanie,329631293
190,2018,3,6,快乐悲伤在街上不必隐藏,0,33轉的LP,630862795
191,2018,3,4,冷门的金曲,0,33轉的LP,630862795
192,2018,3,4,被忽略的好歌,0,龙卷锋,551407
193,2018,3,3,不同,0,简爱_yanzi,2333895
194,2018,3,2,这首算是你姿歌里比较好唱的 KTV必点 ,0,訾央伪装小漠漠,247480354
195,2018,3,2,每天日推一首我姿,0,lm_stef,258724583
196,2018,2,24,这个前奏有毒吧,0,Axxhaha,49918451
197,2018,2,15,地心引力的作用～～,0,A-KUONG,577837024
198,2018,2,12,真好听(ง •̀_•́)ง,0,leslie0109,288498721
199,2018,2,1,超喜欢这首歌,1,王金1711,632842409
200,2018,1,31,这首歌真是惊喜。让人洒脱又阳光。,1,十三哥z,290982236
201,2018,1,31,这个声音，不知不觉听了好多年。归属感,2,十三哥z,290982236
202,2018,1,20,嗯，我也逃不开地球,0,沒力超人,391424
203,2018,1,17,这居然是冷门！我06年在南京的乌龙比赛唱过[大哭],3,麦熟坡,261732145
204,2018,1,17,不同,0,茜茜不饿,252532753
205,2018,1,13,[可爱][可爱],0,字迹微寒,100562566
206,2018,1,6,好好听！！！,0,Evalawshiny,375011338
207,2018,1,3,这种风格真的特别适合燕姿,6,H小流氓,297607033
208,2018,1,2,唱起来很high~而且正如歌词所说，keep your own identify！,0,畫千喵,343330282
209,2017,12,27,一首听前奏就会一身鸡皮疙瘩的冷门好歌。,4,星期壹天气晴我离开你,540006667
210,2017,12,25,高二第一次听她的歌是听《雨天》，就被吸引了，这么久了，一直喜欢她。所有歌手中，她的歌最多,2,当夏日微凉,592810705
211,2017,12,25,大爱孙燕姿,0,当夏日微凉,592810705
212,2017,12,25,赞同👍,3,当夏日微凉,592810705
213,2017,12,25,[亲亲],1,麦丽素0723,544048498
214,2017,12,19,抖腿系列,1,横巷无猫,366372061
215,2017,12,12,《我想》有一天我们找到《同类》，并且《和平》的信任彼此的《不同》，就是《我的爱》了吧～,2,Staceyisyy,629476413
216,2017,12,11,风筝是最经典的专辑,0,蓝调--Blues,338151594
217,2017,12,10,每天日推一首我姿,1,lm_stef,258724583
218,2017,12,10,不同。,1,自信的胆小菇,274862686
219,2017,12,7,超级开心听歌,0,千钧-,61317636
220,2017,12,5,一点都不冷门好么，02年这张专辑每一家音像店都在放，80后几乎都会唱。,1,丿YC丶程灬,60459418
221,2017,11,30,喜欢这首歌～更喜欢这个歌手[呲牙],0,耗子的,487452568
222,2017,11,30,[可爱],1,Kepler-3,378301025
223,2017,11,28,我是来复习老歌的,0,enjoyuan,539559508
224,2017,11,24,好爱这首,0,明心见性境随心转,567870106
225,2017,11,21,💞💞💞💕,1,Kepler-3,378301025
226,2017,11,21,[爱心][爱心][爱心],1,Kepler-3,378301025
227,2017,11,20,我是来复习老歌的[憨笑][憨笑],0,黒色柳丁,278651159
228,2017,11,19,清亮的声音,0,daydreamerxx,49917785
229,2017,11,17,洗脑了这么多年,0,猜不完的火车,44278031
230,2017,11,16,"暴漏年纪了
",0,枫叶飘飘008,101118143
231,2017,11,15,💕💕,0,miiney,128113263
232,2017,11,14,i don't really care的感觉哈哈,0,yourtinyairport,482087170
233,2017,11,11,不需要改变,0,活着只求好玩,266447964
234,2017,11,11,知道为什么喜欢燕姿吗，就因为她能完美演绎两种风格，小女生和女汉子，而且都那么自然。,4,湖畔镇镇长,85624153
235,2017,11,10,很酷的一首歌,2,喂sasa,120854520
236,2017,11,7,秒回高中,2,大野有只小蠢狗,246594910
237,2017,11,6,嘿嘿，没人我来承包,0,翻车的果子狸,271298911
238,2017,11,4,燕姿，爱你一万年！,1,丁草莓,124322193
239,2017,10,30,it's my little secret~,2,吃了吗您嘞,248980233
240,2017,10,29,一开头的旋律超级酷炫好听，初中的时候还不能接受，十多年过去突然发现这么屌！！！,1,湘西暁土匪,482686662
241,2017,10,27,燕姿的歌都不冷门，我听的时候还没有网易云呢,2,南瓜sheka,316350898
242,2017,10,23,那张是精选,1,宅囧胖,132983041
243,2017,10,23,发新专辑啦，跳舞的梵谷~所有歌再循环一遍！！！[亲亲],0,了不起的-查理理,69381447
244,2017,10,19,这首特别好听哇，来增加评论,3,兔子树懒,124709585
245,2017,10,13,留一笔,0,Coroooo,251191104
246,2017,10,13,18:14,0,泡沫的怀抱-,366402137
247,2017,10,12,不需要改变[发怒],0,简抽,128094765
248,2017,9,29,这张专辑比themoment牛逼，巅峰之作,2,大大大王康,61558428
249,2017,9,29,最近有空，把燕姿的cd都翻出来听一遍[可爱],0,风云无霜,101464143
250,2017,9,25,好听~\(≧▽≦)/~,0,从小就很长,471966659
251,2017,9,24,宝贝～,0,逗豆斗兜,62115413
252,2017,9,17,如此不同,0,鸡翅尖尖,564059127
253,2017,9,15,走过许多经历，，才明白。,0,Andyhui-Lau,136649584
254,2017,9,15,这么好听的歌，才这么点评论……顶顶顶！！！！！,1,Galen陈,342348255
255,2017,9,15,傻蛋加油加油！！！,0,yz233丶,250180874
256,2017,9,10,多一份随性，多一分再多一分！,0,Andyhui-Lau,136649584
257,2017,9,7,嘿，燕姿，又回来听你的歌了。[憨笑],0,向往北方的日子和乐子,75903833
258,2017,9,1,美姿姿那个我哈哈哈哈哈哈哈哈哈哈哈哈哈哈哈哈哈哈哈哈哈哈哈哈哈,0,玩个破游戏还要微博真神烦,67295620
259,2017,9,1,leave这张专辑里好多冷门好听的歌,0,海伦小不点,570037313
260,2017,8,31,燕姿的前几张专辑，那时候每天都来来回回的听,1,haika1208,395642093
261,2017,8,30,旋律和歌词太赞了,1,猪猪盗飞车,117928688
262,2017,8,29,"美姿姿 


",2,耳朵里的孙燕姿,253299200
263,2017,8,26,孙燕姿就是我的夏天,0,木笔LHX,287799721
264,2017,8,19,不管多久，十年二十年，孙燕姿都是我的女神[亲亲],2,雷打不动的胖子,269402953
265,2017,8,16,1137 ,0,陈射射同学,439399974
266,2017,8,15,我爱你燕姿,3,夜晚有三年3593,564669071
267,2017,8,14,我们大家都不同，但在喜欢燕姿上大家都是相同,5,爱姿病患者却仍姿迷不悟,534742072
268,2017,8,11,一开头旋律还以为王子面能听了,1,xiaolin050000,434588632
269,2017,8,10,日常刷评论。,0,归人与过客,248548109
270,2017,8,9,"破999
",1,极美欢庆,351351231
271,2017,8,8,每个人都在学习如何冲刺100米，但却没有人教你在跌倒时如何跌的有尊严。,1,壮哉小丑君,529797334
272,2017,8,8,喜欢这种风格,0,180cm一,115012093
273,2017,8,6,爱姿,1,姿意燕为,263726012
274,2017,8,4,14:27,0,林守乐,55243746
275,2017,7,31,私人FM[爱心],0,Diamond别来无恙1006,333709679
276,2017,7,31,旋律节奏歌词都很棒呀，评论会过999+的,2,旅途中的蚂蚁red,553097440
277,2017,7,28,某个忙碌的下午，坐在电脑前写代码，脑子里突然蹦出这首歌的旋律，再一听仿佛回到十几年前的初中三年级，那个最适合放声唱这首歌的美好年纪。,2,蜗牛小同,134627421
278,2017,7,28,因为爱姿,4,姿意燕为,263726012
279,2017,7,25,我似乎有点本质，小时候一直听成“和不大吊的人”····,1,大毛君,55095276
280,2017,7,19,在我看来这些都是热门。。。,2,王圐圙1,347596920
281,2017,7,19,不管为什么评论这么少，反正这是我最爱的燕姿！,0,王圐圙1,347596920
282,2017,7,11,"。。竟然前奏快完了才反应出来怎么唱~我老了
",0,sigs,70273968
283,2017,7,7,无可替代的燕姿，搭配着我无可替代的青春,0,跳舞的骨头001,87292493
284,2017,7,6,打卡燕姿,1,跳舞的克卜勒,122786310
285,2017,7,6,咕叽咕叽不能算冷门,0,跳舞的克卜勒,122786310
286,2017,7,4,爱姿,2,姿意燕为,263726012
287,2017,7,4,[牵手]欠她一个未来,0,Be_a_listener,315447170
288,2017,6,29,人与人是不同的,0,mascara1986,71876831
289,2017,6,26,[色][色],0,CJCHCCC,117301491
290,2017,6,26,爱姿,1,姿意燕为,263726012
291,2017,6,21,不需要改变,0,尽力170419,470214770
292,2017,6,20,爱姿,1,姿意燕为,263726012
293,2017,6,4,这本应该是美卡的～当年所有燕姿的正版磁带啊～,3,这慵懒的夏天,474018324
294,2017,6,2,大爱啊 节奏 配乐 唱腔 ！“和不搭调的人可以有不同的心事”,0,dorianamot,362553349
295,2017,6,1,原来那个白围巾的MV是燕姿的《开始懂了》😂,0,无发天女李一飞,117232996
296,2017,5,31,最喜欢的一首[强],1,biggerbiggerthanyou,99863322
297,2017,5,31,燕姿[亲亲],0,风雨飘飘飘摇,467610631
298,2017,5,31,手动踩爪印，端午燕姿专辑一日游,2,凌晨三点不睡觉的雨果,120801740
299,2017,5,29,谢谢提醒，确实不是《不同》， 但也真的不是《我不爱》！答案自己找…,0,花椒吖好麻,9592890
300,2017,5,28,爱姿,1,姿意燕为,263726012
301,2017,5,28,爱姿,0,姿意燕为,263726012
302,2017,5,26,你记得好清楚 十几年了 ,0,取昵称请大家记住,483151892
303,2017,5,25,"不是，《懂事》是黑色背心，一直在奔跑，最后在雪山。白围巾的好像是和仓木麻衣合作tonight还是my  story,my  song那个吧",0,无发天女李一飞,117232996
304,2017,5,25,«懂事»是冰山狂奔。«我不爱»是坐热气球,1,姿意燕为,263726012
305,2017,5,25,爱姿,0,姿意燕为,263726012
306,2017,5,25,懂事是白围巾吧,0,取昵称请大家记住,483151892
307,2017,5,25,难道不是《懂事》吗？,0,无发天女李一飞,117232996
308,2017,5,24,那是(我不爱)的MV ,0,取昵称请大家记住,483151892
309,2017,5,23,不必坚持，和不搭调的人[憨笑][憨笑],0,蓝石头55,56061551
310,2017,5,23,每一天都不同,0,starrylee,29431936
311,2017,5,22,爱姿,2,姿意燕为,263726012
312,2017,5,22,不开心的时候听听这首歌,1,Ro1030,90652954
313,2017,5,20,我燕姿 [色],1,Asickmonster,408789418
314,2017,5,19,前奏就很棒,0,计时人生,258834281
315,2017,5,19,燕姿的短发是最好看的！！,1,vivi88iris,265072144
316,2017,5,17,打字错了，见谅。是星期一天气晴我离开你,0,跳舞的克卜勒,122786310
317,2017,5,17,我找都了，星期一天气晴我厉害看。。。。哈哈哈 还是热评,0,跳舞的克卜勒,122786310
318,2017,5,17,那你可真棒呀 嘻嘻,0,你才是呆逼桑-,43172453
319,2017,5,17,我好想在燕姿的其他歌里面看见你了,0,跳舞的克卜勒,122786310
320,2017,5,17,日常打卡,0,跳舞的克卜勒,122786310
321,2017,5,13,日常迷信 我的燕姿！！！,0,你才是呆逼桑-,43172453
322,2017,5,9,听到前奏就开始抖腿了~~[色],0,小豆瓣儿_,37086195
323,2017,5,9,洒脱姿,0,跳舞的反骨,33249451
324,2017,5,8,听燕姿歌，永远都是这么舒服,1,Sor张大同,92885906
325,2017,5,6,爱姿,0,姿意燕为,263726012
326,2017,5,6,宇宙第一爱燕姿,1,我有努力和这个世界变熟,394296679
327,2017,5,5,一如既往的好,0,酸菜味儿的小鱼干儿,479850178
328,2017,5,3,姿妈 美的犯规,0,飞跃东南海,409885845
329,2017,5,1,很多抖腿神曲，期待大家多听听,1,公子不伦,69720725
330,2017,5,1,冷不冷门无所谓啦，反正对姿迷来说不冷门,3,有瑞克,32817376
331,2017,5,1,好听,0,2016猫猫呀,434837481
332,2017,4,26,很燃的说,1,t豆娘,115917109
333,2017,4,26,日推,0,一叶扁舟_____,98760641
334,2017,4,22,又是一首考验是否真爱粉的神曲~~~~~闭着眼都能唱的我！[奸笑],6,等待的三脚猫,425452061
335,2017,4,17,明明很好聽的  哈哈,1,信仰是小兰,321133050
336,2017,4,16,我姿(⊙ө⊙)✨,0,藤井一织,316368005
337,2017,4,16,我姿什么时候开演唱会啊[色],0,天黑黑-Kepler,280227837
338,2017,4,14,和不搭调的人可以有不同的心事,1,跳舞的反骨,33249451
339,2017,4,6,燕姿，我喜欢了你八年，从直来直往认识到我不难过一发不可收拾，你的歌我基本都会唱，你的歌曲和声音有一种魔力，干净纯洁，高中最难熬的三年你的歌陪我度过，感谢有你，一直会支持你,5,张橙子和马柠檬,72935777
340,2017,4,5,好洒脱的歌,1,YZKEPLER,42348015
341,2017,4,2,我也是 98年  从是时候开始入坑的,2,纳小子真帅,427219096
342,2017,4,2,嗯，挺好听,0,E-V-Z,86643853
343,2017,4,2,爱姿打卡！,0,苏三伞,111844957
344,2017,4,2,[大笑],0,苏三伞,111844957
345,2017,3,31,頂,0,biggerbiggerthanyou,99863322
346,2017,3,24,突然想念这首和幼小的我了,0,Deerbenben,258784534
347,2017,3,24,98年  准备入坑5周年,1,气氛来了就要醉,308485041
348,2017,3,24,有燕姿的地方就有我,2,气氛来了就要醉,308485041
349,2017,3,22,是我的菜,0,艾恩葛朗特的孤独,345074030
350,2017,3,19,爱姿,1,姿意燕为,263726012
351,2017,3,18,反正KTV总想点,1,抹茶咖啡有点酸,305305026
352,2017,3,15,居然第一次听到这首歌[亲亲],0,蓝调--Blues,338151594
353,2017,3,14,刚买到这张专辑的时候，最喜欢这首[爱心] 每天在大马路上跟个疯子一样边走边唱，哈哈哈,1,焦躁的大桃子,69818164
354,2017,3,13,20:51,1,林守乐,55243746
355,2017,3,10,不必坚持，和不搭调的人可以有不同的心事,1,海绵1874,298588296
356,2017,3,9,"刷一刷评论。怎么能这么少评论。刷刷刷。
",1,吴天问,385387859
357,2017,3,9,所有关于夏天的回忆，都在这个专辑里了[憨笑],0,鳝鱼可可,45477760
358,2017,3,3,等新专辑的日子,3,我不叫老三,329541198
359,2017,2,27,[呲牙],0,阿雨哟,42924107
360,2017,2,25,好听,0,洋芋呀洋芋呀,309953594
361,2017,2,20,没有新歌的日子,3,时光小偷拿走眼泪,135124975
362,2017,2,17,哈哈,0,举个西木,60673274
363,2017,2,4,挨着点[强],3,十三姐啊,77419476
364,2017,2,3,早上好,2,going_up_stef,372536854
365,2017,2,3,现在的人，没燕姿听，真是可惜。,6,perry1907,263794603
366,2017,1,23,少点，不搭调的人--,1,我感故我信,70673643
367,2017,1,22,多一点多一点自我的空间,1,跳舞的反骨,33249451
368,2017,1,15,😑爱,2,帐号已注销,98513658
369,2017,1,10,不爱坚持，和不搭调的人，可以有不同的心事,1,文立安,329817794
370,2017,1,9,爱姿,1,姿意燕为,263726012
371,2017,1,6,记得是02年的暑假买的这张专辑，整整听了一个暑假，如今都三十了！现在听起来真的好回味！,6,遇见未知的自己7362514,121348383
372,2017,1,2,就是啊！简直了！好想嫁给她,1,_UnaVida_,80518272
373,2017,1,2,帅惨了 炒鸡霸气！！！,1,闪泥啦啦啦,88079495
374,2016,12,31,昨天唱奔的时候，燕姿一次次俯身魅惑的微笑好迷人，被她醉到了,1,_UnaVida_,80518272
375,2016,12,31,哎～～这首不是热门呐 不过有奔 也算不错了[大哭][大哭],1,闪泥啦啦啦,88079495
376,2016,12,30,我的妈呀，这么好听,1,过往云烟视而不见,305289320
377,2016,12,29,哎可惜五首歌里面没有这首,1,_UnaVida_,80518272
378,2016,12,29,有品味！！！！,1,闪泥啦啦啦,88079495
379,2016,12,27,最近莫名其妙爱上这首歌，好希望在浙江卫视跨年听到姿妈唱,5,_UnaVida_,80518272
380,2016,12,26,爱姿,1,姿意燕为,263726012
381,2016,12,23,爱姿,2,姿意燕为,263726012
382,2016,12,17,燕姿竟然没有999+，伐开心🙃,2,W酱汁,348551779
383,2016,12,17,😏现在在学校微博当小编的我轮到我发鸡汤就偷偷找姿妈妈的歌词,3,TNIsy,63130748
384,2016,12,17,[鬼脸]啊，这里没人,2,TNIsy,63130748
385,2016,12,17,好久没听这首歌了[亲亲],2,芬兰的孤岛鲸,115963271
386,2016,12,14,非常对,1,空城述,258472686
387,2016,12,7,不由自主地抖腿,1,屈九思,116418399
388,2016,12,6,整个青春都给了孙燕姿,4,了了218,81026675
389,2016,12,5,爱姿,2,姿意燕为,263726012
390,2016,12,5,在地球仪找到自己然后东西经南北纬转换，那个点就是地球的另一端，你站在那个点，无论往哪个地方迈一步，都会是离家最近的一步[鬼脸]等着我我要完成这样的小任性，我再回来！,4,vincent_0925,300623084
391,2016,12,4,编曲和以前磁带里的不一样诶，有人发现没有,1,heynoodles,11877675
392,2016,11,26,It’s my little secret,2,徐丨若木,246749232
393,2016,11,21,爱姿,2,姿意燕为,263726012
394,2016,11,21,前奏是实验电子吧。,1,眉陆,62318067
395,2016,11,20,听燕姿的声音就莫名的开心[可爱],2,双鱼座爱燕姿,130390823
396,2016,11,19,每次唱歌必点~~[可爱],1,Sapphire33,289552702
397,2016,11,19,第一遍就惊艳,1,用户331550953,331550953
398,2016,11,17,[爱心]燕姿,2,双鱼座爱燕姿,130390823
399,2016,11,16,这首歌超好的，只是太早了，知道的人很少，80后的可能都懂,1,fly__freely,330598223
400,2016,11,15,我爱的燕姿，我爱听的歌。,2,Stefanie丶Sun,359065655
401,2016,11,12,听到她的歌 总能平复我失落的心情，今天有些小不开心，来找力量~,2,花椒吖好麻,9592890
402,2016,11,1,It's my little secret,3,结菜,57780277
403,2016,10,30,燕姿燕姿燕姿！！！！,3,hewittchoi,8881718
404,2016,10,26,爱姿,3,姿意燕为,263726012
405,2016,10,26,当时的燕姿那么红，真是有理由的。冷门都这么好听。,5,medsir,70093854
406,2016,10,25,好冷，谁来抱抱我,3,阳光自由洒脱,36240200
407,2016,10,25,[呲牙],4,冷羊羊_,63281378
408,2016,10,23,"我姿的冷门金曲
",2,19710115号观众,2781851
409,2016,10,19,[可爱],1,你很搞笑你很奇怪你頭髮很亂,99743796
410,2016,10,19,23：40,1,一只不完美的海星,3241795
411,2016,10,16,爱姿,1,姿意燕为,263726012
412,2016,10,16,越来越有味道…年轻时候没听懂得，回味之！,2,雷不了人了,345356748
413,2016,10,13,我已无法分辨什么是冷门什么是热门 每一首歌都是一个回忆片段 都是我的青春宝藏,2,花椒吖好麻,9592890
414,2016,10,11,爱姿,2,姿意燕为,263726012
415,2016,10,10,超爱这首歌,2,瑞策,270880734
416,2016,10,10,爱姿,1,姿意燕为,263726012
417,2016,10,5,It’s my little secret,1,wbQ-Q,63686145
418,2016,10,3,没人认识我,2,苏三伞,111844957
419,2016,10,2,😄,2,Nnnnnnononn,115189651
420,2016,9,27,[爱心],1,---宫商角徵羽---,252905260
421,2016,9,26,初中那会儿爱死这首歌了 现在听太有感觉了,2,叫我李天王,263284637
422,2016,9,24,Nice Nice Nice,2,逆光FACE,88730935
423,2016,9,23,"多一点　多一点

自我的空间

少一点　完美的呈现",2,假装在碎觉,135385126
424,2016,9,23,这首歌适合跑步🏃🏃🏃的时候听……,1,陆家染柒,334835619
425,2016,9,21,喜欢孙燕姿，会一直喜欢下去的。,4,辛鹿麋,99000763
426,2016,9,20,爱姿,1,姿意燕为,263726012
427,2016,9,20,爱姿,1,姿意燕为,263726012
428,2016,9,20,就想听着你的歌在街头摇头晃脑的闲逛[这边][这边][这边],4,飘着_,246618908
429,2016,9,20,爱姿,1,姿意燕为,263726012
430,2016,9,20,爱姿,1,姿意燕为,263726012
431,2016,9,20,爱姿，单曲循环了,2,姿意燕为,263726012
432,2016,9,19,咦😍,2,hoonoppaaaa_,248569407
433,2016,9,13,时光的记忆啊,2,蒲一刀,50648367
434,2016,9,11,怒😡盖一楼,4,帐号已注销,124859943
435,2016,9,10,而我们相同，而我们不同。,2,YZ芣苢,330392808
436,2016,9,8,爱姿,1,姿意燕为,263726012
437,2016,9,8,我是王海峰我喜欢孙燕姿,3,爱姿海,126397948
438,2016,8,19,这首好好听啊，救命,5,忘不掉的明天r,101795664
439,2016,8,19,好听惹，居然忽略了这首歌😂,4,阿政三岁呀,122671103
440,2016,8,8,我是王海峰我喜欢孙燕姿,5,爱姿海,126397948
441,2016,8,2,haoting !,2,爱燕姿的猥琐共,99190907
442,2016,7,28,希望燕姿的新作品还能有这种欢快调调的歌，真的好喜欢，还有一首《听见》也好好听,4,王子面oO,249311860
443,2016,7,28,燕姿的专辑在豆瓣评分之所以高的可怕，是因为真的很少有粪曲吧！,3,王子面oO,249311860
444,2016,7,27,第一遍听 什么鬼，第二遍，哇哦，这是我刚刚听过的那首吗？好好听！,3,syz19780723,286808908
445,2016,7,27,好喜欢的燕姿的每一首！每一首都很不同！[亲亲][爱心],3,闪泥啦啦啦,88079495
446,2016,7,19,随便一首都能碾压现在的一些歌手,3,清清姿矜爱你,103268110
447,2016,7,16,冷门好歌 不愧爱了她这么多年 竟有这么多没听过的好歌,3,大茶小茶,89345659
448,2016,7,15,这歌很燕姿,3,神兽草踏马,1309013
449,2016,7,15,听着有点耳熟，竟然是我姿的！,1,李大大和李果果,303458585
450,2016,7,12,就是那么好听,4,weltall,77159145
451,2016,7,9,离开了范伟，it's my little secret ,3,Pwztt,69151537
452,2016,7,6,过去十年 拿这首参加比赛 决赛场场第一[亲亲]真是爱死我姿,8,是小27吖,106458515
453,2016,6,30,03年夏季，该死的学校，该死的农运会，幸好有孙燕姿这盘专辑陪伴,2,牛爷爷的奔放,13871475
454,2016,6,30,被这首吸引( 。ớ ₃ờ)ھ,1,Nnnnnnononn,115189651
455,2016,6,27,燕姿，你最独特，你最不同。,1,将渡未渡,92940839
456,2016,6,21,it's my little secret↣孙燕姿,2,Edmond_Cho,105188880
457,2016,6,20,19:34,1,林守乐,55243746
458,2016,6,19,好听 很有味道,1,大鹑风,39005462
459,2016,6,15,古德魔灵 🤗,1,7leave,41611268
460,2016,6,12,听说这首歌买的曲子。他们说有英文版从来没有找到过,1,熊熊烈菠萝,52434555
461,2016,6,11,这个真的冷啊。 都不记得了,1,不要太冷了,56127606
462,2016,6,8,喜欢燕姿就是因为她的很多歌不是情歌，而是励志歌，每首专辑都有几首，就算是情歌也是很含蓄，大爱燕姿,2,静安寺070707,279042764
463,2016,6,7,哈哈哈有理,1,Echo_i_i_,52627843
464,2016,6,7,第一天那么红哪里冷门啦！[发怒],1,plutokakaka,68193389
465,2016,6,7,怎么能没有『第一天』！,1,Echo_i_i_,52627843
466,2016,6,7,+1,1,北极之狐,18473968
467,2016,6,5,我原来听了这么多孙燕姿,2,QIan-1229,83022031
468,2016,6,2,很多不红的歌 反而听好多年都觉得依旧那么好听 有些歌就像季风 过去就过去了 没人再记得,1,YohoRock,64888438
469,2016,5,30,超快感 浓眉毛 leave me alone 零缺点 真的 逃亡 任性 练习 someone;silent all these years;that i would be good;作战；直来直往；不同；我想；未完成；学会；休止符；没有人的方向；太阳底下；祝你开心；种；梦游；安宁；飘着,3,神奇女侠R,112765474
470,2016,5,29,我就是特么不招人喜欢咋啦[呲牙],1,远行的节拍,12611935
471,2016,5,24,"徐世珍的词真的不错
",1,yangyokoone,12417550
472,2016,5,23,对女神的嗓音中毒太深。,1,新尧是yao不是rao,116372334
473,2016,5,22,22:06,1,林守乐,55243746
474,2016,5,17,[大笑],1,我的梦想是做搞笑艺人,34585014
475,2016,5,15,[色][色],1,65418,519706
476,2016,5,2,[色][色][色][色],1,Sstfe723,267428651
477,2016,5,1,好听极了！,3,朝言夕卜,79162369
478,2016,4,30,好听,1,看我可爱咩,65911192
479,2016,4,30,不错,1,雨羽白,75020278
480,2016,4,29,离开了“范伟”...,1,懒癌晚期的赵师傅,2476484
481,2016,4,29,就是这么喜欢我姿 率性 可爱 纯真 又美丽～,4,刘大萌咩咩,56744554
482,2016,4,28,超喜欢这首歌的！,1,总有刁咪想捞蛋,52510078
483,2016,4,27,支持,1,黄鸿hong,270267938
484,2016,4,22,燕姿真的很美 不需要大浓妆的修饰,2,_MaY27,89206124
485,2016,4,17,最喜欢那句 和不搭调的人可以有不同的心事,2,color_blind,256144451
486,2016,4,17,听着歌，摔着胳膊，淋着雨就到家啦！,1,a燕姿,96393759
487,2016,4,17,(*ˉ︶ˉ*),1,_懒人漫游_,83789953
488,2016,4,14,蹲在路边哼着歌,1,孙燕姿的锁骨,17714009
489,2016,4,11,燕姿的冷门抖腿神曲还是不少的，《另一张脸》《作战》《没有人的方向》《反过来走走》……还有这首《不同》，《咕叽咕叽》，《太阳底下》……帅气洒脱，听完神清气爽,123,plutokakaka,68193389
490,2016,4,8,今天挖出来小时候大爱的这张专辑，每一首前奏开始就默默地点上了喜欢……,1,Violet47,6301185
491,2016,4,4,"多一天　多一天
不同的体验
少一天　经典的意见

",1,GRAPEy,118431735
492,2016,4,1,大爱,2,雨陨,31875806
493,2016,3,30,It‘s my ilittle secret .,2,长亭缱绻,19515209
494,2016,3,27,100,1,Stef小傻,95849389
495,2016,3,27,"99
",1,Stef小傻,95849389
496,2016,3,26,如果可以的话，请姿亲们支持我整理出的歌单“燕姿那些评论过千的歌”，姿迷无处不在，燕姿无可取代[憨笑],3,朝言夕卜,79162369
497,2016,3,23,我小时候超级喜欢这首歌,2,神奇女侠R,112765474
498,2016,3,22,高中超爱,2,熔子,71744661
499,2016,3,22,前奏我以为我游戏通关了呢,1,大月先生_,78525433
500,2016,3,22,好好学习的我听到这首歌恨死网易云了！,1,帐号已注销,89165561
501,2016,3,15,你家张悬也不错,1,Kepler__,115176571
502,2016,3,15,评论这么少不科学啊,1,邊境SHAWN,9665067
503,2016,3,14,超喜欢燕姿的尾音~~,1,RRprincess,246195487
504,2016,3,12,听到就开心呀,1,Yyhaaa,1316673
505,2016,3,12,上瘾。,1,雨殇HV,73353857
506,2016,3,9,[呲牙][爱心],1,除去衣衫白马,64089525
507,2016,3,8,我也是,2,好想吃西瓜,32400929
508,2016,3,5,没人认识我,2,雾越温,105684187
509,2016,3,5,这首歌陪我走过复读的那一年，现在一听到都会回想起那个满是励志便利贴的房间，淡黄色的地板和倔强的自己[呲牙][呲牙][呲牙],9,几个家明,38401441
510,2016,3,2,每首都会！,1,搬家的草莓,37449854
511,2016,2,27,多一点  多一点,1,无够翘,88327610
512,2016,2,27,特别爱这首,1,无印良痞,33890876
513,2016,2,27,很喜欢燕姿的嗓音,2,除去衣衫白马,64089525
514,2016,2,17,[色],2,力的宏,34361818
515,2016,2,15,蹲在路边哼着歌，唱着我的心事。只是时间走了啊，还有人听吗······,3,长亭缱绻,19515209
516,2016,2,10,私人FM 推介给我的[奸笑],1,可人儿的orange,79509270
517,2016,2,7,又找到一首燕姿冷门好歌[憨笑][憨笑][憨笑]✌,3,跳舞的小谷_,98206866
518,2016,2,6,超喜欢这首，听完就用动力，蹲在路边哼着歌[可爱],1,Abel_C,95963646
519,2016,2,4,这首歌当年听一遍就喜欢上了，居然评论这么少。,1,沈水之阳_goitia,6341403
520,2016,1,30,灵动满满的一首好歌 多好听,1,香瓜与冬瓜,59584865
521,2016,1,28,不同的不同,1,Miss_YN,38742100
522,2016,1,28,不同的不同,1,Miss_YN,38742100
523,2016,1,27,开头有毒[大哭][大哭],1,帐号已注销,55438507
524,2016,1,24,哈哈哈这么好的歌之前竟然都没听过！,1,润琦在睡觉,40744820
525,2016,1,13,[亲],1,那个米饭,8910787
526,2016,1,12,好听,2,酩酊河hzf,94085465
527,2016,1,7,家里还有这专辑的卡带！哈哈。一个专辑都是好歌。,1,我只是觉得名字是否可以取很长,63425489
528,2016,1,5,手机铃声～满满正能量[爱心][爱心][爱心],1,闪泥啦啦啦,88079495
529,2016,1,2,我居然也没听过这首,1,微子zzz,78283296
530,2016,1,2,[强],2,黑暗骑士-TDKR,37793064
531,2015,12,29,初中……,2,ted_waiting,5750956
532,2015,12,28,燕姿好歌真是太多 这首干净利落 痛快,8,强子很喜欢阿森纳,6612779
533,2015,12,28,我家燕姿好歌太多了,2,强子很喜欢阿森纳,6612779
534,2015,12,26,那年 那个穿着吊带背心冰山狂奔的女生,184,花椒吖好麻,9592890
535,2015,12,24,👏👏👏,2,无够翘,88327610
536,2015,12,15,这首真的很棒，老歌评论少正常吧，这样反而好，大家都是真心喜欢[可爱],137,catsby,85198498
537,2015,12,14,燕姿的每首歌 我都喜欢~ 那种歌曲带来的乐观豁达 是我欣赏她的独特味道[亲亲][亲亲],3,认真的芹菜,22754135
538,2015,12,13,啊，一直很喜欢这首,2,熊熊烈菠萝,52434555
539,2015,11,28,很开心的歌曲,2,Song我的憧憬,51600636
540,2015,11,28,。。。,1,雨殇HV,73353857
541,2015,11,26,666,1,帐号已注销,78462297
542,2015,11,20,听这首歌的时候是最灰主流的时候啦,1,被追杀的蜗牛,51942220
543,2015,11,18,超爱十三姐,1,野味浪鲜,105893622
544,2015,11,9,这首歌这么好听为啥没人来呢,1,寻风冷夜,82806723
545,2015,11,7,[呲牙],1,草包脑子,46787102
546,2015,11,5,这张陪伴我整个高中生活的唱片,1,赤色帝国使徒级观察员编号9527,42901150
547,2015,10,30,【多一天多一天不同的体验 少一天少一天经典的意见】[太阳],1,流水纪,117095
548,2015,10,29,而我们相同，而我们不同却完整~,1,Fredasyd,1251476
549,2015,10,15,好听呀[亲],1,所有人问摩西,30074422
550,2015,10,5,私人FM每首燕姿的歌都听，果然有收获，收了[呲牙],1,-明天晴天,77585284
551,2015,9,28,好听~,1,404ErrorFace,38244084
552,2015,9,26,大爱[色][色][色],1,xander,1607281
553,2015,9,10,下面换个表情[奸笑][大哭],1,闪泥啦啦啦,88079495
554,2015,9,10,Lets make the cold door warm[发怒],1,闪泥啦啦啦,88079495
555,2015,9,7,手机铃声 满满正能量[色][亲亲],1,闪泥啦啦啦,88079495
556,2015,9,2,咩,1,陽狂_陳小咩,78110883
557,2015,9,1,大学时光,1,dlqingxi,69304496
558,2015,8,7,yanziyanzi.,2,帐号已注销,44991129
559,2015,8,6,很喜欢燕姿的这首歌。。。我的初中时光诶,1,崭露头角喵小怪,72909510
560,2015,7,29,姿妈我来了,1,举个西木,60673274
561,2015,7,5,这把嗓子的听起来多么年轻有力量,9,陈大力国际后援会会长,60714521
562,2015,7,4,很好听诶，歌词也深得我心，棒~[可爱],1,萧一一凡,77861209
563,2015,7,4,Wow~~~不需要掩饰 不必坚持 和不搭调的人~~~~,2,萧一一凡,77861209
564,2015,6,26,～～～～～～～～,1,大脸笨笨熊,8061428
565,2015,6,8,多一点多一点 自我的空间[吐舌],2,你姿十三,71279167
566,2015,6,7,我的初三时光,2,邪恶的祈祷,33439725
567,2015,5,31,[亲亲][亲亲][亲亲],1,姿音无限泊烟渚,50009794
568,2015,5,24,我们都忽略了那些冷门的好歌,229,HARBOUR66,64714038
569,2015,5,16,冷门歌但是我就喜欢,2,愤怒的西瓜,52785362
570,2015,4,8,👌,1,望天儿呢,18618167
571,2015,4,7,不是 是这首歌。。,1,熊熊烈菠萝,52434555
572,2015,4,7,hey jude 么,1,以诺--,2145721
573,2015,3,13,[吐舌],1,湖人死忠,7776579
574,2015,3,13,节奏很好，很轻松，free,0,LF氚,38596004
575,2015,3,13,觉得她唱歌有灵气，随性自由，很无畏，给人力量。“多一点多一点自我的空间，少一点完美的呈现，不需要改变”，反正听起来就很自我[鬼脸] @LF氚,2,石头loO,13913208
576,2015,3,13,我的高中时光！,0,石头loO,13913208
577,2015,3,2,翻唱的那首外国歌啊  找不到呢,0,熊熊烈菠萝,52434555
578,2015,3,1,她的歌欢快的不多  这首就不错,0,颜臻卿,53932533
579,2015,2,15,那你是想讨厌这歌儿啊,1,晴天哥哥,288375
580,2015,2,8,回忆扑面而来，干巴爹爹爹爹！,1,MURASAKI_KENN,30695341
581,2015,1,14,好经典的歌[可爱],1,iCewords,45448138
582,2015,1,11,[奸笑]动次打次,1,蒋坤ner,45330933
583,2014,12,26,起床闹钟[哀伤][哀伤],1,我的故事你的歌,31183715
584,2014,12,22,好怀恋那时的时光。,1,iCewords,45448138
585,2014,12,11,Leave中的,1,蓝色眼羯猫,7396333
586,2014,12,11,[强],1,蓝色眼羯猫,7396333
587,2014,12,9,节奏带感,1,昵称是神马_,40539301
588,2014,11,25,未完成里的一首…,1,sentinel17,42177428
589,2014,9,16,赞[强],1,YI0209,12330581
590,2014,7,29,高三听的磁带，赞,1,艾克西亚,7625999
591,2014,4,11,这么好的歌，没人沙发？？,1,雾蒙蒙zz,9082795
